{"type":"FeatureCollection","name":"Kabupaten Pidie","crs":{"type":"name","properties":{"name":"urn:ogc:def:crs:OGC:1.3:CRS84"}},"features":[{"type":"Feature","properties":{"kode_kk":"11.07","kode_prov":"11","kab_kota":"Pidie","provinsi":"Aceh","fid":"11.07","nama":"Kabupaten Pidie","label":"Kabupaten Pidie, Provinsi Aceh, 11.07"},"geometry":{"type":"MultiPolygon","coordinates":[[[[95.8412114810001,4.95711096900004,0],[95.8389313360001,4.95903331600005,0],[95.8373648510001,4.96061790000005,0],[95.8354948200001,4.96221546100003,0],[95.835227294,4.96244400700004,0],[95.8334773120001,4.96439129000004,0],[95.8333293200001,4.96455596800007,0],[95.8322029270001,4.96532432400005,0],[95.831142635,4.96604758900003,0],[95.830719431,4.96661857800007,0],[95.8300049800001,4.96758251900008,0],[95.8273472390001,4.97041495400003,0],[95.8242612160001,4.97344048400004,0],[95.8205539570001,4.97613397800006,0],[95.8205477100001,4.97613897800005,0],[95.8173704850001,4.97868178200002,0],[95.8149471570001,4.98060474000005,0],[95.812046847,4.98248192300002,0],[95.8068172700001,4.98599476300006,0],[95.8028702390001,4.98840237100006,0],[95.800256312,4.99037394700002,0],[95.797785602,4.99239272600005,0],[95.7964108570001,4.99426338400002,0],[95.7950363080001,4.99618185900005,0],[95.7929512420001,4.99920311900007,0],[95.792189088,4.99983992300002,0],[95.7914784720001,5.00091880000002,0],[95.790351173,5.00211899300007,0],[95.789286254,5.00397638400005,0],[95.788390441,5.00501841600004,0],[95.788100108,5.00535613800002,0],[95.786436661,5.00661838600007,0],[95.7848916450001,5.00770082000003,0],[95.78352542,5.00878249100003,0],[95.7827556890001,5.00998116400007,0],[95.7824031530001,5.01117806000002,0],[95.782050111,5.01225542000003,0],[95.7818778910001,5.01381016900007,0],[95.7812283680001,5.01524741200006,0],[95.7792219620001,5.01997778100002,0],[95.778981591,5.02048957500006,0],[95.7780405840001,5.02249315300003,0],[95.776851101,5.02309592000006,0],[95.7753280890001,5.02438493400007,0],[95.773941026,5.02555888600006,0],[95.772218659,5.02700070200007,0],[95.772008203,5.02797286500004,0],[95.7717718210001,5.02845203300006,0],[95.771012919,5.03012396100007,0],[95.7710125020001,5.03012487800004,0],[95.7708578150001,5.03046566700004,0],[95.770401808,5.03147028900003,0],[95.770392896,5.03148593300006,0],[95.7698472770001,5.03244369500004,0],[95.768981882,5.03396278100007,0],[95.7685400670001,5.03438546200005,0],[95.7680829640001,5.03482276900007,0],[95.7678826590001,5.03501439900003,0],[95.7672247340001,5.03564383200006,0],[95.7660423930001,5.03794405200006,0],[95.7652413040001,5.04019483600007,0],[95.764537196,5.04282774100005,0],[95.7643565870001,5.04521933600006,0],[95.7643027410001,5.04594241600006,0],[95.7643027030001,5.04594293200006,0],[95.764221234,5.04703694100004,0],[95.7639285380001,5.04860839400004,0],[95.7636151300001,5.05029104800008,0],[95.7634137960001,5.05121815700005,0],[95.762866789,5.05373703000004,0],[95.7621144820001,5.05545404600002,0],[95.7621135640001,5.05545807700003,0],[95.762112689,5.05546364000003,0],[95.762107142,5.05546508100002,0],[95.762102123,5.05546724500005,0],[95.7597807290001,5.05690608100002,0],[95.757543029,5.05772849700003,0],[95.756778663,5.05788712300006,0],[95.7546403540001,5.05833087700006,0],[95.7537792250001,5.05850958400003,0],[95.751539886,5.05894945700004,0],[95.750978617,5.05930454500003,0],[95.7506771100001,5.05949529400004,0],[95.7500180270001,5.05991226400005,0],[95.7484468360001,5.06008351600002,0],[95.7481767300001,5.06011295600007,0],[95.747280254,5.06021066800002,0],[95.745064432,5.06057869800003,0],[95.743004457,5.06059512700006,0],[95.743004167,5.06059500000003,0],[95.743004381,5.06059520000002,0],[95.7430052550001,5.06059602100004,0],[95.743746984,5.06164896700005,0],[95.7441239450001,5.06218409300004,0],[95.7443301360001,5.06247679500007,0],[95.7465573220001,5.06479843400007,0],[95.7476914410001,5.06514737900005,0],[95.748040669,5.06525482900003,0],[95.748741786,5.06547054700007,0],[95.7510324790001,5.06589115900005,0],[95.7523607080001,5.06584850300004,0],[95.7536071530001,5.06580847300006,0],[95.754121974,5.06581398400004,0],[95.7560034590001,5.06583412700007,0],[95.7568388830001,5.06576072800004,0],[95.758577513,5.06560797400005,0],[95.7596677500001,5.06547463900006,0],[95.7604005300001,5.06538501900008,0],[95.760501451,5.06537267600004,0],[95.7622235430001,5.06516206000003,0],[95.7634827730001,5.06509961900002,0],[95.7635000340001,5.06509034000004,0],[95.7635758390001,5.06504958900007,0],[95.7635759010001,5.06504967000006,0],[95.7643087870001,5.06600444000003,0],[95.764573377,5.06634913500005,0],[95.765035766,5.06748291000002,0],[95.7652431660001,5.06799145500003,0],[95.7654444890001,5.06828150100006,0],[95.765908589,5.06895013100007,0],[95.766142024,5.06928644000004,0],[95.766488983,5.06956201600002,0],[95.767154067,5.07009026400004,0],[95.7681213260001,5.07082718400005,0],[95.768397265,5.07103741200007,0],[95.7687030860001,5.07123464800003,0],[95.7696544660001,5.07184823000006,0],[95.7701310940001,5.07215562600004,0],[95.7702265070001,5.07219970400007,0],[95.7702461210001,5.07219258500004,0],[95.770432826,5.07212481600004,0],[95.7715126030001,5.07153580000005,0],[95.7725833330001,5.07168333300007,0],[95.7738951750001,5.07180784200006,0],[95.7771812380001,5.07331927100006,0],[95.777181435,5.07331936200006,0],[95.778057,5.07372000000004,0],[95.7798930000001,5.07475600000004,0],[95.780805462,5.07517551400002,0],[95.7810610000001,5.07529300000004,0],[95.7811953410001,5.07534430700002,0],[95.7816031610001,5.07549958000004,0],[95.7820449660001,5.07557816400004,0],[95.7820610000001,5.07558100000006,0],[95.782134881,5.07559304300003,0],[95.783061133,5.07574374100005,0],[95.783558311,5.07587566800004,0],[95.7841446520001,5.07603125500003,0],[95.7849670590001,5.07636448500006,0],[95.785062027,5.07640296500006,0],[95.785688023,5.07677593500006,0],[95.785722874,5.07681827400006,0],[95.7860650000001,5.07723300000004,0],[95.7864000000001,5.07781600000004,0],[95.7867770000001,5.07835700000004,0],[95.787039243,5.07865055500002,0],[95.7871117230001,5.07873161400005,0],[95.7873880500001,5.07886421800004,0],[95.787519192,5.07892715000003,0],[95.787788441,5.07905635700007,0],[95.7884050000001,5.07935200000003,0],[95.789697,5.07984700000003,0],[95.7903135640001,5.08009875700003,0],[95.791115145,5.08042567700005,0],[95.7919492770001,5.08079773300005,0],[95.7924914880001,5.08104583200003,0],[95.7936160990001,5.08120792200003,0],[95.7945740010001,5.08132899400005,0],[95.7945740280001,5.08132899500004,0],[95.795281,5.08128400000004,0],[95.7956675630001,5.08118561600003,0],[95.79578,5.08115700000008,0],[95.7957803070001,5.08115683200003,0],[95.79632,5.08086200000002,0],[95.797385175,5.08018462800004,0],[95.7977730000001,5.07993800000003,0],[95.79807693,5.07976693800003,0],[95.7980807440001,5.07976479100006,0],[95.7985210000001,5.07951700000007,0],[95.7988048220001,5.07942068300002,0],[95.799019119,5.07934801900007,0],[95.799706922,5.07945971900006,0],[95.800269142,5.07955117200004,0],[95.8014775340001,5.07983810800005,0],[95.803730349,5.08099704900008,0],[95.8054169490001,5.08186358100005,0],[95.8059254330001,5.08212482700003,0],[95.807285182,5.08283987400006,0],[95.8076319260001,5.08307743700004,0],[95.8080027780001,5.08329444400005,0],[95.80849127,5.08331276600006,0],[95.8104052770001,5.08357402300004,0],[95.8109491100001,5.08361059100002,0],[95.8109495560001,5.08361062100005,0],[95.8124835660001,5.08371376800005,0],[95.8144828380001,5.08399721900003,0],[95.8162750710001,5.08453200700006,0],[95.818067123,5.08502504900002,0],[95.819399848,5.08518617700003,0],[95.82014946,5.08526637500006,0],[95.820733117,5.08547251800007,0],[95.820941969,5.08563856300003,0],[95.8211926270001,5.08584616400003,0],[95.8216110590001,5.08634520900006,0],[95.8219467870001,5.08696983500005,0],[95.8221996300001,5.08767830300008,0],[95.823590009,5.09151226200004,0],[95.823889578,5.09227828400003,0],[95.8245305560001,5.09355000000005,0],[95.8248628460001,5.09476698900005,0],[95.825105475,5.09538739900006,0],[95.825485213,5.09655444000003,0],[95.826034011,5.09830509200003,0],[95.826385697,5.09949213200002,0],[95.826836772,5.10101463500007,0],[95.8276806220001,5.10359877400003,0],[95.8282732640001,5.10585009800008,0],[95.828670505,5.10707946500003,0],[95.8287022010001,5.10717755800005,0],[95.8289062580001,5.10780906500003,0],[95.829580336,5.10964262900006,0],[95.8301704340001,5.11130960300005,0],[95.8305522220001,5.11293575600007,0],[95.8308511280001,5.11464575300005,0],[95.8309466150001,5.11513662500005,0],[95.8311015070001,5.11593288000006,0],[95.8311104410001,5.11597880900007,0],[95.831191849,5.11639730300004,0],[95.831569426,5.11706346400007,0],[95.8318215720001,5.11760496100004,0],[95.831990283,5.11810508800005,0],[95.832622584,5.11989708300007,0],[95.8335061230001,5.12202187800006,0],[95.833967881,5.12289635800005,0],[95.8346388800001,5.12402034500008,0],[95.8353511400001,5.12506066800006,0],[95.8358954220001,5.12576782100007,0],[95.8365238800001,5.12668329500002,0],[95.837445943,5.12809833400007,0],[95.8387881570001,5.13038802400007,0],[95.8400097520001,5.13363824100003,0],[95.840078034,5.13390702200007,0],[95.8404665960001,5.13514326000006,0],[95.8406264380001,5.13570196400002,0],[95.8406833330001,5.13608888900006,0],[95.8404863260001,5.13785176800008,0],[95.840407881,5.13893733300006,0],[95.8402047380001,5.14006519400004,0],[95.8400538060001,5.14081714500003,0],[95.8400399510001,5.14088617300007,0],[95.8399196350001,5.14148559400007,0],[95.8389338910001,5.14449520500006,0],[95.837944442,5.14667005200005,0],[95.837078208,5.14846869900003,0],[95.8363353760001,5.14993288300008,0],[95.836084509,5.15051700000004,0],[95.8360818250001,5.15052325000005,0],[95.8356349110001,5.15156383700003,0],[95.8350598860001,5.15331945000003,0],[95.8347727440001,5.15428073300006,0],[95.8346095620001,5.15503276800007,0],[95.8341192760001,5.15712192000007,0],[95.8335882870001,5.15941995000003,0],[95.8333033690001,5.16088209800006,0],[95.833139724,5.16152978800005,0],[95.8326083330001,5.16467777800005,0],[95.8317710960001,5.16589743300005,0],[95.8302995870001,5.16821423400006,0],[95.8294707360001,5.16966447800007,0],[95.828271806,5.17154810700004,0],[95.8278168400001,5.17221797000008,0],[95.827320242,5.17288801900003,0],[95.826409379,5.17401905300005,0],[95.825249656,5.17535989500004,0],[95.8243395280001,5.17665788500005,0],[95.8235948080001,5.17770469900006,0],[95.8230978330001,5.17829127200002,0],[95.8228082700001,5.17870996100004,0],[95.8214426010001,5.18055260100004,0],[95.8204891620001,5.18147512900003,0],[95.8194939030001,5.18235610300007,0],[95.8182917810001,5.18353017900006,0],[95.817007318,5.18491332100007,0],[95.8166727890001,5.18528072700008,0],[95.8165873390001,5.18537457500003,0],[95.8155572480001,5.18650590100003,0],[95.814686684,5.18734458000006,0],[95.8141898790001,5.18797289300005,0],[95.813236418,5.18889542100004,0],[95.8119195930001,5.19078302000003,0],[95.8115750000001,5.19148888900003,0],[95.8109489490001,5.19211073500003,0],[95.8093007000001,5.19327479000003,0],[95.8088034240001,5.19379875600004,0],[95.8078923180001,5.19488805700007,0],[95.8073391070001,5.19559507400004,0],[95.807296996,5.19564889200007,0],[95.8071057380001,5.19589332400005,0],[95.806155028,5.19744194500004,0],[95.8059803370001,5.19773680200007,0],[95.8059446290001,5.19779707300006,0],[95.805535159,5.19848821000005,0],[95.8050812650001,5.19940851700005,0],[95.8047511600001,5.20007783100004,0],[95.804378682,5.20058037300004,0],[95.804047466,5.20099925000005,0],[95.8037571440001,5.20125098400007,0],[95.803070517,5.20173741900004,0],[95.803066529,5.20174024400006,0],[95.8016819570001,5.20272113200002,0],[95.800229781,5.20385458300007,0],[95.7994417030001,5.20452593500005,0],[95.7989030530001,5.20511269700006,0],[95.798323139,5.20578312400005,0],[95.7974527120001,5.20666354500003,0],[95.7959605450001,5.20817283800005,0],[95.7943022050001,5.20976635100004,0],[95.7942575690001,5.20980398000006,0],[95.7940533240001,5.20997616000005,0],[95.7940355440001,5.20999157600005,0],[95.7937629930001,5.21022789400007,0],[95.793514665,5.21056292200007,0],[95.7924384520001,5.21198688700002,0],[95.791487138,5.21341029800004,0],[95.7907436230001,5.21474930400007,0],[95.79020625,5.21562824800003,0],[95.7896270560001,5.21646563600007,0],[95.789213293,5.21705184500007,0],[95.788965514,5.21751209500007,0],[95.7882293850001,5.21930561400006,0],[95.788223685,5.21931950200008,0],[95.7881416740001,5.21951931400002,0],[95.7875241610001,5.22110821000007,0],[95.7870304450001,5.22244611200006,0],[95.786456226,5.22441048500002,0],[95.7862779370001,5.22510648200006,0],[95.785861111,5.22762777800006,0],[95.7848237420001,5.23110692400007,0],[95.7846160440001,5.23197377400004,0],[95.7842884980001,5.23322746000002,0],[95.784297365,5.23523098800007,0],[95.784225367,5.23777750800002,0],[95.783898563,5.23919815600004,0],[95.7835299380001,5.24057724900007,0],[95.7832014700001,5.24162223700006,0],[95.7827088600001,5.24321058900006,0],[95.782379281,5.24400513600006,0],[95.7820071410001,5.24459116800006,0],[95.7814271860001,5.24526160700003,0],[95.7808613510001,5.24589418200003,0],[95.7808243100001,5.24593559200002,0],[95.7806399710001,5.24614167400006,0],[95.7797696650001,5.24706385300004,0],[95.7790242670001,5.24798547600005,0],[95.778539961,5.24862860800005,0],[95.7783619570001,5.24886498800004,0],[95.7782849740001,5.24894403500002,0],[95.778005932,5.24923056000006,0],[95.7770624650001,5.25034656400004,0],[95.7766388890001,5.25094444400003,0],[95.7753529810001,5.25227584000004,0],[95.774970862,5.25283255400007,0],[95.7747584420001,5.25340157100004,0],[95.7745141300001,5.25508392300003,0],[95.7745546680001,5.25526940100002,0],[95.774862812,5.25667929500003,0],[95.7753208190001,5.25724758500007,0],[95.7759488730001,5.25764401900005,0],[95.7766900400001,5.25786884900003,0],[95.7773173360001,5.25809418600005,0],[95.7782857380001,5.25820393400005,0],[95.779026145,5.25825766600002,0],[95.7795952420001,5.25819809500007,0],[95.7802215250001,5.25819530100006,0],[95.7810188670001,5.25824877600007,0],[95.7816454030001,5.25830301300005,0],[95.781909409,5.25830183400006,0],[95.782328621,5.25829996300007,0],[95.783581692,5.25840843100002,0],[95.7840379310001,5.25857749100004,0],[95.7847790980001,5.25880230900003,0],[95.7855215320001,5.25931228300004,0],[95.7859215970001,5.25965268900006,0],[95.78658733,5.26088426900003,0],[95.7867827270001,5.26124574500005,0],[95.7872445570001,5.26266948800003,0],[95.787594299,5.26449295800006,0],[95.7878876190001,5.26643074500004,0],[95.787834397,5.26728810800006,0],[95.7877813790001,5.26814219100004,0],[95.7880129370001,5.26899663900002,0],[95.7887027790001,5.27047638600004,0],[95.78933391,5.27155716800007,0],[95.7898498970001,5.27235330400003,0],[95.7908277820001,5.27322736000002,0],[95.7914012190001,5.27413730000006,0],[95.791708289,5.27548938800004,0],[95.7917333330001,5.27592500000003,0],[95.791784115,5.27644535100006,0],[95.7917923520001,5.27828619800005,0],[95.7914831580001,5.27972608400006,0],[95.79139954,5.28012568500003,0],[95.7910604750001,5.28069753200003,0],[95.790805027,5.28086977700002,0],[95.7896693590001,5.28155927100005,0],[95.7887044990001,5.28224799600002,0],[95.787681934,5.28276588200004,0],[95.786430855,5.28311369800002,0],[95.7843254630001,5.28340831500003,0],[95.7818222700001,5.28387580900005,0],[95.7789776990001,5.28440185600004,0],[95.7757345520001,5.28492967800003,0],[95.7721530650001,5.28620042700004,0],[95.7697931800001,5.28725152200008,0],[95.767236795,5.28857470700007,0],[95.7648507040001,5.28978306100004,0],[95.7638011990001,5.29074730900004,0],[95.7636325380001,5.29105049800006,0],[95.7626222220001,5.29286666700006,0],[95.7619041560001,5.29357766700002,0],[95.761168549,5.29404848600007,0],[95.7600372350001,5.29573602400006,0],[95.7591350650001,5.29773622500005,0],[95.7584628000001,5.29931443500004,0],[95.7581285050001,5.30096990400006,0],[95.75824973,5.30262334100007,0],[95.7587098110001,5.30364789400005,0],[95.7595110290001,5.30455685400005,0],[95.760880634,5.30523513900005,0],[95.761678304,5.30534564000004,0],[95.7629111970001,5.30534012600003,0],[95.763044865,5.30533952800005,0],[95.7644104080001,5.30510528500002,0],[95.766005234,5.30521221300006,0],[95.766918559,5.30572142200003,0],[95.7675474420001,5.30628893700003,0],[95.7678339220001,5.30668688700007,0],[95.7680654980001,5.30754134700004,0],[95.7680320740001,5.30768653400003,0],[95.7676186300001,5.30948248100003,0],[95.7669976330001,5.31068296400002,0],[95.7660349910001,5.31188498000006,0],[95.7643888040001,5.31303302600003,0],[95.7629698640001,5.31406598700005,0],[95.761776394,5.31458463400003,0],[95.7605242010001,5.31470430900004,0],[95.7601592030001,5.31467345900006,0],[95.7587551180001,5.31489393900006,0],[95.7582833330001,5.31499722200004,0],[95.7572044440001,5.31482915000004,0],[95.75598684,5.31457160300005,0],[95.754622656,5.31432185800003,0],[95.7543158400001,5.31433283400003,0],[95.752722497,5.31456808400003,0],[95.7513579290001,5.31503044600004,0],[95.7499999950001,5.31598841200002,0],[95.7489907680001,5.31693216100007,0],[95.748472183,5.31887129700004,0],[95.7483634720001,5.31962979100007,0],[95.747790379,5.32362836200002,0],[95.7474532640001,5.32685790800002,0],[95.7470609680001,5.33085069300006,0],[95.747149413,5.33356642200005,0],[95.7475166670001,5.33552777800003,0],[95.7477026760001,5.33683437200006,0],[95.748208693,5.33865154700004,0],[95.7499999710001,5.34157924600004,0],[95.7509078570001,5.34318261300007,0],[95.7513237690001,5.34410869000004,0],[95.7515604320001,5.34536388300006,0],[95.751692818,5.34606602200006,0],[95.7516229820001,5.34771601000006,0],[95.751471909,5.34846419800004,0],[95.7511410290001,5.34929052100006,0],[95.7507843010001,5.35009118500005,0],[95.7505045460001,5.35083995000002,0],[95.7498053740001,5.35194675900004,0],[95.7495161990001,5.35287838700003,0],[95.749471579,5.35383339900005,0],[95.74932841,5.35461747600004,0],[95.749112493,5.35553233500002,0],[95.7490335150001,5.35626513000005,0],[95.7490250650001,5.35761445400004,0],[95.7492768870001,5.35829127300002,0],[95.7495819850001,5.35911128000004,0],[95.750500113,5.36028747800003,0],[95.7508222220001,5.36080000000004,0],[95.7514359940001,5.36059637900007,0],[95.75244573,5.36028363000003,0],[95.753754573,5.36011550500007,0],[95.754260877,5.36021670800005,0],[95.7543494660001,5.36025026100003,0],[95.7546932000001,5.36038045100003,0],[95.75500493,5.36049851900003,0],[95.7554367530001,5.36057251100004,0],[95.7558971110001,5.36065139200002,0],[95.7561481340001,5.36069440400007,0],[95.7567123910001,5.36100854300003,0],[95.7571847520001,5.36127152100005,0],[95.7572526920001,5.36130934500005,0],[95.7584886120001,5.36213279900005,0],[95.759256383,5.36333810800005,0],[95.7595454060001,5.36403661900005,0],[95.7597058000001,5.36438580300006,0],[95.759992679,5.36460717600005,0],[95.7599997880001,5.36460779100003,0],[95.7601894680001,5.36538668000003,0],[95.760482123,5.36605024300007,0],[95.760519065,5.36682868000003,0],[95.760977778,5.36856388900003,0],[95.7605463500001,5.36921879200003,0],[95.760106524,5.36979410300006,0],[95.758612901,5.37136931200007,0],[95.757726516,5.37327801400005,0],[95.7572052040001,5.37451157500004,0],[95.7569516630001,5.37511151900003,0],[95.7566182320001,5.37621236900003,0],[95.756596238,5.37628172200004,0],[95.756250541,5.37737178800006,0],[95.7561455640001,5.37890349000003,0],[95.7561494320001,5.37976245400006,0],[95.7563065000001,5.38151705300004,0],[95.757100542,5.38394101200004,0],[95.7572937310001,5.38543401600003,0],[95.7573760060001,5.38710164100007,0],[95.7577212310001,5.38922885300002,0],[95.7581364900001,5.39034737700007,0],[95.7586631180001,5.39135335500004,0],[95.759262305,5.39191084000004,0],[95.7608317350001,5.39261330500005,0],[95.7614670340001,5.39290919300004,0],[95.7619851650001,5.39315737300007,0],[95.762625589,5.39346413000004,0],[95.7633361470001,5.39390906100004,0],[95.763822114,5.39416827800005,0],[95.7640480590001,5.39465275800006,0],[95.7641292210001,5.39494726100003,0],[95.764191145,5.39517195800005,0],[95.7642070360001,5.39531187300003,0],[95.7642612920001,5.39578959200003,0],[95.7642618240001,5.39579427300004,0],[95.7644625990001,5.39698513300004,0],[95.764608158,5.39774934000008,0],[95.7649861530001,5.39885045300002,0],[95.7653109180001,5.39946697200003,0],[95.765416143,5.39966672600002,0],[95.766148323,5.40053498400005,0],[95.7666286900001,5.40111922300002,0],[95.7667020040001,5.40120839100007,0],[95.767048329,5.40182675400007,0],[95.76755302,5.40345502700006,0],[95.7668496210001,5.40376559200007,0],[95.7644405890001,5.40482922900003,0],[95.7642491110001,5.40490776500008,0],[95.763964447,5.40502452100003,0],[95.7626910990001,5.40554679000007,0],[95.7618457080001,5.40592661100004,0],[95.759416021,5.40701823000006,0],[95.7572576520001,5.40803641900004,0],[95.756205756,5.40898637300006,0],[95.7551285100001,5.40992494700004,0],[95.7540936240001,5.41198373900005,0],[95.7534713200001,5.41456351500005,0],[95.753142789,5.41613358700005,0],[95.7531120940001,5.41759026100004,0],[95.7531843260001,5.41798178800002,0],[95.7533018190001,5.41861864800006,0],[95.753446593,5.41909833000005,0],[95.7537183040001,5.41999859200007,0],[95.754955576,5.42144949100003,0],[95.755854506,5.42230437500007,0],[95.756331091,5.42473692700003,0],[95.756994261,5.42699259500006,0],[95.758500897,5.43071902700007,0],[95.758822222,5.43123888900004,0],[95.762616022,5.43084085800007,0],[95.764096238,5.43088039700007,0],[95.7659126070001,5.43110918600007,0],[95.7684111950001,5.43093965900005,0],[95.769674362,5.43101289900005,0],[95.7697828780001,5.43104729300006,0],[95.771235662,5.43150775000004,0],[95.7722113630001,5.43200383500005,0],[95.7732651460001,5.43231513900002,0],[95.774162888,5.43302234100003,0],[95.7753432950001,5.43423346500003,0],[95.7763930470001,5.43506624700007,0],[95.7770194110001,5.43632872100005,0],[95.7781418270001,5.43739229300007,0],[95.7783669570001,5.43769002600004,0],[95.7790066360001,5.43889071200005,0],[95.779436478,5.43943890200006,0],[95.7794975250001,5.43951675800002,0],[95.780316209,5.44067651800003,0],[95.7803030540001,5.44132240400006,0],[95.7802972490001,5.44160743400005,0],[95.7802956720001,5.44264985500007,0],[95.7798054770001,5.44388493600007,0],[95.7795240550001,5.44460190600006,0],[95.7792782760001,5.44596830500006,0],[95.7790555560001,5.44628055600003,0],[95.7790306790001,5.44629448600006,0],[95.7794296230001,5.44700993100003,0],[95.7791463070001,5.44698452400007,0],[95.7789809560001,5.44696969600005,0],[95.778671263,5.44706675700007,0],[95.7783023680001,5.44725972200007,0],[95.7780651780001,5.44755966400004,0],[95.777947655,5.44794273100007,0],[95.7779253370001,5.44827754200003,0],[95.778106349,5.44873095400004,0],[95.7783220460001,5.44894512800005,0],[95.7783830060001,5.44923173900003,0],[95.7782525110001,5.44938774200006,0],[95.7779902,5.44941286100004,0],[95.7778241940001,5.44962879800005,0],[95.777718269,5.44994008800006,0],[95.7775639710001,5.45010815500007,0],[95.7772542210001,5.45019326200003,0],[95.776992734,5.45039768600003,0],[95.7770416010001,5.45064849200003,0],[95.7772093660001,5.45081507100002,0],[95.7773285390001,5.45079061300004,0],[95.7774606290001,5.45098126500005,0],[95.777456902,5.45119095400003,0],[95.777057255,5.45144144000005,0],[95.7770103340001,5.45161379300004,0],[95.7770877740001,5.45185251300006,0],[95.7772225580001,5.45211009400003,0],[95.7772243620001,5.45250217400007,0],[95.777149868,5.45290416800003,0],[95.7770798160001,5.45323441900007,0],[95.7769441250001,5.45355780100004,0],[95.7768027720001,5.45394695500005,0],[95.7767143820001,5.45418046400005,0],[95.776721089,5.45434181100006,0],[95.7767638280001,5.45455678400003,0],[95.7766217440001,5.45467783900006,0],[95.7763423230001,5.45498309400006,0],[95.7761405040001,5.45519322000007,0],[95.7760815490001,5.45534291600006,0],[95.7760639040001,5.45539679000007,0],[95.775980626,5.45544499000005,0],[95.775855543,5.45548143000002,0],[95.7756939050001,5.45561008300007,0],[95.7755728290001,5.45573974400003,0],[95.7752591080001,5.45599939800007,0],[95.774853373,5.45627958600005,0],[95.7747009560001,5.45617877400002,0],[95.7743959300001,5.45599489700004,0],[95.7740670200001,5.45580515300003,0],[95.7737020770001,5.45556178200007,0],[95.7733790770001,5.45536005600007,0],[95.7730382940001,5.45518232000006,0],[95.7724298080001,5.45515524300004,0],[95.771797328,5.45509839100004,0],[95.7715825350001,5.45508145100007,0],[95.7715104150001,5.45496224400006,0],[95.7715931450001,5.45479450700003,0],[95.7718012060001,5.45464412300004,0],[95.771943551,5.45447013500007,0],[95.7719305250001,5.45423111600007,0],[95.771911452,5.45397419400007,0],[95.7718685500001,5.45372335900004,0],[95.7717127400001,5.45356270000002,0],[95.771462107,5.45353397000002,0],[95.771199874,5.45357701800003,0],[95.7706754920001,5.45368104400006,0],[95.7702343330001,5.45372491600006,0],[95.769805487,5.45385240900004,0],[95.7692458670001,5.45407613600003,0],[95.768858879,5.45422734300007,0],[95.7684600170001,5.45439055900005,0],[95.7679659460001,5.45460202900006,0],[95.76773969,5.45468674900007,0],[95.76758462,5.45468746300003,0],[95.7673697710001,5.45465856800007,0],[95.766789105,5.45419503600004,0],[95.7662799820001,5.45372519600005,0],[95.7658849740001,5.45342816400006,0],[95.765501923,5.45313705400002,0],[95.765352024,5.45296441000005,0],[95.7652673200001,5.45270181200004,0],[95.765296101,5.45247455300006,0],[95.7655034250001,5.45216279500005,0],[95.7656514070001,5.45191705800005,0],[95.765852958,5.45164716600004,0],[95.765965238,5.45141952300003,0],[95.7660182860001,5.45128180800003,0],[95.765945183,5.45094743300007,0],[95.765735588,5.45076311000003,0],[95.7653827330001,5.45055354500005,0],[95.765017905,5.45033407300002,0],[95.7647782980001,5.45010804800006,0],[95.7646106170001,5.44995939400008,0],[95.7644966410001,5.44981646900004,0],[95.7644660820001,5.44965523100007,0],[95.764608046,5.44939756700006,0],[95.764762267,5.44921157100003,0],[95.7648272160001,5.44906782400005,0],[95.7647897080001,5.44869144500007,0],[95.764776823,5.44848230900004,0],[95.7646969090001,5.44796267700002,0],[95.76464802,5.44770589100006,0],[95.7645757670001,5.44755679700006,0],[95.7643965680001,5.44749785000005,0],[95.7641163070001,5.44751109200007,0],[95.7638420100001,5.44752430600005,0],[95.7636572850001,5.44756101600007,0],[95.76345453,5.44756792400005,0],[95.7632102730001,5.44762881600008,0],[95.7629900350001,5.44772546000007,0],[95.7628709160001,5.44776186900003,0],[95.762709719,5.44772674700005,0],[95.7625960170001,5.44764359000004,0],[95.7624401840001,5.44747694900008,0],[95.7623497100001,5.44725621500004,0],[95.762258827,5.44694582700004,0],[95.7622804440001,5.44645561300007,0],[95.7624281280001,5.44614413000005,0],[95.7625996410001,5.44582656100005,0],[95.7627602090001,5.44572421500004,0],[95.762925894,5.44543655700005,0],[95.762961105,5.44531087900003,0],[95.7628692210001,5.44504233500004,0],[95.7626594930001,5.44482812400003,0],[95.7622408560001,5.44457901000004,0],[95.7619972950001,5.44451579400004,0],[95.761810918,5.44446741900003,0],[95.7615682380001,5.44442746000004,0],[95.7610349240001,5.44432753000007,0],[95.760994494,5.44443449200003,0],[95.760994382,5.44443478900007,0],[95.760934391,5.44459350100004,0],[95.760899135,5.44679794200005,0],[95.7610845290001,5.44929432200007,0],[95.7616173060001,5.45087073200006,0],[95.7614593800001,5.45112521300007,0],[95.761241048,5.45144360900002,0],[95.7611818380001,5.45155909200002,0],[95.7611427310001,5.45163381900005,0],[95.761127447,5.45174232300008,0],[95.7610974520001,5.45233093700006,0],[95.761094588,5.45244390200003,0],[95.761099458,5.45252294500006,0],[95.7611270450001,5.45264028800005,0],[95.76125742,5.45305196200007,0],[95.7612974720001,5.45318393100007,0],[95.761319492,5.45331598300004,0],[95.7613280480001,5.45346165100005,0],[95.7613288330001,5.45363333300003,0],[95.7613295200001,5.45378355500003,0],[95.761332472,5.45393602600006,0],[95.7613433550001,5.45409749700002,0],[95.7613674940001,5.45420017200007,0],[95.7614332640001,5.45428684200004,0],[95.7615237420001,5.45435419700004,0],[95.761654852,5.45443379000005,0],[95.7617782280001,5.45454730400007,0],[95.7618509980001,5.45468590000007,0],[95.761885421,5.45481902400007,0],[95.7618960610001,5.45492740800006,0],[95.7619023270001,5.45506518000008,0],[95.761902891,5.45518829500003,0],[95.7619010450001,5.45527753500005,0],[95.7618834150001,5.45536571800005,0],[95.761825291,5.45547215900007,0],[95.7617624320001,5.45552892400002,0],[95.761646646,5.45559609700007,0],[95.7615307820001,5.45564632800006,0],[95.7610108980001,5.45583169800005,0],[95.7609298130001,5.45584675500004,0],[95.7608385180001,5.45584717400004,0],[95.7607403200001,5.45581712800004,0],[95.7605903180001,5.45579635700005,0],[95.76046403,5.45578564200002,0],[95.7603422830001,5.45578168300005,0],[95.7602623770001,5.45580802900002,0],[95.760184839,5.45585921300005,0],[95.7601434260001,5.45592265600004,0],[95.760113376,5.45600637900003,0],[95.7600766,5.45609803800005,0],[95.760026424,5.45616542300007,0],[95.759888399,5.45635078500004,0],[95.759628729,5.45674956700003,0],[95.7595381620001,5.45690924400003,0],[95.7594632970001,5.45705190700005,0],[95.759397402,5.45718436300007,0],[95.7593753400001,5.45728950900002,0],[95.7593792950001,5.45741486700007,0],[95.7594284300001,5.45793114400004,0],[95.759439682,5.45804937800006,0],[95.7594532780001,5.45855759700004,0],[95.759519073,5.45938861800005,0],[95.7595670110001,5.46001189000003,0],[95.7595674400001,5.46059810600002,0],[95.759568184,5.46076075300005,0],[95.7595777490001,5.46088043800006,0],[95.7596051310001,5.46095260100003,0],[95.759633551,5.46100555700002,0],[95.7596885710001,5.46113499100005,0],[95.759759892,5.46127380100006,0],[95.7602250030001,5.46192565200005,0],[95.760655914,5.46249294500006,0],[95.761088295,5.46313477800004,0],[95.7613285320001,5.46341492200003,0],[95.7613429730001,5.46342743100007,0],[95.7615503320001,5.46360704800003,0],[95.761640942,5.46370263900008,0],[95.7617282420001,5.46381405900007,0],[95.76179876,5.46395266500002,0],[95.761849973,5.46405973300006,0],[95.7619010860001,5.46414534100006,0],[95.7619746390001,5.46420825500007,0],[95.762075279,5.46427895100004,0],[95.7622097270001,5.46434836100002,0],[95.7625734970001,5.46452966700002,0],[95.7627079870001,5.46460811400004,0],[95.7628233360001,5.46469116700007,0],[95.7629149540001,5.46476077400007,0],[95.7629851570001,5.46483048100004,0],[95.7630531880001,5.46491826900007,0],[95.7631202160001,5.46503317100007,0],[95.7631895040001,5.46514919100002,0],[95.7632464490001,5.46525492400002,0],[95.7632793130001,5.46531594500004,0],[95.7633419160001,5.46544893900005,0],[95.7634205210001,5.46563042900004,0],[95.7636667990001,5.46624374800007,0],[95.7637636430001,5.46646976900007,0],[95.7641888890001,5.46756111100007,0],[95.7620638480001,5.46991247700004,0],[95.761651924,5.47048262100003,0],[95.7610733330001,5.47116213900006,0],[95.760633656,5.47167851000006,0],[95.759046713,5.47287770300005,0],[95.7574013440001,5.47462654300006,0],[95.7567726170001,5.47578719100005,0],[95.7561798140001,5.47664890000004,0],[95.7552888110001,5.47754932800007,0],[95.7550014590001,5.47778531500006,0],[95.754099775,5.47852582200005,0],[95.7528346020001,5.47916654300008,0],[95.7517541970001,5.47943294200007,0],[95.7511959440001,5.47969693800007,0],[95.7504956280001,5.47996160000002,0],[95.7499999820001,5.48021090400005,0],[95.746223345,5.47991371500007,0],[95.7452267090001,5.48006629100007,0],[95.744009039,5.48034938000006,0],[95.7436509230001,5.48057814500004,0],[95.7403627670001,5.48267862900002,0],[95.737418452,5.48504165600002,0],[95.7353119970001,5.48654497700005,0],[95.7330285670001,5.48803545600003,0],[95.731924882,5.48902102600005,0],[95.730693171,5.49028468700004,0],[95.728909312,5.49197638300006,0],[95.7275555560001,5.49670555600005,0],[95.7260084430001,5.50047416000007,0],[95.726930564,5.50266214900006,0],[95.7275097820001,5.50363784000007,0],[95.7281817690001,5.50476979800004,0],[95.730377209,5.50602042400004,0],[95.7304472490001,5.50606032200005,0],[95.730671429,5.50618802500003,0],[95.733372231,5.50813105500004,0],[95.733847939,5.50847329200008,0],[95.7369344670001,5.51090561800004,0],[95.737287016,5.51262999800002,0],[95.737297653,5.51364915600004,0],[95.7373009830001,5.51467558000007,0],[95.7372444440001,5.51620277800004,0],[95.7364240140001,5.51642155600007,0],[95.7347964740001,5.51687103600005,0],[95.733041314,5.51743143100003,0],[95.7310812580001,5.51840701000003,0],[95.7285386090001,5.52011018700006,0],[95.7268218390001,5.52153340400002,0],[95.725279119,5.52333554700004,0],[95.7269624890001,5.52676141700005,0],[95.726966227,5.52676902400003,0],[95.7278199740001,5.52850650700003,0],[95.7276881870001,5.53147095800006,0],[95.7282796470001,5.53725205400002,0],[95.7285586570001,5.54065677700004,0],[95.7286210540001,5.54141819900002,0],[95.728684694,5.54219479100004,0],[95.7288725990001,5.54254662400007,0],[95.7290027780001,5.54272500000008,0],[95.7293830010001,5.54309301000006,0],[95.7295905460001,5.54335996900005,0],[95.7309621210001,5.54512418500002,0],[95.731465224,5.54602246900004,0],[95.731500419,5.54608531000002,0],[95.7321349420001,5.54721824300003,0],[95.7324642010001,5.54780613100007,0],[95.7328913540001,5.54942938000005,0],[95.7329308020001,5.54957928700003,0],[95.733372396,5.55019245900007,0],[95.7348310180001,5.55221781800003,0],[95.7367699700001,5.55515905900006,0],[95.7391001000001,5.55792586300004,0],[95.7405123360001,5.55887108300004,0],[95.7418010660001,5.55974637000003,0],[95.7422509990001,5.56164371200003,0],[95.7433581560001,5.56405344800004,0],[95.7435834730001,5.56611079800007,0],[95.7443523370001,5.56818607700006,0],[95.7445453490001,5.56870704500005,0],[95.7445266780001,5.56871398900006,0],[95.744631778,5.56922627500006,0],[95.7446320070001,5.56922738900005,0],[95.7446691760001,5.56938838400004,0],[95.7447098820001,5.56937747000006,0],[95.745421966,5.56919415400006,0],[95.7454914940001,5.56917651500004,0],[95.7455437930001,5.56916395700006,0],[95.7455944530001,5.56915294100003,0],[95.7457639100001,5.56911878500006,0],[95.745814652,5.56910821300005,0],[95.745848327,5.56910060800004,0],[95.7458650760001,5.56909649000005,0],[95.7458817390001,5.56909206000006,0],[95.7458988340001,5.56908708600002,0],[95.745932773,5.56907623600006,0],[95.746000167,5.56905278700003,0],[95.7461681120001,5.56899224600005,0],[95.7462350580001,5.56896743800007,0],[95.7462684180001,5.56895440300002,0],[95.7463017090001,5.56894084900006,0],[95.7464508500001,5.56887812800005,0],[95.74650066,5.56885752700003,0],[95.7465340580001,5.56884436200005,0],[95.746550868,5.56883811100005,0],[95.7465677900001,5.56883219300005,0],[95.7465845990001,5.56882676500004,0],[95.7466185150001,5.56881679700007,0],[95.7466697900001,5.56880304000003,0],[95.7467555870001,5.56878112300006,0],[95.7468758300001,5.56875088000004,0],[95.746944526,5.56873439400005,0],[95.7470641510001,5.56870752100002,0],[95.747115218,5.56869534300006,0],[95.7471489770001,5.56868624000003,0],[95.7471658150001,5.56868115700007,0],[95.747199257,5.56867018500003,0],[95.747249099,5.56865262800005,0],[95.7473152680001,5.56862830300003,0],[95.7473646290001,5.56860936800007,0],[95.7473975890001,5.56859590300007,0],[95.7474443710001,5.56857556700004,0],[95.747506419,5.56854765600002,0],[95.747568088,5.56851945500006,0],[95.747568286,5.56851936400005,0],[95.7476144060001,5.56849762400003,0],[95.747644844,5.56848244800005,0],[95.7476598910001,5.56847448600007,0],[95.7476901640001,5.56845725900007,0],[95.7477199940001,5.56843920900008,0],[95.747754124,5.56841775900006,0],[95.7477806810001,5.56839670300008,0],[95.7478244050001,5.56835728900006,0],[95.7478586500001,5.56833226600003,0],[95.7478957590001,5.56830722800004,0],[95.747936672,5.56827930300005,0],[95.7479765620001,5.56825821500007,0],[95.7479804720001,5.56825614700006,0],[95.748048097,5.56822522800007,0],[95.748072418,5.56821516800005,0],[95.7481028490001,5.56819545700006,0],[95.7481476310001,5.56816515000003,0],[95.748191863,5.56813408300007,0],[95.7482208600001,5.56811274800003,0],[95.748235095,5.56810175400005,0],[95.7482597900001,5.56808146100008,0],[95.7482836470001,5.56806019900006,0],[95.7482958670001,5.56804854000006,0],[95.7483197130001,5.56802457300006,0],[95.748345472,5.56799744600005,0],[95.748361903,5.56797224900004,0],[95.748381845,5.56795016100006,0],[95.7484018170001,5.56793476600006,0],[95.7484199040001,5.56792416200005,0],[95.7484474940001,5.56790490700007,0],[95.748461272,5.56789145400006,0],[95.748475049,5.56787800000006,0],[95.748513051,5.56783957000005,0],[95.7485150190001,5.56783610800005,0],[95.7485310390001,5.56780792700005,0],[95.7485585680001,5.56777528400005,0],[95.7485908950001,5.56774835500005,0],[95.7486440870001,5.56769264000008,0],[95.7487030340001,5.56764263500003,0],[95.7487435570001,5.56760750500007,0],[95.7487771900001,5.56758259400004,0],[95.748778481,5.56758158800005,0],[95.7488028660001,5.56756258800004,0],[95.748815246,5.56755259700003,0],[95.7488395340001,5.56753210900007,0],[95.748851352,5.56752153300005,0],[95.7488628630001,5.56751065300006,0],[95.7488711120001,5.56750238700005,0],[95.7488847530001,5.56748771700006,0],[95.7488951730001,5.56747555200008,0],[95.7489052050001,5.56746305700005,0],[95.748914885,5.56745028200004,0],[95.74892422,5.56743725400003,0],[95.7489331890001,5.56742397500005,0],[95.7489417400001,5.56741043000005,0],[95.748952532,5.56739161000007,0],[95.7489601790001,5.56737675900007,0],[95.748967371,5.56736165200005,0],[95.748974231,5.56734636000004,0],[95.7489873090001,5.56731542300003,0],[95.749049981,5.56715858400003,0],[95.749120179,5.56698559800003,0],[95.7491562820001,5.56689757200007,0],[95.7491915030001,5.56681169400002,0],[95.7492047580001,5.56678022300002,0],[95.7492184800001,5.56674900700006,0],[95.7492256520001,5.56673357100004,0],[95.7492331430001,5.56671831100005,0],[95.7492410670001,5.56670329400004,0],[95.7492494030001,5.56668877300007,0],[95.749258174,5.56667449900004,0],[95.7492672850001,5.56666042200004,0],[95.7492862780001,5.56663273500004,0],[95.749306125,5.56660562700006,0],[95.7493163880001,5.56659232800007,0],[95.7493269290001,5.56657925300004,0],[95.7493376370001,5.56656661400007,0],[95.7493486070001,5.56655419200007,0],[95.749371119,5.56652983900005,0],[95.7493942190001,5.56650602000008,0],[95.7494059780001,5.56649431600005,0],[95.749430912,5.56647057300006,0],[95.7494573760001,5.56644662100007,0],[95.7494841590001,5.56642300700003,0],[95.7495513470001,5.56636470000007,0],[95.7495920360001,5.56632938900003,0],[95.7496463670001,5.56628312500004,0],[95.7496740070001,5.56626062500004,0],[95.7496880750001,5.56624970400003,0],[95.7497164970001,5.56622894100008,0],[95.7497600450001,5.56619900700002,0],[95.7500113020001,5.56603238500003,0],[95.750047914,5.56600824500003,0],[95.7500587700001,5.56600111100005,0],[95.7503305910001,5.56584584900003,0],[95.75036643,5.56582771500007,0],[95.750395322,5.56581309600006,0],[95.750419584,5.56580082000005,0],[95.7504325460001,5.56579447200005,0],[95.7504673870001,5.56577740700004,0],[95.7505477590001,5.56573951400003,0],[95.7512242870001,5.56542460200006,0],[95.751519897,5.56528770300002,0],[95.7515375850001,5.56528304200003,0],[95.7515919000001,5.56526366200006,0],[95.751647152,5.56524045200007,0],[95.7516881010001,5.56522017800006,0],[95.7517309410001,5.56519606900002,0],[95.7517554570001,5.56518269500003,0],[95.751783962,5.56517156100006,0],[95.75181659,5.56515938100006,0],[95.7518329920001,5.56515353900005,0],[95.751865723,5.56514251400006,0],[95.7519643000001,5.56511052900004,0],[95.7519806160001,5.56510488100002,0],[95.7520140220001,5.56509258500006,0],[95.7520637750001,5.56507313900005,0],[95.7521133110001,5.56505311500007,0],[95.7521626270001,5.56503259800007,0],[95.752195247,5.56501839000003,0],[95.7522274350001,5.56500330200004,0],[95.7522551430001,5.56498898200005,0],[95.7522825030001,5.56497395300005,0],[95.752371753,5.56492344600002,0],[95.7524013550001,5.56490750400008,0],[95.7524461100001,5.56488424100007,0],[95.7524911260001,5.56486149100004,0],[95.7525364470001,5.56483938200006,0],[95.7525679460001,5.56482485700008,0],[95.7526006990001,5.56481048400002,0],[95.752635823,5.56479559100006,0],[95.7526592,5.56479079300004,0],[95.7526887440001,5.56478109200003,0],[95.752723997,5.56476753800007,0],[95.7527440050001,5.56475979500004,0],[95.7527783130001,5.56474815800004,0],[95.7528250010001,5.56473072600005,0],[95.7528688300001,5.56471426400003,0],[95.7529041060001,5.56470549200003,0],[95.7529355360001,5.56469100100003,0],[95.752968867,5.56467458700007,0],[95.7529888660001,5.56466493100004,0],[95.753000279,5.56465627000006,0],[95.7530154610001,5.56463707300003,0],[95.753030671,5.56462361300004,0],[95.7530439880001,5.56461398800008,0],[95.753068742,5.56460048300005,0],[95.7530982900001,5.56459173800005,0],[95.7531259390001,5.56458491500007,0],[95.7531554780001,5.56457425700006,0],[95.753179291,5.56456362600005,0],[95.7532078580001,5.56454914700004,0],[95.7532268900001,5.56453662700005,0],[95.7532544970001,5.56452119700003,0],[95.7532745010001,5.56451249600002,0],[95.7532983180001,5.56450282100008,0],[95.753338334,5.56448733300005,0],[95.7533621730001,5.56448244000006,0],[95.7533822130001,5.56448139000003,0],[95.7534156190001,5.56448123400003,0],[95.753433853,5.56447911900005,0],[95.753492855,5.56446461600007,0],[95.7535747780001,5.56442980500003,0],[95.7536595380001,5.56438924300005,0],[95.7536961850001,5.56437067000007,0],[95.753708487,5.56436299300003,0],[95.7537757000001,5.56431884500006,0],[95.7537892990001,5.56431023400006,0],[95.7538030950001,5.56430198400005,0],[95.753815343,5.56429517900006,0],[95.7538277880001,5.56428873800007,0],[95.7538430170001,5.56428141800006,0],[95.753874017,5.56426781800008,0],[95.7538918860001,5.56426055800006,0],[95.753940464,5.56425022000008,0],[95.7539681160001,5.56424435300005,0],[95.7539929010001,5.56423754200006,0],[95.7540186040001,5.56422307700007,0],[95.7540443030001,5.56420765600006,0],[95.754103329,5.56417486500004,0],[95.7541423820001,5.56415746900007,0],[95.7541642900001,5.56414780300003,0],[95.7541900290001,5.56414098900007,0],[95.7542281940001,5.56413794100007,0],[95.754253969,5.56413877700004,0],[95.7542720480001,5.56413869200003,0],[95.754288687,5.56413576300002,0],[95.7543280100001,5.56412953700004,0],[95.7543789010001,5.56411619700003,0],[95.7544370480001,5.56409966800004,0],[95.7545170800001,5.56406869200003,0],[95.7545605810001,5.56404563400002,0],[95.7545817960001,5.56402822400003,0],[95.7546406600001,5.56396100500007,0],[95.754669402,5.56393266000003,0],[95.754701545,5.56391756700003,0],[95.7547241720001,5.56390849500002,0],[95.7547289290001,5.56390692200006,0],[95.754829015,5.56387632700006,0],[95.754896354,5.56386106900004,0],[95.7549595510001,5.56385300400007,0],[95.7549753790001,5.56385087700005,0],[95.7549881740001,5.56385047900005,0],[95.7549929640001,5.56384944900003,0],[95.754996668,5.56384914500006,0],[95.7550115450001,5.56384734100004,0],[95.755026478,5.56384507700005,0],[95.75505646,5.56383953900007,0],[95.7550714810001,5.56383639400002,0],[95.7551015650001,5.56382953400004,0],[95.7551286610001,5.56382273700007,0],[95.7551526780001,5.56381616200002,0],[95.7551761600001,5.56380910300004,0],[95.7551914350001,5.56380408900003,0],[95.7552217140001,5.56379330300007,0],[95.7552516680001,5.56378171800003,0],[95.7552665110001,5.56377563900003,0],[95.7552904010001,5.56376514900006,0],[95.7553143840001,5.56375160900006,0],[95.7553436300001,5.56372923700008,0],[95.7553671940001,5.56370946000004,0],[95.755386092,5.56369142900007,0],[95.755428931,5.56366732100003,0],[95.7555003640001,5.56363447100006,0],[95.7555823230001,5.56360731100006,0],[95.755629979,5.56359274400006,0],[95.7556490580001,5.56359074200003,0],[95.7556679420001,5.56358084400006,0],[95.7556914840001,5.56356407900006,0],[95.755708767,5.56355638800005,0],[95.755732218,5.56354882600004,0],[95.7557701210001,5.56354076000002,0],[95.755793714,5.56353419400006,0],[95.755814446,5.56352835900003,0],[95.755836597,5.56351964900006,0],[95.755858039,5.56351237600006,0],[95.755884488,5.56350436200006,0],[95.755918809,5.56349559500006,0],[95.7559331260001,5.56349552800003,0],[95.7559660210001,5.56348820200003,0],[95.755997478,5.56347944800007,0],[95.7560310690001,5.56346781500002,0],[95.756056803,5.56345980600003,0],[95.7560975530001,5.56344813900006,0],[95.756141862,5.56343215200008,0],[95.7561761590001,5.56341836400003,0],[95.756194157,5.56341075100005,0],[95.756245784,5.56339575300007,0],[95.7562812070001,5.56337914200003,0],[95.7563290690001,5.56335740100008,0],[95.7563754810001,5.56333208000007,0],[95.7563983540001,5.56332480100002,0],[95.7564326890001,5.56331890200005,0],[95.7564570540001,5.56332452600003,0],[95.756493575,5.56332722400003,0],[95.75651866,5.56333356300007,0],[95.7565430020001,5.56333416500007,0],[95.7565709230001,5.56333475200006,0],[95.756599527,5.56332816300005,0],[95.756615964,5.56332234800004,0],[95.756637336,5.56330001400005,0],[95.756660868,5.56328053900006,0],[95.7566815540001,5.56326466200005,0],[95.756712931,5.56323869500005,0],[95.7567450810001,5.56322491700007,0],[95.756771557,5.56322264200003,0],[95.7568004780001,5.56322250600005,0],[95.756837455,5.56323094000004,0],[95.7568595980001,5.56323194500004,0],[95.7568700890001,5.56323501700007,0],[95.7568873050001,5.56324258700005,0],[95.756901666,5.56325208300007,0],[95.7569141100001,5.56325967500004,0],[95.7569303400001,5.56326055600005,0],[95.7569408300001,5.56325859400005,0],[95.756965575,5.56324317800005,0],[95.75698651,5.56322969100006,0],[95.7570036010001,5.56321048400002,0],[95.7570140430001,5.56319800300002,0],[95.7570235740001,5.56319509000002,0],[95.7570359730001,5.56319311900006,0],[95.757054112,5.56319399000006,0],[95.757076092,5.56319962500004,0],[95.757094253,5.56320527800005,0],[95.7571057060001,5.56320522500005,0],[95.757120968,5.56320324100005,0],[95.7571590890001,5.56319063000007,0],[95.757196219,5.56317037400004,0],[95.7572466670001,5.56314049200006,0],[95.757279016,5.56311834500002,0],[95.7573551460001,5.56306921600003,0],[95.7573903130001,5.56303749300002,0],[95.7574369750001,5.56301432300006,0],[95.7575637340001,5.56297452100006,0],[95.7576339080001,5.56295806200006,0],[95.7576586440001,5.56294522200005,0],[95.7577029290001,5.56292421400002,0],[95.757744362,5.56290537300004,0],[95.7578265560001,5.56287773200006,0],[95.757858378,5.56286907100002,0],[95.7579143820001,5.56284569000007,0],[95.757972518,5.56282724700003,0],[95.7580887930001,5.56279036300003,0],[95.7581495460001,5.56277401300002,0],[95.7582465870001,5.56274447300007,0],[95.758495307,5.56266937100003,0],[95.75851034,5.56266492800006,0],[95.758562489,5.56264469800004,0],[95.7586358880001,5.56262427100006,0],[95.758709319,5.56261054000004,0],[95.7587541020001,5.56259407300007,0],[95.758781728,5.56258246700003,0],[95.7588236970001,5.56257653300003,0],[95.7588609300001,5.56257827100006,0],[95.7588867000001,5.56257815000004,0],[95.7589191150001,5.56257034900005,0],[95.7589714950001,5.56254523900003,0],[95.7591363660001,5.56249091300003,0],[95.7592240770001,5.56246946400006,0],[95.7592979600001,5.56245522600005,0],[95.7593585320001,5.56244153200004,0],[95.7593935520001,5.56243375600008,0],[95.7594300740001,5.56243311500003,0],[95.7594997100001,5.56242418200003,0],[95.7595521420001,5.56241054900005,0],[95.7596770010001,5.56237266800002,0],[95.759721443,5.56236094500002,0],[95.759891558,5.56232316900002,0],[95.759977582,5.56230432400002,0],[95.7600640430001,5.56228632800003,0],[95.7603759340001,5.56222344200006,0],[95.760462305,5.56220570800002,0],[95.7607699170001,5.56214033200007,0],[95.760821025,5.56212885000002,0],[95.760854899,5.56212049200008,0],[95.7608878140001,5.56211118700003,0],[95.7609038260001,5.56210618300003,0],[95.7609356880001,5.56209561000003,0],[95.7609990130001,5.56207314600005,0],[95.7610461660001,5.56205535300006,0],[95.7610781800001,5.56204238900006,0],[95.7611108020001,5.56202840800006,0],[95.761256727,5.56196331000007,0],[95.7613056370001,5.56194230000006,0],[95.7613220710001,5.56193562900006,0],[95.7613551600001,5.56192305000008,0],[95.7613718250001,5.56191708800003,0],[95.761374995,5.56191601900002,0],[95.761394819,5.56191323900003,0],[95.761444397,5.56190153100005,0],[95.7615073150001,5.56188498000006,0],[95.7616001050001,5.56185704800004,0],[95.7616272060001,5.56185047200006,0],[95.7616585490001,5.56184232300006,0],[95.7617598790001,5.56181429700007,0],[95.7619790460001,5.56175213100005,0],[95.762046308,5.56173217400004,0],[95.7621637660001,5.56169507900006,0],[95.762314583,5.56164671000005,0],[95.7623646420001,5.56163000300006,0],[95.7623932770001,5.56161983700002,0],[95.7624156840001,5.56161136900005,0],[95.7624375930001,5.56160258000006,0],[95.7624634150001,5.56159155900002,0],[95.762491911,5.56157465700005,0],[95.7625197390001,5.56155516100006,0],[95.762532988,5.56154665600008,0],[95.762549703,5.56153350400007,0],[95.7625718210001,5.56151762100006,0],[95.762589662,5.56150606100005,0],[95.7626096660001,5.56149736100002,0],[95.762646809,5.56147997300008,0],[95.7626861240001,5.56146759600006,0],[95.7627297500001,5.56145878400002,0],[95.762757633,5.56145148200005,0],[95.7627956730001,5.56143887500002,0],[95.762814731,5.56142920600007,0],[95.7628304310001,5.56142054900005,0],[95.7628525040001,5.56140711900002,0],[95.7628659580001,5.56139810200006,0],[95.7628834120001,5.56138536900005,0],[95.7629038970001,5.56136887200006,0],[95.762915922,5.56135845800003,0],[95.7629392970001,5.56133681500006,0],[95.7629514210001,5.56132486300004,0],[95.7629751580001,5.56130039400006,0],[95.7630101110001,5.56126298100003,0],[95.7631024710001,5.56116238200002,0],[95.763146184,5.56111414600002,0],[95.763177527,5.56107850000006,0],[95.76319828,5.56105416800006,0],[95.7632187190001,5.56102949700005,0],[95.7632516050001,5.56098846500004,0],[95.7635000820001,5.56067088600003,0],[95.763532254,5.56062929500007,0],[95.763553378,5.56060133800003,0],[95.763573949,5.56057298900004,0],[95.7635937740001,5.56054396400003,0],[95.763613051,5.56051455000005,0],[95.7636700480001,5.56042569600004,0],[95.7636893520001,5.56039628000002,0],[95.7637092630001,5.56036713000003,0],[95.7637401700001,5.56032388600005,0],[95.7638031540001,5.56023817600004,0],[95.7638244090001,5.56020983500002,0],[95.7638460380001,5.56018187400002,0],[95.763857117,5.56016816400006,0],[95.7638684720001,5.56015474100008,0],[95.763880219,5.56014172000005,0],[95.7638949230001,5.56012690600005,0],[95.763902611,5.56011985000004,0],[95.7639105200001,5.56011304200007,0],[95.7639241350001,5.56010224000005,0],[95.763938194,5.56009195200005,0],[95.7639525750001,5.56008203800008,0],[95.7639819500001,5.56006292500007,0],[95.7640267690001,5.56003514800005,0],[95.764087003,5.55999874200006,0],[95.7641324750001,5.55997197300007,0],[95.7641568110001,5.55995820900006,0],[95.7641777760001,5.55994681500005,0],[95.764209543,5.55993031300005,0],[95.7642736290001,5.55989836100002,0],[95.7644342950001,5.55981981000002,0],[95.764482435,5.55979665700005,0],[95.7645308090001,5.55977403800006,0],[95.7645470400001,5.55976674200002,0],[95.7645801070001,5.55975249300008,0],[95.7646300380001,5.55973187100005,0],[95.764780424,5.55967135900005,0],[95.7648475110001,5.55964513700008,0],[95.7648806450001,5.55963289100004,0],[95.764929689,5.55961570500006,0],[95.7649953230001,5.55959345600007,0],[95.7650611050001,5.55957164700004,0],[95.765143816,5.55954541200003,0],[95.7653545850001,5.55948041800002,0],[95.7655321820001,5.55940455200005,0],[95.765759959,5.55933176000002,0],[95.7661001960001,5.55922305600006,0],[95.7662162270001,5.55918231000004,0],[95.766387093,5.55913832100003,0],[95.766663533,5.55906243100003,0],[95.7672645390001,5.55892321500005,0],[95.7673740860001,5.55889325200008,0],[95.7676063370001,5.55883126700007,0],[95.767656205,5.55881839900007,0],[95.767706778,5.55880622200004,0],[95.767775934,5.55879115300007,0],[95.768053179,5.55873349800004,0],[95.768139664,5.55871480000008,0],[95.7682258360001,5.55869438200006,0],[95.7684839010001,5.55863109600006,0],[95.768586832,5.55860623000007,0],[95.7686897610001,5.55858178000005,0],[95.768741343,5.55857034200005,0],[95.7687758750001,5.55856368100007,0],[95.768793219,5.55856088100006,0],[95.7688090600001,5.55855874600007,0],[95.768824948,5.55855693500007,0],[95.768856822,5.55855396600003,0],[95.7689505100001,5.55854650900005,0],[95.768985403,5.55854263900005,0],[95.7690252080001,5.55853682600002,0],[95.7690576150001,5.55853130900005,0],[95.7690928090001,5.55852485300005,0],[95.7691806730001,5.55850785900003,0],[95.7692332720001,5.55849711100007,0],[95.76926818,5.55848931900005,0],[95.76928287,5.55848575000005,0],[95.769312094,5.55847806100007,0],[95.7693410690001,5.55846955100003,0],[95.769355428,5.55846489800007,0],[95.7693879930001,5.55845311600007,0],[95.7694202180001,5.55844032100003,0],[95.7694682000001,5.55842014200005,0],[95.7695157900001,5.55839907900003,0],[95.7695471150001,5.55838424800004,0],[95.769562562,5.55837641900007,0],[95.7695783660001,5.55836791300004,0],[95.7696094460001,5.55834991400008,0],[95.7696393420001,5.55833135500006,0],[95.769698411,5.55829297100007,0],[95.769734165,5.55826936400007,0],[95.7698601230001,5.55818619800004,0],[95.7700367150001,5.55807006000003,0],[95.770095423,5.55803111900002,0],[95.7701367340001,5.55800305000002,0],[95.770176539,5.55797534300007,0],[95.7702162300001,5.55794703500004,0],[95.770256782,5.55791715000004,0],[95.770327744,5.55786279300003,0],[95.7704122120001,5.55779701300003,0],[95.7704264830001,5.55778589900007,0],[95.770468248,5.55775231500007,0],[95.7704954380001,5.55772918300005,0],[95.7705200300001,5.55770671000005,0],[95.7705441030001,5.55768364600004,0],[95.7705797460001,5.55764851800006,0],[95.770637585,5.55759056000005,0],[95.7706710590001,5.55755655600007,0],[95.7706931430001,5.55753366900007,0],[95.7707150090001,5.55751025400002,0],[95.7707365050001,5.55748617900002,0],[95.7707706940001,5.55744553000005,0],[95.770804141,5.55740422200006,0],[95.7708371570001,5.55736257900003,0],[95.7708587380001,5.55733454300002,0],[95.7708692730001,5.55732036900002,0],[95.770879538,5.55730603200004,0],[95.770889422,5.55729146700003,0],[95.7708987810001,5.55727659000007,0],[95.7709088140001,5.55725887100004,0],[95.7709150420001,5.55724689200002,0],[95.7709222840001,5.55723205600003,0],[95.770935874,5.55720191800003,0],[95.7709485540001,5.55717138500006,0],[95.77096034,5.55714059200005,0],[95.7709658030001,5.55712510800004,0],[95.7709708820001,5.55710955800004,0],[95.7709754630001,5.55709392700004,0],[95.7709794040001,5.55707819600002,0],[95.7709820890001,5.55706518200003,0],[95.770987747,5.55703449300006,0],[95.7709912710001,5.55701862500007,0],[95.7709913840001,5.55701811400007,0],[95.7709955350001,5.55700177200004,0],[95.7710049340001,5.55696917200004,0],[95.771020719,5.55692045300003,0],[95.771037875,5.55687208600006,0],[95.7710503120001,5.55684029600008,0],[95.7710570300001,5.55682466000007,0],[95.7710642370001,5.55680928500004,0],[95.7710730850001,5.55679238500005,0],[95.771081677,5.55677755300007,0],[95.771090826,5.55676307800007,0],[95.7711005400001,5.55674899600007,0],[95.771110875,5.55673537800004,0],[95.7711261890001,5.55671729800002,0],[95.7711583590001,5.55668151400005,0],[95.7711686200001,5.55667009900003,0],[95.7711863860001,5.55664954300005,0],[95.77121271,5.55661752500004,0],[95.7712315370001,5.55659316600003,0],[95.7712613680001,5.55655230100007,0],[95.7713001280001,5.55649705200005,0],[95.7713286060001,5.55645523900006,0],[95.771347044,5.55642704400003,0],[95.771355966,5.55641277600006,0],[95.7713645950001,5.55639833900005,0],[95.7713728620001,5.55638369600007,0],[95.7713808060001,5.55636887300005,0],[95.7713958840001,5.55633879500004,0],[95.7714099310001,5.55630821000005,0],[95.771423413,5.55627611200003,0],[95.7714395630001,5.55623765800004,0],[95.7714534980001,5.55620619600006,0],[95.7714753830001,5.55615944200002,0],[95.7714907930001,5.55612867500002,0],[95.771499158,5.55611287600004,0],[95.7715164530001,5.55608156500006,0],[95.7715611150001,5.55600399600007,0],[95.771597553,5.55594236600007,0],[95.771616362,5.55591200600003,0],[95.771626101,5.55589709200007,0],[95.7716361920001,5.55588245900003,0],[95.7716467770001,5.55586822400005,0],[95.771654749,5.55585833700007,0],[95.7716632070001,5.55584855100005,0],[95.771671961,5.55583901900008,0],[95.7716890070001,5.55582176600007,0],[95.771708157,5.55580393100007,0],[95.771726098,5.55578845800005,0],[95.7717439730001,5.55577421100003,0],[95.771753796,5.55576686700005,0],[95.7717688110001,5.55575625900002,0],[95.7717778210001,5.55575025900004,0],[95.7717814490001,5.55574784200007,0],[95.7718072340001,5.55573172300006,0],[95.7718391440001,5.55571312200004,0],[95.7718963820001,5.55568113300006,0],[95.771918214,5.55566861700004,0],[95.7719542870001,5.55564675700003,0],[95.7719824580001,5.55562833600004,0],[95.7719930920001,5.55562097700005,0],[95.7720122900001,5.55560699100005,0],[95.7720332910001,5.55559032100007,0],[95.7720469870001,5.55557835700006,0],[95.7720575860001,5.55556827200007,0],[95.7720677250001,5.55555778800004,0],[95.772077488,5.55554670700008,0],[95.7720866340001,5.55553516900005,0],[95.772097209,5.55551983000004,0],[95.7721047090001,5.55550716000005,0],[95.7721091480001,5.55549867400003,0],[95.7721132340001,5.55548999900003,0],[95.7721189550001,5.55547602200005,0],[95.7721239730001,5.55546183300004,0],[95.7721332,5.55543195100006,0],[95.772146632,5.55538512300006,0],[95.772156157,5.55535359000004,0],[95.7721666030001,5.55532197600007,0],[95.772177964,5.55529077800003,0],[95.7721840980001,5.55527541700008,0],[95.7721906470001,5.55526028400004,0],[95.7721957620001,5.55524941900006,0],[95.7722012120001,5.55523874900007,0],[95.7722097770001,5.55522377400007,0],[95.7722178080001,5.55521142800006,0],[95.772226415,5.55519945800006,0],[95.772235504,5.55518782000007,0],[95.7722514800001,5.55516921800006,0],[95.772265282,5.55515469500006,0],[95.77227263,5.55514746700004,0],[95.7722851790001,5.55513579200004,0],[95.772298064,5.55512444200002,0],[95.7723111940001,5.55511333200008,0],[95.7723379400001,5.55509161800006,0],[95.7723788600001,5.55506003600004,0],[95.7724067140001,5.55503985300004,0],[95.7724199470001,5.55503083200006,0],[95.772433381,5.55502214400002,0],[95.7724527340001,5.55501058500005,0],[95.7724680890001,5.55500223400003,0],[95.7724836830001,5.55499430900005,0],[95.7725153440001,5.55497929500007,0],[95.772579518,5.55495082500005,0],[95.7727576130001,5.55487409500006,0],[95.7728063000001,5.55485284600007,0],[95.772854002,5.55483119800004,0],[95.7729000040001,5.55480933100006,0],[95.7730221080001,5.55474979100006,0],[95.7730649740001,5.55472855000005,0],[95.7731048740001,5.55470515400003,0],[95.7731648420001,5.55467044500006,0],[95.7732143470001,5.55464343600005,0],[95.7732562480001,5.55462315700004,0],[95.773307688,5.55460187500006,0],[95.773371501,5.55457288600007,0],[95.7734733840001,5.55452076700004,0],[95.773517913,5.55449794500004,0],[95.7735318460001,5.55449032100006,0],[95.7735763630001,5.55446522400007,0],[95.7736179820001,5.55444065400008,0],[95.7736437520001,5.55441859800004,0],[95.7737017570001,5.55437242300007,0],[95.773736919,5.55433974200002,0],[95.7737864060001,5.55430890900004,0],[95.7738373620001,5.55428607600004,0],[95.7738625750001,5.55427075800003,0],[95.7739277480001,5.55422468600005,0],[95.773972901,5.55419357300002,0],[95.7739836410001,5.55418617100003,0],[95.7740258680001,5.55415907600008,0],[95.7740547830001,5.55414512500005,0],[95.774078827,5.55413073600005,0],[95.7741073380001,5.55411652000004,0],[95.7741156110001,5.55411185400004,0],[95.7741468310001,5.55409489300007,0],[95.7742099120001,5.55406208400007,0],[95.774241696,5.55404614100007,0],[95.774266492,5.55403406900007,0],[95.7742856720001,5.55402503000005,0],[95.774346059,5.55399657000004,0],[95.7748248220001,5.55377370800005,0],[95.7750365810001,5.55367615800003,0],[95.775085603,5.55365400800002,0],[95.775118455,5.55363963900004,0],[95.775167734,5.55361917400006,0],[95.775233788,5.55359270200006,0],[95.775366143,5.55354035100004,0],[95.7754325290001,5.55351476600003,0],[95.7754659390001,5.55350258800007,0],[95.775498891,5.55349137000007,0],[95.7756149420001,5.55345416300003,0],[95.7756479820001,5.55344322600007,0],[95.775680778,5.55343162900004,0],[95.775697204,5.55342538200006,0],[95.7757298240001,5.55341226400003,0],[95.7758107650001,5.55337782200007,0],[95.7761338910001,5.55323813200005,0],[95.7761983220001,5.55320975200004,0],[95.7762302200001,5.55319490600004,0],[95.7762609120001,5.55317961500003,0],[95.776291223,5.55316359400007,0],[95.776321093,5.55314680000004,0],[95.7763357970001,5.55313801800003,0],[95.7763660400001,5.55311861500007,0],[95.7763956850001,5.55309827700006,0],[95.776424848,5.55307725100005,0],[95.7764534010001,5.55305544500004,0],[95.7764673400001,5.55304412400005,0],[95.776480538,5.55303283900002,0],[95.7765063240001,5.55300952700003,0],[95.776531628,5.55298563700006,0],[95.7765567000001,5.55296146900002,0],[95.7767314370001,5.55279142500007,0],[95.7768428680001,5.55268460500002,0],[95.7769673130001,5.55256625600003,0],[95.7771606320001,5.55238490100004,0],[95.7772235960001,5.55232443900007,0],[95.7772938400001,5.55225598100003,0],[95.7773108480001,5.55223940500002,0],[95.777360118,5.55219028200003,0],[95.7773842130001,5.55216523900003,0],[95.7773960060001,5.55215249000003,0],[95.7774448760001,5.55209742400007,0],[95.7774570920001,5.55208433000007,0],[95.777482132,5.55205869300005,0],[95.7775077310001,5.55203357300007,0],[95.7775328970001,5.55200968700007,0],[95.777570257,5.55197552600004,0],[95.777608145,5.55194195700005,0],[95.7776337350001,5.55191997900005,0],[95.777659779,5.55189857200003,0],[95.777690335,5.55187514800002,0],[95.7777189130001,5.55185444000006,0],[95.777776814,5.55181400100003,0],[95.778096609,5.55159338100003,0],[95.778140373,5.55156355000003,0],[95.7781697760001,5.55154402100004,0],[95.7781846060001,5.55153445800005,0],[95.7782147870001,5.55151571300007,0],[95.778229636,5.55150689100003,0],[95.7782911800001,5.55147032900004,0],[95.7783986160001,5.55140755100007,0],[95.77846014,5.55137193100006,0],[95.778506624,5.55134586200006,0],[95.7785380590001,5.55132924500003,0],[95.778585885,5.55130546700002,0],[95.7787303060001,5.55123589400006,0],[95.778770502,5.55121555000005,0],[95.778802822,5.55119826400005,0],[95.7788360640001,5.55117946600006,0],[95.7788713580001,5.55115838000006,0],[95.7789138730001,5.55113186300002,0],[95.7789873340001,5.55108533500004,0],[95.779031725,5.55105796400005,0],[95.7790622900001,5.55104011900005,0],[95.779093791,5.55102261300004,0],[95.7791732420001,5.55098005200006,0],[95.780177037,5.55044846500004,0],[95.7802308160001,5.55042043600002,0],[95.780306152,5.55038193700005,0],[95.780397629,5.55033580300005,0],[95.7804558270001,5.55030708500004,0],[95.780504524,5.55028396900002,0],[95.780579194,5.55024981100007,0],[95.7808193830001,5.55014176400005,0],[95.7809318110001,5.55009208700005,0],[95.7813995240001,5.54988851100006,0],[95.7825706150001,5.54937965800002,0],[95.7833099010001,5.54905948500004,0],[95.7833921200001,5.54902408900006,0],[95.7834582840001,5.54899600600004,0],[95.7838887830001,5.54881447900004,0],[95.783971701,5.54877989200003,0],[95.7840524530001,5.54874753200005,0],[95.784261395,5.54866581900006,0],[95.784342015,5.54863397300005,0],[95.784751213,5.54846875300007,0],[95.7848823830001,5.54841552400006,0],[95.7861966130001,5.54787453700004,0],[95.7866851030001,5.54767223200002,0],[95.7870816290001,5.54750626900005,0],[95.787163703,5.54747284900003,0],[95.7872936410001,5.54742193400006,0],[95.787374807,5.54739118200007,0],[95.7880170980001,5.54715386800007,0],[95.7880847960001,5.54712914200007,0],[95.7881356510001,5.54711120600007,0],[95.7882544380001,5.54707144200006,0],[95.7884923460001,5.54699287900007,0],[95.7886285740001,5.54694823100004,0],[95.7887483060001,5.54690964600007,0],[95.788971157,5.54683864500004,0],[95.7890986530001,5.54679906400003,0],[95.7891785410001,5.54677501400005,0],[95.7892292660001,5.54676054800007,0],[95.7893813430001,5.54671821400007,0],[95.7894484920001,5.54669869100007,0],[95.789514248,5.54667798000003,0],[95.7896125660001,5.54664583400006,0],[95.7896943810001,5.54661861200003,0],[95.7897432230001,5.54660165500007,0],[95.7898079220001,5.54657808600007,0],[95.789888729,5.54654795300007,0],[95.789937002,5.54652907200006,0],[95.789961706,5.54651856600003,0],[95.7900143360001,5.54650237200002,0],[95.790109563,5.54647307100004,0],[95.790327635,5.54638350600004,0],[95.790465161,5.54631836200002,0],[95.790646876,5.54623041400004,0],[95.7908801330001,5.54614196400007,0],[95.790940355,5.54613952500006,0],[95.7909796440001,5.54613421000005,0],[95.791006016,5.54613021200004,0],[95.7910323790001,5.54612571700005,0],[95.7910507620001,5.54612218000005,0],[95.791077091,5.54611637500005,0],[95.7910943680001,5.54611197700007,0],[95.791111528,5.54610715400003,0],[95.791128594,5.54610198500006,0],[95.7911624760001,5.54609080800003,0],[95.7911959910001,5.54607855400008,0],[95.7912120600001,5.54607215400006,0],[95.791243476,5.54605860800007,0],[95.7912588440001,5.54605153100005,0],[95.7912893260001,5.54603680500003,0],[95.7913191760001,5.54602158500006,0],[95.791348666,5.54600594100003,0],[95.7913779610001,5.54598992500007,0],[95.791423008,5.54596448400002,0],[95.791467799,5.54593858200008,0],[95.7915093020001,5.54591400100003,0],[95.7915489800001,5.54588980900007,0],[95.7915767280001,5.54587224800002,0],[95.7916040170001,5.54585403400006,0],[95.7916171670001,5.54584473200003,0],[95.7916428760001,5.54582542600002,0],[95.7916677760001,5.54580519900003,0],[95.7916798840001,5.54579468700007,0],[95.7916916240001,5.54578396500006,0],[95.791714443,5.54576180800007,0],[95.791736545,5.54573894600003,0],[95.791757927,5.54571546700004,0],[95.791778418,5.54569122600003,0],[95.7918083480001,5.54565308900004,0],[95.7918171260001,5.54564235000004,0],[95.7918340460001,5.54562252700003,0],[95.7918578970001,5.54559614700003,0],[95.7918820520001,5.54557089800005,0],[95.791906795,5.54554619100003,0],[95.7919193850001,5.54553406000002,0],[95.79193215,5.54552211600003,0],[95.7919502810001,5.54550586600004,0],[95.79197688,5.54548349600003,0],[95.792004778,5.54546142900006,0],[95.7920330740001,5.54543983800005,0],[95.7920758660001,5.54540788400004,0],[95.7921189150001,5.54537626800004,0],[95.7922785680001,5.54526192900005,0],[95.792307727,5.54524135700007,0],[95.792337091,5.54522115300006,0],[95.792366896,5.54520174800007,0],[95.792384478,5.54519118800005,0],[95.7924010280001,5.54518206700004,0],[95.7924136230001,5.54517566800007,0],[95.7924268240001,5.54516945600005,0],[95.7924431040001,5.54516238200006,0],[95.7924761820001,5.54514931100005,0],[95.792509652,5.54513706000006,0],[95.7925433010001,5.54512518600006,0],[95.7928635650001,5.54501377200006,0],[95.792934571,5.54498989800004,0],[95.7929954410001,5.54497076700005,0],[95.7930904090001,5.54494247100007,0],[95.7931221740001,5.54493344000002,0],[95.7931527160001,5.54492512700006,0],[95.7931833420001,5.54491716000007,0],[95.7932140570001,5.54490959300006,0],[95.7932808300001,5.54489459100006,0],[95.7933110310001,5.54488737600008,0],[95.7933607350001,5.54487457000005,0],[95.7934125850001,5.54486053700003,0],[95.793473465,5.54484349200004,0],[95.79351798,5.54483057200002,0],[95.7935560230001,5.54481906700005,0],[95.793596257,5.54480618300005,0],[95.7936301660001,5.54479473500004,0],[95.7936808220001,5.54477695100007,0],[95.7937312350001,5.54475849200003,0],[95.7937634370001,5.54474613900004,0],[95.793827585,5.54472075400002,0],[95.793907576,5.54468852400004,0],[95.7940914960001,5.54461303500005,0],[95.7941457570001,5.54459176000006,0],[95.7941725110001,5.54458196600007,0],[95.7941984340001,5.54457287600007,0],[95.794265862,5.54455030100007,0],[95.7943166530001,5.54453402900003,0],[95.7943799590001,5.54451485700002,0],[95.794461181,5.54449155500004,0],[95.794575761,5.54445968200002,0],[95.7946319210001,5.54444487000006,0],[95.7946859310001,5.54443196200003,0],[95.7947219370001,5.54442406500004,0],[95.794757921,5.54441669800002,0],[95.7950028830001,5.54436986100006,0],[95.7950721830001,5.54435614600004,0],[95.7951236380001,5.54434536700006,0],[95.7951542470001,5.54433864200007,0],[95.7952129500001,5.54431409800003,0],[95.7952522730001,5.54430434900007,0],[95.7952856210001,5.54429223700004,0],[95.79533804,5.54427645000004,0],[95.795376199,5.54427268400002,0],[95.795446574,5.54426996100005,0],[95.7954832660001,5.54426562200007,0],[95.7955326790001,5.54425462500006,0],[95.7956725000001,5.54422246700005,0],[95.7957248310001,5.54420999600006,0],[95.7957577160001,5.54420177700007,0],[95.7958090960001,5.54418810300007,0],[95.7958944980001,5.54416439900007,0],[95.7961164060001,5.54410222300004,0],[95.7961675380001,5.54408762800006,0],[95.796201528,5.54407758200006,0],[95.79623481,5.54406719900004,0],[95.7962673910001,5.54405649900002,0],[95.7964296900001,5.54400102800003,0],[95.796495044,5.54397931100004,0],[95.79654485,5.54396352600003,0],[95.7965947770001,5.54394812900006,0],[95.7966281370001,5.54393812100005,0],[95.7966732120001,5.54392521000005,0],[95.7967158810001,5.54391362800004,0],[95.7967848770001,5.54389580800006,0],[95.7974609720001,5.54372542900006,0],[95.797530453,5.54370758900006,0],[95.7975650810001,5.54369827400006,0],[95.7976159010001,5.54368341700007,0],[95.7976993980001,5.54365698500004,0],[95.798016117,5.54355453300008,0],[95.798065949,5.54353787400004,0],[95.7980989690001,5.54352621300006,0],[95.7981292790001,5.54351477800003,0],[95.7981776560001,5.54349557700004,0],[95.798360206,5.54342087400005,0],[95.7984262740001,5.54339303100005,0],[95.7984426470001,5.54338577400006,0],[95.7984686520001,5.54337362900003,0],[95.798491009,5.54336238100007,0],[95.798503564,5.54335569100004,0],[95.798522275,5.54334516200004,0],[95.7985363560001,5.54333684600005,0],[95.7985644490001,5.54331949100003,0],[95.798609705,5.54329031000003,0],[95.798699565,5.54323086500006,0],[95.7987439940001,5.54320048200003,0],[95.7987585910001,5.54319007700008,0],[95.7987801900001,5.54317394400005,0],[95.798807593,5.54315177800004,0],[95.798847655,5.54311716500007,0],[95.798913483,5.54305819600006,0],[95.7989396280001,5.54303436600003,0],[95.798965523,5.54301025900003,0],[95.798990889,5.54298559300003,0],[95.799002971,5.54297321700005,0],[95.7990265750001,5.54294789200003,0],[95.7990381390001,5.54293499200003,0],[95.7990421810001,5.54293031600002,0],[95.799061522,5.54290794100007,0],[95.799084297,5.54288040800003,0],[95.7990953820001,5.54286644900003,0],[95.7991061690001,5.54285232100005,0],[95.7991165350001,5.54283796900006,0],[95.7991263060001,5.54282331400003,0],[95.799135241,5.54280824800003,0],[95.799138381,5.54280233800006,0],[95.79914417,5.54279019700004,0],[95.7991492530001,5.54277776400005,0],[95.7991525880001,5.54276830800006,0],[95.7991555350001,5.54275872200003,0],[95.7991593470001,5.54274363600007,0],[95.7997504160001,5.54256124700004,0],[95.7997639880001,5.54256623500004,0],[95.7997794710001,5.54257076900006,0],[95.7997905890001,5.54257334900007,0],[95.7998011290001,5.54257532300005,0],[95.799811758,5.54257687900002,0],[95.799823674,5.54257813000004,0],[95.79983566,5.54257892200008,0],[95.7998526110001,5.54257933700006,0],[95.7998699790001,5.54257902700004,0],[95.799887384,5.54257817300004,0],[95.7999048090001,5.54257693500006,0],[95.7999396700001,5.54257373900003,0],[95.7999918740001,5.54256795500004,0],[95.800026539,5.54256354300003,0],[95.800060993,5.54255834700007,0],[95.800078091,5.54255524900003,0],[95.8000930090001,5.54255213600004,0],[95.8001078220001,5.54254862600004,0],[95.8001225130001,5.54254468200003,0],[95.8001360440001,5.54254061600005,0],[95.8002157510001,5.54251465500005,0],[95.800319045,5.54248241900007,0],[95.8005951150001,5.54239842900006,0],[95.8007322230001,5.54235728200007,0],[95.8011918160001,5.54222100300007,0],[95.8013581260001,5.54217306800007,0],[95.8014414250001,5.54214964600004,0],[95.8014898150001,5.54213694500004,0],[95.8015499790001,5.54212267200006,0],[95.8019430260001,5.54203502800004,0],[95.8020131470001,5.54201915500005,0],[95.8020656730001,5.54200688300006,0],[95.8021530980001,5.54198562000005,0],[95.8024326710001,5.54191675700002,0],[95.802484936,5.54190330700004,0],[95.802519594,5.54189370400007,0],[95.8025367130001,5.54188861000006,0],[95.8025850100001,5.54187325000004,0],[95.802631703,5.54185761600007,0],[95.802678261,5.54184156000002,0],[95.8027268440001,5.54182420500007,0],[95.803188908,5.54165386200003,0],[95.803271189,5.54162290400006,0],[95.803303827,5.54160988000007,0],[95.8033363760001,5.54159585800005,0],[95.803384973,5.54157311300003,0],[95.803465434,5.54153395800006,0],[95.8035139280001,5.54151099200004,0],[95.8035466320001,5.54149658400007,0],[95.8035797860001,5.54148338800007,0],[95.8036132720001,5.54147099300008,0],[95.8036469290001,5.54145900400005,0],[95.8037820070001,5.54141213000003,0],[95.803949146,5.54135492500006,0],[95.8040326440001,5.54132708100008,0],[95.8040662170001,5.54131662400005,0],[95.804083087,5.54131172100006,0],[95.8041106090001,5.54130450100007,0],[95.8041475530001,5.54129606200007,0],[95.8042354890001,5.54127675400002,0],[95.8042659640001,5.54126945200005,0],[95.8042979450001,5.54126133500006,0],[95.8043616590001,5.54124413200003,0],[95.8043926180001,5.54123521200006,0],[95.8044176430001,5.54122765000005,0],[95.8044671850001,5.54121200900005,0],[95.8045165610001,5.54119587500003,0],[95.804549358,5.54118482200005,0],[95.8045819750001,5.54117334900008,0],[95.804614261,5.54116112100007,0],[95.8046302060001,5.54115455900006,0],[95.8046903010001,5.54112742500007,0],[95.8047176060001,5.54111599800007,0],[95.8047327100001,5.54111035500006,0],[95.8047555000001,5.54110273400005,0],[95.8047895400001,5.54109290100007,0],[95.8048239220001,5.54108406100005,0],[95.8048757810001,5.54107163800006,0],[95.8052916090001,5.54097512300007,0],[95.8053610530001,5.54095973100004,0],[95.8053961150001,5.54095255800007,0],[95.8054667820001,5.54093872500005,0],[95.8055019330001,5.54093114500006,0],[95.8055193910001,5.54092689700008,0],[95.8055514160001,5.54091796600005,0],[95.8055990350001,5.54090294300005,0],[95.8056621580001,5.54088153300006,0],[95.8057278800001,5.54085815000008,0],[95.8057768770001,5.54083984500005,0],[95.8057931000001,5.54083347000005,0],[95.805825568,5.54082006000004,0],[95.8058899930001,5.54079197800007,0],[95.8059700410001,5.54075575300004,0],[95.806016432,5.54073378800007,0],[95.8061378960001,5.54067480000003,0],[95.80618415,5.54065336000002,0],[95.8062473190001,5.54062572600003,0],[95.806358334,5.54057836400005,0],[95.806421877,5.54055155500004,0],[95.8064721580001,5.54053111100006,0],[95.8065006360001,5.54052025800007,0],[95.806515387,5.54051495500005,0],[95.806536925,5.54050771300007,0],[95.806552432,5.54050288400003,0],[95.8065752150001,5.54049641000006,0],[95.806597616,5.54049071800006,0],[95.8066691290001,5.54047478600006,0],[95.806686298,5.54047056300004,0],[95.806703299,5.54046580800002,0],[95.8067201810001,5.54046059300003,0],[95.806736974,5.54045503600003,0],[95.8067703840001,5.54044324200004,0],[95.8068368670001,5.54041834300006,0],[95.8070856890001,5.54032304600003,0],[95.8074133050001,5.54019802900007,0],[95.807462243,5.54017889000005,0],[95.8074864540001,5.54016907400006,0],[95.8075187250001,5.54015529200007,0],[95.807542459,5.54014458100005,0],[95.8075909120001,5.54012179700004,0],[95.8076552300001,5.54009076500006,0],[95.8079557880001,5.53994450700003,0],[95.8080345380001,5.53990569100006,0],[95.808065819,5.53988974400005,0],[95.8080954870001,5.53987407500006,0],[95.80821332,5.53980979200003,0],[95.8082576500001,5.53978596000007,0],[95.808304336,5.53976197100008,0],[95.8083523610001,5.53973821500006,0],[95.8085772890001,5.53962891400005,0],[95.8086577830001,5.53959025900002,0],[95.8087063740001,5.53956776400003,0],[95.8087790260001,5.53953625300005,0],[95.808801487,5.53952613900003,0],[95.808822379,5.53951635100003,0],[95.80885254,5.53950150400004,0],[95.8088834180001,5.53948554900006,0],[95.8089294390001,5.53946100800005,0],[95.809158681,5.53933656000004,0],[95.8092336460001,5.53929554900003,0],[95.8093940200001,5.53920677400004,0],[95.809575565,5.53910808000006,0],[95.8096514690001,5.53906745700004,0],[95.809682019,5.53905160400006,0],[95.8097280760001,5.53902832400007,0],[95.809851344,5.53896711400006,0],[95.8099439970001,5.53892161600004,0],[95.8100074480001,5.53889119000007,0],[95.810293572,5.53875550600003,0],[95.8103890180001,5.53870986800007,0],[95.8109500990001,5.53843629400006,0],[95.8113072290001,5.53826653000004,0],[95.8114210840001,5.53821299700007,0],[95.8115190680001,5.53816860200004,0],[95.8119117890001,5.53799274100004,0],[95.8119767030001,5.53796462400004,0],[95.81203938,5.53793863600004,0],[95.812485768,5.53775700800003,0],[95.8125662180001,5.53772458300006,0],[95.81259851,5.53771191100003,0],[95.8126315810001,5.53769941800005,0],[95.812716369,5.53766906400006,0],[95.8136174700001,5.53735353900004,0],[95.8137196600001,5.53731835400004,0],[95.813822342,5.53728501200004,0],[95.8145938530001,5.53703910400003,0],[95.814677966,5.53701287400003,0],[95.8148575260001,5.53695822600002,0],[95.8149226290001,5.53693776100005,0],[95.8149731080001,5.53692094300004,0],[95.815023447,5.53690368900004,0],[95.8152069450001,5.53684008500005,0],[95.815341898,5.53679330800003,0],[95.81539229,5.53677622600003,0],[95.8154260040001,5.53676521700004,0],[95.8154759370001,5.53674985700007,0],[95.815526043,5.53673504300002,0],[95.8162465950001,5.53652533200005,0],[95.8165141150001,5.53644626700003,0],[95.8166144640001,5.53641624900007,0],[95.817000797,5.53629776000002,0],[95.8171014550001,5.53626647000004,0],[95.8171348860001,5.53625567000006,0],[95.8171685090001,5.53624438300005,0],[95.8172858080001,5.53620370300007,0],[95.817336164,5.53618652300003,0],[95.8173999810001,5.53616570400004,0],[95.8174967150001,5.53613515600006,0],[95.8178818810001,5.53601608400004,0],[95.817963589,5.53599111600005,0],[95.8180108350001,5.53597712000004,0],[95.8180385520001,5.53596923200007,0],[95.818124874,5.53594607200006,0],[95.8183152180001,5.53589670200006,0],[95.8184160610001,5.53587167100005,0],[95.819493085,5.53561623300004,0],[95.8195974230001,5.53559202100007,0],[95.81964937,5.53558091200006,0],[95.8197185400001,5.53556701700006,0],[95.820272441,5.53545837000007,0],[95.820370311,5.53543980100005,0],[95.8204922780001,5.53541723700005,0],[95.8205979790001,5.53539803400002,0],[95.8206509090001,5.53538891200003,0],[95.8207042560001,5.53538049800005,0],[95.8207576720001,5.53537249700003,0],[95.8211317590001,5.53531758700007,0],[95.821431692,5.53527490300007,0],[95.821520251,5.53526290000002,0],[95.8216808500001,5.53524227800006,0],[95.8217701120001,5.53523118400005,0],[95.8218195640001,5.53522561500006,0],[95.8218649460001,5.53522120300005,0],[95.821918801,5.53521657300007,0],[95.8222780340001,5.53518774800006,0],[95.8223839810001,5.53517966400005,0],[95.8225203690001,5.53517016900003,0],[95.8226229830001,5.53516374700007,0],[95.8228466510001,5.53515189300003,0],[95.8229326970001,5.53514782100007,0],[95.8230035720001,5.53514560500003,0],[95.8231426520001,5.53514311700008,0],[95.823314823,5.53514086700005,0],[95.8234353970001,5.53514076100004,0],[95.8235387440001,5.53514134000005,0],[95.8236464560001,5.53514311300006,0],[95.8242568000001,5.53515513400004,0],[95.8243936470001,5.53515863600006,0],[95.8244734940001,5.53516168700003,0],[95.8245232420001,5.53516439500004,0],[95.8246129880001,5.53517033300005,0],[95.825079589,5.53520272400004,0],[95.8251334110001,5.53520664000007,0],[95.8251871860001,5.53521106600004,0],[95.8252398100001,5.53521631500007,0],[95.825292387,5.53522206400004,0],[95.8257479220001,5.53527348400007,0],[95.8258354420001,5.53528401400007,0],[95.8259054900001,5.53529380500004,0],[95.8260094,5.53530981200004,0],[95.826106215,5.53532583200007,0],[95.8261425040001,5.53533239300003,0],[95.826186535,5.53534078900003,0],[95.8262741830001,5.53535848600006,0],[95.8263077080001,5.53536584100004,0],[95.8263397210001,5.53537331900003,0],[95.8263874790001,5.53538532500005,0],[95.8264190030001,5.53539415500006,0],[95.8264346020001,5.53539898700006,0],[95.8264500400001,5.53540422200007,0],[95.8264652650001,5.53540999200004,0],[95.8264792240001,5.53541594500007,0],[95.826502523,5.53542707000003,0],[95.826525593,5.53543906300007,0],[95.826558805,5.53545688400004,0],[95.8265803130001,5.53546797000007,0],[95.8266039480001,5.53547942300003,0],[95.826618738,5.53548614500005,0],[95.8266336510001,5.53549259500005,0],[95.826663561,5.53550463000005,0],[95.826693596,5.53551564600002,0],[95.8267235270001,5.53552571600005,0],[95.826766047,5.53553881900007,0],[95.8268104750001,5.53555154900005,0],[95.827094629,5.53562955200005,0],[95.827144902,5.53564275700006,0],[95.827175056,5.53565015700002,0],[95.82720292,5.53565648300003,0],[95.8272284670001,5.53566184100004,0],[95.8272977190001,5.53567509900006,0],[95.827471239,5.53570673900003,0],[95.8276449050001,5.53573894100003,0],[95.8276797070001,5.53574480800006,0],[95.827697126,5.53574740300007,0],[95.8277145600001,5.53574962800008,0],[95.82773201,5.53575132900005,0],[95.8277465050001,5.53575221900007,0],[95.8277609950001,5.53575258900003,0],[95.827775467,5.53575239400004,0],[95.8277898310001,5.53575157500006,0],[95.8278029080001,5.53575029000007,0],[95.827815924,5.53574849900002,0],[95.8278367720001,5.53574451400004,0],[95.8278521780001,5.53574071900005,0],[95.8278660180001,5.53573670900005,0],[95.8278858570001,5.53572998900006,0],[95.827898469,5.53572515200005,0],[95.8279109520001,5.53571994900005,0],[95.827931779,5.53571035200002,0],[95.8279558880001,5.53569787300006,0],[95.8279766570001,5.53568601300003,0],[95.8280014710001,5.53567075800004,0],[95.828046505,5.53564126600003,0],[95.828239667,5.53551076400004,0],[95.8285668980001,5.53529121000003,0],[95.8285963650001,5.53527087000003,0],[95.8286254590001,5.53525002200007,0],[95.828652435,5.53522961500005,0],[95.828679062,5.53520873300005,0],[95.828731802,5.53516628400007,0],[95.828771035,5.53513404500006,0],[95.8287969310001,5.53511225300002,0],[95.8288231240001,5.53508940600005,0],[95.828875839,5.53504129700002,0],[95.829019412,5.53490739700004,0],[95.829085051,5.53484710500004,0],[95.8295612210001,5.53441854700003,0],[95.829601069,5.53438303600007,0],[95.8296278810001,5.53435966600006,0],[95.829653867,5.53433784700007,0],[95.8296664160001,5.53432773500003,0],[95.8297071980001,5.53429625400003,0],[95.8297640090001,5.53425394600004,0],[95.8299066320001,5.53414891300002,0],[95.8299495860001,5.53411764500004,0],[95.8299784320001,5.53409710200003,0],[95.8300047210001,5.53407894600002,0],[95.8300065290001,5.53407773100002,0],[95.8300321230001,5.53406054100003,0],[95.8300727170001,5.53403390100004,0],[95.8302516050001,5.53391781000005,0],[95.830410025,5.53381324100008,0],[95.830496284,5.53375568600006,0],[95.830581238,5.53369746500005,0],[95.8308270950001,5.53352767300004,0],[95.8308848030001,5.53348753800003,0],[95.8309276320001,5.53345685600004,0],[95.8309556180001,5.53343567400003,0],[95.830968999,5.53342498600006,0],[95.8310083260001,5.53339188400003,0],[95.8310696610001,5.53333825700003,0],[95.8310923720001,5.53331919200002,0],[95.8311072070001,5.53330726500008,0],[95.8311328030001,5.53328775400007,0],[95.8311471010001,5.53327741000004,0],[95.8311780710001,5.53325615100005,0],[95.8312116810001,5.53323429700004,0],[95.831237269,5.53321816300007,0],[95.8312694670001,5.53319829700007,0],[95.8313125110001,5.53317231800003,0],[95.831417173,5.53311023800006,0],[95.831480189,5.53306311900008,0],[95.8315457470001,5.53300160500004,0],[95.8315950830001,5.53294016900003,0],[95.831657856,5.53289492400006,0],[95.8317587940001,5.53284758400002,0],[95.8318302100001,5.53281377400003,0],[95.831872074,5.53278679800007,0],[95.8318929060001,5.53275227300003,0],[95.831925846,5.53267969500007,0],[95.8319401620001,5.53265671600008,0],[95.8319591410001,5.53262697900004,0],[95.8319688930001,5.53261231700003,0],[95.8319789240001,5.53259787700006,0],[95.8319868290001,5.53258705700006,0],[95.8319984140001,5.53257221600006,0],[95.832009435,5.53255916100005,0],[95.8320208410001,5.53254642300004,0],[95.8320445100001,5.53252167400007,0],[95.8320643200001,5.53250221900004,0],[95.8320871070001,5.53248098800003,0],[95.832111135,5.53245994700006,0],[95.832123456,5.53244970600002,0],[95.8321486240001,5.53242991100007,0],[95.832170922,5.53241376800003,0],[95.8321804770001,5.53240731300002,0],[95.832195481,5.53239773200005,0],[95.832210731,5.53238852700002,0],[95.8322261630001,5.53237960300004,0],[95.832257407,5.53236236900005,0],[95.832289028,5.53234580300006,0],[95.832304977,5.53233779600004,0],[95.8323200830001,5.53233047500004,0],[95.832347315,5.53231802400006,0],[95.832375917,5.53230592700004,0],[95.8324091700001,5.53229264800007,0],[95.8324266170001,5.53228595600007,0],[95.8324954450001,5.53227098300005,0],[95.832574042,5.53224191900006,0],[95.832655495,5.53221140700003,0],[95.8327340920001,5.53218234400003,0],[95.8327898260001,5.53216199600007,0],[95.8328284770001,5.53216181100004,0],[95.8328758120001,5.53216158500004,0],[95.8329039880001,5.53216573700007,0],[95.832918169,5.53216737600007,0],[95.832932338,5.53216839100003,0],[95.8329446130001,5.53216856900002,0],[95.832961234,5.53216757900003,0],[95.832977677,5.53216515100007,0],[95.8329875570001,5.53216294300006,0],[95.832993817,5.53216123000004,0],[95.833005062,5.53215758100004,0],[95.833020827,5.53215142300007,0],[95.8330363970001,5.53214440800002,0],[95.8330518270001,5.53213677700006,0],[95.8330671560001,5.53212871100004,0],[95.8330976240001,5.53211177800006,0],[95.8331279600001,5.53209430100003,0],[95.83329138,5.53199905800005,0],[95.8341004970001,5.53152749500003,0],[95.834177975,5.53148204400003,0],[95.834224094,5.53145417500002,0],[95.834269545,5.53142537400004,0],[95.834314668,5.53139604000006,0],[95.8347796070001,5.53109078300002,0],[95.834809411,5.53107080800004,0],[95.834838774,5.53105068600007,0],[95.8349541590001,5.53096916300007,0],[95.8349939610001,5.53094144500005,0],[95.835020844,5.53092330400005,0],[95.8350579610001,5.53089912700005,0],[95.835131919,5.53085272400006,0],[95.8353548320001,5.53071512600008,0],[95.835414267,5.53067922800005,0],[95.835546401,5.53060130400007,0],[95.8355754790001,5.53058354400002,0],[95.8356044990001,5.53056497600005,0],[95.83563345,5.53054558100007,0],[95.8356621840001,5.53052584500006,0],[95.8357765000001,5.53044592900005,0],[95.8358619040001,5.53038552500004,0],[95.8359044200001,5.53035435800007,0],[95.835975325,5.53030008800005,0],[95.8361284050001,5.53018121100007,0],[95.8363844340001,5.52998238700008,0],[95.8365117070001,5.52988398600007,0],[95.8365544000001,5.52985142000006,0],[95.836597456,5.52981926000007,0],[95.836626493,5.52979825900007,0],[95.836682249,5.52975897900006,0],[95.8366958570001,5.52974894500005,0],[95.8367091160001,5.52973863400007,0],[95.836719159,5.52973027100006,0],[95.8367327830001,5.52971771200004,0],[95.836741267,5.52970880000004,0],[95.8367491000001,5.52969940000003,0],[95.83675829,5.52968617800002,0],[95.8367662320001,5.52967213700003,0],[95.8367729590001,5.52965739700005,0],[95.8367780250001,5.52964344800006,0],[95.836782224,5.52962909300004,0],[95.8367856830001,5.52961442200007,0],[95.836788164,5.52960147700003,0],[95.8367915190001,5.52957916800005,0],[95.8367943390001,5.52955431400005,0],[95.8367994210001,5.52949827700007,0],[95.8368023470001,5.52947072500007,0],[95.8368059580001,5.52944426800002,0],[95.8368081470001,5.52943113000003,0],[95.836813238,5.52940620500004,0],[95.8368162880001,5.52939389900007,0],[95.8368220710001,5.52937422900004,0],[95.8368271160001,5.52935980200004,0],[95.836833347,5.52934451100003,0],[95.8368408380001,5.52932883500006,0],[95.8368484850001,5.52931504800006,0],[95.8368569260001,5.52930175200004,0],[95.8368668830001,5.52928808600007,0],[95.836876708,5.52927617600005,0],[95.8368865410001,5.52926547000004,0],[95.8368969050001,5.52925523300007,0],[95.836911296,5.52924245400004,0],[95.8369230070001,5.52923295000005,0],[95.83693284,5.52922542700003,0],[95.8369490330001,5.52921372800006,0],[95.836967315,5.52920129300003,0],[95.8369874590001,5.52918825400008,0],[95.8370177070001,5.52916956000007,0],[95.837077637,5.52913410600007,0],[95.83724727,5.52903580600002,0],[95.837289345,5.52901106800005,0],[95.837347987,5.52897548400006,0],[95.8374229030001,5.52892841100004,0],[95.837469502,5.52889815900005,0],[95.8375263330001,5.52886024800006,0],[95.837827481,5.52865635200004,0],[95.8379001710001,5.52860754500006,0],[95.837944743,5.52857846400002,0],[95.8379898910001,5.52854963700003,0],[95.8380352070001,5.52852107400003,0],[95.8380807560001,5.52849289100004,0],[95.8381262400001,5.52846559400007,0],[95.838187169,5.52842966800006,0],[95.8384464440001,5.52827751400002,0],[95.8385170020001,5.52823670500004,0],[95.838549222,5.52821863200006,0],[95.8385802010001,5.52820169800003,0],[95.8387104380001,5.52813258700007,0],[95.8387716670001,5.52809919600003,0],[95.8388616300001,5.52804841900007,0],[95.8390564060001,5.52793690400006,0],[95.8391012000001,5.52791072200006,0],[95.8391462860001,5.52788368200004,0],[95.8392063790001,5.52784690000004,0],[95.839311304,5.52778204000003,0],[95.8393954160001,5.52772915400004,0],[95.8394337700001,5.52770419100005,0],[95.8394604050001,5.52768618200002,0],[95.839476769,5.52767470200007,0],[95.8395028180001,5.52765562500002,0],[95.8395675250001,5.52760548800006,0],[95.8395928740001,5.52758653400002,0],[95.8396214630001,5.52756627300005,0],[95.839650379,5.52754644700002,0],[95.839723232,5.52749763000003,0],[95.839883967,5.52739085100006,0],[95.839928022,5.52736208500005,0],[95.83997277,5.52733401000006,0],[95.8400185290001,5.52730671400008,0],[95.840064554,5.52727984900002,0],[95.8404796400001,5.52703946200006,0],[95.8405721890001,5.52698738800007,0],[95.8409432110001,5.52678118000006,0],[95.841001684,5.52674804900005,0],[95.8410507950001,5.52671917300006,0],[95.8410940580001,5.52669290200004,0],[95.841169623,5.52664617700003,0],[95.84136585,5.52652428600004,0],[95.8414410500001,5.52647698000004,0],[95.8415007300001,5.52643825800004,0],[95.8417087130001,5.52630132600007,0],[95.8417682690001,5.52626240600006,0],[95.841901486,5.52617708600008,0],[95.8419906600001,5.52612078800007,0],[95.8420361460001,5.52609298400006,0],[95.8420975160001,5.52605634200006,0],[95.8421863500001,5.52600371500006,0],[95.8424665110001,5.52583774400006,0],[95.842543585,5.52579254900007,0],[95.8426392390001,5.52573818700006,0],[95.8427429500001,5.52568049400003,0],[95.842819342,5.52563909900005,0],[95.84306424,5.52550746300005,0],[95.8431099910001,5.52548248500005,0],[95.8431558080001,5.52545662500006,0],[95.8432327130001,5.52541116400005,0],[95.843631159,5.52517207100004,0],[95.8443402360001,5.52475170100007,0],[95.8443866200001,5.52472452600006,0],[95.8444488220001,5.52468872500003,0],[95.8446982560001,5.52454659800003,0],[95.844789102,5.52449515500007,0],[95.8449093290001,5.52442818300005,0],[95.8455301610001,5.52408488400005,0],[95.8456075120001,5.52404294200005,0],[95.8459788790001,5.52384348800007,0],[95.8460882260001,5.52378433200005,0],[95.8466846860001,5.52345966500008,0],[95.8470061420001,5.52328406900006,0],[95.8470519750001,5.52325882600007,0],[95.8470975820001,5.52323318800006,0],[95.8471427540001,5.52320685200004,0],[95.847202661,5.52317117100006,0],[95.8472923200001,5.52311730200006,0],[95.8473177490001,5.52310182800005,0],[95.8473405380001,5.52309106500007,0],[95.847440513,5.52304277400003,0],[95.847509507,5.52300180100002,0],[95.8476283740001,5.52291277800003,0],[95.848127484,5.52260661200006,0],[95.8481678520001,5.52258670900005,0],[95.8485116750001,5.52242169000004,0],[95.8486538270001,5.52235322100006,0],[95.848733081,5.52231469800006,0],[95.849797315,5.52178729400003,0],[95.8500375290001,5.52166640100006,0],[95.850279362,5.52154469300007,0],[95.8503916210001,5.52148768000006,0],[95.8504873320001,5.52143792100003,0],[95.850566869,5.52139603000006,0],[95.8506143110001,5.52137038400002,0],[95.8507142540001,5.52131452900005,0],[95.850743111,5.52129921900007,0],[95.8507577060001,5.52129190700003,0],[95.8507737410001,5.52128429700002,0],[95.850806199,5.52126987600008,0],[95.850838964,5.52125608600005,0],[95.851069893,5.52116278000005,0],[95.8511355540001,5.52113539500004,0],[95.8511677860001,5.52112111500003,0],[95.8511994950001,5.52110641200005,0],[95.85124683,5.52108384400003,0],[95.8514042740001,5.52100784300006,0],[95.8514517400001,5.52098556100003,0],[95.8514839730001,5.52097108500004,0],[95.85151677,5.52095693000007,0],[95.8515661650001,5.52093614300003,0],[95.851830196,5.52082657600005,0],[95.8518795200001,5.52080560500002,0],[95.8519111420001,5.52079163500002,0],[95.8519717990001,5.52076358400006,0],[95.8520169620001,5.52074185100003,0],[95.8520640500001,5.52071805900005,0],[95.8520950700001,5.52070155100006,0],[95.8521255810001,5.52068420600006,0],[95.852140826,5.52067489900003,0],[95.852155957,5.52066521100005,0],[95.8521856780001,5.52064508700005,0],[95.8522248960001,5.52061729900004,0],[95.8522410080001,5.52060654000007,0],[95.8522555210001,5.52059782700007,0],[95.8522703980001,5.52058967900007,0],[95.8522862890001,5.52058160300004,0],[95.8523024040001,5.52057387800005,0],[95.85233507,5.52055911200006,0],[95.8523846200001,5.52053782000007,0],[95.8526170410001,5.52044028700004,0],[95.8526820870001,5.52041345100002,0],[95.8528572060001,5.52034239400007,0],[95.85290482,5.52032266800006,0],[95.8529868740001,5.52028735300007,0],[95.8531013180001,5.52023690600004,0],[95.8531568480001,5.52021157200005,0],[95.85318125,5.52020043900006,0],[95.853419327,5.52008991900004,0],[95.8534996380001,5.52005294200006,0],[95.85407172,5.51979253700006,0],[95.8542340650001,5.51972015200005,0],[95.8543801430001,5.51965537100006,0],[95.8545262200001,5.51959059000006,0],[95.8547211970001,5.51950455000002,0],[95.8547697870001,5.51948272800007,0],[95.854801906,5.51946766500004,0],[95.854833521,5.51945166600007,0],[95.854848593,5.51944335700006,0],[95.854863476,5.51943470900005,0],[95.8548927350001,5.51941654300003,0],[95.8549071,5.51940703500003,0],[95.8549341880001,5.51938798100002,0],[95.8549740010001,5.51935817800006,0],[95.8550131090001,5.51932740600006,0],[95.855039242,5.51930574000005,0],[95.8550523920001,5.51929440600003,0],[95.855065397,5.51928290500007,0],[95.8550899110001,5.51926031000005,0],[95.8551242790001,5.51922686200004,0],[95.8551468350001,5.51920416000007,0],[95.8551691040001,5.51918115300003,0],[95.8551848380001,5.51916440900004,0],[95.8552057260001,5.51914144200003,0],[95.8552261710001,5.51911808100004,0],[95.855236178,5.51910622700007,0],[95.855255125,5.51908258100002,0],[95.8552726070001,5.51905877100006,0],[95.8552808600001,5.51904656500005,0],[95.8552886830001,5.51903411300003,0],[95.8552951780001,5.51902283800007,0],[95.8553012070001,5.51901132100005,0],[95.8553075290001,5.51899771600006,0],[95.8553113790001,5.51898844000004,0],[95.8553149470001,5.51897904200007,0],[95.855319277,5.51896642700007,0],[95.855323184,5.51895365700005,0],[95.8553269910001,5.51893955200006,0],[95.8553303450001,5.51892532400007,0],[95.8562164240001,5.51843433400006,0],[95.856234004,5.51843315100007,0],[95.856269158,5.51842993500003,0],[95.856304299,5.51842605900003,0],[95.8563569490001,5.51841951800003,0],[95.856391939,5.51841456400007,0],[95.8564261290001,5.51840878000007,0],[95.8564428070001,5.51840542500003,0],[95.856458918,5.51840173700003,0],[95.8564756330001,5.51839736100004,0],[95.8564921890001,5.51839243000006,0],[95.856503649,5.51838863900002,0],[95.8565199970001,5.51838273300007,0],[95.8565362140001,5.51837641900005,0],[95.8565523350001,5.51836981100007,0],[95.856584394,5.51835603700005,0],[95.856632253,5.51833469600007,0],[95.8567117710001,5.51829852400004,0],[95.856759481,5.51827629900004,0],[95.8568073870001,5.51825342200004,0],[95.8573650770001,5.51798427200004,0],[95.8574608120001,5.51793773700007,0],[95.8578475750001,5.51774602200004,0],[95.85789572,5.51772169100008,0],[95.857971643,5.51768217500006,0],[95.858001791,5.51766696200002,0],[95.858032102,5.51765206100004,0],[95.8580761270001,5.51763109000007,0],[95.858123215,5.51760936300008,0],[95.858186258,5.51758096500004,0],[95.8582338250001,5.51756033300006,0],[95.858266095,5.51754705800005,0],[95.858314792,5.51752785300005,0],[95.858364081,5.51750919200003,0],[95.8584302740001,5.51748489900007,0],[95.8584800780001,5.51746714000006,0],[95.8585307230001,5.51745010700006,0],[95.8585649020001,5.51743943900004,0],[95.8585978120001,5.51742992600003,0],[95.858647461,5.51741666600003,0],[95.8586717640001,5.51741063600002,0],[95.858709177,5.51740207700004,0],[95.8588378800001,5.51737561400006,0],[95.8589025540001,5.51736175500002,0],[95.858934752,5.51735429600006,0],[95.8589583280001,5.51734837500004,0],[95.858978703,5.51734281500006,0],[95.8589953840001,5.51733790200007,0],[95.859028558,5.51732740600005,0],[95.859078062,5.51731076400006,0],[95.8593249130001,5.51722517100006,0],[95.8594251230001,5.51719115500003,0],[95.8604418850001,5.51685301900005,0],[95.86052521,5.51682552200003,0],[95.860602859,5.51680069700006,0],[95.8606496730001,5.51678663300004,0],[95.860665354,5.51678223500005,0],[95.8607000910001,5.51677320600004,0],[95.8607662750001,5.51675723200003,0],[95.8607818460001,5.51675316200004,0],[95.8607979380001,5.51674853200007,0],[95.8608298600001,5.51673830300007,0],[95.8608615520001,5.51672723600007,0],[95.860908818,5.51670970700008,0],[95.8609411320001,5.51669715100007,0],[95.860990853,5.51667719400007,0],[95.861553116,5.51644787400005,0],[95.8618965750001,5.51630579400006,0],[95.861929392,5.51629259600003,0],[95.861962378,5.51627992100003,0],[95.8619956960001,5.51626826600005,0],[95.862029496,5.51625812800006,0],[95.862080754,5.51624463000007,0],[95.862183712,5.51621885800006,0],[95.8622028360001,5.51621370000004,0],[95.8622506990001,5.51620079200006,0],[95.8623342230001,5.51617741200005,0],[95.86240093,5.51615836800005,0],[95.862450745,5.51614349300007,0],[95.8624836860001,5.51613283700004,0],[95.8625000110001,5.51612710700005,0],[95.8625159600001,5.51612112400005,0],[95.8625949710001,5.51608908400004,0],[95.8626275680001,5.51607633700007,0],[95.8626603280001,5.51606398000007,0],[95.862758994,5.51602785900008,0],[95.8629237220001,5.51596839200005,0],[95.863024389,5.51593277900002,0],[95.8633758080001,5.51580959800003,0],[95.8636520900001,5.51571358800004,0],[95.863701264,5.51569678900006,0],[95.863734149,5.51568591600005,0],[95.8637816520001,5.51567132000002,0],[95.863815388,5.51566177600006,0],[95.863866161,5.51564799300007,0],[95.8640188210001,5.51560763200007,0],[95.8640528210001,5.51559910100002,0],[95.8640869050001,5.51559122500004,0],[95.864111177,5.51558635300006,0],[95.864136547,5.51558225400004,0],[95.864162987,5.51557921100004,0],[95.8641799250001,5.51557793200004,0],[95.8641968160001,5.51557722800004,0],[95.8642206110001,5.51557727200003,0],[95.8642566230001,5.51557868300006,0],[95.8642692050001,5.51557878400007,0],[95.86428385,5.51557791600004,0],[95.86429853,5.51557609100007,0],[95.864313236,5.51557351700006,0],[95.8643279600001,5.51557035500002,0],[95.8643574280001,5.51556273800003,0],[95.8643721560001,5.51555844600006,0],[95.8644054950001,5.51554788900006,0],[95.864455429,5.51553093900003,0],[95.8646383670001,5.51546713600004,0],[95.86485457,5.51539223400005,0],[95.8649209340001,5.51536877400002,0],[95.8650052550001,5.51533758000005,0],[95.865106139,5.51529933200004,0],[95.865155788,5.51527987700007,0],[95.8652039930001,5.51526013200004,0],[95.8652826210001,5.51522616400007,0],[95.8654337010001,5.51515926400003,0],[95.86549297,5.51513231900003,0],[95.8655399950001,5.51510987800003,0],[95.8655670140001,5.51509619900003,0],[95.865580375,5.51508910600006,0],[95.8656066610001,5.51507418900007,0],[95.865624487,5.51506313100003,0],[95.865670874,5.51503307400003,0],[95.865700813,5.51501432600003,0],[95.8657238690001,5.51500083200006,0],[95.8657475350001,5.51498797000005,0],[95.865779375,5.51497164600005,0],[95.865827596,5.51494795500003,0],[95.865908376,5.51490920500004,0],[95.8659570070001,5.51488630000006,0],[95.8659895970001,5.51487141100006,0],[95.8660307250001,5.51485354400006,0],[95.866075686,5.51483492000006,0],[95.86610412,5.51482358400006,0],[95.8661357840001,5.51481146100002,0],[95.8661845970001,5.51479376000003,0],[95.866217313,5.51478245900006,0],[95.8662510220001,5.51477142100003,0],[95.8662742500001,5.51476429100006,0],[95.86630231,5.51475615400005,0],[95.8663352200001,5.51474707600005,0],[95.86638473,5.51473397800004,0],[95.8664178120001,5.51472554600002,0],[95.866450979,5.51471747900007,0],[95.866486497,5.51470949800006,0],[95.8665130380001,5.51470401700004,0],[95.8665471480001,5.51469738900005,0],[95.8666154920001,5.51468472800002,0],[95.866871931,5.51463800600004,0],[95.866940291,5.51462583900008,0],[95.866991478,5.51461717800004,0],[95.867025229,5.51461177300007,0],[95.8671714170001,5.51458957500006,0],[95.8672221830001,5.51458080000003,0],[95.8672728390001,5.51457132000007,0],[95.867477158,5.51453145700003,0],[95.8676696910001,5.51449323200006,0],[95.8677396140001,5.51447892000004,0],[95.867790185,5.51446781100003,0],[95.867839782,5.51445634000004,0],[95.867905814,5.51444063200006,0],[95.867955232,5.51442844100006,0],[95.868005334,5.51441512200006,0],[95.868039781,5.51440523900004,0],[95.868091318,5.51438991900005,0],[95.8689492110001,5.51413065200006,0],[95.8690307130001,5.51410576000006,0],[95.8690349220001,5.51410447400002,0],[95.8691368460001,5.51407195000007,0],[95.869645044,5.51390657900004,0],[95.869678756,5.51389512900005,0],[95.8697122290001,5.51388307500002,0],[95.8697288120001,5.51387666100004,0],[95.8697610610001,5.51386309600002,0],[95.8697929840001,5.51384870900006,0],[95.8698247440001,5.51383390500007,0],[95.86990389,5.51379626200003,0],[95.869967047,5.51376585400004,0],[95.8700140880001,5.51374254300003,0],[95.8700450320001,5.51372634400008,0],[95.8700602760001,5.51371788500006,0],[95.8700753000001,5.51370907500007,0],[95.8701198520001,5.51368107000008,0],[95.870143511,5.51366655700002,0],[95.8701721690001,5.51364983800005,0],[95.8701866810001,5.51364179500007,0],[95.870216397,5.51362637100004,0],[95.870231657,5.51361898800008,0],[95.870258338,5.51360688600005,0],[95.8702810870001,5.51359726800007,0],[95.870311466,5.51358514600003,0],[95.870357342,5.51356767000004,0],[95.870403373,5.51355056300002,0],[95.8705048300001,5.51351368400003,0],[95.870668369,5.51345609500004,0],[95.8706960200001,5.51344573100005,0],[95.8707257020001,5.51343405600005,0],[95.8708079560001,5.51340025500002,0],[95.8711716440001,5.51324825400008,0],[95.871262911,5.51320910800007,0],[95.8712926640001,5.51319589800005,0],[95.8713236290001,5.51318166500005,0],[95.871355792,5.51316637200006,0],[95.871419856,5.51313520900004,0],[95.8716605820001,5.51301709500007,0],[95.8720296700001,5.51277696000005,0],[95.872343759,5.51262705400006,0],[95.8726649860001,5.51243431800003,0],[95.8731575340001,5.51216305900004,0],[95.8737214670001,5.51184897000007,0],[95.874256845,5.51151346600005,0],[95.8744281670001,5.51139925200005,0],[95.8745780730001,5.51129931500003,0],[95.8747351170001,5.51120651600007,0],[95.8751063130001,5.51099236400006,0],[95.875406125,5.51082104300002,0],[95.8756773840001,5.51067113700003,0],[95.8759700570001,5.51053550800003,0],[95.8762199010001,5.51039987800004,0],[95.876434052,5.51025711100004,0],[95.876648204,5.51012148100006,0],[95.877176444,5.50978597700004,0],[95.877461979,5.50955754900002,0],[95.877804622,5.50931484400007,0],[95.877947389,5.50920776800007,0],[95.878197233,5.50905786200002,0],[95.878454215,5.50889368000003,0],[95.8787825800001,5.50870094300006,0],[95.878953901,5.50858672900006,0],[95.879218022,5.50845823800006,0],[95.8795463870001,5.50827977900002,0],[95.8799104450001,5.50811559600004,0],[95.880345886,5.50792999800007,0],[95.88085985,5.50769443100006,0],[95.88112397,5.50755880200006,0],[95.8814095050001,5.50743744900007,0],[95.8819591610001,5.50716619100007,0],[95.8825873380001,5.50686637900003,0],[95.8834005190001,5.50644432200005,0],[95.883549235,5.50638483500006,0],[95.8836533370001,5.50632237400004,0],[95.883754464,5.50627478500007,0],[95.8838615400001,5.50623017000004,0],[95.883980513,5.50618258100008,0],[95.8840905630001,5.50613796600004,0],[95.8841916900001,5.50608740300004,0],[95.8842660480001,5.50603683900005,0],[95.884346355,5.50600412200004,0],[95.884462354,5.50598032700003,0],[95.8845227090001,5.50602056500003,0],[95.884524814,5.50602196800003,0],[95.8846714430001,5.50614203300006,0],[95.8847496920001,5.50620610600004,0],[95.8848599500001,5.50629639000005,0],[95.8849352710001,5.50635806600008,0],[95.885006607,5.50634442800003,0],[95.8850910340001,5.50632828800002,0],[95.8851375260001,5.50631940000005,0],[95.8851196800001,5.50627478500007,0],[95.885089189,5.50627732600003,0],[95.8849412200001,5.50628965700002,0],[95.8846819780001,5.50607943200004,0],[95.884582992,5.50598996400004,0],[95.884518271,5.50594237500007,0],[95.8844725850001,5.50590240000002,0],[95.8844478390001,5.50586432800003,0],[95.8844478390001,5.50581673900007,0],[95.8844497420001,5.50578247500005,0],[95.8844459350001,5.50573488600003,0],[95.8844364170001,5.50570823600003,0],[95.884419285,5.50568729600008,0],[95.8843980950001,5.50566464700006,0],[95.884353612,5.50561710200003,0],[95.88457514,5.50537302900005,0],[95.8846550900001,5.50543394300007,0],[95.8846988720001,5.50546440000005,0],[95.8847902430001,5.50549105000005,0],[95.884854965,5.50549676100007,0],[95.8849273000001,5.50550056800006,0],[95.884982504,5.50551579700004,0],[95.8851347890001,5.50562810700006,0],[95.8852466270001,5.50570613400004,0],[95.8852984960001,5.50574232100007,0],[95.8853208100001,5.50575778900003,0],[95.8853678390001,5.50579038900003,0],[95.8854660100001,5.50585843900006,0],[95.885538346,5.50591935300002,0],[95.8855649960001,5.50597455700006,0],[95.8855668990001,5.50604498900003,0],[95.8855707070001,5.50606592800006,0],[95.8855840310001,5.50607354200002,0],[95.885603067,5.50607163900003,0],[95.885603067,5.50590983500007,0],[95.8855097920001,5.50583369300006,0],[95.8852718460001,5.50564904700008,0],[95.885028004,5.50545114500005,0],[95.885028805,5.50544681700006,0],[95.8850319970001,5.50538064300002,0],[95.8850453220001,5.50530640400007,0],[95.8850891040001,5.50521312900003,0],[95.8851719150001,5.50511138600007,0],[95.8851923970001,5.50508529300004,0],[95.8852032720001,5.50507222300007,0],[95.8852255210001,5.50504649800007,0],[95.885248247,5.50502119700008,0],[95.8852714210001,5.50499633800007,0],[95.8852832260001,5.50498413800005,0],[95.8853030290001,5.50496465300006,0],[95.8853194860001,5.50494954600003,0],[95.8853281710001,5.50494197600005,0],[95.8853407730001,5.50493149800008,0],[95.885360199,5.50491642700007,0],[95.885388918,5.50489575900002,0],[95.8854008500001,5.50488759500007,0],[95.885418159,5.50487575100004,0],[95.8858992140001,5.50455753800003,0],[95.8859572210001,5.50451956400002,0],[95.8860173340001,5.50448101000006,0],[95.8861831400001,5.50437575000007,0],[95.8862587790001,5.50432836200002,0],[95.8863045860001,5.50430090400005,0],[95.8863318890001,5.50428532800004,0],[95.8863507520001,5.50427456600005,0],[95.886691693,5.50408545400006,0],[95.8867540210001,5.50405167700006,0],[95.8867986450001,5.50402834500005,0],[95.8869030850001,5.50397444900005,0],[95.886946956,5.50395065100003,0],[95.8869752410001,5.50393430000003,0],[95.8870030150001,5.50391722700004,0],[95.887016622,5.50390831600004,0],[95.887029968,5.50389906200007,0],[95.8870429680001,5.50388936000007,0],[95.8870568070001,5.50387807000004,0],[95.8870702450001,5.50386626000005,0],[95.8870833930001,5.50385407600004,0],[95.8870963350001,5.50384162600005,0],[95.8871218300001,5.50381622500004,0],[95.8871720970001,5.50376452600005,0],[95.8872093620001,5.50372532000006,0],[95.8872337700001,5.50369880400007,0],[95.8872571270001,5.50367204700007,0],[95.8872794380001,5.50364505600004,0],[95.8873013300001,5.50361770700005,0],[95.8873229340001,5.50359012600006,0],[95.8873442460001,5.50356232200005,0],[95.8873651360001,5.50353420600004,0],[95.887372192,5.50352429000003,0],[95.8874166250001,5.50346184600005,0],[95.8874565610001,5.50340692800006,0],[95.8874971750001,5.50335252400004,0],[95.8875266480001,5.50331490400004,0],[95.8875464830001,5.50329101100004,0],[95.8875689640001,5.50326497500004,0],[95.887626111,5.50320064400006,0],[95.8876952090001,5.50312389000004,0],[95.8877185380001,5.50309863400003,0],[95.8877423440001,5.50307392500002,0],[95.8877545610001,5.50306192800002,0],[95.887767093,5.50305029500004,0],[95.8877758530001,5.50304264300007,0],[95.8877874360001,5.50303310800007,0],[95.8878015280001,5.50302223100005,0],[95.8878159260001,5.50301174200007,0],[95.887830572,5.50300158500005,0],[95.887845428,5.50299173500002,0],[95.8878604820001,5.50298219700005,0],[95.88788207,5.50296934400006,0],[95.8879009780001,5.50295894100003,0],[95.8879411810001,5.50293813200005,0],[95.8879574220001,5.50292899800007,0],[95.887971769,5.50292011400006,0],[95.8879799740001,5.50291461800003,0],[95.8880017000001,5.50289874200007,0],[95.888015097,5.50288817700005,0],[95.888041328,5.50286622200002,0],[95.8880669340001,5.50284345500006,0],[95.8880794840001,5.50283179200005,0],[95.8880918190001,5.50281991500003,0],[95.8881038740001,5.50280777200004,0],[95.888115563,5.50279528800007,0],[95.8881305960001,5.50277786500004,0],[95.8881464900001,5.50275788600004,0],[95.8881568990001,5.50274405200003,0],[95.88818711,5.50270169500004,0],[95.88823605,5.50262997500005,0],[95.888255244,5.50260104300003,0],[95.8882739580001,5.50257182400003,0],[95.8882830060001,5.50255703200003,0],[95.888299697,5.50252808300007,0],[95.888323567,5.50248397800004,0],[95.8883390020001,5.50245431500002,0],[95.8883540410001,5.50242447400007,0],[95.8883684450001,5.50239437300007,0],[95.8883752620001,5.50237917000004,0],[95.8883814810001,5.50236438900004,0],[95.888387283,5.50234945000005,0],[95.8883935630001,5.50233147300003,0],[95.8884037490001,5.50229820200002,0],[95.8884173980001,5.50224769500005,0],[95.8884344560001,5.50217995400004,0],[95.888450617,5.50211202100007,0],[95.888457863,5.50207791200006,0],[95.8884610630001,5.50206078400004,0],[95.8884664760001,5.50202573000007,0],[95.8884729690001,5.50197286700006,0],[95.888484201,5.50186683900006,0],[95.8884986400001,5.50172540700004,0],[95.8885019510001,5.50169002700005,0],[95.888504842,5.50165485900004,0],[95.888510674,5.50156744000003,0],[95.8885320810001,5.50121754100007,0],[95.8885346870001,5.50116503400005,0],[95.8885352710001,5.50114752700006,0],[95.8885356600001,5.50111527500007,0],[95.8885354830001,5.50110006900007,0],[95.8885345560001,5.50106981400006,0],[95.888532974,5.50103973400007,0],[95.8885306990001,5.50100971400008,0],[95.888529233,5.50099474200005,0],[95.888525901,5.50096807300002,0],[95.88852302,5.50094988300003,0],[95.8885195030001,5.50093134200006,0],[95.888514812,5.50090984400003,0],[95.888507244,5.50087896700006,0],[95.8884946810001,5.50083290000003,0],[95.8884855910001,5.50080236800005,0],[95.8884782310001,5.50077927000007,0],[95.8884686330001,5.50075089600006,0],[95.8884513300001,5.50070163600003,0],[95.8884470020001,5.50068849600007,0],[95.8884436860001,5.50067758100005,0],[95.888440163,5.50066447900002,0],[95.8884371890001,5.50065129100005,0],[95.888434853,5.50063802100004,0],[95.8884339560001,5.50063132000002,0],[95.888432702,5.50061707200007,0],[95.888432256,5.50060277000006,0],[95.8884325670001,5.50058845000007,0],[95.888433498,5.50057535100007,0],[95.8884350100001,5.50056228300002,0],[95.8884380530001,5.50054419000003,0],[95.8884414830001,5.50052896300002,0],[95.888445582,5.50051385100005,0],[95.888450252,5.50049885600004,0],[95.8884556240001,5.50048342500003,0],[95.8884674970001,5.50045285800007,0],[95.8884869220001,5.50040749700003,0],[95.8885075860001,5.50036264600004,0],[95.8885302580001,5.50031710600007,0],[95.8885552690001,5.50026936800003,0],[95.888681917,5.50003186500004,0],[95.888816224,5.49977821900006,0],[95.8888419,5.49973099900006,0],[95.8888597330001,5.49970000700006,0],[95.8888690640001,5.49968479200004,0],[95.8888788150001,5.49966986400005,0],[95.8888888440001,5.49965561100004,0],[95.8888992760001,5.49964163200002,0],[95.8889100040001,5.49962785500003,0],[95.8889320320001,5.49960068700005,0],[95.8890107340001,5.49950663600004,0],[95.8890327770001,5.49947940000004,0],[95.8890433870001,5.49946585400005,0],[95.8890745830001,5.49942471700007,0],[95.8891052770001,5.49938319000006,0],[95.8891078300001,5.49937968700004,0],[95.889135686,5.49934145300006,0],[95.889165662,5.49929942000006,0],[95.8891851260001,5.49927104800003,0],[95.889194967,5.49925612700002,0],[95.889214215,5.49922599500007,0],[95.8892331280001,5.49919563700007,0],[95.889335868,5.49902780700006,0],[95.8893634930001,5.49898181800006,0],[95.8893814290001,5.49895089400007,0],[95.889396391,5.49892364600004,0],[95.8894087620001,5.49889981900003,0],[95.8894251030001,5.49886697200003,0],[95.889448122,5.49881895800007,0],[95.8895237440001,5.49865830000005,0],[95.889607315,5.49848170300004,0],[95.889621962,5.49844946400003,0],[95.8896289850001,5.49843327000002,0],[95.8896356850001,5.49841699600006,0],[95.88964193,5.49840061000003,0],[95.8896475440001,5.49838406700007,0],[95.889652271,5.49836744800007,0],[95.889655529,5.49835297600004,0],[95.8896569240001,5.49834514400004,0],[95.889657469,5.49827090800005,0],[95.889653432,5.49823977500006,0],[95.889653008,5.49823650500002,0],[95.8897117000001,5.49795374900003,0],[95.8897209840001,5.49789262100006,0],[95.8897234730001,5.49787729300004,0],[95.8897724380001,5.49777263900006,0],[95.8897993020001,5.49770366100006,0],[95.8898368480001,5.49747542100005,0],[95.8898292760001,5.49738939900004,0],[95.889858642,5.49724582300007,0],[95.8898838740001,5.49713525700002,0],[95.889920826,5.49708057400005,0],[95.8899220480001,5.49707796700005,0],[95.88992957,5.49706998900007,0],[95.8899364210001,5.49706212100006,0],[95.889941413,5.49705576000002,0],[95.8899460750001,5.49704909500002,0],[95.8899544940001,5.49703467500007,0],[95.8899617210001,5.49701938000004,0],[95.8899636680001,5.49701449300005,0],[95.8899680710001,5.49700343800004,0],[95.889973776,5.49698702400002,0],[95.8899790150001,5.49697026900003,0],[95.8899839150001,5.49695327200004,0],[95.8899906490001,5.49692783600005,0],[95.8899930370001,5.49691881400003,0],[95.8900015250001,5.49688400100007,0],[95.8900093880001,5.49684897500003,0],[95.890012997,5.49683138700004,0],[95.8900159950001,5.49681556900003,0],[95.890021447,5.49678383200006,0],[95.8900263530001,5.49675200500008,0],[95.8900309810001,5.49671849600003,0],[95.8900394080001,5.49664811000002,0],[95.8900431060001,5.49661288100003,0],[95.890046253,5.49657761800006,0],[95.8900484120001,5.49654306100007,0],[95.890049639,5.49650921200003,0],[95.8900517230001,5.49639062100005,0],[95.890053171,5.49633987000004,0],[95.8900551010001,5.49630613500005,0],[95.8900565910001,5.49628932200005,0],[95.8900586520001,5.49627171900005,0],[95.89006391,5.49623662900007,0],[95.8900699650001,5.49620285000003,0],[95.890073317,5.49618415100002,0],[95.8901039460001,5.49602695200002,0],[95.8901212760001,5.49593968000005,0],[95.8901322550001,5.49588797800004,0],[95.8901400920001,5.49585381500003,0],[95.8901486340001,5.49581983700006,0],[95.8901580300001,5.49578654400005,0],[95.8901732030001,5.49573689200002,0],[95.8901994240001,5.49565437200005,0],[95.890225941,5.49557192800006,0],[95.8902269320001,5.49556896000007,0],[95.890242384,5.49552266100005,0],[95.8902540760001,5.49549010100003,0],[95.8902661770001,5.49545948800005,0],[95.8902791800001,5.49542927200002,0],[95.8902931800001,5.49539954400007,0],[95.8903006770001,5.49538493800003,0],[95.8903091770001,5.49536949800006,0],[95.8903180610001,5.49535426300002,0],[95.8903366110001,5.49532422900006,0],[95.890365639,5.49527993800007,0],[95.8903856220001,5.49525092100004,0],[95.89040628,5.49522254300007,0],[95.8904362330001,5.49518449300007,0],[95.8904554430001,5.49515912400005,0],[95.8904647050001,5.49514614300006,0],[95.8904745180001,5.49513166600002,0],[95.8904933580001,5.49510210400007,0],[95.8905115640001,5.49507205800006,0],[95.8905294260001,5.49504175300007,0],[95.890555803,5.49499602200007,0],[95.8905730390001,5.49496534600007,0],[95.8905897340001,5.49493439900004,0],[95.89059774,5.49491875500007,0],[95.890605168,5.49490351100008,0],[95.8906135890001,5.49488530500003,0],[95.8906277080001,5.49485266400006,0],[95.89065443,5.49478667500006,0],[95.8908439480001,5.49430638200005,0],[95.890856709,5.49427314300004,0],[95.890875437,5.49422281800003,0],[95.8909060390001,5.49413871000007,0],[95.8909363010001,5.49405448200002,0],[95.8909481580001,5.49402070900004,0],[95.8909596440001,5.49398681300005,0],[95.8909704070001,5.49395326600006,0],[95.890985931,5.49390274000007,0],[95.8910918920001,5.49354816800007,0],[95.8911108400001,5.49348303200003,0],[95.8911336680001,5.49340251500007,0],[95.891161147,5.49330089400007,0],[95.891283398,5.49283869900006,0],[95.891435502,5.49225997000002,0],[95.8914491800001,5.49220899900007,0],[95.891458598,5.49217510400007,0],[95.8914738000001,5.49212318800005,0],[95.8914894740001,5.49207140400006,0],[95.8915004570001,5.49203575400003,0],[95.891516015,5.49198525400004,0],[95.8915429130001,5.49189937000006,0],[95.8915759130001,5.49179647500006,0],[95.891587278,5.49176231500007,0],[95.8916098760001,5.49169656700008,0],[95.8916172200001,5.49167250100004,0],[95.891622516,5.49165128000004,0],[95.8916249070001,5.49163964200005,0],[95.8916281560001,5.49161927300003,0],[95.891629445,5.49160730200003,0],[95.8916302050001,5.49159532100003,0],[95.891630353,5.49158334300006,0],[95.8916301450001,5.49157682600003,0],[95.8916292220001,5.49156464800006,0],[95.8916276780001,5.49155250800004,0],[95.8916255870001,5.49154041900005,0],[95.891621731,5.49152294900006,0],[95.8916102300001,5.49147706200006,0],[95.89160709,5.49146194400004,0],[95.891604633,5.49144672800003,0],[95.8916034590001,5.49143633200003,0],[95.891602408,5.49141950000006,0],[95.8916023370001,5.49140260800004,0],[95.891603016,5.49138817700003,0],[95.8916042600001,5.49137373900004,0],[95.8916061960001,5.49135752300003,0],[95.8916087040001,5.49134052200003,0],[95.8916146860001,5.49130653700007,0],[95.8916283990001,5.49123861500004,0],[95.8916536880001,5.49111990000006,0],[95.891661297,5.49108609400002,0],[95.891671548,5.49104406000004,0],[95.8916827460001,5.49100349300005,0],[95.8916958630001,5.49096171800005,0],[95.8917131490001,5.49091069300005,0],[95.8917636850001,5.49076656000005,0],[95.891778103,5.49072348500005,0],[95.8917847330001,5.49070181900004,0],[95.891791217,5.49067837600006,0],[95.8917953380001,5.49066211800005,0],[95.8918029480001,5.49062943800004,0],[95.8918131390001,5.49058019200004,0],[95.8918189670001,5.49054728500005,0],[95.8918214220001,5.49053081700004,0],[95.8918234320001,5.49051434100005,0],[95.8918248470001,5.49049785400007,0],[95.8918255450001,5.49047701100005,0],[95.891825355,5.49046522800006,0],[95.8918247140001,5.49045347100002,0],[95.891822501,5.49043287700005,0],[95.8918150330001,5.49038704500003,0],[95.891812815,5.49037170900004,0],[95.89181116,5.49035608000003,0],[95.8918100870001,5.49034037300004,0],[95.891809541,5.49032461100006,0],[95.891809499,5.49030881400006,0],[95.8918100020001,5.49029162100004,0],[95.8918122440001,5.49025719300005,0],[95.891815486,5.49022273500003,0],[95.8918192730001,5.49018827300006,0],[95.891823398,5.49015382300007,0],[95.891827795,5.49012008800003,0],[95.8918508030001,5.49005737300007,0],[95.8918763460001,5.49001135100002,0],[95.891884754,5.48997401800005,0],[95.8918943240001,5.48988074000005,0],[95.8918950980001,5.48974447500007,0],[95.891905249,5.48965899400002,0],[95.8919080490001,5.48965162500002,0],[95.891911038,5.48964473800004,0],[95.8919213220001,5.48962306500005,0],[95.8919259960001,5.48961250600007,0],[95.891930346,5.48960169400004,0],[95.891934345,5.48959064900004,0],[95.891939419,5.48957454900005,0],[95.8919438980001,5.48955811400003,0],[95.8919479260001,5.48954143000003,0],[95.8919516180001,5.48952456400002,0],[95.891958296,5.48949046400003,0],[95.8919671200001,5.48943881000002,0],[95.8919722320001,5.48940418100005,0],[95.891975303,5.48937999500004,0],[95.8919789340001,5.48934635900002,0],[95.8919821810001,5.48931116200004,0],[95.8919865820001,5.48925832500004,0],[95.892004795,5.48902936600007,0],[95.8920052550001,5.48902327900004,0],[95.8920114490001,5.48894128500007,0],[95.892014848,5.48888801400005,0],[95.8920196560001,5.48879794700002,0],[95.8920219670001,5.48876200800004,0],[95.892025178,5.48872623700004,0],[95.8920273900001,5.48870846300002,0],[95.8920302210001,5.48869080300005,0],[95.8920337810001,5.48867340300006,0],[95.8920379530001,5.48865611400004,0],[95.8920425700001,5.48863890700005,0],[95.8920475050001,5.48862175800002,0],[95.8920579790001,5.48858757100004,0],[95.892135409,5.48834900500003,0],[95.892212365,5.48811032100002,0],[95.8922275800001,5.48806454800007,0],[95.892229307,5.48805935200005,0],[95.8922411920001,5.48802560200005,0],[95.8922474670001,5.48800885600002,0],[95.8922606460001,5.48797619800007,0],[95.8922816290001,5.48792768200002,0],[95.8924840110001,5.48747732800007,0],[95.8925062170001,5.48742933400007,0],[95.8925210840001,5.48739888500006,0],[95.892536029,5.48737000700004,0],[95.8925517320001,5.48734156200004,0],[95.8925599610001,5.48732756300006,0],[95.8925692760001,5.48731251400005,0],[95.892578885,5.48729764300003,0],[95.89259868,5.48726824400006,0],[95.892629104,5.48722458300006,0],[95.892741674,5.48706492600007,0],[95.8928331100001,5.48693320900003,0],[95.8928536160001,5.48690408700003,0],[95.8928746060001,5.48687556900006,0],[95.892885451,5.48686176800004,0],[95.8928966720001,5.48684847300007,0],[95.8929084210001,5.48683590200005,0],[95.892919792,5.48682527000005,0],[95.892928355,5.48681829500003,0],[95.892937283,5.48681191800006,0],[95.8929496420001,5.48680451900003,0],[95.892964873,5.48679754700004,0],[95.8929805220001,5.48679255800005,0],[95.8929967720001,5.48678896300004,0],[95.8930134560001,5.48678638000007,0],[95.893030448,5.48678452400003,0],[95.8930533820001,5.48678282200007,0],[95.8930890990001,5.48678120400007,0],[95.8932150860001,5.48677804100004,0],[95.893268784,5.48677753900006,0],[95.8932983510001,5.48677819200003,0],[95.893312945,5.48677896800007,0],[95.893328855,5.48678031900005,0],[95.89334246,5.48678202100007,0],[95.8933557550001,5.48678431900004,0],[95.8933581410001,5.48678488000007,0],[95.893449263,5.48678798000003,0],[95.893445834,5.48686831900005,0],[95.8937151980001,5.48686666600003,0],[95.893859691,5.48685872400006,0],[95.893913942,5.48685427800007,0],[95.8939139430001,5.48685413600003,0],[95.8939163270001,5.48685396700006,0],[95.8939164180001,5.48683030000007,0],[95.8939179380001,5.48673137900005,0],[95.8939155130001,5.48668520000007,0],[95.893867082,5.48663992700006,0],[95.8938044980001,5.48664318600004,0],[95.8935740650001,5.48664681200006,0],[95.8934491580001,5.48664239700003,0],[95.893291418,5.48663676500007,0],[95.8932594950001,5.48663604400002,0],[95.8931391460001,5.48663668500006,0],[95.8931031700001,5.48663658900006,0],[95.8930672120001,5.48663581300002,0],[95.8930492740001,5.48663493700008,0],[95.8930232480001,5.48663276100007,0],[95.892997118,5.48662930500006,0],[95.8929841920001,5.48662705800007,0],[95.8929716270001,5.48662446700007,0],[95.8929592260001,5.48662144500003,0],[95.8929470310001,5.48661792400003,0],[95.892935945,5.48661413600007,0],[95.8929251320001,5.48660980400007,0],[95.8929146460001,5.48660487200004,0],[95.892908015,5.48660129500007,0],[95.8928978420001,5.48659498000006,0],[95.892888155,5.48658795000006,0],[95.892880022,5.48658119500004,0],[95.8928722790001,5.48657396800007,0],[95.8928657000001,5.48656714700007,0],[95.8928598270001,5.48656045100006,0],[95.8928529200001,5.48655171500008,0],[95.8928464720001,5.48654258700003,0],[95.8928387390001,5.48653012300002,0],[95.8928304010001,5.48651432800006,0],[95.8928266630001,5.48650620600006,0],[95.892821612,5.48649399400006,0],[95.892817037,5.48648153100004,0],[95.8928120630001,5.48646620900007,0],[95.8928075640001,5.48645067300004,0],[95.8927995940001,5.48641919700003,0],[95.8927926550001,5.48638741300005,0],[95.8927867040001,5.48635521200003,0],[95.8927819360001,5.48632264900004,0],[95.8927801140001,5.48630633300007,0],[95.8927787840001,5.48628998900006,0],[95.8927780210001,5.48627335200007,0],[95.8927777540001,5.48625669300003,0],[95.8927782960001,5.48622335100004,0],[95.892779901,5.48619002300006,0],[95.8927825000001,5.48615676000003,0],[95.892785872,5.48612652900005,0],[95.8927900500001,5.48609640000006,0],[95.892794988,5.48606639200005,0],[95.8928018570001,5.48603106800005,0],[95.892809404,5.48599587200005,0],[95.8928530970001,5.48580279400005,0],[95.8928681340001,5.48573257700002,0],[95.892888768,5.48562751100008,0],[95.892945753,5.48532951900006,0],[95.8929618390001,5.48524329700007,0],[95.8929621190001,5.48524179600003,0],[95.8929787550001,5.48514770700007,0],[95.8929846620001,5.48511659800005,0],[95.892990217,5.48509023900004,0],[95.8929953790001,5.48506795800006,0],[95.8930017390001,5.48504303900006,0],[95.893011168,5.48500986000005,0],[95.8930264470001,5.48496100800003,0],[95.8930426270001,5.48491242700004,0],[95.893055174,5.48487674300003,0],[95.893073304,5.48482836300008,0],[95.89309982,5.48476139900004,0],[95.8931843810001,5.48455131400004,0],[95.893220839,5.48446073600007,0],[95.893247989,5.48439403800006,0],[95.893260647,5.48436393200006,0],[95.8933015160001,5.48429787400005,0],[95.893329829,5.48423271400003,0],[95.8933542610001,5.48415418700006,0],[95.893368035,5.48404224300003,0],[95.8933818090001,5.48393029900006,0],[95.893449149,5.48325106000004,0],[95.8934839240001,5.48294299100007,0],[95.8934759590001,5.48275236600006,0],[95.8934752960001,5.48273649100003,0],[95.8934482180001,5.48266203600002,0],[95.8933865130001,5.48253037700005,0],[95.8933557660001,5.48248654000002,0],[95.8933060730001,5.48247148100006,0],[95.8932641430001,5.48248315800004,0],[95.8932355160001,5.48248329700004,0],[95.893178236,5.48247783700003,0],[95.8931570070001,5.48246145600007,0],[95.8931092750001,5.48242462300004,0],[95.893045687,5.48229871000007,0],[95.8929942520001,5.48206994600002,0],[95.8929735280001,5.48197777100006,0],[95.892912552,5.48160131600002,0],[95.8928809940001,5.48138918900003,0],[95.8928691020001,5.48129745000006,0],[95.8928669530001,5.48124773700005,0],[95.8928800640001,5.48119603800006,0],[95.892904597,5.48113854700006,0],[95.892929112,5.48107723100003,0],[95.8929492290001,5.48089545200003,0],[95.8929492560001,5.48089508200007,0],[95.8929635480001,5.48069840300008,0],[95.8929660480001,5.48042491300004,0],[95.8929629450001,5.48033412600006,0],[95.892961604,5.48029488900005,0],[95.8929668050001,5.48018585500006,0],[95.8929679830001,5.48017792600007,0],[95.892977896,5.48011121700006,0],[95.8929851890001,5.48004042100007,0],[95.8930020610001,5.47997723000003,0],[95.8930208510001,5.47991594100006,0],[95.8930204090001,5.47982414600006,0],[95.8930201050001,5.47976103800005,0],[95.8930161040001,5.47974148700007,0],[95.893012286,5.47972282700005,0],[95.8929834580001,5.47968089300002,0],[95.892922131,5.47962764100004,0],[95.8928971460001,5.47959142600007,0],[95.8929004650001,5.47948813800002,0],[95.892890601,5.47942125100008,0],[95.8928922600001,5.47936960700002,0],[95.8929073070001,5.47932363600006,0],[95.8929319140001,5.47928144400004,0],[95.8929718620001,5.47925447600005,0],[95.8930079560001,5.47921987800004,0],[95.893032379,5.47913943800006,0],[95.8930699490001,5.47901494800004,0],[95.893111418,5.47890765200003,0],[95.893137703,5.47881764000005,0],[95.893167712,5.47870848700006,0],[95.8932054030001,5.47860885800003,0],[95.8932030330001,5.47851324800007,0],[95.893156688,5.47840063900003,0],[95.893135236,5.47830512000007,0],[95.8930945420001,5.47817718500005,0],[95.8930346070001,5.47801683000006,0],[95.8930267950001,5.47800681800004,0],[95.89299894,5.47794194000005,0],[95.892958058,5.47787400700003,0],[95.8929245400001,5.47784906800007,0],[95.8928946170001,5.47782769900004,0],[95.892846885,5.47782314800003,0],[95.8927884220001,5.47781984500006,0],[95.8927383430001,5.47782367300005,0],[95.8926978590001,5.47783821200005,0],[95.8926610950001,5.47788261400007,0],[95.8926451830001,5.47790732400006,0],[95.892632614,5.47791868600007,0],[95.8926192910001,5.47792986900004,0],[95.8925916950001,5.47795143800005,0],[95.892563394,5.47797244800006,0],[95.892404668,5.47808729000008,0],[95.89237575,5.47810726100005,0],[95.892361973,5.47811623800004,0],[95.8923483360001,5.47812455700006,0],[95.8923349180001,5.47813193400003,0],[95.8923218340001,5.47813799200003,0],[95.89230924,5.47814223100005,0],[95.89229735,5.47814399900005,0],[95.8922928170001,5.47814383800005,0],[95.8922899840001,5.47814343600004,0],[95.892280117,5.47813994000006,0],[95.8922719490001,5.47813386400003,0],[95.8922659500001,5.47812577000008,0],[95.8922627520001,5.47811605900006,0],[95.8922624420001,5.47811270300002,0],[95.8922626300001,5.47810713400003,0],[95.8922640970001,5.47809886100003,0],[95.892266636,5.47809013700004,0],[95.892271292,5.47807745700004,0],[95.8922824100001,5.47805027300006,0],[95.8922878160001,5.47803592900004,0],[95.8922904630001,5.47802793000005,0],[95.8922939070001,5.47801564400004,0],[95.89229658,5.47800314000006,0],[95.892298005,5.47799356300004,0],[95.8922988580001,5.47798391800006,0],[95.8922990980001,5.47797396900006,0],[95.8922987330001,5.47796399900005,0],[95.8922975340001,5.47795187900005,0],[95.8922955680001,5.47793980100005,0],[95.8922920320001,5.47792444800007,0],[95.8922875700001,5.47790921600006,0],[95.8922823840001,5.47789410100006,0],[95.892276624,5.47787910300002,0],[95.8922703850001,5.47786422500008,0],[95.8922634730001,5.47784888800004,0],[95.8922562390001,5.47783365900005,0],[95.8922411730001,5.47780343000005,0],[95.8921939420001,5.47771133300006,0],[95.8921722530001,5.47766637300003,0],[95.8921585520001,5.47763610600003,0],[95.8921520210001,5.47762084900006,0],[95.892140108,5.47759087900005,0],[95.892134544,5.47757574800005,0],[95.8921235980001,5.47754346800002,0],[95.8921133630001,5.47751093500005,0],[95.8921035130001,5.47747826700004,0],[95.8920891650001,5.47742913000008,0],[95.892079896,5.47739628700003,0],[95.8920712990001,5.47736441300003,0],[95.8920633710001,5.47733351100004,0],[95.892047974,5.47726951100003,0],[95.8920332280001,5.47720329100002,0],[95.8920243250001,5.47715934200005,0],[95.892018168,5.47712503600007,0],[95.892011815,5.47708614500004,0],[95.8920066570001,5.47705189900006,0],[95.892003012,5.47702549900004,0],[95.892000034,5.47700157200006,0],[95.8919971890001,5.47697534400004,0],[95.891994733,5.47694729300002,0],[95.891993051,5.47691969300007,0],[95.891992423,5.47689930800004,0],[95.8919923660001,5.47688169800006,0],[95.89199267,5.47686408100003,0],[95.891993987,5.47682883400006,0],[95.8919968610001,5.47677595000005,0],[95.8920034380001,5.47667017600003,0],[95.8920080060001,5.47659967800007,0],[95.8920117790001,5.47654728000003,0],[95.8920202510001,5.47644434300003,0],[95.8920320940001,5.47630714100006,0],[95.8920371720001,5.47625577600007,0],[95.892041298,5.47622163300002,0],[95.892047227,5.47618289400003,0],[95.892053376,5.47614828600007,0],[95.8920599960001,5.47611375200006,0],[95.8920660160001,5.47608399300003,0],[95.8920733630001,5.47604982300004,0],[95.8920797870001,5.47602213000005,0],[95.8920864340001,5.47599553600003,0],[95.892095629,5.47596139600006,0],[95.89210524,5.47592735700005,0],[95.8921546190001,5.47575744300002,0],[95.892170003,5.47570640700008,0],[95.8921834050001,5.47566557000005,0],[95.8921930170001,5.47563965700004,0],[95.892199664,5.47562374100005,0],[95.892206968,5.47560822500003,0],[95.892207451,5.47560733900002,0],[95.892212553,5.47559093800004,0],[95.8922466530001,5.47553842100007,0],[95.892268669,5.47550317400004,0],[95.8922778140001,5.47547014000003,0],[95.8923259200001,5.47535372700003,0],[95.8923591650001,5.47527252800006,0],[95.8923751820001,5.47522389800002,0],[95.8923879420001,5.47516825600007,0],[95.8923977570001,5.47511241400002,0],[95.8923976390001,5.47508803100004,0],[95.8924032680001,5.47506792300004,0],[95.8924230090001,5.47500615200005,0],[95.8924545240001,5.47490986800005,0],[95.8924844370001,5.47483230200004,0],[95.8924900480001,5.47480860900004,0],[95.892497087,5.47478419100003,0],[95.8925105640001,5.47475902500003,0],[95.8925226750001,5.47474749200006,0],[95.892528327,5.47473240400006,0],[95.8925396020001,5.47469577500004,0],[95.8925394880001,5.47467210900004,0],[95.8925419010001,5.47466006900004,0],[95.8925451100001,5.47465056700003,0],[95.8925586110001,5.47463042200008,0],[95.8925742480001,5.47460811300004,0],[95.892594176,5.47458506800007,0],[95.8926126690001,5.47456131200005,0],[95.892629012,5.47453685000005,0],[95.8926510350001,5.47450227900003,0],[95.8926760320001,5.47447330000006,0],[95.8927200110001,5.47439847600003,0],[95.892808829,5.47426537200005,0],[95.8928295250001,5.47422821900005,0],[95.8928502200001,5.47419106600006,0],[95.89286882,5.47409057300007,0],[95.8928761290001,5.47387419400008,0],[95.8928792360001,5.47377616700004,0],[95.8928489,5.47366873900006,0],[95.8927993930001,5.47354347500004,0],[95.8927507980001,5.47335963800003,0],[95.8927155750001,5.47322832800006,0],[95.8926747690001,5.47317593400004,0],[95.8926408080001,5.47305896100005,0],[95.892541877,5.47282516600006,0],[95.8924600510001,5.47267615200008,0],[95.8924309880001,5.47258545300002,0],[95.8924038740001,5.47240390200005,0],[95.892366382,5.47229650900005,0],[95.892358846,5.47226836100003,0],[95.892329944,5.47216042400004,0],[95.8923139440001,5.47205770800002,0],[95.89227277,5.47192881700005,0],[95.8922602910001,5.47181413200002,0],[95.8922563510001,5.47173884900008,0],[95.8922513040001,5.47168150000005,0],[95.892251102,5.47163966600004,0],[95.8922518700001,5.47155121200007,0],[95.892278752,5.47143633700006,0],[95.8923256,5.47125682000006,0],[95.8923292800001,5.47122910100006,0],[95.8923440170001,5.47111808000005,0],[95.892374643,5.47103761000005,0],[95.8924316000001,5.47097613700004,0],[95.892473281,5.47094575700004,0],[95.8925266890001,5.47090683100004,0],[95.8925901120001,5.47085365200007,0],[95.8925939950001,5.47084657300007,0],[95.8925995150001,5.47083558300005,0],[95.8926159790001,5.47082225200006,0],[95.8926329340001,5.47077627200002,0],[95.8926418870001,5.47065383300003,0],[95.8926314810001,5.47047411500006,0],[95.892611349,5.47025619500005,0],[95.8926012100001,5.47013193600003,0],[95.892600787,5.47004396600005,0],[95.8926060530001,5.46994831900003,0],[95.8925941520001,5.46985466700005,0],[95.8925544520001,5.46974541500003,0],[95.8925303300001,5.46967903100006,0],[95.8924358630001,5.46948059400006,0],[95.8923451200001,5.46926301500002,0],[95.8922351020001,5.46900536700002,0],[95.892169665,5.46889093700003,0],[95.8921141380001,5.46885295700002,0],[95.892054978,5.46885324200002,0],[95.8920034700001,5.46885731500004,0],[95.8919385290001,5.46884615400006,0],[95.891894591,5.46883680400003,0],[95.891856202,5.46879109000002,0],[95.8918442920001,5.46869552600003,0],[95.891824731,5.46859617400003,0],[95.8918263910001,5.46854453100002,0],[95.8918352910001,5.46841061700007,0],[95.8918653280001,5.46830720100007,0],[95.8918744760001,5.46822492200005,0],[95.891860685,5.46813510400005,0],[95.891843151,5.46806060400007,0],[95.8918238560001,5.46801671100008,0],[95.8917642270001,5.46791946500002,0],[95.8917141320001,5.46782026000005,0],[95.8916528240001,5.46777083200004,0],[95.891581994,5.46772527500002,0],[95.8915302840001,5.46768727600005,0],[95.8914919600001,5.46765494900006,0],[95.891478389,5.46761102900007,0],[95.8915804210001,5.46700047000007,0],[95.8916277170001,5.46691418300003,0],[95.8917052090001,5.46675699000002,0],[95.8917246120001,5.46642604500005,0],[95.891750254,5.46620216600007,0],[95.8917516210001,5.46608932600003,0],[95.8917299500001,5.46594791100006,0],[95.8917295640001,5.46586759000007,0],[95.8917135890001,5.46572041000007,0],[95.891690193,5.46561725100003,0],[95.891657421,5.46554856200004,0],[95.8916455940001,5.46547020900005,0],[95.8916392260001,5.46533636900006,0],[95.8916573370001,5.46513356400004,0],[95.89165073,5.46506443100003,0],[95.8916412610001,5.46496534700003,0],[95.8916331040001,5.46485637800004,0],[95.8916002030001,5.46476091400007,0],[95.8915481170001,5.46464450700006,0],[95.8915283320001,5.46462247600005,0],[95.891469451,5.46455691400007,0],[95.891369803,5.46447133500004,0],[95.8912491340001,5.46438012000004,0],[95.891074802,5.46424135200004,0],[95.8909578220001,5.46412334500008,0],[95.8908866990001,5.46401659100007,0],[95.8908671930001,5.46392871300003,0],[95.890797794,5.46378370300005,0],[95.8907323770001,5.46367309600004,0],[95.890686411,5.46363889400004,0],[95.8906270590001,5.46359901900007,0],[95.8905619810001,5.46355917100004,0],[95.8905102720001,5.46352117100002,0],[95.890464159,5.46345637100006,0],[95.8904296060001,5.46341446400004,0],[95.890419889,5.46337817400007,0],[95.8904215960001,5.46333609200002,0],[95.8904467610001,5.46328594100004,0],[95.8904484280001,5.46327891300007,0],[95.8904532650001,5.46326356800006,0],[95.8904537010001,5.46326238200004,0],[95.8904590130001,5.46324794600002,0],[95.8904653920001,5.46323214500006,0],[95.8904721950001,5.46321623400007,0],[95.8904865210001,5.46318426300007,0],[95.89054672,5.46305398000004,0],[95.8905910770001,5.46295664400003,0],[95.8907442730001,5.46261699500008,0],[95.8907664770001,5.46256895800008,0],[95.890771595,5.46255814100004,0],[95.8907888780001,5.46252161600006,0],[95.8908266230001,5.46244290900006,0],[95.890849528,5.46239582100003,0],[95.8908729670001,5.46234901700007,0],[95.890888739,5.46231903200004,0],[95.8909122270001,5.46227558700002,0],[95.8909278550001,5.46224604400004,0],[95.890970709,5.46216202800002,0],[95.8910008240001,5.46210163600006,0],[95.8910229700001,5.46205613200004,0],[95.891038113,5.46202369000002,0],[95.891050604,5.46199570500005,0],[95.891067187,5.46195694700003,0],[95.891093611,5.46189312800004,0],[95.8911195650001,5.46182910400006,0],[95.8911384690001,5.46178087500004,0],[95.8911505990001,5.46174812600003,0],[95.8911590970001,5.46172397300006,0],[95.8911850980001,5.46164647400008,0],[95.891193935,5.46162107100002,0],[95.8912021630001,5.46159845600005,0],[95.891211522,5.46157392400005,0],[95.891223725,5.46154364300003,0],[95.8912352500001,5.46151657300004,0],[95.8912491010001,5.46148547200005,0],[95.8912642020001,5.46145282300006,0],[95.8912873510001,5.46140418000005,0],[95.891342046,5.46129099300003,0],[95.8913734960001,5.46122641300008,0],[95.8913963970001,5.46118020400007,0],[95.891434566,5.46110496500006,0],[95.8914732760001,5.46103000900007,0],[95.891496246,5.46098688100005,0],[95.8915139090001,5.46095494100007,0],[95.891549103,5.46089380800004,0],[95.8916028250001,5.46080263500005,0],[95.891935151,5.46024492200007,0],[95.89198874,5.46015407300007,0],[95.8920061490001,5.46012362000005,0],[95.8920317150001,5.46007776200003,0],[95.8921578860001,5.45984752200008,0],[95.8922004560001,5.45977106800007,0],[95.8922453310001,5.45969368900006,0],[95.8923543800001,5.45950875200003,0],[95.89238183,5.45946263100006,0],[95.8924183460001,5.45940212300007,0],[95.8925560490001,5.45917567700008,0],[95.892602158,5.45910032500007,0],[95.892630286,5.45905525600006,0],[95.8927165260001,5.45892032200004,0],[95.8927451980001,5.45887470800005,0],[95.8928873300001,5.45864439000007,0],[95.892915583,5.45859822000006,0],[95.892942625,5.45855334500004,0],[95.89296927,5.45850789600007,0],[95.8929992830001,5.45845474500004,0],[95.893151414,5.45817784400003,0],[95.8931926720001,5.45810386900007,0],[95.8932355890001,5.45802919800008,0],[95.8933048110001,5.45791004000006,0],[95.8933310210001,5.45786550800005,0],[95.8933584700001,5.45781996500006,0],[95.8934150680001,5.45772815000004,0],[95.8936802590001,5.45730032300003,0],[95.8937271500001,5.45722608500006,0],[95.8938490930001,5.45703468000005,0],[95.8938910300001,5.45696752000003,0],[95.893918247,5.45692233200003,0],[95.8939453280001,5.45687630300006,0],[95.8941152500001,5.45658383400007,0],[95.8941334190001,5.45655323000005,0],[95.8941519730001,5.45652287500008,0],[95.89417115,5.45649310600004,0],[95.8942010010001,5.45644943100007,0],[95.8942315040001,5.45640617600003,0],[95.894293276,5.45631951700005,0],[95.894383911,5.45612386500005,0],[95.8944726140001,5.45596709700004,0],[95.894528581,5.45584849500005,0],[95.8946051950001,5.45570756300003,0],[95.894669757,5.45559035400004,0],[95.894743518,5.45545158700003,0],[95.8947660380001,5.45542634900005,0],[95.8947708330001,5.45541893900003,0],[95.8947892040001,5.45539204600004,0],[95.8947986410001,5.45537876900005,0],[95.8948296250001,5.45533726300005,0],[95.8948929410001,5.45525521600007,0],[95.8949136640001,5.45522760900008,0],[95.8949237990001,5.45521365100007,0],[95.89493371,5.45519953800004,0],[95.894952963,5.45517044600007,0],[95.894953107,5.45517022800004,0],[95.8949810000001,5.45512543600006,0],[95.8950173410001,5.45506513000004,0],[95.8950805150001,5.45495930800007,0],[95.895176818,5.45479688900002,0],[95.8955869690001,5.45409927500003,0],[95.8956397410001,5.45400743100004,0],[95.8958717410001,5.45359745200005,0],[95.895905229,5.45353892200006,0],[95.896230281,5.45297982600005,0],[95.8963020470001,5.45285732300005,0],[95.8963479650001,5.45278043300004,0],[95.8966725350001,5.45224239100003,0],[95.89672727,5.45215246500004,0],[95.8967624530001,5.45209584900005,0],[95.896843984,5.45196586400004,0],[95.8970425590001,5.45165135400003,0],[95.8973363200001,5.45118368900006,0],[95.8973928890001,5.45109299600006,0],[95.8974203860001,5.45104780400004,0],[95.89744741,5.45100264000007,0],[95.89766416,5.45063739500006,0],[95.8977196010001,5.45054573100003,0],[95.897887101,5.45027245600005,0],[95.897952107,5.45016692400003,0],[95.8982205680001,5.44973374500006,0],[95.8982666650001,5.44966005400005,0],[95.898303641,5.44960175300002,0],[95.898443001,5.44938657900002,0],[95.8987471510001,5.44892077200006,0],[95.899198981,5.44823150700006,0],[95.8992484410001,5.44815648900004,0],[95.8992782430001,5.44811202200003,0],[95.8993483710001,5.44800889800007,0],[95.899598159,5.44764325200003,0],[95.8997957870001,5.44735395900005,0],[95.9003078680001,5.44660761100005,0],[95.900389105,5.44649041300005,0],[95.9008176190001,5.44587521400007,0],[95.90087852,5.44578963400005,0],[95.9011022510001,5.44547800100003,0],[95.9013530080001,5.44512965500007,0],[95.9015155910001,5.44490454800007,0],[95.9016291020001,5.44474637800005,0],[95.901679765,5.44467404100004,0],[95.901900659,5.44435456100007,0],[95.9019613570001,5.44426737900005,0],[95.902282992,5.44381301100003,0],[95.9023246730001,5.44375451400003,0],[95.902345735,5.44372542900004,0],[95.9023855680001,5.44367197700006,0],[95.9024166090001,5.44363162900004,0],[95.9024602210001,5.44357647500004,0],[95.902580894,5.44342537500006,0],[95.9026135490001,5.44338396700005,0],[95.902635279,5.44335587100005,0],[95.9027001300001,5.44326993300007,0],[95.9030442220001,5.44281021700004,0],[95.9030761560001,5.44276688900004,0],[95.903105205,5.44272614000005,0],[95.9031333280001,5.44268491100007,0],[95.9031889540001,5.44260201500003,0],[95.9032178830001,5.44256014900003,0],[95.9032486520001,5.44251717800006,0],[95.9033005380001,5.44244598100005,0],[95.9033735120001,5.44234654500002,0],[95.9034156820001,5.44229001500003,0],[95.9034585530001,5.44223381500007,0],[95.9036523680001,5.44198159600006,0],[95.903705008,5.44191188700006,0],[95.9037779380001,5.44181415500003,0],[95.903829649,5.44174333900003,0],[95.904014782,5.44148573700005,0],[95.9042225480001,5.44119955800005,0],[95.9042749100001,5.44112835200002,0],[95.904296372,5.44110028800003,0],[95.9043073490001,5.44108645500006,0],[95.904328401,5.44106110000007,0],[95.9043499890001,5.44103618300005,0],[95.9043719430001,5.44101157500006,0],[95.9044423880001,5.44093461700004,0],[95.9044654910001,5.44090865100003,0],[95.904488067,5.44088191500003,0],[95.9045100910001,5.44085439000003,0],[95.9045638320001,5.44078446100002,0],[95.904830481,5.44043286400006,0],[95.9051876950001,5.43996668400007,0],[95.9052636630001,5.43986804800005,0],[95.905547658,5.43950488500008,0],[95.9060405020001,5.43888205900004,0],[95.906085567,5.43882569300007,0],[95.906153649,5.43874174000007,0],[95.9068358540001,5.43790331000002,0],[95.906915321,5.43780642000007,0],[95.9069816680001,5.43772719200007,0],[95.9071376940001,5.43754187600007,0],[95.9075279730001,5.43707997500007,0],[95.9076194080001,5.43697226600005,0],[95.907858058,5.43669346100006,0],[95.9083092600001,5.43617135100004,0],[95.908378918,5.43609124000005,0],[95.90843828,5.43602422300006,0],[95.908569534,5.43587717300005,0],[95.9088103590001,5.43560827800007,0],[95.908882863,5.43552784400003,0],[95.9089561530001,5.43544820300002,0],[95.909152363,5.43523653500006,0],[95.9092011340001,5.43518467800004,0],[95.9093463340001,5.43503203500006,0],[95.909429377,5.43494299700006,0],[95.9094999850001,5.43486614600005,0],[95.9095344390001,5.43482758200003,0],[95.9095799020001,5.43477574500002,0],[95.9096134970001,5.43473645300003,0],[95.909635354,5.43470982300005,0],[95.9096457800001,5.43469660200003,0],[95.9096763220001,5.43465634500006,0],[95.909757686,5.43454634700004,0],[95.9098221980001,5.43446097700007,0],[95.9098440240001,5.43443286000007,0],[95.9098663540001,5.43440531000005,0],[95.9098778590001,5.43439192300002,0],[95.9098897220001,5.43437894300007,0],[95.9099020770001,5.43436652500003,0],[95.9099171450001,5.43435312000003,0],[95.909932563,5.43434129500002,0],[95.909942721,5.43433436400005,0],[95.9099531320001,5.43432776300006,0],[95.9099676650001,5.43431914000007,0],[95.910017215,5.43429109700003,0],[95.9100394450001,5.43427755500005,0],[95.910062198,5.43426250800007,0],[95.9100889210001,5.43424315200002,0],[95.9101150180001,5.43422289400007,0],[95.9101406450001,5.43420199800005,0],[95.9101532880001,5.43419133300006,0],[95.9101804220001,5.43416757900007,0],[95.910206971,5.43414348500005,0],[95.9102464430001,5.43410694200003,0],[95.9103381290001,5.43402123200002,0],[95.9104287590001,5.43393545800006,0],[95.9108392580001,5.43354288800003,0],[95.9111021880001,5.43328888500002,0],[95.911152379,5.43323961800007,0],[95.9112651930001,5.43312790300007,0],[95.9113277440001,5.43306571500005,0],[95.9113650660001,5.43302819400003,0],[95.9114377970001,5.43295335100004,0],[95.9115945220001,5.43279031700007,0],[95.9116310740001,5.43275314800007,0],[95.911655948,5.43272896600007,0],[95.9116686730001,5.43271721400004,0],[95.911681683,5.43270579900008,0],[95.9116953550001,5.43269454700004,0],[95.9117235130001,5.43267300300005,0],[95.9117668370001,5.43264196900003,0],[95.9118689150001,5.43257067600007,0],[95.9118976940001,5.43254979700004,0],[95.911925576,5.43252847300005,0],[95.9119659560001,5.43249569800003,0],[95.912019087,5.43245107400003,0],[95.9120849940001,5.43239469100007,0],[95.9121239510001,5.43236022700006,0],[95.912149286,5.43233657000007,0],[95.91217407,5.43231232400007,0],[95.9122594450001,5.43222598900007,0],[95.912296295,5.43218925900004,0],[95.912319697,5.43216676500003,0],[95.9123529980001,5.43213595700007,0],[95.9124191810001,5.43207674200005,0],[95.912711834,5.43181776200004,0],[95.9129345380001,5.43161951200005,0],[95.9129998000001,5.43156094000005,0],[95.91302563,5.43153721800007,0],[95.913050765,5.43151351600005,0],[95.913088009,5.43147748300004,0],[95.9131152310001,5.43145032700005,0],[95.913222653,5.43136645000004,0],[95.9133664920001,5.43121802200005,0],[95.9134663020001,5.43114008900005,0],[95.913600274,5.43102326300004,0],[95.913694277,5.43092814600004,0],[95.9137289920001,5.43085290600004,0],[95.9137738850001,5.43081588700005,0],[95.913819544,5.43078698000005,0],[95.9139007700001,5.43071343800005,0],[95.9139493100001,5.43062035200006,0],[95.913981472,5.43059246700005,0],[95.9140080670001,5.43057031700005,0],[95.9140618800001,5.43052675500007,0],[95.9142376630001,5.43038615400008,0],[95.914467443,5.43020091000005,0],[95.914534646,5.43014598300005,0],[95.914574454,5.43011199800003,0],[95.914600798,5.43008854500005,0],[95.914639965,5.43005295900002,0],[95.914796031,5.42990983700003,0],[95.9149266580001,5.42979093300005,0],[95.9149654730001,5.42975489700007,0],[95.91499063,5.42973027000005,0],[95.9150057240001,5.42971438200004,0],[95.9150155080001,5.42970332800007,0],[95.9150249150001,5.42969199000004,0],[95.9150338920001,5.42968034700004,0],[95.915042741,5.42966779700004,0],[95.915051738,5.42965350400004,0],[95.9150599910001,5.42963875400005,0],[95.9150675230001,5.42962359800003,0],[95.9150744980001,5.42960769800004,0],[95.915080893,5.42959149900003,0],[95.9150868740001,5.42957508900002,0],[95.9150980510001,5.42954187000004,0],[95.9151819900001,5.42927331400006,0],[95.9151971470001,5.42922287700003,0],[95.9152032050001,5.42920016100004,0],[95.915213511,5.42906984900003,0],[95.9152055050001,5.42889299100005,0],[95.9151879350001,5.42871139800008,0],[95.915148989,5.42854903200003,0],[95.9150937250001,5.42846563200004,0],[95.9153953110001,5.42776293500003,0],[95.9155757220001,5.42734257600006,0],[95.915604284,5.42734484700003,0],[95.9156206230001,5.42734546000003,0],[95.9156350050001,5.42734543400007,0],[95.9156499810001,5.42734474800005,0],[95.9156648350001,5.42734331000003,0],[95.9156736720001,5.42734204200002,0],[95.915682437,5.42734045600002,0],[95.915695353,5.42733748100005,0],[95.915708039,5.42733372200007,0],[95.915723594,5.42732779200003,0],[95.915736032,5.42732199000005,0],[95.915748201,5.42731549800004,0],[95.915762402,5.42730704600007,0],[95.915776356,5.42729800700005,0],[95.9158037540001,5.42727876000004,0],[95.9158306950001,5.42725856800007,0],[95.9158715230001,5.42722661700003,0],[95.9160608750001,5.42707637300003,0],[95.9161012200001,5.42704401900005,0],[95.9161236690001,5.42702549500007,0],[95.916143692,5.42700837800004,0],[95.9161695540001,5.42698507600005,0],[95.916180178,5.42697505400002,0],[95.9162018530001,5.42695381000004,0],[95.9162351320001,5.42691944700005,0],[95.91626883,5.42688327700006,0],[95.9163052110001,5.42684350400003,0],[95.916401883,5.42673713100004,0],[95.9164499140001,5.42668369200004,0],[95.9164722960001,5.42665819800004,0],[95.9164914450001,5.42663578800006,0],[95.9165443740001,5.42657204900007,0],[95.916567172,5.42654606100007,0],[95.916590463,5.42652049300006,0],[95.9166495850001,5.42645733100005,0],[95.916780513,5.42631911400002,0],[95.9170024050001,5.42608701700004,0],[95.9170520000001,5.42603575200008,0],[95.9170771940001,5.42601055500006,0],[95.9171030240001,5.42598605800003,0],[95.917115917,5.42597455400005,0],[95.9171422620001,5.42595216000007,0],[95.917182552,5.42591942300004,0],[95.9172368630001,5.42587644000002,0],[95.917291532,5.42583392500006,0],[95.9173449940001,5.42579327600004,0],[95.917369652,5.42577387900008,0],[95.917394728,5.42575265400006,0],[95.9174046850001,5.42574370400007,0],[95.91742185,5.42572752900003,0],[95.917442576,5.42570682400003,0],[95.9174738240001,5.42567405600005,0],[95.9175172000001,5.42562719000006,0],[95.9175711020001,5.42556828500005,0],[95.9176166720001,5.42551796500004,0],[95.9177247140001,5.42539755500007,0],[95.91776058,5.42535729000002,0],[95.917793062,5.42532004600002,0],[95.9178253520001,5.42528120900005,0],[95.9178452230001,5.42525598800006,0],[95.9178653800001,5.42522921200003,0],[95.9178904680001,5.42519405100006,0],[95.917904972,5.42517278700007,0],[95.9179273440001,5.42513884500005,0],[95.9179950110001,5.42503234800006,0],[95.918024356,5.42498696000007,0],[95.918044562,5.42495715600006,0],[95.91806518,5.42492853700003,0],[95.9180863500001,5.42490030500005,0],[95.9181185880001,5.42485829800006,0],[95.9183133820001,5.42460721900005,0],[95.9183453160001,5.42456498400003,0],[95.9183660210001,5.42453657200002,0],[95.9183862120001,5.42450795400003,0],[95.9184160940001,5.42446473200005,0],[95.9185643200001,5.42424775600006,0],[95.9186133210001,5.42417515600005,0],[95.9186874120001,5.42406306300006,0],[95.9187063480001,5.42403534200002,0],[95.918726495,5.42400720200004,0],[95.918758746,5.42396452200006,0],[95.9188025880001,5.42390821500004,0],[95.9189458010001,5.42372573700004,0],[95.9189916060001,5.42366859600003,0],[95.919020129,5.42363460700005,0],[95.91906184,5.42358723800004,0],[95.9191180020001,5.42352556600002,0],[95.9191559370001,5.42348530300006,0],[95.9192015580001,5.42343881200003,0],[95.9192500730001,5.42339085800006,0],[95.9194796180001,5.42316857900005,0],[95.9196478270001,5.42300721400005,0],[95.919721591,5.42293469000003,0],[95.9198439770001,5.42281324400005,0],[95.9199402040001,5.42271662300004,0],[95.9200359060001,5.42261979300002,0],[95.9202661900001,5.42238243700007,0],[95.9203274750001,5.42231974600003,0],[95.9204260370001,5.42222010300003,0],[95.9208635260001,5.42177781600003,0],[95.920949056,5.42169261300006,0],[95.921010568,5.42163220900005,0],[95.9210480660001,5.42159662000006,0],[95.921094311,5.42155425000004,0],[95.9211289410001,5.42152172400006,0],[95.9211800460001,5.42147256900006,0],[95.9212307440001,5.42142298100003,0],[95.9212945560001,5.42135926800006,0],[95.9215106390001,5.42114175600005,0],[95.9217799410001,5.42086813100002,0],[95.9218430980001,5.42080568300003,0],[95.921945925,5.42070543600005,0],[95.9220105910001,5.42064312900004,0],[95.9220759760001,5.42058129100008,0],[95.9240010190001,5.41876941900006,0],[95.9240927230001,5.41868353700005,0],[95.9243287190001,5.41846460100004,0],[95.9243813960001,5.41841620900004,0],[95.92442099,5.41838063500006,0],[95.9246334630001,5.41819403200003,0],[95.924713587,5.41812459300007,0],[95.924792208,5.41805837500004,0],[95.924849877,5.41800888000006,0],[95.9249129790001,5.41795382400005,0],[95.925029436,5.41785152000006,0],[95.925068137,5.41781728500007,0],[95.925107143,5.41778228000004,0],[95.9252659480001,5.41763647300007,0],[95.9253193550001,5.41758829200006,0],[95.9253871760001,5.41752885300002,0],[95.9256459160001,5.41730414000006,0],[95.9257007830001,5.41725731400004,0],[95.9258164560001,5.41716243700006,0],[95.925948577,5.41705161900006,0],[95.9265854940001,5.41651447900006,0],[95.9266393220001,5.41646873300004,0],[95.9266659630001,5.41644556300002,0],[95.926692168,5.41642192200004,0],[95.9267043200001,5.41641049600003,0],[95.9267282530001,5.41638724500007,0],[95.926751874,5.41636365700003,0],[95.9267989570001,5.41631559700005,0],[95.9269302180001,5.41617946400004,0],[95.926954257,5.41615490100003,0],[95.9269785590001,5.41613062500005,0],[95.9270033650001,5.41610689300006,0],[95.9270166090001,5.41609484100007,0],[95.927043584,5.41607126400004,0],[95.9271122690001,5.41601366900005,0],[95.927236791,5.41591100500005,0],[95.9272788550001,5.41587757200006,0],[95.9273075420001,5.41585619400007,0],[95.9273303430001,5.41584044800004,0],[95.9273601880001,5.41582078200003,0],[95.9275112300001,5.41572485300003,0],[95.9275412860001,5.41570542900007,0],[95.9275694990001,5.41568668000002,0],[95.9276089420001,5.41565941800008,0],[95.9276348880001,5.41564075100007,0],[95.9276628810001,5.41561979500005,0],[95.9276906110001,5.41559847900004,0],[95.92785575,5.41546888800002,0],[95.9279587880001,5.41538709700006,0],[95.928567107,5.41489705000004,0],[95.9286084980001,5.41486353700003,0],[95.9286496220001,5.41482970700002,0],[95.9286894480001,5.41479570200005,0],[95.928728441,5.41476139300005,0],[95.929256261,5.41429050200003,0],[95.929310205,5.41424272600005,0],[95.9293373890001,5.41421909000007,0],[95.9293780070001,5.41418499100007,0],[95.929418776,5.41415184200002,0],[95.9296732130001,5.41394783800007,0],[95.929703342,5.41392309500003,0],[95.9297444480001,5.41388789700005,0],[95.9298120860001,5.41382818400007,0],[95.9303380040001,5.41336042200004,0],[95.9304943910001,5.41322013300004,0],[95.930689584,5.41304435200004,0],[95.9307290250001,5.41300970700007,0],[95.930757488,5.41298598000003,0],[95.9307700270001,5.41297608600007,0],[95.9307883160001,5.41296242600004,0],[95.9308092240001,5.41294807800006,0],[95.930821108,5.41294050500005,0],[95.9308370190001,5.41293097800008,0],[95.9308554780001,5.41292070700007,0],[95.9308770910001,5.41290944900004,0],[95.930927985,5.41288363000007,0],[95.9309434580001,5.41287510900003,0],[95.930958758,5.41286625800007,0],[95.9309739280001,5.41285716100003,0],[95.9310040070001,5.41283846600004,0],[95.9310636380001,5.41280008500007,0],[95.931301165,5.41264475500003,0],[95.9313750330001,5.41259596600003,0],[95.9317977190001,5.41231092500004,0],[95.9318703040001,5.41226136800003,0],[95.931899027,5.41224110900004,0],[95.9319410900001,5.41221016800006,0],[95.932010441,5.41215754800004,0],[95.932079344,5.41210435200003,0],[95.9321066380001,5.41208275500003,0],[95.932133578,5.41206073400002,0],[95.9321866910001,5.41201526200007,0],[95.9322165180001,5.41199037500007,0],[95.9322500800001,5.41196388700007,0],[95.9322840870001,5.41193844600002,0],[95.932341422,5.41189719100004,0],[95.9324711460001,5.41180531300006,0],[95.9325577340001,5.41174421100004,0],[95.932601258,5.41171399200005,0],[95.9326441100001,5.41168500200007,0],[95.932687184,5.41165631800004,0],[95.9327592340001,5.41160882700007,0],[95.932863968,5.41154039300005,0],[95.932898578,5.41151684300007,0],[95.9329147560001,5.41150504800004,0],[95.9329262840001,5.41149619600003,0],[95.9329427750001,5.41148269900003,0],[95.9329598160001,5.41146741400007,0],[95.9329737620001,5.41145363900006,0],[95.9329804820001,5.41144650800004,0],[95.9329948880001,5.41142992200002,0],[95.933007876,5.41141312900004,0],[95.933014245,5.41140416600007,0],[95.9330214890001,5.41139334500002,0],[95.93303316,5.41137443300005,0],[95.9330407590001,5.41136104200007,0],[95.9330479810001,5.41134742200006,0],[95.9330554540001,5.41133222200006,0],[95.933062448,5.41131671400007,0],[95.9330675240001,5.41130452700003,0],[95.933075193,5.41128422400004,0],[95.933080864,5.41126724300005,0],[95.9330859230001,5.41125004500003,0],[95.9330883800001,5.41124064800005,0],[95.9330919530001,5.41122507300003,0],[95.933094855,5.41120993700002,0],[95.9330972100001,5.41119467800007,0],[95.9330989800001,5.41117943400008,0],[95.933100241,5.41116410900003,0],[95.933101042,5.41114873500004,0],[95.9331014530001,5.41112670900003,0],[95.933101358,5.41111468900004,0],[95.933100326,5.41108645100007,0],[95.9330992280001,5.41107044900002,0],[95.9330977420001,5.41105486100003,0],[95.9330958030001,5.41103988400005,0],[95.933093876,5.41102859400007,0],[95.9330915300001,5.41101802600002,0],[95.9330886720001,5.41100829800007,0],[95.9330853280001,5.41099977100004,0],[95.9330833960001,5.41099622600007,0],[95.9325763030001,5.41040122400005,0],[95.9321840520001,5.40994097400005,0],[95.9322698500001,5.40986961500005,0],[95.9323237790001,5.40982438000003,0],[95.9323521860001,5.40979994400004,0],[95.9323774600001,5.40977743700006,0],[95.9324023130001,5.40975447500006,0],[95.9324144700001,5.40974287100005,0],[95.9324383700001,5.40971923700005,0],[95.932465441,5.40969092400007,0],[95.9324887170001,5.40966528900003,0],[95.9325230220001,5.40962625800006,0],[95.93265897,5.40946894600006,0],[95.932703985,5.40941627300003,0],[95.9327370270001,5.40937619300007,0],[95.932769469,5.40933432400004,0],[95.9328117380001,5.40927770500002,0],[95.9329795560001,5.40905022700002,0],[95.933021045,5.40899302600008,0],[95.933050999,5.40895041700003,0],[95.9332086940001,5.40872166800006,0],[95.933238041,5.40867863300002,0],[95.9332573030001,5.40864975300002,0],[95.9332760360001,5.40862054300004,0],[95.9332851730001,5.40860562000006,0],[95.933302944,5.40857545800003,0],[95.9333288340001,5.40852975000007,0],[95.933354024,5.40848365300008,0],[95.9333552410001,5.40848132600007,0],[95.93336881,5.40845538000002,0],[95.933378265,5.40843641000004,0],[95.9333932310001,5.40840455300003,0],[95.9334146670001,5.40835627600006,0],[95.9334354530001,5.40830769800004,0],[95.9334555460001,5.40825883100007,0],[95.9334681590001,5.40822647000005,0],[95.933492572,5.40816142200003,0],[95.933564775,5.40796587600005,0],[95.933606452,5.40785165600005,0],[95.933622272,5.40780650600004,0],[95.9336453800001,5.40773903800005,0],[95.9337084190001,5.40755332000003,0],[95.933731074,5.40748569900006,0],[95.9337421050001,5.40745179400005,0],[95.9337523610001,5.40741912600004,0],[95.9337772380001,5.40733721100003,0],[95.933811399,5.40722232500002,0],[95.9338232220001,5.40718054500007,0],[95.9338302690001,5.40715564000004,0],[95.9338485920001,5.40708624100006,0],[95.9339202070001,5.40680815300004,0],[95.9339346740001,5.40675269100007,0],[95.9339746080001,5.40659959800007,0],[95.933987684,5.40654732700006,0],[95.9339954770001,5.40651232500005,0],[95.933998817,5.40649473900004,0],[95.9340012820001,5.40647933400004,0],[95.9340042580001,5.40645460500002,0],[95.934005643,5.40643600600004,0],[95.934006518,5.40640988600006,0],[95.934006546,5.40639475700004,0],[95.934006245,5.40637962800002,0],[95.9340052760001,5.40635905900007,0],[95.9340027170001,5.40633004000006,0],[95.9340008990001,5.40631559400003,0],[95.9339974000001,5.40629380400003,0],[95.933995016,5.40628149000003,0],[95.933994897,5.40628094600004,0],[95.9339923360001,5.40626924100007,0],[95.9339869920001,5.40624826500004,0],[95.9352309230001,5.40562723900007,0],[95.93524295,5.40564539000007,0],[95.9354558300001,5.40585846400006,0],[95.9355437500001,5.40588863500005,0],[95.9357063460001,5.40597199200005,0],[95.9358747580001,5.40607444400007,0],[95.9359896600001,5.40615994400002,0],[95.9360319420001,5.40622284700004,0],[95.9360443310001,5.40627692900006,0],[95.9360439060001,5.40631962000003,0],[95.936042032,5.40638143800004,0],[95.936039597,5.40642899800002,0],[95.936036142,5.40647764700003,0],[95.9360329550001,5.40651368200002,0],[95.9360298020001,5.40654526900005,0],[95.936023231,5.40660442700005,0],[95.936010712,5.40671096600005,0],[95.9360069910001,5.40674696100007,0],[95.9360051520001,5.40676883100002,0],[95.9360046250001,5.40677509200003,0],[95.936003009,5.40680318100004,0],[95.9360024100001,5.40683210100002,0],[95.936002618,5.40684696100004,0],[95.936003224,5.40686179300008,0],[95.9360042820001,5.40687661900006,0],[95.936005804,5.40689138900007,0],[95.936007841,5.40690629000005,0],[95.9360103990001,5.40692109800005,0],[95.9360135330001,5.40693578900004,0],[95.936017882,5.40695246900003,0],[95.936022886,5.40696899700004,0],[95.93602838,5.40698540500006,0],[95.936034249,5.40700171500004,0],[95.9360404190001,5.40701793700003,0],[95.9360535380001,5.40705009900006,0],[95.936060506,5.40706600500005,0],[95.936067811,5.40708175200007,0],[95.9360791880001,5.40710428400007,0],[95.9360862830001,5.40711721500003,0],[95.9360936590001,5.40712999500005,0],[95.9361090530001,5.40715520300006,0],[95.936126904,5.40718275100005,0],[95.9361574150001,5.40722750700007,0],[95.9361887620001,5.40727165300007,0],[95.9362103010001,5.40730057300004,0],[95.936220162,5.40731323500006,0],[95.9362403980001,5.40733813200006,0],[95.93625897,5.40735978000004,0],[95.9363029350001,5.40740987100003,0],[95.9363089190001,5.40741694600007,0],[95.9363367400001,5.40744984300005,0],[95.936381662,5.40750531400005,0],[95.936414723,5.40754742900003,0],[95.9364671040001,5.40761677100005,0],[95.936560119,5.40774231800003,0],[95.9366210320001,5.40782553600008,0],[95.936681643,5.40790976600005,0],[95.9367021990001,5.40793784200002,0],[95.9367240560001,5.40796649200007,0],[95.9367463280001,5.40799482500006,0],[95.9367802420001,5.40803690100006,0],[95.9368032550001,5.40806456500007,0],[95.9368268800001,5.40809160700007,0],[95.9368390820001,5.40810472900006,0],[95.9368516760001,5.40811744900003,0],[95.9368558210001,5.40812132800005,0],[95.9368646460001,5.40812958700008,0],[95.9368780020001,5.40814132900005,0],[95.9368916390001,5.40815278300005,0],[95.9369194530001,5.40817513400003,0],[95.9369900630001,5.40822990300006,0],[95.9370180700001,5.40825204700008,0],[95.9370454560001,5.40827481700006,0],[95.9370587380001,5.40828661800003,0],[95.9370716050001,5.40829884000004,0],[95.9370839440001,5.40831155000006,0],[95.9370958680001,5.40832467800004,0],[95.9371188970001,5.40835176400003,0],[95.9371412990001,5.40837948400002,0],[95.937174408,5.40842156300005,0],[95.937328171,5.40861867900003,0],[95.937382965,5.40868954100006,0],[95.9373944530001,5.40870461700007,0],[95.9377868000001,5.40921953200007,0],[95.9378407790001,5.40929100500006,0],[95.937882389,5.40934745500005,0],[95.937912871,5.40939030300007,0],[95.9379414900001,5.40943270000002,0],[95.9379883920001,5.40950391500007,0],[95.9380073720001,5.40953224900005,0],[95.9380273300001,5.40956106000004,0],[95.9380483030001,5.40959032000006,0],[95.938101621,5.40966285500002,0],[95.9382685530001,5.40988798200004,0],[95.938294682,5.40992322000005,0],[95.938443943,5.41012366700005,0],[95.9385514040001,5.41026868000006,0],[95.9385843140001,5.41031236000003,0],[95.9386065960001,5.41034060500004,0],[95.9386178550001,5.41035406400005,0],[95.9386291900001,5.41036676500005,0],[95.9386405880001,5.41037835400004,0],[95.9386520190001,5.41038834900007,0],[95.9386634310001,5.41039610300004,0],[95.9386686020001,5.41039867600006,0],[95.9386778520001,5.41040157000003,0],[95.9386863710001,5.41040206100007,0],[95.9386939130001,5.41039986500004,0],[95.9386980780001,5.41039640700006,0],[95.9387007080001,5.41039158600006,0],[95.938701801,5.41038484000006,0],[95.9387011620001,5.41037729100003,0],[95.9386991370001,5.41036896600002,0],[95.938695233,5.41035821600002,0],[95.9386900600001,5.41034685700004,0],[95.9386839050001,5.41033508000004,0],[95.9386769820001,5.41032303400004,0],[95.9386694500001,5.41031083800004,0],[95.9386595970001,5.41029585500007,0],[95.9386492390001,5.41028085600004,0],[95.9386276660001,5.41025094400004,0],[95.9386055940001,5.41022123400006,0],[95.9385865240001,5.41019589100006,0],[95.9385274110001,5.41011733400006,0],[95.9384629950001,5.41003173000007,0],[95.9383740220001,5.40991293900004,0],[95.9380251100001,5.40944709500008,0],[95.9379787810001,5.40938541700007,0],[95.937977081,5.40938315400007,0],[95.9379191780001,5.40930606800003,0],[95.9378184510001,5.40917295100007,0],[95.9378003340001,5.40914837800005,0],[95.9377862060001,5.40912853800006,0],[95.9377686340001,5.40910287000003,0],[95.937751684,5.40907680200007,0],[95.9377356570001,5.40905017600005,0],[95.937728378,5.40903704200002,0],[95.937721373,5.40902375100006,0],[95.9377079830001,5.40899681900004,0],[95.9377072880001,5.40899532900005,0],[95.9376945270001,5.40896797000005,0],[95.9376818060001,5.40893883100006,0],[95.937670159,5.40890937600005,0],[95.9376655510001,5.40889626400002,0],[95.937661393,5.40888304800006,0],[95.9376578090001,5.40886970500003,0],[95.937655325,5.40885835200004,0],[95.9376526200001,5.40884201200004,0],[95.9376508550001,5.40882553900002,0],[95.9376500560001,5.40881048300002,0],[95.9376499830001,5.40879574800005,0],[95.9376505720001,5.40878100900005,0],[95.9376516070001,5.40876829300004,0],[95.9376535870001,5.40875222800003,0],[95.9376575740001,5.40872974900003,0],[95.9376605350001,5.40871677300004,0],[95.937663946,5.40870390000003,0],[95.937667688,5.40869151900006,0],[95.937672933,5.40867628500007,0],[95.9376787880001,5.40866125500003,0],[95.937685258,5.40864636000003,0],[95.9376927370001,5.40863071000007,0],[95.9377008580001,5.40861496700006,0],[95.9377180660001,5.40858392200005,0],[95.937735962,5.40855321100003,0],[95.9377816080001,5.40847698800007,0],[95.93780938,5.40843156500006,0],[95.9378269090001,5.40840381300006,0],[95.937844839,5.40837655200005,0],[95.937863232,5.40834987100004,0],[95.9378786110001,5.40832846300003,0],[95.937901411,5.40829796200006,0],[95.937922846,5.40827006800004,0],[95.93810711,5.40803455300005,0],[95.9381718670001,5.40795086700007,0],[95.9382473840001,5.40785110600007,0],[95.9386454310001,5.40732293600007,0],[95.938677827,5.40728021000007,0],[95.938710616,5.40723779900003,0],[95.9387424000001,5.40719848300006,0],[95.9387739050001,5.40716089300003,0],[95.9390489640001,5.40683818400004,0],[95.939072497,5.40681091100004,0],[95.9390963160001,5.40678390400006,0],[95.9391166140001,5.40676170600005,0],[95.9391416560001,5.40673563500008,0],[95.9391613440001,5.40671628500007,0],[95.9391729380001,5.40670533300005,0],[95.9391974120001,5.40668313800006,0],[95.9392194860001,5.40666391100007,0],[95.9392938490001,5.40660044900005,0],[95.939333321,5.40656613900006,0],[95.9394126760001,5.40649599600005,0],[95.939497321,5.40642030600003,0],[95.939882701,5.40607033100002,0],[95.939935302,5.40602213000005,0],[95.9399696390001,5.40598997200004,0],[95.94000442,5.40595660500003,0],[95.9400540110001,5.40590824200007,0],[95.940103326,5.40585959700007,0],[95.940130626,5.40583223600004,0],[95.94017447,5.40578698600007,0],[95.9402932400001,5.40566120000005,0],[95.940317528,5.40563610600003,0],[95.9403546840001,5.40559848600003,0],[95.9406291160001,5.40532450900002,0],[95.9406668440001,5.40528747400003,0],[95.940705542,5.40525086700006,0],[95.9407322480001,5.40522662000006,0],[95.9407861940001,5.40517869300004,0],[95.941165303,5.40484481100003,0],[95.9412326550001,5.40478651600006,0],[95.9414072330001,5.40463732900002,0],[95.9414337750001,5.40461405100007,0],[95.941459874,5.40459031500006,0],[95.9414726420001,5.40457815600007,0],[95.941485286,5.40456560800004,0],[95.9414977200001,5.40455284400002,0],[95.9415221730001,5.40452688500005,0],[95.941558312,5.40448738900005,0],[95.941701891,5.40432839200002,0],[95.9417260160001,5.40430208400005,0],[95.9417503980001,5.40427602800003,0],[95.941762753,5.40426315800005,0],[95.9417878560001,5.40423784000006,0],[95.9418518040001,5.40417570700004,0],[95.942186705,5.40385493400004,0],[95.9422633510001,5.40378326900003,0],[95.942429593,5.40362949500008,0],[95.9424681290001,5.40359420100003,0],[95.9425071510001,5.40355909400006,0],[95.9428228940001,5.40328080100005,0],[95.9428621230001,5.40324575600005,0],[95.9429004200001,5.40321046800005,0],[95.942961713,5.40315146200004,0],[95.9433077090001,5.40281317700004,0],[95.9433587970001,5.40276416800003,0],[95.9434098620001,5.40271652400003,0],[95.943462438,5.40266843300003,0],[95.9435260700001,5.40261168600006,0],[95.9440592130001,5.40214184100006,0],[95.9445457790001,5.40171429100008,0],[95.944600187,5.40166711500007,0],[95.9446761280001,5.40160273700008,0],[95.9447183030001,5.40156618100002,0],[95.9447355790001,5.40155092400005,0],[95.944785218,5.40150708600004,0],[95.945025543,5.40129368000004,0],[95.9450920210001,5.40123409600005,0],[95.9451289740001,5.40119993800005,0],[95.9451661590001,5.40116422100004,0],[95.945252263,5.40108018700005,0],[95.9452771680001,5.40105652700004,0],[95.945302547,5.40103340600007,0],[95.9453294260001,5.40101041000003,0],[95.945356802,5.40098797800005,0],[95.9453983000001,5.40095482500004,0],[95.9455651690001,5.40082321200003,0],[95.945620627,5.40077914100004,0],[95.9456618630001,5.40074565500004,0],[95.9457013250001,5.40071244800004,0],[95.945831458,5.40060005500004,0],[95.9458702960001,5.40056610500005,0],[95.9459091290001,5.40053151100005,0],[95.9459741200001,5.40047203600005,0],[95.946207084,5.40025679400003,0],[95.9462461420001,5.40022118500002,0],[95.9462859320001,5.40018594700007,0],[95.946354216,5.40012792700003,0],[95.9468074850001,5.39974791600002,0],[95.946862572,5.39970204600007,0],[95.946890362,5.39967943800002,0],[95.9469185520001,5.39965735800007,0],[95.94693261,5.39964682200002,0],[95.9469610790001,5.39962621900003,0],[95.9470187210001,5.39958594000007,0],[95.947221556,5.39944640300007,0],[95.947293787,5.39939628200005,0],[95.9473366930001,5.39936561600007,0],[95.9473650770001,5.39934449300006,0],[95.9473932320001,5.39932305700006,0],[95.947882726,5.39894350700007,0],[95.948035051,5.39882475000007,0],[95.9481608240001,5.39872526200003,0],[95.9483656690001,5.39856097800003,0],[95.9484461000001,5.39849744800006,0],[95.9493731430001,5.39778164700004,0],[95.9494443460001,5.39772644500005,0],[95.949568728,5.39762926300006,0],[95.9496221570001,5.39758835700007,0],[95.9496719080001,5.39755143300005,0],[95.9497279650001,5.39751052200006,0],[95.9498262880001,5.39743923200007,0],[95.9498832500001,5.39739843500007,0],[95.9504290890001,5.39701555500005,0],[95.9504734370001,5.39698464900005,0],[95.9505031730001,5.39696431800007,0],[95.9505332200001,5.39694449000007,0],[95.950548444,5.39693489900003,0],[95.9505626060001,5.39692633500005,0],[95.950591289,5.39690978700003,0],[95.9506348610001,5.39688586600005,0],[95.950678828,5.39686264300002,0],[95.9507083330001,5.39684755400003,0],[95.950766586,5.39681863700002,0],[95.9507851850001,5.39680875000005,0],[95.9507980260001,5.39680148800005,0],[95.95081372,5.39679199700004,0],[95.9508296830001,5.39678147600006,0],[95.950840439,5.39677381700005,0],[95.950854679,5.39676285600007,0],[95.9508653510001,5.39675394800003,0],[95.950877404,5.39674309500003,0],[95.9508884580001,5.39673235900005,0],[95.9508997070001,5.39672066200006,0],[95.9509101530001,5.39670916700004,0],[95.9509491160001,5.39666382600007,0],[95.9509628420001,5.39664871800005,0],[95.9509738580001,5.39663728300008,0],[95.9509837250001,5.39662757500002,0],[95.9509968840001,5.39661537400002,0],[95.9510145180001,5.39660014000003,0],[95.9510422480001,5.39657776300004,0],[95.9510705270001,5.39655598400003,0],[95.951113401,5.39652381900004,0],[95.951170899,5.39648133100007,0],[95.951227971,5.39643981300003,0],[95.9512805370001,5.39640211600005,0],[95.951308424,5.39638247700003,0],[95.9513423530001,5.39635924000004,0],[95.9513807380001,5.39633399300004,0],[95.9514255240001,5.39630532200005,0],[95.9516502660001,5.39616320800008,0],[95.9517831650001,5.39607961500008,0],[95.951914667,5.39599761400007,0],[95.9524032780001,5.39569923200003,0],[95.9524912750001,5.39564648000004,0],[95.9525349230001,5.39562077700003,0],[95.9525641820001,5.39560393200003,0],[95.9525903300001,5.39558936500003,0],[95.9526197050001,5.39557374900005,0],[95.9526496660001,5.39555883000003,0],[95.9526804990001,5.39554473300007,0],[95.952699635,5.39553666200004,0],[95.952728306,5.39552550900004,0],[95.952749016,5.39551800900006,0],[95.9528035420001,5.39549902400006,0],[95.9528330910001,5.39548803200006,0],[95.95284645,5.39548267700008,0],[95.952876915,5.39546946100006,0],[95.9528937000001,5.39546158100006,0],[95.952908054,5.39545453200003,0],[95.9529389130001,5.39543858000008,0],[95.952969356,5.39542215800003,0],[95.9530299130001,5.39538863300004,0],[95.9537747250001,5.39497208800003,0],[95.9538677350001,5.39491974200007,0],[95.9539768100001,5.39485688900004,0],[95.9541945390001,5.39473044100004,0],[95.9542563590001,5.39469368400006,0],[95.9543480350001,5.39463682900004,0],[95.9543763710001,5.39462007800006,0],[95.9544147600001,5.39459863100006,0],[95.954452243,5.39457876100005,0],[95.954512348,5.39454802800003,0],[95.954879899,5.39436306800008,0],[95.9550074310001,5.39429858000005,0],[95.9555267600001,5.39403241600007,0],[95.9555737380001,5.39400779100004,0],[95.9556202370001,5.39398230900002,0],[95.95570279,5.39393370800002,0],[95.9557340530001,5.39391586600004,0],[95.95576529,5.39389898700006,0],[95.9558012950001,5.39388089200003,0],[95.9558233230001,5.39387055900005,0],[95.9558566110001,5.39385596000005,0],[95.9558790980001,5.39384675400004,0],[95.955911164,5.39383456900003,0],[95.9559361770001,5.39382588800004,0],[95.9559669670001,5.39381627100005,0],[95.955975111,5.39381402100003,0],[95.956011876,5.39379794400003,0],[95.956098733,5.39375688500007,0],[95.9561536850001,5.39372807400002,0],[95.956217714,5.39370013100006,0],[95.956276055,5.39368072400003,0],[95.9563189680001,5.39367692900004,0],[95.9563499860001,5.39367916900005,0],[95.956385831,5.39369333700006,0],[95.956414538,5.39371112600003,0],[95.956455212,5.39373722200003,0],[95.9565233420001,5.39376916100002,0],[95.956556773,5.39377736600005,0],[95.9565877790001,5.39377721500006,0],[95.9566341880001,5.39375667000007,0],[95.9566662300001,5.39372424300007,0],[95.9566673250001,5.39370392000006,0],[95.9566589080001,5.39368961900004,0],[95.95654527,5.39361845900004,0],[95.956450702,5.39356632000005,0],[95.9564487100001,5.39356167800003,0],[95.9564464690001,5.39355845800003,0],[95.9563515710001,5.39351422300007,0],[95.956150452,5.39335504400003,0],[95.956087573,5.39329666200007,0],[95.9563128990001,5.39316242400002,0],[95.956346394,5.39318377400002,0],[95.956494035,5.39313524700003,0],[95.956945342,5.39299679900006,0],[95.9573346720001,5.39286582200003,0],[95.9574740580001,5.39283645900002,0],[95.957589646,5.39281796900002,0],[95.9576755020001,5.39281635600003,0],[95.9577458380001,5.39281123200004,0],[95.9577788970001,5.39280758200005,0],[95.9578020120001,5.39280207800005,0],[95.9578233060001,5.39279586100002,0],[95.9578402700001,5.39279023300003,0],[95.957873905,5.39277784900003,0],[95.9579073180001,5.39276460300005,0],[95.9579572600001,5.39274406100003,0],[95.958056985,5.39270239700005,0],[95.9581067380001,5.39268132400002,0],[95.9581389620001,5.39266732100003,0],[95.9581856180001,5.39264636400003,0],[95.9582319840001,5.39262504500005,0],[95.95829366,5.39259630300006,0],[95.9583397380001,5.39257438000004,0],[95.9583700050001,5.39255954100003,0],[95.9584001010001,5.39254437500006,0],[95.958444603,5.39252101600005,0],[95.958473902,5.39250481800002,0],[95.9584883860001,5.39249644800003,0],[95.9585385080001,5.39246630700006,0],[95.9585638460001,5.39245187100005,0],[95.9586064280001,5.39242944500006,0],[95.9586639460001,5.39240082800006,0],[95.9587427390001,5.39236268000008,0],[95.9589521110001,5.39226205800003,0],[95.9591779070001,5.39215510100007,0],[95.959549699,5.39197723100006,0],[95.9601479010001,5.39168746500008,0],[95.960257185,5.39163452800005,0],[95.9603054440001,5.39161115200005,0],[95.9604824620001,5.39152503000003,0],[95.9609813930001,5.39128084800006,0],[95.9610615500001,5.39124117000006,0],[95.961187512,5.39117763000007,0],[95.961234839,5.39115414200006,0],[95.9612980680001,5.39112349000004,0],[95.9614089680001,5.39107035600006,0],[95.9615341850001,5.39101139100006,0],[95.9621548970001,5.39072242000003,0],[95.962267839,5.39066912800007,0],[95.9635925950001,5.39003732000003,0],[95.963801575,5.38993725800003,0],[95.9639132200001,5.38988307800003,0],[95.964343226,5.38967200700006,0],[95.964439445,5.38962533300003,0],[95.964536728,5.38957944200007,0],[95.9648776220001,5.38941965900005,0],[95.9651375700001,5.38929833000003,0],[95.9653790400001,5.38918610800005,0],[95.965459222,5.38914849100007,0],[95.9659198990001,5.38892782200003,0],[95.9663198760001,5.38873474600007,0],[95.9663996190001,5.38869662200005,0],[95.9664473010001,5.38867441900004,0],[95.9664956700001,5.38865265800007,0],[95.9665442390001,5.38863133700005,0],[95.9665936110001,5.38861033700005,0],[95.9666267170001,5.38859700700004,0],[95.9666433730001,5.38859073000003,0],[95.9666601340001,5.38858485700007,0],[95.9666838960001,5.38857761000003,0],[95.966698486,5.38857396400005,0],[95.966713208,5.38857089100003,0],[95.966728253,5.38856834000006,0],[95.9667430280001,5.38856633500006,0],[95.9667727730001,5.38856328200006,0],[95.9668249210001,5.38855925600006,0],[95.9670166760001,5.38854642200005,0],[95.9671037700001,5.38854014000003,0],[95.9671559500001,5.38853570900005,0],[95.967208461,5.38852990800007,0],[95.967296155,5.38851815800007,0],[95.9678219370001,5.38844418400004,0],[95.967980868,5.38842223600005,0],[95.9682706400001,5.38838347100005,0],[95.9683311370001,5.38837599900006,0],[95.968372,5.38837156200003,0],[95.9684134380001,5.38836763000006,0],[95.9684482010001,5.38836470600006,0],[95.9685874250001,5.38835405700007,0],[95.968657115,5.38834933700002,0],[95.968691977,5.38834776200002,0],[95.9687094080001,5.38834740800007,0],[95.968726212,5.38834746000003,0],[95.9687564390001,5.38834853500003,0],[95.9687733260001,5.38834970200003,0],[95.96879017,5.38835125700007,0],[95.968806956,5.38835320500004,0],[95.9688236040001,5.38835556200007,0],[95.9688401510001,5.38835835700007,0],[95.9688565640001,5.38836164400004,0],[95.9688728,5.38836552200007,0],[95.9688887950001,5.38837014600006,0],[95.9688981100001,5.38837330600006,0],[95.9689073090001,5.38837679300002,0],[95.9689223870001,5.38838330200002,0],[95.9689371900001,5.38839051800005,0],[95.968951771,5.38839828500005,0],[95.9689661620001,5.38840649300005,0],[95.9689803800001,5.38841507400002,0],[95.9689943290001,5.38842390800005,0],[95.969021882,5.38844223400002,0],[95.969049145,5.38846107800003,0],[95.969075435,5.38847968500005,0],[95.9691007640001,5.38849800200006,0],[95.9691258160001,5.38851666500005,0],[95.969150798,5.38853622400006,0],[95.969175529,5.38855688900003,0],[95.9692014820001,5.38858013900006,0],[95.9692396170001,5.38861601900004,0],[95.9693407340001,5.38871305200007,0],[95.9693781570001,5.38874975300007,0],[95.9693902430001,5.38876214300006,0],[95.9694019460001,5.38877467800006,0],[95.969413086,5.38878742000003,0],[95.969423416,5.38880045500002,0],[95.9694326050001,5.38881389100004,0],[95.9694402160001,5.38882787400007,0],[95.969443556,5.38883589800002,0],[95.9694461980001,5.38884412500005,0],[95.969448034,5.38885213900005,0],[95.969449222,5.38886028300004,0],[95.9694498430001,5.38887234600003,0],[95.9694491650001,5.38888451400004,0],[95.9694476270001,5.38889460000007,0],[95.969445292,5.38890466000004,0],[95.9694424950001,5.38891347100002,0],[95.9694304020001,5.38893800700004,0],[95.9694157220001,5.38896007000005,0],[95.9694062550001,5.38897493700006,0],[95.969392128,5.38901277400004,0],[95.9693827600001,5.38904819700002,0],[95.969379958,5.38906064100007,0],[95.9693814550001,5.38907401900002,0],[95.9693954410001,5.38910550400004,0],[95.969412301,5.38913936500006,0],[95.9694338770001,5.38916220800007,0],[95.9694654620001,5.38918308900003,0],[95.9694821940001,5.38919065600004,0],[95.969490324,5.38919492000002,0],[95.9695013070001,5.38919725700003,0],[95.9695485330001,5.38919750400004,0],[95.9695971570001,5.38919105200006,0],[95.969627137,5.38917656300004,0],[95.9696656190001,5.38914434300005,0],[95.9696841080001,5.38912082700006,0],[95.9696921290001,5.38910262200005,0],[95.9696971600001,5.38905813600007,0],[95.9696969780001,5.38902084700004,0],[95.9696876720001,5.38897069500007,0],[95.969658226,5.38889912600007,0],[95.9696359530001,5.38887208900007,0],[95.9696331530001,5.38886727300007,0],[95.9696205450001,5.38884741100003,0],[95.9696048170001,5.38882509500007,0],[95.9695856370001,5.38880042600005,0],[95.9695756470001,5.38878841800005,0],[95.9695639810001,5.38877502300005,0],[95.9695520710001,5.38876184800006,0],[95.9695277900001,5.38873593500006,0],[95.969478359,5.38868504400006,0],[95.9694405340001,5.38864720700008,0],[95.9693150210001,5.38852435100006,0],[95.9692645370001,5.38847557100007,0],[95.969520038,5.38823418200008,0],[95.969578229,5.38817920600007,0],[95.969609071,5.38817219600003,0],[95.969631501,5.38815537400006,0],[95.9696511280001,5.38812593400007,0],[95.969650556,5.38812006900002,0],[95.9696455200001,5.38806845600004,0],[95.9696233770001,5.38801031300005,0],[95.9695467660001,5.38795092800007,0],[95.9694342650001,5.38786781400006,0],[95.9694298970001,5.38786599800005,0],[95.969406243,5.38784404600005,0],[95.9693516840001,5.38780702300005,0],[95.969278509,5.38776722200004,0],[95.9692075170001,5.38773529800005,0],[95.9691172140001,5.38770490300004,0],[95.9690161990001,5.38767886300008,0],[95.968931694,5.38766349900004,0],[95.9688851720001,5.38766085800006,0],[95.968837992,5.38766108800007,0],[95.9688329320001,5.38766052100004,0],[95.9687841590001,5.38765644800003,0],[95.9687363180001,5.38765388900003,0],[95.9687020550001,5.38765289100007,0],[95.9686677940001,5.38765240900005,0],[95.968667204,5.38765241000004,0],[95.968646855,5.38765054700002,0],[95.968623945,5.38764779000007,0],[95.9685967280001,5.38764218600005,0],[95.9685702610001,5.38764374900006,0],[95.96850663,5.38765410000002,0],[95.9684558960001,5.38766797200003,0],[95.9684037170001,5.38767898300006,0],[95.9683407910001,5.38768717800002,0],[95.968284323,5.38769892800002,0],[95.968254486,5.38770867200003,0],[95.9682287210001,5.38771204700004,0],[95.9682184800001,5.38771324800007,0],[95.9681734930001,5.38771452800006,0],[95.968139163,5.38771756400007,0],[95.968112138,5.38771884900007,0],[95.967957529,5.38773972500007,0],[95.9677764130001,5.38777048800006,0],[95.967667954,5.38778296900006,0],[95.9676035700001,5.38778567400004,0],[95.9674474110001,5.38779838700003,0],[95.9673603520001,5.38779761700005,0],[95.9673447970001,5.38778693600005,0],[95.9673410920001,5.38776066000003,0],[95.9673491780001,5.38770683700005,0],[95.96736681,5.38765416200005,0],[95.9673879970001,5.38759669000007,0],[95.9673896090001,5.38759395000005,0],[95.9673950470001,5.38757514200006,0],[95.9674246450001,5.38753077500007,0],[95.9674541670001,5.38747087100006,0],[95.9674766630001,5.38743729700008,0],[95.9675098610001,5.38739769300003,0],[95.96752288,5.38737731200007,0],[95.9675264400001,5.38737033100006,0],[95.967566021,5.38719773600008,0],[95.967566618,5.38719697800002,0],[95.9675787420001,5.38718019800007,0],[95.9675876790001,5.38716666500005,0],[95.967596126,5.38715281200007,0],[95.9676020100001,5.38714243100003,0],[95.9676076120001,5.38713188900005,0],[95.9676143330001,5.38711824400002,0],[95.9676206280001,5.38710438200008,0],[95.9676277670001,5.38708724400004,0],[95.967633956,5.38707102400002,0],[95.967639793,5.38705465100003,0],[95.9676453760001,5.38703817200008,0],[95.9676560290001,5.38700501000005,0],[95.9676711660001,5.38695498700002,0],[95.967680692,5.38692148800004,0],[95.9676899580001,5.38688600200004,0],[95.9676959220001,5.38686111100003,0],[95.96770996,5.38679940300005,0],[95.967716882,5.38677128000006,0],[95.96772558,5.38673962200005,0],[95.9677347910001,5.38670967900003,0],[95.9677512820001,5.38666085400007,0],[95.9677744050001,5.38659610600007,0],[95.9677922860001,5.38654774800005,0],[95.9678046750001,5.38651570900004,0],[95.9678111250001,5.38649979800005,0],[95.9678261720001,5.38646518300004,0],[95.9678386720001,5.38643882300005,0],[95.9678546100001,5.38640723700007,0],[95.967871012,5.38637586800007,0],[95.9680462850001,5.38604794400004,0],[95.968071696,5.38600131300007,0],[95.9680973060001,5.38595630500004,0],[95.9681200630001,5.38591845600007,0],[95.9681560550001,5.38586068000006,0],[95.9681926100001,5.38580326000005,0],[95.9682183520001,5.38576403100006,0],[95.9682336120001,5.38574168400004,0],[95.9682536590001,5.38571374500003,0],[95.9682761240001,5.38568409100003,0],[95.968297201,5.38565715200002,0],[95.9683505550001,5.38559029400005,0],[95.9684365320001,5.38548345600003,0],[95.9684914050001,5.38541610500005,0],[95.9685246700001,5.38537598200003,0],[95.968581795,5.38530915400003,0],[95.9687775370001,5.38508321100005,0],[95.9688238150001,5.38503024900007,0],[95.9688561930001,5.38499413800002,0],[95.9688894640001,5.38495847600007,0],[95.968924761,5.38492185400003,0],[95.9690673760001,5.38477671600003,0],[95.9693924950001,5.38445013300003,0],[95.9695548110001,5.38428644500004,0],[95.9695798810001,5.38426144200002,0],[95.969605173,5.38423682200005,0],[95.969630941,5.38421301900007,0],[95.9696441400001,5.38420165100007,0],[95.969657656,5.38419082400003,0],[95.9696721820001,5.38418032900006,0],[95.9696856740001,5.38417180300007,0],[95.96969397,5.38416714200002,0],[95.9697342890001,5.38414649000003,0],[95.969752213,5.38413657100006,0],[95.969762669,5.38413029700007,0],[95.9697759970001,5.38412169300005,0],[95.9697890630001,5.38411262800003,0],[95.9698017320001,5.38410327500003,0],[95.9698141760001,5.38409357200004,0],[95.9698287860001,5.38408155500002,0],[95.9698519520001,5.38406138400006,0],[95.96987792,5.38403769200005,0],[95.9699164240001,5.38400155700003,0],[95.970171958,5.38375935500005,0],[95.9702354730001,5.38369847000007,0],[95.970269332,5.38366488600008,0],[95.9703684470001,5.38356479500004,0],[95.9704356340001,5.38349769700005,0],[95.9705448010001,5.38338961900007,0],[95.9705814280001,5.38335385100004,0],[95.9706061000001,5.38333028400007,0],[95.970636992,5.38330194400004,0],[95.9707388730001,5.38321311300007,0],[95.9707913410001,5.38316588000004,0],[95.97101216,5.38296268300007,0],[95.971050914,5.38292659700005,0],[95.971089368,5.38289007800006,0],[95.9711529570001,5.38282858700006,0],[95.971495491,5.38249563700003,0],[95.9718614560001,5.38213801800003,0],[95.9718994070001,5.38210113000002,0],[95.97193752,5.38206465500002,0],[95.9719885640001,5.38201691500007,0],[95.9720271370001,5.38198145500007,0],[95.972053078,5.38195811200006,0],[95.972079378,5.38193524600007,0],[95.9721063310001,5.38191324800005,0],[95.9721553850001,5.38187640400002,0],[95.9721729890001,5.38186262500005,0],[95.9721928480001,5.38184625700006,0],[95.9722196740001,5.38182294900002,0],[95.9722461110001,5.38179914800003,0],[95.972285431,5.38176302000005,0],[95.972481185,5.38158132500007,0],[95.9725457470001,5.38152061800002,0],[95.972620856,5.38144805700006,0],[95.972670426,5.38139917300003,0],[95.9727324840001,5.38133666400006,0],[95.9727777270001,5.38129161800003,0],[95.9728173140001,5.38125277600005,0],[95.972851802,5.38121957900006,0],[95.9729063570001,5.38116821000006,0],[95.9731961720001,5.38089849500005,0],[95.973274368,5.38082509200007,0],[95.9737853930001,5.38033881700005,0],[95.9739370650001,5.38019405400007,0],[95.9742249050001,5.37991932500006,0],[95.9743026940001,5.37984547600007,0],[95.974401631,5.37975361100007,0],[95.9744640540001,5.37969685400003,0],[95.9745036250001,5.37966230100005,0],[95.9745848890001,5.37959282800006,0],[95.974638315,5.37954612400006,0],[95.9747045290001,5.37948710500007,0],[95.9747303830001,5.37946335300006,0],[95.9747537060001,5.37944135700008,0],[95.9748166530001,5.37938050200006,0],[95.9751173880001,5.37908689500006,0],[95.9751669940001,5.37903782300003,0],[95.9752277330001,5.37897663800004,0],[95.9753730530001,5.37882933800006,0],[95.975433787,5.37876722400006,0],[95.9758676860001,5.37831526100007,0],[95.9759050870001,5.37827673300006,0],[95.9759428070001,5.37823889600003,0],[95.9759807730001,5.37820204600007,0],[95.9760189960001,5.37816545500004,0],[95.9764148660001,5.37778825000004,0],[95.9768930850001,5.37733455600005,0],[95.9769709030001,5.37726127400003,0],[95.977047891,5.37719054500008,0],[95.977125458,5.37712032400003,0],[95.9773085790001,5.37695735900007,0],[95.9774003240001,5.37687608600004,0],[95.9774473410001,5.37683509200002,0],[95.977505626,5.37678509000006,0],[95.977665566,5.37664880500006,0],[95.977729486,5.37659482200007,0],[95.9778062080001,5.37653140600003,0],[95.9778895840001,5.37646298100003,0],[95.9783749320001,5.37606466300002,0],[95.9784299890001,5.37601862200006,0],[95.9785301890001,5.37593194800007,0],[95.978568049,5.37589983200007,0],[95.9786495810001,5.37583235300002,0],[95.9787723530001,5.37573170600007,0],[95.9788274050001,5.37568759500004,0],[95.978869692,5.37565509400002,0],[95.978940912,5.37560188300006,0],[95.9790262430001,5.37553937600006,0],[95.9790639020001,5.37551098700004,0],[95.9790901600001,5.37549046800007,0],[95.97910311,5.37547999300006,0],[95.9791193950001,5.37546635400003,0],[95.9791347610001,5.37545295700005,0],[95.979148014,5.37544096400006,0],[95.9791709620001,5.37541930500004,0],[95.9792084840001,5.37538233500004,0],[95.9793196730001,5.37526991900006,0],[95.979393536,5.37519472200006,0],[95.9794547700001,5.37513125800007,0],[95.9794802430001,5.37510460300007,0],[95.9795278870001,5.37505474900007,0],[95.9796562510001,5.37491825000006,0],[95.979679682,5.37489390800005,0],[95.9797041130001,5.37486936700003,0],[95.9797295640001,5.37484464800002,0],[95.9797681370001,5.37480796700004,0],[95.9799750910001,5.37461356700004,0],[95.980001196,5.37458953100003,0],[95.9800256120001,5.37456756400007,0],[95.9800528680001,5.37454377600005,0],[95.9800764620001,5.37452373400004,0],[95.9801147260001,5.37449207800006,0],[95.9801551290001,5.37445924500003,0],[95.9804253330001,5.37424139600006,0],[95.9805099220001,5.37417446200004,0],[95.9807922240001,5.37395221400004,0],[95.980932538,5.37384199700006,0],[95.9810028650001,5.37378724700005,0],[95.9814120560001,5.37347461500002,0],[95.9814823990001,5.37342044700006,0],[95.9815668150001,5.37335396900005,0],[95.981649684,5.37328820100004,0],[95.981875427,5.37310904300006,0],[95.9819459390001,5.37305387200007,0],[95.9819883380001,5.37302202600006,0],[95.9820309040001,5.37299096700002,0],[95.982555958,5.37261301800004,0],[95.9826119800001,5.37257231500007,0],[95.9826397410001,5.37255164900006,0],[95.9826671170001,5.37253049400005,0],[95.9826928190001,5.37250954500007,0],[95.982718171,5.37248814900005,0],[95.9828068480001,5.37241206700003,0],[95.9828730200001,5.37235653400006,0],[95.9830191500001,5.37223502400008,0],[95.9830593080001,5.37220229300004,0],[95.9830864210001,5.37218093300004,0],[95.9831146860001,5.37215986300004,0],[95.983144128,5.37213911900005,0],[95.9831888260001,5.37210872700007,0],[95.9833086130001,5.37202846700006,0],[95.9833531090001,5.37199777900003,0],[95.9833817940001,5.37197703000004,0],[95.9834095800001,5.37195610300006,0],[95.9834920340001,5.37189206000005,0],[95.9836700880001,5.37175248000005,0],[95.9837958460001,5.37165320500003,0],[95.9838796770001,5.37158654500007,0],[95.983921115,5.37155265300004,0],[95.9839481320001,5.37152950600006,0],[95.9839877470001,5.37149395900002,0],[95.984039958,5.37144584100002,0],[95.9841569740001,5.37133701700003,0],[95.9841962520001,5.37130112700004,0],[95.9842228480001,5.37127778000007,0],[95.984236389,5.37126644700004,0],[95.9842501790001,5.37125546700003,0],[95.9842643100001,5.37124496700005,0],[95.9842786570001,5.37123518100003,0],[95.9842933350001,5.37122586100003,0],[95.984308254,5.37121687800004,0],[95.984338543,5.37119954100007,0],[95.9844149620001,5.37115704400003,0],[95.9844451820001,5.37113937600003,0],[95.984475064,5.37112109200007,0],[95.9845195360001,5.37109307200006,0],[95.9845785800001,5.37105529300004,0],[95.9846964990001,5.37097947100006,0],[95.984755228,5.37094121900003,0],[95.9847840990001,5.37092187300004,0],[95.984805237,5.37090729900007,0],[95.9848130710001,5.37090170600004,0],[95.984850421,5.37087504000004,0],[95.984958551,5.37079551600004,0],[95.984998557,5.37076555000004,0],[95.9850245980001,5.37074552300004,0],[95.9850555230001,5.37072059800005,0],[95.9850741260001,5.37070473100005,0],[95.9850916080001,5.37068904800003,0],[95.985103252,5.37067815700004,0],[95.985118807,5.37066300600003,0],[95.9851370310001,5.37064436200006,0],[95.9851558490001,5.37062418000005,0],[95.9852104490001,5.37056243700005,0],[95.9852224400001,5.37054931300003,0],[95.985233517,5.37053779600006,0],[95.9852458560001,5.37052579300007,0],[95.9852585470001,5.37051414400003,0],[95.9852846470001,5.37049156500007,0],[95.9853113170001,5.37046955500006,0],[95.985338271,5.37044783000005,0],[95.985487511,5.37032933000006,0],[95.9855560180001,5.37027543600004,0],[95.9856550040001,5.37019891800003,0],[95.9859240330001,5.36999184200005,0],[95.986122332,5.36984027100004,0],[95.9861933230001,5.36978636500004,0],[95.9862638160001,5.36973368300005,0],[95.986475742,5.36957623500007,0],[95.986517903,5.36954445200007,0],[95.9865456260001,5.36952309900005,0],[95.986613875,5.36946917800003,0],[95.9868313250001,5.36929539400006,0],[95.9870833190001,5.36909227400002,0],[95.987162702,5.36902991300008,0],[95.987229416,5.36897868900007,0],[95.9872573900001,5.36895799200005,0],[95.9873012240001,5.36892654900004,0],[95.9874630520001,5.36881275400003,0],[95.9875515400001,5.36875100200007,0],[95.987624962,5.36870123700004,0],[95.9876985760001,5.36865230400002,0],[95.9877578840001,5.36861368500007,0],[95.987817825,5.36857569700004,0],[95.988043196,5.36843415500005,0],[95.9880878920001,5.36840528300007,0],[95.988132238,5.36837509700007,0],[95.98819073,5.36833337700006,0],[95.9882482510001,5.36829131000007,0],[95.9885264050001,5.36808328200004,0],[95.9886102830001,5.36802102100006,0],[95.988838302,5.36785498600005,0],[95.9889243760001,5.36779315600006,0],[95.9889974210001,5.36774197100004,0],[95.989392615,5.36746663300005,0],[95.9898481150001,5.36714443000005,0],[95.989935523,5.36708298500002,0],[95.9900356790001,5.36701334700007,0],[95.9901074430001,5.36696393500006,0],[95.990194633,5.36690529800006,0],[95.9902919150001,5.36683987200007,0],[95.9903494170001,5.36680048300002,0],[95.9908437030001,5.36645416000005,0],[95.990887226,5.36642347500003,0],[95.990930528,5.36639248500006,0],[95.9910013150001,5.36634014900005,0],[95.9913393950001,5.36608657600004,0],[95.9913956350001,5.36604418000007,0],[95.9914374850001,5.36601196800007,0],[95.9914786880001,5.36597877300005,0],[95.9915193370001,5.36594479800004,0],[95.991785673,5.36571825500005,0],[95.9918249350001,5.36568605300005,0],[95.9918523330001,5.36566486300006,0],[95.9918809060001,5.36564388400006,0],[95.9919242710001,5.36561307400007,0],[95.992015968,5.36554917500007,0],[95.9921425690001,5.36546095400007,0],[95.9922012810001,5.36542114900004,0],[95.9923076480001,5.36535235700006,0],[95.9923813940001,5.36530308700003,0],[95.9924106500001,5.36528303500006,0],[95.9924396470001,5.36526262400002,0],[95.992453986,5.36525220100003,0],[95.9924824490001,5.36523067700006,0],[95.9925105670001,5.36520868100007,0],[95.9925524480001,5.36517528600007,0],[95.993001172,5.36481482800002,0],[95.9931167460001,5.36472198700005,0],[95.9931805560001,5.36466999600003,0],[95.9932050720001,5.36464937800002,0],[95.9932292860001,5.36462841000002,0],[95.99326698,5.36459433800007,0],[95.9933412980001,5.36452496200008,0],[95.993415149,5.36445505300003,0],[95.993451238,5.36441985800008,0],[95.993476554,5.36439423300004,0],[95.9935016190001,5.36436833700003,0],[95.9935637470001,5.36430299400007,0],[95.9935882180001,5.36427650400003,0],[95.9936002430001,5.36426308500006,0],[95.993612038,5.36424948200005,0],[95.9936235010001,5.36423562000004,0],[95.9936344990001,5.36422139900003,0],[95.9936441070001,5.36420792200005,0],[95.993653297,5.36419412600003,0],[95.9936707640001,5.36416584600005,0],[95.9936872920001,5.36413691200005,0],[95.9936958470001,5.36412103900005,0],[95.993704091,5.36410502800004,0],[95.993711954,5.36408887800008,0],[95.9937193060001,5.36407257500002,0],[95.99372377,5.36406151600005,0],[95.9937307650001,5.36404882400006,0],[95.993755637,5.36401404300005,0],[95.9937697070001,5.36396497200008,0],[95.9937682180001,5.36390402600006,0],[95.993752929,5.36387617500003,0],[95.9944505280001,5.36315406500006,0],[95.9945538790001,5.36312833300002,0],[95.9946054810001,5.36311518900004,0],[95.9946397900001,5.36310607900003,0],[95.9946727000001,5.36309687400006,0],[95.99478751,5.36306319600004,0],[95.9948692900001,5.36303845800006,0],[95.9949017660001,5.36302798000003,0],[95.994917881,5.36302244400002,0],[95.9949341010001,5.36301652200007,0],[95.9949501520001,5.36301020500002,0],[95.9949657280001,5.36300352700005,0],[95.994981093,5.36299638700007,0],[95.9949962350001,5.36298878200006,0],[95.9950114040001,5.36298058200003,0],[95.995039664,5.36296437900006,0],[95.995155916,5.36289453800003,0],[95.9952334700001,5.36284904200005,0],[95.995264782,5.36283137400005,0],[95.995293953,5.36281554800007,0],[95.995367528,5.36277717900003,0],[95.995411935,5.36275466900003,0],[95.9954416880001,5.36273996400007,0],[95.995540497,5.36269302100004,0],[95.9956026460001,5.36266290800006,0],[95.995850379,5.36254065100007,0],[95.9961831430001,5.36237472500005,0],[95.996230795,5.36235075800005,0],[95.9962773,5.36232682100007,0],[95.9963294900001,5.36229862600004,0],[95.996357505,5.36228284400005,0],[95.9963909960001,5.36226327100007,0],[95.9964330430001,5.36223735200002,0],[95.9964926860001,5.36219893700007,0],[95.9965668670001,5.36215032200005,0],[95.9966259270001,5.36211101300006,0],[95.996669904,5.36208059500007,0],[95.996704901,5.36205529400007,0],[95.9967480620001,5.36202317500005,0],[95.996819648,5.36196915700003,0],[95.9968698270001,5.36193117900007,0],[95.9969626640001,5.36186091400003,0],[95.997071975,5.36177764100006,0],[95.9971536500001,5.36171479300003,0],[95.9971833020001,5.36169136600006,0],[95.997213006,5.36166728900002,0],[95.997266756,5.36162280600007,0],[95.9973470420001,5.36155566400004,0],[95.9973870270001,5.36152190700005,0],[95.997427035,5.36148744200005,0],[95.9974940960001,5.36142798800006,0],[95.997828101,5.36112920900007,0],[95.998270581,5.36073958000003,0],[95.9983112100001,5.36070464700003,0],[95.9983362940001,5.36068381800004,0],[95.9983708290001,5.36065615900003,0],[95.998398368,5.36063477400006,0],[95.998421926,5.36061648100002,0],[95.9984882190001,5.36056613400007,0],[95.9985578500001,5.36051479000002,0],[95.998939433,5.36023765600004,0],[95.9990632180001,5.36014847500007,0],[95.9991033520001,5.36012031600006,0],[95.999129871,5.36010227500003,0],[95.9991426460001,5.36009388200006,0],[95.99915737,5.36008420900004,0],[95.999240361,5.36003074200005,0],[95.999285312,5.36000065200005,0],[95.9993445970001,5.35995958000007,0],[95.999388051,5.35992803600004,0],[95.9994161850001,5.35990674000004,0],[95.9994720220001,5.35986355800003,0],[95.9997363270001,5.35965719700005,0],[95.999806564,5.35960113100003,0],[95.9998185590001,5.35959155500007,0],[96.0000000000001,5.35944540100007,0],[96.0001174940001,5.35935075700007,0],[96.000155271,5.35932093200006,0],[96.0002116240001,5.35927784700004,0],[96.000637296,5.35895862400002,0],[96.000722781,5.35889526300002,0],[96.0007845000001,5.35885112400007,0],[96.0007937250001,5.35884452600004,0],[96.0010360850001,5.35867360600002,0],[96.0011079560001,5.35862317400006,0],[96.001182848,5.35857101400006,0],[96.0012410370001,5.35853048700005,0],[96.0012993650001,5.35848940800003,0],[96.001426392,5.35839791000006,0],[96.001498235,5.35834551400006,0],[96.0015411400001,5.35831380400003,0],[96.001626657,5.35824894300004,0],[96.0021498840001,5.35784824200005,0],[96.0022195750001,5.35779452400004,0],[96.00239544,5.35765744800005,0],[96.0024658600001,5.35760303800004,0],[96.002636733,5.35747170400003,0],[96.0026796870001,5.35743920500005,0],[96.002708602,5.35741794000006,0],[96.002723216,5.35740753200002,0],[96.0027512760001,5.35738831900005,0],[96.0028508660001,5.35732303300006,0],[96.002879168,5.35730414700004,0],[96.002908227,5.35728413800007,0],[96.002951468,5.35725361100003,0],[96.0031543690001,5.35710792100002,0],[96.0032954900001,5.35700659200006,0],[96.0033382490001,5.35697538900007,0],[96.003447764,5.35689369400006,0],[96.0035316560001,5.35683175100007,0],[96.0035840360001,5.35679383600007,0],[96.0036389700001,5.35675503100003,0],[96.0037994950001,5.35664446700002,0],[96.0039019770001,5.35657460100003,0],[96.0039454810001,5.35654583200005,0],[96.0040578830001,5.35647398100002,0],[96.004112653,5.35643845600003,0],[96.0041668550001,5.35640220300007,0],[96.004208744,5.35637273200007,0],[96.0042794070001,5.35632124500006,0],[96.004533172,5.35613427200008,0],[96.0049926780001,5.35579180700006,0],[96.0054232730001,5.35546929100008,0],[96.0057790430001,5.35520607500007,0],[96.005821843,5.35517464200007,0],[96.005864929,5.35514361900005,0],[96.005899646,5.35511953500003,0],[96.005926102,5.35510177000003,0],[96.006060625,5.35501345200004,0],[96.0063001650001,5.35485359200004,0],[96.0064009310001,5.35478491500004,0],[96.0065580780001,5.35467710600005,0],[96.006615057,5.35463767900006,0],[96.0066573890001,5.35460756700007,0],[96.0066854140001,5.35458666600005,0],[96.0067133030001,5.35456501900006,0],[96.0067178420001,5.35456143000005,0],[96.006810257,5.35448835700004,0],[96.006853075,5.35445609800007,0],[96.0068967230001,5.35442440000003,0],[96.006927675,5.35440224900003,0],[96.006955222,5.35438253400002,0],[96.007013865,5.35434087400006,0],[96.0070580620001,5.35430995100006,0],[96.0070878020001,5.35428975100007,0],[96.0071314670001,5.35426143000007,0],[96.0072932730001,5.35416014900005,0],[96.0073225570001,5.35414152400006,0],[96.007351762,5.35412251500003,0],[96.0073954050001,5.35409335200006,0],[96.007467799,5.35404421900006,0],[96.007670251,5.35390626200007,0],[96.0077428220001,5.35385630800005,0],[96.0083560770001,5.35342848700003,0],[96.00844356,5.35336719200006,0],[96.0085304510001,5.35330510500006,0],[96.0088624810001,5.35306564700005,0],[96.0089059780001,5.35303468200004,0],[96.0089486830001,5.35300501100005,0],[96.0090619540001,5.35292824700002,0],[96.009147275,5.35287124700005,0],[96.0091904380001,5.35284355800007,0],[96.0092364480001,5.35281587700007,0],[96.009313976,5.35277110600003,0],[96.009857971,5.35245983000004,0],[96.01029427,5.35221097800007,0],[96.0103408690001,5.35218408400004,0],[96.0103717120001,5.35216580500003,0],[96.0104021640001,5.35214691400006,0],[96.0104168980001,5.35213729000003,0],[96.0104460190001,5.35211749800004,0],[96.010489234,5.35208708000005,0],[96.010575342,5.35202571900004,0],[96.0106042230001,5.35200552900005,0],[96.0106327540001,5.35198615900003,0],[96.0106892430001,5.35194925600007,0],[96.0107461570001,5.35191300700006,0],[96.0107891540001,5.35188635000003,0],[96.0108181420001,5.35186913700005,0],[96.0108493870001,5.35185161500004,0],[96.0108967680001,5.35182621700005,0],[96.011103308,5.35171818400005,0],[96.011135214,5.35170184400005,0],[96.0111673310001,5.35168599300005,0],[96.0111974740001,5.35167210800006,0],[96.011212711,5.35166558100002,0],[96.0112276140001,5.35165958900006,0],[96.011242645,5.35165394800003,0],[96.011262587,5.35164711800007,0],[96.0112857680001,5.35164013900004,0],[96.0113025650001,5.35163566500006,0],[96.0113187690001,5.35163176100002,0],[96.0113747930001,5.35161950900005,0],[96.0113910140001,5.35161565200002,0],[96.011423311,5.35160724500003,0],[96.01145546,5.35159819500007,0],[96.011487478,5.35158867100006,0],[96.011535155,5.35157340300003,0],[96.0115665070001,5.35156214400007,0],[96.0115819600001,5.35155597000005,0],[96.011598329,5.35154882000006,0],[96.0116305700001,5.35153332200002,0],[96.0116782740001,5.35150849000007,0],[96.0119150930001,5.35138027800002,0],[96.0119779950001,5.35134566500005,0],[96.0120089520001,5.35132798600006,0],[96.0120394690001,5.35131003100003,0],[96.0120850000001,5.35128268400007,0],[96.0121302690001,5.35125492500003,0],[96.012160189,5.35123603200003,0],[96.0121896900001,5.35121652400005,0],[96.012215972,5.35119802900005,0],[96.0122797640001,5.35115151800005,0],[96.012323468,5.35112038100004,0],[96.0123972000001,5.35106909200005,0],[96.012471234,5.35101824300006,0],[96.012501005,5.35099814200004,0],[96.0125350960001,5.35097574000002,0],[96.0125610220001,5.35095933000002,0],[96.0125916760001,5.35094059700003,0],[96.0126379920001,5.35091302500007,0],[96.0127929130001,5.35082177100003,0],[96.012932284,5.35073874900007,0],[96.012963427,5.35072063400003,0],[96.0129790930001,5.35071185000004,0],[96.0129948590001,5.35070338300005,0],[96.0130107680001,5.35069538600004,0],[96.0130230130001,5.35068972700003,0],[96.0130353810001,5.35068453400004,0],[96.013045902,5.35068059600007,0],[96.013056529,5.35067713800004,0],[96.0130697440001,5.35067365800006,0],[96.013084984,5.35067079400005,0],[96.0131003610001,5.35066922800007,0],[96.0131138420001,5.35066902400007,0],[96.0131273590001,5.35066980000005,0],[96.013144158,5.35067195500005,0],[96.0131602770001,5.35067513100006,0],[96.0131763270001,5.35067918800007,0],[96.0131922880001,5.35068397000003,0],[96.013221989,5.35069438900007,0],[96.01327036,5.35071242300006,0],[96.0132867610001,5.35071806000008,0],[96.0133037780001,5.35072336500002,0],[96.013320929,5.35072802700006,0],[96.0133331200001,5.35073085100004,0],[96.013345374,5.35073325800005,0],[96.0133576860001,5.35073521500004,0],[96.0133712800001,5.35073680300007,0],[96.013385987,5.35073785700007,0],[96.01340072,5.35073829000004,0],[96.0134157360001,5.35073814000003,0],[96.0134307220001,5.35073741100007,0],[96.013445651,5.35073608500005,0],[96.013459885,5.35073420600003,0],[96.013472026,5.35073210300004,0],[96.0134840640001,5.35072955500004,0],[96.0135034800001,5.35072441500006,0],[96.0135157020001,5.35072050400004,0],[96.0135521330001,5.35070772000006,0],[96.0135685930001,5.35070274400005,0],[96.013582817,5.35069940600005,0],[96.0135971550001,5.35069721500003,0],[96.0136027170001,5.35069673900006,0],[96.0136151070001,5.35069641300004,0],[96.0136275240001,5.35069701700007,0],[96.0136399300001,5.35069849100006,0],[96.0136555190001,5.35070148000005,0],[96.0136710770001,5.35070539000003,0],[96.013703208,5.35071491200006,0],[96.0139374170001,5.35079039300007,0],[96.0140212630001,5.35081683100003,0],[96.0140896330001,5.35083783200002,0],[96.0145040400001,5.35096164600003,0],[96.014539154,5.35097192600006,0],[96.014574548,5.35098177800006,0],[96.0145923630001,5.35098638300002,0],[96.0146129840001,5.35099126700004,0],[96.01463406,5.35099568100003,0],[96.0146469160001,5.35099806000005,0],[96.0146723920001,5.35100198200007,0],[96.0146772400001,5.35100253700006,0],[96.014694116,5.35100651900007,0],[96.0147263370001,5.35101173800007,0],[96.01475795,5.35101457100006,0],[96.0147686750001,5.35101332300007,0],[96.0147799590001,5.35100430400007,0],[96.014787025,5.35098634200006,0],[96.01479112,5.35097018800008,0],[96.014794039,5.35095762400005,0],[96.014792829,5.35095404400005,0],[96.0147892130001,5.35094629300005,0],[96.014773683,5.35094039500007,0],[96.014878847,5.35079981100006,0],[96.0150770720001,5.35053482300003,0],[96.015098595,5.35054690800007,0],[96.01510719,5.35054901700005,0],[96.0151193240001,5.35054322000002,0],[96.0151235710001,5.35053387700003,0],[96.015127082,5.35052023500003,0],[96.015126292,5.35050518000003,0],[96.015106109,5.35047444500003,0],[96.0150329100001,5.35042891200004,0],[96.014989928,5.35040521600007,0],[96.0149650930001,5.35038809700006,0],[96.0149277570001,5.35036403500004,0],[96.01492504,5.35036241300003,0],[96.0149058790001,5.35034778900007,0],[96.0148663800001,5.35031714900003,0],[96.014834824,5.35030152800005,0],[96.0147567440001,5.35028183400004,0],[96.014627111,5.35025378900002,0],[96.014490299,5.35022076000007,0],[96.0144107850001,5.35020035500003,0],[96.014372113,5.35019265700004,0],[96.0142968700001,5.35016793000005,0],[96.0142216450001,5.35014678800007,0],[96.0140704760001,5.35010378900006,0],[96.0139881210001,5.35008770100006,0],[96.0139372550001,5.35007360900005,0],[96.0139186360001,5.35007011600004,0],[96.0139048820001,5.35003719700006,0],[96.0139011780001,5.35001140100007,0],[96.013899639,5.34998917900003,0],[96.0139037760001,5.34995760700002,0],[96.0139086520001,5.34993033300003,0],[96.01392129,5.34988150900006,0],[96.013935325,5.34982550700005,0],[96.0139458720001,5.34979544400005,0],[96.0139483190001,5.34977818600004,0],[96.013953293,5.34974992200006,0],[96.013957356,5.34973031100003,0],[96.0139622060001,5.34970938900005,0],[96.013968493,5.34968485500002,0],[96.0139745070001,5.34966331600003,0],[96.013981663,5.34963937000003,0],[96.013996353,5.34959383200004,0],[96.014021116,5.34952195300002,0],[96.0140546600001,5.34942747600007,0],[96.014071841,5.34938081100006,0],[96.0140886560001,5.34933816400007,0],[96.014095377,5.34932222100002,0],[96.014106154,5.34929806400004,0],[96.014120898,5.34926768700007,0],[96.0141366180001,5.34923839300006,0],[96.0141533450001,5.34921020000007,0],[96.0141711520001,5.34918294300007,0],[96.014180417,5.34916975800007,0],[96.014195757,5.34914922400003,0],[96.0142098740001,5.34913165100005,0],[96.0142202160001,5.34911951100003,0],[96.014230835,5.34910761200007,0],[96.014241025,5.34909669400002,0],[96.0142651180001,5.34907246300003,0],[96.014290126,5.34904868400002,0],[96.014328219,5.34901357900003,0],[96.0143921700001,5.34895556600003,0],[96.014443714,5.34890962500003,0],[96.0144837540001,5.34887511000005,0],[96.014551021,5.34881821600004,0],[96.0149684080001,5.34846764800005,0],[96.015033224,5.34841358900007,0],[96.015072074,5.34838196000004,0],[96.015096203,5.34836302900004,0],[96.0151182870001,5.34834640300005,0],[96.0151461310001,5.34832620600002,0],[96.0151742040001,5.34830631000005,0],[96.015343724,5.34818839700006,0],[96.0153863610001,5.34815930300005,0],[96.0154197530001,5.34813711500004,0],[96.0154610320001,5.34811041800003,0],[96.0155058760001,5.34808193400005,0],[96.01594019,5.34780809700004,0],[96.0160152050001,5.34776110000007,0],[96.0160612540001,5.34773281300005,0],[96.0161075290001,5.34770490700004,0],[96.0161385800001,5.34768664800004,0],[96.016184846,5.34766042000007,0],[96.0162469080001,5.34762609700005,0],[96.016495729,5.34748980800003,0],[96.016728232,5.34736558200007,0],[96.0167746370001,5.34734047700005,0],[96.016805585,5.34732330600002,0],[96.0168829880001,5.34727916100007,0],[96.0169602280001,5.34723440700003,0],[96.0169907210001,5.34721599300002,0],[96.0170050120001,5.34720694900005,0],[96.017018168,5.34719824900003,0],[96.017031322,5.34718906500007,0],[96.0170440780001,5.34717955400004,0],[96.0170563130001,5.34716964900002,0],[96.017067861,5.34715924900007,0],[96.0170784920001,5.34714821700004,0],[96.017087916,5.34713636300006,0],[96.0170904660001,5.34713259700004,0],[96.0170978800001,5.34711958000003,0],[96.017103896,5.34710576000003,0],[96.0171085760001,5.34709128700007,0],[96.0171113010001,5.34707973400003,0],[96.0171133860001,5.34706792600002,0],[96.0171157770001,5.34704836000003,0],[96.0171193030001,5.34700389400007,0],[96.0171212660001,5.34698397800003,0],[96.0171228900001,5.34697180800003,0],[96.0171249520001,5.34695977700005,0],[96.017128486,5.34694431300005,0],[96.0171286300001,5.34694384300008,0],[96.017132733,5.34693044400007,0],[96.0171380230001,5.34691704300008,0],[96.0171449700001,5.34690330400002,0],[96.0171504990001,5.34689427700005,0],[96.0171565950001,5.34688560200004,0],[96.0171621120001,5.34687862100003,0],[96.0171679750001,5.34687188500004,0],[96.0171769580001,5.34686260300003,0],[96.017184226,5.34685577800008,0],[96.0171970280001,5.34684478500003,0],[96.0172103820001,5.34683424800005,0],[96.0172381350001,5.34681405400005,0],[96.0172666240001,5.34679450500005,0],[96.01745371,5.34666965400004,0],[96.017511223,5.34663195100006,0],[96.017533411,5.34661793400005,0],[96.0175617720001,5.34660060000004,0],[96.0176267590001,5.34656263600004,0],[96.017764728,5.34648428700007,0],[96.0178109590001,5.34645861600006,0],[96.0178420340001,5.34644181500005,0],[96.0179200800001,5.34640047000005,0],[96.018060845,5.34632657700007,0],[96.018123797,5.34629410900004,0],[96.0181871870001,5.34626212700005,0],[96.018234986,5.34623868300002,0],[96.018266698,5.34622381000003,0],[96.0183140130001,5.34620259000008,0],[96.0184090230001,5.34616094700004,0],[96.0184565910001,5.34613975500002,0],[96.0186314970001,5.34605939100004,0],[96.0186790180001,5.34603711100004,0],[96.018710479,5.34602185700004,0],[96.0187377930001,5.34600790400003,0],[96.018751475,5.34600054000003,0],[96.018768622,5.34599085300005,0],[96.0187822990001,5.34598270700008,0],[96.0187990890001,5.34597212500006,0],[96.0188097500001,5.34596503900002,0],[96.0188359370001,5.34594646900007,0],[96.0188707330001,5.34592041900004,0],[96.018894485,5.34590329900004,0],[96.018909045,5.34589328400006,0],[96.018938517,5.34587372300007,0],[96.0189981770001,5.34583557000008,0],[96.019073211,5.34578852300007,0],[96.0191183960001,5.34576056700007,0],[96.0191639170001,5.34573319000003,0],[96.019194951,5.34571535300006,0],[96.019229576,5.34569603700004,0],[96.0192418460001,5.34568919100008,0],[96.019618488,5.34548241800007,0],[96.019681366,5.34544817400007,0],[96.019728887,5.34542323300008,0],[96.0197634150001,5.34540637600003,0],[96.0198112300001,5.34538470700005,0],[96.0198754450001,5.34535676500008,0],[96.0200845900001,5.34526689000006,0],[96.0201329910001,5.34524648500008,0],[96.0201825110001,5.34522638100003,0],[96.0203499080001,5.34516102400005,0],[96.0203998810001,5.34514091000005,0],[96.0204328360001,5.34512674100006,0],[96.0204491110001,5.34511922900003,0],[96.020481196,5.34510309800004,0],[96.0205128370001,5.34508603400008,0],[96.0205599230001,5.34505964100003,0],[96.020794568,5.34492597400003,0],[96.0209979380001,5.34481012300006,0],[96.0210760310001,5.34476524800004,0],[96.0211225200001,5.34473768300006,0],[96.021153095,5.34471863400006,0],[96.021181455,5.34469973400007,0],[96.0212282780001,5.34466735500007,0],[96.0212480340001,5.34465456700002,0],[96.0212610520001,5.34464672700005,0],[96.0212742780001,5.34463936000003,0],[96.0212902100001,5.34463142100003,0],[96.0213046980001,5.34462513000005,0],[96.0213194680001,5.34461970200005,0],[96.0213292020001,5.34461671600008,0],[96.0213390490001,5.34461415700002,0],[96.0213511740001,5.34461161900003,0],[96.021363427,5.34460973500006,0],[96.021377375,5.34460841900005,0],[96.0213924240001,5.34460787400008,0],[96.021407551,5.34460812200007,0],[96.0214225820001,5.34460906300006,0],[96.02143764,5.34461054200005,0],[96.0214527110001,5.34461240800005,0],[96.021496798,5.34461861600005,0],[96.0215265780001,5.34462188700007,0],[96.021543625,5.34462291700004,0],[96.0215624590001,5.34462304100003,0],[96.021575178,5.34462243400003,0],[96.0215877950001,5.34462119100004,0],[96.021603579,5.34461859900006,0],[96.0216190850001,5.34461487600004,0],[96.0216315150001,5.34461097400003,0],[96.021641323,5.34460726500004,0],[96.0216509350001,5.34460306700004,0],[96.021663178,5.34459686000002,0],[96.0216750260001,5.34458986900006,0],[96.0216840480001,5.34458382100007,0],[96.0216941250001,5.34457631000004,0],[96.021703888,5.34456830600004,0],[96.0217131950001,5.34456004600003,0],[96.0217222700001,5.34455145300007,0],[96.0217339490001,5.34453972100005,0],[96.0217453760001,5.34452765500004,0],[96.0217677250001,5.34450288300008,0],[96.0218004530001,5.34446487200006,0],[96.0218322480001,5.34442613800007,0],[96.021842108,5.34441350900005,0],[96.021855933,5.34439494800006,0],[96.021875359,5.34436689000006,0],[96.0219032690001,5.34432395100004,0],[96.0219394260001,5.34426602400004,0],[96.0219657390001,5.34422212400005,0],[96.0219823470001,5.34419266500004,0],[96.0220058400001,5.34414818000005,0],[96.0220287100001,5.34410273000003,0],[96.022033455,5.34409288700004,0],[96.0220588070001,5.34404030100006,0],[96.0220732830001,5.34400884500008,0],[96.0220802520001,5.34399301200006,0],[96.022091829,5.34396488200002,0],[96.0220967490001,5.34395183000004,0],[96.0221067740001,5.34392218400006,0],[96.0221113470001,5.34390720900006,0],[96.022119725,5.34387733900007,0],[96.0221310810001,5.34383217100003,0],[96.0221373110001,5.34380467800003,0],[96.0221407590001,5.34378813300003,0],[96.0221439320001,5.34377153500003,0],[96.0221475060001,5.34375021100004,0],[96.0221508320001,5.34372631900004,0],[96.022152545,5.34371126400004,0],[96.022155211,5.34368122300003,0],[96.0221563470001,5.34366424200005,0],[96.0233781920001,5.34266099100006,0],[96.0234878540001,5.34265327900005,0],[96.023683282,5.34262841300006,0],[96.0238117980001,5.34257519300007,0],[96.0239449310001,5.34249087800004,0],[96.024370714,5.34226887400007,0],[96.024639247,5.34207632900007,0],[96.0249219470001,5.34185503000003,0],[96.0251262800001,5.34170104600003,0],[96.025287829,5.34161168800006,0],[96.0253137070001,5.34158259100008,0],[96.025374346,5.34151697900006,0],[96.02542363,5.34146522200007,0],[96.0254483610001,5.34144027100007,0],[96.025473043,5.34141611300004,0],[96.025572997,5.34132069900005,0],[96.0256234780001,5.34127359800004,0],[96.025649172,5.34125061700007,0],[96.0256622520001,5.34123942000002,0],[96.025675564,5.34122851500007,0],[96.025701843,5.34120852200004,0],[96.02572875,5.34118931400008,0],[96.0257966930001,5.34114207900006,0],[96.0258242930001,5.34112208700003,0],[96.025866163,5.34109025500004,0],[96.025893753,5.34106860600002,0],[96.0259210950001,5.34104664200004,0],[96.0259483780001,5.34102402300005,0],[96.0259891630001,5.34098905700006,0],[96.0261777970001,5.34082384300007,0],[96.0262318750001,5.34077686200004,0],[96.0262729040001,5.34074220100007,0],[96.0263146450001,5.34070858100006,0],[96.0263850310001,5.34065354100005,0],[96.026794367,5.34033570900004,0],[96.0271612990001,5.34005210900006,0],[96.0273413360001,5.33991456800004,0],[96.0273793700001,5.33988491100007,0],[96.0274171570001,5.33985494200004,0],[96.027458655,5.33982128200006,0],[96.0275137040001,5.33977605200005,0],[96.027596083,5.33970796800003,0],[96.0276370870001,5.33967370800002,0],[96.0276778320001,5.33963882000006,0],[96.027758889,5.33956723500006,0],[96.027797257,5.33953391600005,0],[96.0278332390001,5.33950393700007,0],[96.0278673390001,5.33947664300007,0],[96.0279216760001,5.33943421700008,0],[96.0280171160001,5.33936040700007,0],[96.0281128940001,5.33928705000005,0],[96.028179148,5.33923790100005,0],[96.0283875640001,5.33908493500007,0],[96.0284302210001,5.33905318700005,0],[96.028458411,5.33903178500003,0],[96.0285142550001,5.33898845700003,0],[96.0285976630001,5.33892299200005,0],[96.028620731,5.33890474800006,0],[96.028790632,5.33877037300005,0],[96.028861899,5.33871555900004,0],[96.0288906980001,5.33869403300002,0],[96.028919575,5.33867312900003,0],[96.0289485150001,5.33865282900007,0],[96.0289922090001,5.33862277000003,0],[96.029094575,5.33855321700003,0],[96.0292254180001,5.33846523900007,0],[96.0292982930001,5.33841658900008,0],[96.02944461,5.33831973500003,0],[96.029460799,5.33830884700006,0],[96.029488287,5.33829035700006,0],[96.0295586170001,5.33824163700007,0],[96.0296845560001,5.33815298000007,0],[96.029726865,5.33812273900003,0],[96.0297844180001,5.33808095500007,0],[96.0298417490001,5.33803887100004,0],[96.0298844440001,5.33800691100004,0],[96.0299118980001,5.33798568300006,0],[96.029938406,5.33796461300005,0],[96.0300047490001,5.33791084900002,0],[96.0300436540001,5.33787932100006,0],[96.0300833760001,5.33784766700006,0],[96.0301242230001,5.33781643300006,0],[96.0301937040001,5.33776533100007,0],[96.0303902080001,5.33762278500006,0],[96.0304750270001,5.33756204300005,0],[96.0306170260001,5.33746319200003,0],[96.0308519320001,5.33730082800002,0],[96.0308962000001,5.33726977700007,0],[96.0309254100001,5.33724867900003,0],[96.0309398460001,5.33723790300007,0],[96.0309678880001,5.33721609500003,0],[96.0310093260001,5.33718255600007,0],[96.031091474,5.33711451300007,0],[96.0312628950001,5.33697149400007,0],[96.0313419650001,5.33690610800005,0],[96.0313949420001,5.33686286200003,0],[96.0314217040001,5.33684159800003,0],[96.0314456360001,5.33682327100007,0],[96.0314700910001,5.33680530900006,0],[96.031512412,5.33677532200005,0],[96.031697384,5.33664751500004,0],[96.0317402210001,5.33661824600006,0],[96.0317841830001,5.33658876900006,0],[96.0328270860001,5.33590455100006,0],[96.032886783,5.33586561200002,0],[96.0329465080001,5.33582724600006,0],[96.0333954760001,5.33554241300004,0],[96.033470192,5.33549476200005,0],[96.0335753850001,5.33542638800003,0],[96.033620242,5.33539675300005,0],[96.033649939,5.33537669600003,0],[96.033678916,5.33535643200003,0],[96.0337212460001,5.33532564100005,0],[96.033917327,5.33517949500003,0],[96.0341446780001,5.33501181900004,0],[96.034201769,5.33497026300006,0],[96.0342452310001,5.33493969400007,0],[96.0343192770001,5.33488996800003,0],[96.0346765730001,5.33465397100002,0],[96.0347655910001,5.33459452600005,0],[96.0347951240001,5.33457419000007,0],[96.0348392990001,5.33454302600006,0],[96.035103017,5.33435410000004,0],[96.0351325,5.33433337800005,0],[96.0351622160001,5.33431300500007,0],[96.035192109,5.33429326900006,0],[96.035237346,5.33426425800008,0],[96.0354798400001,5.33411136900003,0],[96.035554968,5.33406325400006,0],[96.0359212130001,5.33382148100003,0],[96.035965026,5.33379227300003,0],[96.0359939910001,5.33377247900006,0],[96.036016159,5.33375676200006,0],[96.036044669,5.33373537000006,0],[96.0360655700001,5.33371842200006,0],[96.036078107,5.33370755300007,0],[96.0360885040001,5.33369807400004,0],[96.0361013120001,5.33368582400004,0],[96.0361493450001,5.33363797600003,0],[96.0361745430001,5.33361417900005,0],[96.036200346,5.33359105400007,0],[96.0362135190001,5.33357981700004,0],[96.0362269270001,5.33356887000002,0],[96.0362406150001,5.33355825600006,0],[96.0362545240001,5.33354792100005,0],[96.036282783,5.33352780100006,0],[96.0363257490001,5.33349835100006,0],[96.0364411830001,5.33342092600003,0],[96.036484703,5.33339224800005,0],[96.0365136930001,5.33337356900006,0],[96.0365719800001,5.33333669900003,0],[96.0366306340001,5.33330046500004,0],[96.036660269,5.33328290100008,0],[96.0366752360001,5.33327438900005,0],[96.0367054060001,5.33325811400005,0],[96.036735901,5.33324242700007,0],[96.0367973140001,5.33321181300005,0],[96.036951329,5.33313614800005,0],[96.0370969780001,5.33306506300005,0],[96.037145362,5.33304107900005,0],[96.0371773400001,5.33302461200003,0],[96.0371931600001,5.33301609300003,0],[96.0372220230001,5.33299945600004,0],[96.0372366720001,5.33299029400007,0],[96.037249397,5.33298191800003,0],[96.0372722070001,5.33296597300006,0],[96.0372864160001,5.33295556100006,0],[96.0373284990001,5.33292350100004,0],[96.0374399450001,5.33283679600004,0],[96.037481546,5.33280550900002,0],[96.0375231420001,5.33277495600004,0],[96.0375927600001,5.33272443700002,0],[96.0376486820001,5.33268434400003,0],[96.037691984,5.33265401700004,0],[96.0377507630001,5.33261360500006,0],[96.0380452360001,5.33241237700003,0],[96.038089567,5.33238244200004,0],[96.0381193110001,5.33236277400005,0],[96.0381634880001,5.33233449800002,0],[96.0382079350001,5.33230663800003,0],[96.0384901180001,5.33213124300005,0],[96.0385347860001,5.33210373900005,0],[96.038579831,5.33207658900005,0],[96.0386254360001,5.33204982000007,0],[96.038762649,5.33197018400006,0],[96.0388239980001,5.33193390900004,0],[96.0393479840001,5.33161708200004,0],[96.039394293,5.33158926000004,0],[96.0394408290001,5.33156182700003,0],[96.0395173840001,5.33151855600005,0],[96.03987127,5.33132250800003,0],[96.039963377,5.33127099400002,0],[96.0400397050001,5.33122711100003,0],[96.040329463,5.33105907700002,0],[96.0406733780001,5.33086327100006,0],[96.0412315600001,5.33055205000005,0],[96.0413335740001,5.33049616100004,0],[96.041394547,5.33046415800004,0],[96.041487605,5.33041661000004,0],[96.04176712,5.33027462400003,0],[96.0422673510001,5.33002562300004,0],[96.0423478800001,5.32998515900005,0],[96.0424241870001,5.32994582700007,0],[96.0427413880001,5.32978067700003,0],[96.0428309660001,5.32973486200007,0],[96.0429066390001,5.32969746600003,0],[96.042982534,5.32966051900007,0],[96.04313067,5.32958994100005,0],[96.043176519,5.32956776600003,0],[96.0432695850001,5.32952197500003,0],[96.0433314320001,5.32949105600005,0],[96.043393108,5.32945923000005,0],[96.043638898,5.32932936400005,0],[96.043718836,5.32928785000007,0],[96.0441748920001,5.32905682600006,0],[96.0442222120001,5.32903323300008,0],[96.044269881,5.32901040300004,0],[96.044301927,5.32899601900004,0],[96.044334178,5.32898208300003,0],[96.0445133110001,5.32890658400004,0],[96.044759722,5.32880193100004,0],[96.0448246510001,5.32877391500006,0],[96.0448900230001,5.32874493500003,0],[96.044943796,5.32872055400003,0],[96.044983404,5.32870219900008,0],[96.0450448280001,5.32867329700002,0],[96.0451060950001,5.32864406000004,0],[96.045181944,5.32860695400007,0],[96.045272776,5.32856125900003,0],[96.0453173060001,5.32853954600006,0],[96.045365023,5.32851781200003,0],[96.0453956490001,5.32850460100002,0],[96.0454383750001,5.32848670900006,0],[96.0455283840001,5.32845006600007,0],[96.0455314500001,5.32844886300006,0],[96.045618355,5.32841476500005,0],[96.0461614750001,5.32820858200006,0],[96.0462605880001,5.32817187500007,0],[96.0463769390001,5.32812990400004,0],[96.0464436060001,5.32810646700005,0],[96.0464943200001,5.32808976800004,0],[96.046529106,5.32807924500003,0],[96.0465598800001,5.32807045800007,0],[96.0468141250001,5.32800004500007,0],[96.0468479360001,5.32799035000005,0],[96.046899479,5.32797502700004,0],[96.047327953,5.32784374000005,0],[96.0476469650001,5.32774497800006,0],[96.0478230840001,5.32768991000006,0],[96.047868098,5.32767651700004,0],[96.0479205010001,5.32766215800007,0],[96.0480029820001,5.32764143500003,0],[96.0481355800001,5.32760929500006,0],[96.0484530570001,5.32753302900005,0],[96.0485162940001,5.32751856100003,0],[96.0485654600001,5.32750816000004,0],[96.0487055350001,5.32748134600007,0],[96.0487577950001,5.32747079000006,0],[96.0488401150001,5.32745323800003,0],[96.0488845470001,5.32744101100008,0],[96.048989304,5.32740702900003,0],[96.0491159900001,5.32737102600004,0],[96.049232212,5.32734081000007,0],[96.049315355,5.32731446700006,0],[96.0493484900001,5.32734760100004,0],[96.0494028470001,5.32741032100006,0],[96.0494572040001,5.32746467800007,0],[96.049511561,5.32750231000006,0],[96.0495533740001,5.32750649100007,0],[96.049599368,5.32750649100007,0],[96.049608183,5.32748004600006,0],[96.049611912,5.32746885900002,0],[96.0495784620001,5.32740614000005,0],[96.049473929,5.32725979400004,0],[96.049434982,5.32719793700005,0],[96.0494328010001,5.32719595700007,0],[96.0491466300001,5.32690338000003,0],[96.0491398130001,5.32689518100005,0],[96.049079551,5.32682270600003,0],[96.0489551380001,5.32667308000003,0],[96.0491026810001,5.32649615900004,0],[96.0492299050001,5.32634360300005,0],[96.0492306570001,5.32634408100006,0],[96.0492452390001,5.32635188000006,0],[96.049254175,5.32635580900006,0],[96.0492632400001,5.32635909200008,0],[96.0492783990001,5.32636296300007,0],[96.0492936000001,5.32636488200006,0],[96.049303879,5.32636500800004,0],[96.0493178560001,5.32636346500004,0],[96.0493311430001,5.32635985600007,0],[96.0493418520001,5.32635496600005,0],[96.0493485840001,5.32635074200005,0],[96.049354813,5.32634582800006,0],[96.0493620060001,5.32633852200007,0],[96.0493681290001,5.32633018700005,0],[96.0493735780001,5.32631978100005,0],[96.0493777400001,5.32630841600007,0],[96.049381559,5.32629232600004,0],[96.0493833300001,5.32627993500006,0],[96.0493844260001,5.32626719900003,0],[96.04938502,5.32625422000007,0],[96.0493854170001,5.32621311700007,0],[96.049386025,5.32619209700005,0],[96.0493873710001,5.32617585900005,0],[96.0493898400001,5.32615994800005,0],[96.0493921510001,5.32615005900004,0],[96.0493962300001,5.32613714600006,0],[96.0494014160001,5.32612470300006,0],[96.0494041330001,5.32611924800005,0],[96.049412648,5.32610504600007,0],[96.04942085,5.32609383100004,0],[96.0494296700001,5.32608337100004,0],[96.049439148,5.32607335500006,0],[96.0494447340001,5.32606789600004,0],[96.0494571460001,5.32605661800005,0],[96.0494700690001,5.32604573700007,0],[96.0494968960001,5.32602477500006,0],[96.049524466,5.32600448400007,0],[96.049552438,5.32598464900002,0],[96.0495806580001,5.32596532400004,0],[96.0496375180001,5.32592772700002,0],[96.0497515800001,5.32585358800003,0],[96.0498198060001,5.32581014900006,0],[96.0499232440001,5.32574494500005,0],[96.049967855,5.32571749500005,0],[96.049996659,5.32570051900007,0],[96.050038579,5.32567729500005,0],[96.050067002,5.32566274900006,0],[96.0500987,5.32564794900003,0],[96.0501307800001,5.32563392500003,0],[96.0501792210001,5.32561354700005,0],[96.050276425,5.32557344300005,0],[96.05034125,5.32554704200004,0],[96.0504059510001,5.32552125400002,0],[96.0504546210001,5.32550233600006,0],[96.0504872130001,5.32549020000005,0],[96.0505200360001,5.32547886100002,0],[96.0505365880001,5.32547368200005,0],[96.050553273,5.32546898000004,0],[96.0505792210001,5.32546278900003,0],[96.0506411220001,5.32544980600005,0],[96.050668515,5.32544320600005,0],[96.0506821280001,5.32543940300008,0],[96.0506955870001,5.32543519000006,0],[96.050713876,5.32542856000003,0],[96.050724066,5.32542435200003,0],[96.0507397790001,5.32541703500004,0],[96.0507519560001,5.32541057800006,0],[96.0507638030001,5.32540357500005,0],[96.050773834,5.32539702000003,0],[96.0507835660001,5.32539004800003,0],[96.050797495,5.32537883400005,0],[96.0508054370001,5.32537170400008,0],[96.0508131020001,5.32536426300004,0],[96.0508204390001,5.32535657100004,0],[96.0508274950001,5.32534860100003,0],[96.0508388640001,5.32533442000005,0],[96.050845968,5.32532465200006,0],[96.050860228,5.32530301600002,0],[96.0508877180001,5.32525677900003,0],[96.0508970180001,5.32524182600002,0],[96.0509165020001,5.32521242500007,0],[96.0509367450001,5.32518347200005,0],[96.0509782930001,5.32512624400005,0],[96.0510520590001,5.32502689700004,0],[96.0510842250001,5.32498484900003,0],[96.05110632,5.32495743500004,0],[96.0511177390001,5.32494407900003,0],[96.0511295320001,5.32493107400006,0],[96.0511402610001,5.32492000800005,0],[96.0511512840001,5.32490921900006,0],[96.0511739330001,5.32488820000003,0],[96.0512415960001,5.32482810800008,0],[96.0512690240001,5.32480308000004,0],[96.0513066400001,5.32476766200006,0],[96.05134365,5.32473163500003,0],[96.0513709030001,5.32470372900002,0],[96.0513923170001,5.32468014600005,0],[96.0514118470001,5.32465676800007,0],[96.0514323250001,5.32462994900004,0],[96.0514521140001,5.32460200300005,0],[96.0514690750001,5.32457660600005,0],[96.0514863500001,5.32454910000007,0],[96.0515037330001,5.32451909100007,0],[96.0515111750001,5.32450532500008,0],[96.0515227830001,5.32448258800002,0],[96.051533168,5.32446082300004,0],[96.0515434910001,5.32443849600003,0],[96.0515553710001,5.32441280100005,0],[96.0515698620001,5.32438349400007,0],[96.0515850630001,5.32435509400005,0],[96.051601212,5.32432678700008,0],[96.0516185960001,5.32429749900007,0],[96.0516451430001,5.32425382300005,0],[96.0517076550001,5.32415222100008,0],[96.051743613,5.32409440600003,0],[96.051761877,5.32406573600002,0],[96.0517830360001,5.32403382700005,0],[96.0518015740001,5.32400737700004,0],[96.0518157870001,5.32398794300002,0],[96.051840192,5.32395592800003,0],[96.0518601140001,5.32393076000005,0],[96.0518802700001,5.32390589100004,0],[96.051914249,5.32386477400007,0],[96.0519600600001,5.32381039000006,0],[96.051983352,5.32378356000004,0],[96.0519951970001,5.32377033400007,0],[96.0520048830001,5.32375981000007,0],[96.052022611,5.32374130500006,0],[96.0520498800001,5.32371469600002,0],[96.0520867880001,5.32368135500008,0],[96.0521942940001,5.32358820100006,0],[96.052247595,5.32354064300006,0],[96.0525516610001,5.32326449000004,0],[96.052604139,5.32321604000003,0],[96.0526345160001,5.32318699700005,0],[96.0526716100001,5.32315035400006,0],[96.052720675,5.32310108100006,0],[96.052781768,5.32303925100007,0],[96.0528181380001,5.32300188700003,0],[96.0528420470001,5.32297666000005,0],[96.0528657980001,5.32295070800006,0],[96.052924159,5.32288487500006,0],[96.0531211630001,5.32265972300007,0],[96.053236112,5.32252643500004,0],[96.0532916020001,5.32246164500003,0],[96.0533162560001,5.32243285900006,0],[96.053385876,5.32235019800004,0],[96.053825546,5.32182560700005,0],[96.0538907800001,5.32174710700002,0],[96.0539431650001,5.32168330500002,0],[96.0539862200001,5.32162993500003,0],[96.0540298930001,5.32157518900004,0],[96.0542272430001,5.32132668100007,0],[96.0542818170001,5.32125746300005,0],[96.0543033870001,5.32122957500007,0],[96.054325125,5.32120086000003,0],[96.0544324290001,5.32105621300008,0],[96.0544863580001,5.32098506700004,0],[96.0546277500001,5.32080266400004,0],[96.0547783490001,5.32061116000006,0],[96.054821071,5.32055634800003,0],[96.05485287,5.32051452600007,0],[96.0548844200001,5.32047225100007,0],[96.0550620700001,5.32023182800003,0],[96.0553110860001,5.31988879600004,0],[96.055383357,5.31978859200007,0],[96.055785271,5.31922203300007,0],[96.055864613,5.31910937000004,0],[96.0559044300001,5.31905212800007,0],[96.0559337780001,5.31900886200003,0],[96.0559530040001,5.31897922200005,0],[96.0559813070001,5.31893355300002,0],[96.0563227480001,5.31836532700004,0],[96.0563670320001,5.31829079900007,0],[96.0564169350001,5.31820549100007,0],[96.0564729340001,5.31810860400003,0],[96.0565401740001,5.31799125700007,0],[96.0566564000001,5.31778548800003,0],[96.0569618920001,5.31724623500003,0],[96.0570053420001,5.31717012200005,0],[96.057064639,5.31706731200006,0],[96.057098776,5.31700871200007,0],[96.057125538,5.31696364500004,0],[96.057299819,5.31667557000003,0],[96.0574081410001,5.31649518700004,0],[96.057462054,5.31640484700006,0],[96.0575163670001,5.31631226000007,0],[96.0579221150001,5.31561690400002,0],[96.057992287,5.31549559500007,0],[96.0584301060001,5.31473213000004,0],[96.0587772160001,5.31412805700006,0],[96.058839548,5.31402049600007,0],[96.0589286790001,5.31386852400004,0],[96.0589557100001,5.31382310700008,0],[96.0589753890001,5.31379069200005,0],[96.0590748590001,5.31363074500007,0],[96.0591216670001,5.31355409200006,0],[96.059726239,5.31255516400006,0],[96.0599359000001,5.31220703100007,0],[96.0600896990001,5.31195013300004,0],[96.0602560130001,5.31167363700007,0],[96.0607703040001,5.31082867000003,0],[96.0608129220001,5.31075978000007,0],[96.060829632,5.31073360700003,0],[96.0608550680001,5.31069472100006,0],[96.0609746420001,5.31051558500008,0],[96.0613703480001,5.30992634000006,0],[96.061737242,5.30937122300003,0],[96.0619407440001,5.30906593300006,0],[96.0619895,5.30899360700005,0],[96.0620986650001,5.30883588600005,0],[96.062137985,5.30877779400004,0],[96.0622834000001,5.30855674700007,0],[96.062350784,5.30845328200007,0],[96.0623854600001,5.30839810000003,0],[96.06243643,5.30831342300007,0],[96.062453733,5.30828540100003,0],[96.0624638150001,5.30826972500006,0],[96.0624767670001,5.30825027500003,0],[96.0624958860001,5.30822264500006,0],[96.0625448970001,5.30815437700005,0],[96.0628908500001,5.30767880100007,0],[96.0633777520001,5.30700946500002,0],[96.0634415580001,5.30692253000007,0],[96.0635750930001,5.30674169800005,0],[96.063658918,5.30662927200007,0],[96.0639288660001,5.30627177100007,0],[96.064492709,5.30551888500003,0],[96.0645597880001,5.30543005800007,0],[96.064601123,5.30537592500002,0],[96.064643887,5.30532060500002,0],[96.0649140560001,5.30497494800005,0],[96.065116075,5.30471915200008,0],[96.0653895730001,5.30437284900006,0],[96.0654569590001,5.30428891000003,0],[96.0657854300001,5.30388372800007,0],[96.065842172,5.30381396000007,0],[96.0658765090001,5.30377234400004,0],[96.065910924,5.30373159800007,0],[96.065957176,5.30367757600004,0],[96.0665134720001,5.30303038300002,0],[96.0665484830001,5.30299014700006,0],[96.0665842550001,5.30294974500003,0],[96.0666442830001,5.30288277100004,0],[96.066692619,5.30282947800004,0],[96.0667766240001,5.30273900200007,0],[96.066860465,5.30264928100007,0],[96.0670025730001,5.30249720500007,0],[96.0670776790001,5.30241683100007,0],[96.0671501410001,5.30233970900002,0],[96.0672470490001,5.30223855700007,0],[96.0675165550001,5.30195891400007,0],[96.0681100850001,5.30133199500006,0],[96.0681473100001,5.30129294100004,0],[96.068184908,5.30125425900007,0],[96.068221534,5.30121788500003,0],[96.0682708740001,5.30116989200008,0],[96.0683823470001,5.30106236400007,0],[96.068439475,5.30100787300006,0],[96.0686060930001,5.30085095300007,0],[96.068644808,5.30081503000002,0],[96.0687460140001,5.30072224500003,0],[96.068761598,5.30070795700004,0],[96.068787538,5.30068374600006,0],[96.068825802,5.30064735200006,0],[96.0691421490001,5.30034138300005,0],[96.069211581,5.30027313400007,0],[96.0693505030001,5.30013553200007,0],[96.0694018130001,5.30008526700004,0],[96.069452728,5.30003651900006,0],[96.0695551420001,5.29993963000004,0],[96.069695397,5.29980830800002,0],[96.069826043,5.29968798000004,0],[96.0699317010001,5.29959176600005,0],[96.0705084570001,5.29907836300004,0],[96.0705623250001,5.29903086500002,0],[96.0706032840001,5.29899591900005,0],[96.0706311150001,5.29897331100005,0],[96.070673394,5.29894004400006,0],[96.071468263,5.29832592800005,0],[96.071525163,5.29828222800006,0],[96.0715679310001,5.29824998500004,0],[96.0716677790001,5.29817671600006,0],[96.0720680700001,5.29788484500006,0],[96.0721539770001,5.29782248400005,0],[96.0722540070001,5.29775100300003,0],[96.0725832190001,5.29751689400007,0],[96.0725878860001,5.29751354400003,0],[96.0726545520001,5.29746568300004,0],[96.072694707,5.29743590400005,0],[96.072727957,5.29741029700006,0],[96.0727707730001,5.29737640400003,0],[96.0728798040001,5.29728918400002,0],[96.072907322,5.29726771700007,0],[96.0729348280001,5.29724683100005,0],[96.0730042470001,5.29719547300004,0],[96.0730601750001,5.29715494900006,0],[96.0731026390001,5.29712534900005,0],[96.0731320400001,5.29710620100008,0],[96.073162472,5.29708754700005,0],[96.0732086120001,5.29706032600006,0],[96.0736106320001,5.29682770400007,0],[96.0736727600001,5.29679243600003,0],[96.0737038980001,5.29677545000004,0],[96.073735044,5.29675899300003,0],[96.073797637,5.29672663600007,0],[96.0742209460001,5.29650969800002,0],[96.07428372,5.29647768200005,0],[96.0743313020001,5.29645378800006,0],[96.0744121270001,5.29641403900007,0],[96.074768265,5.29624017100002,0],[96.0751351950001,5.29606195800005,0],[96.075277655,5.29599187700006,0],[96.075356588,5.29595252000007,0],[96.075433645,5.29591259200004,0],[96.075647508,5.29579924400002,0],[96.075708347,5.29576639300006,0],[96.0757537680001,5.29574067800007,0],[96.075784098,5.29572267500004,0],[96.075829329,5.29569520700005,0],[96.0761751900001,5.29548293000005,0],[96.0762049570001,5.29546403300003,0],[96.0762342720001,5.29544450200007,0],[96.0762488620001,5.29543418900005,0],[96.076268783,5.29541927500003,0],[96.0762856690001,5.29540579400003,0],[96.0763084760001,5.29538647400005,0],[96.076334138,5.29536372800004,0],[96.0763848130001,5.29531741600005,0],[96.076498202,5.29521246500002,0],[96.076574458,5.29514104000003,0],[96.076624892,5.29509301200005,0],[96.0766828880001,5.29503619300004,0],[96.076716617,5.29500403100008,0],[96.0767402180001,5.29498250800003,0],[96.0767799050001,5.29494780500005,0],[96.0768475980001,5.29489040800007,0],[96.0768998460001,5.29484699900007,0],[96.0769727680001,5.29478768500007,0],[96.0770248200001,5.29474630900006,0],[96.077075069,5.29470775500005,0],[96.077123982,5.29467154100007,0],[96.0771649050001,5.29464256600005,0],[96.0771984190001,5.29462006900008,0],[96.0772359520001,5.29459644200006,0],[96.0772621660001,5.29458091100003,0],[96.0772932900001,5.29456344400006,0],[96.0773227990001,5.29454773900005,0],[96.0773528160001,5.29453249300008,0],[96.0773984750001,5.29451034400006,0],[96.077444207,5.29448897000003,0],[96.077490287,5.29446843500006,0],[96.0775069620001,5.29446143700005,0],[96.0775355960001,5.29445020400004,0],[96.0775493770001,5.29444518600008,0],[96.07757272,5.29443725300007,0],[96.0776076290001,5.29442650800007,0],[96.0776697460001,5.29440878400004,0],[96.0776947450001,5.29440129600005,0],[96.07771661,5.29439432100003,0],[96.077747032,5.29438382000006,0],[96.0777796550001,5.29437154200002,0],[96.077811717,5.29435851000005,0],[96.0778496010001,5.29434184500008,0],[96.0778795560001,5.29432756500006,0],[96.077903952,5.29431516400007,0],[96.077950005,5.29429022500005,0],[96.078193932,5.29415317000007,0],[96.078224322,5.29413584200006,0],[96.078254326,5.29411800900004,0],[96.0782690460001,5.29410873800003,0],[96.0782834600001,5.29409909200007,0],[96.078297445,5.29408892200007,0],[96.0783135240001,5.29407575700003,0],[96.078321004,5.29406898900004,0],[96.0783351860001,5.29405484700004,0],[96.078341879,5.29404748700006,0],[96.0783494500001,5.29403856100004,0],[96.0783593340001,5.29402589800003,0],[96.078368713,5.29401281200006,0],[96.0783777300001,5.29399921900006,0],[96.0783863280001,5.29398532100004,0],[96.07839591,5.29396869900006,0],[96.0784103450001,5.29394129300005,0],[96.078417744,5.29392597500004,0],[96.078424721,5.29391047200005,0],[96.0784311890001,5.29389476100005,0],[96.0784370260001,5.29387889300006,0],[96.0784422740001,5.29386281200004,0],[96.078447076,5.29384612100006,0],[96.0784514250001,5.29382928100006,0],[96.0784592540001,5.29379532000007,0],[96.07846994,5.29374404700008,0],[96.0784869340001,5.29365835900006,0],[96.0784965120001,5.29360684600005,0],[96.0785012330001,5.29357822600002,0],[96.0785053530001,5.29354955500003,0],[96.078507114,5.29353520400002,0],[96.078508889,5.29351784300007,0],[96.078510205,5.29350047900004,0],[96.0785109330001,5.29348441300004,0],[96.0785111200001,5.29346837500003,0],[96.0785102390001,5.29344545000004,0],[96.0785084660001,5.29342798000005,0],[96.0785056510001,5.29341067100006,0],[96.0785036500001,5.29340137400004,0],[96.0785003350001,5.29338865300002,0],[96.0784964480001,5.29337606500007,0],[96.0784892250001,5.29335622400004,0],[96.0784771820001,5.29332798100006,0],[96.07846249,5.29329545900003,0],[96.0784555420001,5.29327913500003,0],[96.0784493230001,5.29326264300005,0],[96.0784461310001,5.29325271100004,0],[96.0784417570001,5.29323582300003,0],[96.078438776,5.29321871700006,0],[96.078437465,5.29320370000005,0],[96.078437244,5.29318920000003,0],[96.078437953,5.29317466200007,0],[96.0784399990001,5.29315674200006,0],[96.0784422710001,5.29314305600008,0],[96.0784450230001,5.29312938800007,0],[96.0784485360001,5.29311423300004,0],[96.0784524300001,5.29309911000007,0],[96.0784604980001,5.29307093600005,0],[96.0784687350001,5.29304487800005,0],[96.07847753,5.29301926800002,0],[96.0784821510001,5.29300668700006,0],[96.078491763,5.29298252600006,0],[96.0785016180001,5.29296048200007,0],[96.0785118330001,5.29294032500007,0],[96.0785185940001,5.29292824800007,0],[96.0785330960001,5.29290464400003,0],[96.0785461040001,5.29288531200007,0],[96.078573115,5.29284695700005,0],[96.078592165,5.29281922700005,0],[96.078609665,5.29279174700002,0],[96.0786179980001,5.29277761900005,0],[96.07862936,5.29275695500007,0],[96.0786416030001,5.29273278200003,0],[96.0786561450001,5.29270188400005,0],[96.0786698740001,5.29267066400007,0],[96.0786826350001,5.29263917300005,0],[96.0786884950001,5.29262330800003,0],[96.0786938580001,5.29260734000007,0],[96.078698505,5.29259150100006,0],[96.078701402,5.29257991300005,0],[96.0787038730001,5.29256826200003,0],[96.0787058990001,5.29255656000004,0],[96.0787078500001,5.29254164200006,0],[96.0787079240001,5.29254086600002,0],[96.0787060660001,5.29252440000005,0],[96.0786914010001,5.29245205100005,0],[96.0788933470001,5.29234887400003,0],[96.078952975,5.29231840900007,0],[96.079103822,5.29224134000003,0],[96.0791041790001,5.29224156800007,0],[96.079110567,5.29224566700003,0],[96.0791202130001,5.29225297000005,0],[96.0791327840001,5.29226366300003,0],[96.0791446360001,5.29227364300004,0],[96.0791600740001,5.29228539800005,0],[96.079176229,5.29229750700006,0],[96.0791859180001,5.29230391200002,0],[96.079190995,5.29230625600007,0],[96.079194886,5.29230924500007,0],[96.0792102880001,5.29231383000007,0],[96.0792446390001,5.29231688500005,0],[96.0792678940001,5.29231820400003,0],[96.0792811190001,5.29231634600006,0],[96.0793025280001,5.29230620000004,0],[96.079323914,5.29229103600005,0],[96.0793635110001,5.29227004400008,0],[96.0794191890001,5.29224610600005,0],[96.0794334560001,5.29223814600005,0],[96.0794456,5.29223486000006,0],[96.0794564870001,5.29223039600004,0],[96.0794585720001,5.29223025300007,0],[96.0795675750001,5.29220582800002,0],[96.0796445020001,5.29219200500006,0],[96.0796788580001,5.29218654500005,0],[96.079696041,5.29218418400006,0],[96.0797132280001,5.29218220200005,0],[96.0797304230001,5.29218073900006,0],[96.0797476290001,5.29217998200005,0],[96.07976532,5.29218009200002,0],[96.0797830240001,5.29218093900005,0],[96.079800736,5.29218232200003,0],[96.0798184540001,5.29218408800006,0],[96.079853901,5.29218834500006,0],[96.0798893570001,5.29219311600002,0],[96.080154474,5.29223064600006,0],[96.080306717,5.29225283100004,0],[96.08035741,5.29226055300006,0],[96.0804079910001,5.29226886200007,0],[96.080441578,5.29227506000007,0],[96.0804987390001,5.29228664400006,0],[96.080528923,5.29229189300003,0],[96.0805437480001,5.29229407600008,0],[96.080570794,5.29229727700005,0],[96.080588677,5.29229881800006,0],[96.080606877,5.29229986600006,0],[96.080633569,5.29230040600004,0],[96.0806503480001,5.29230008300004,0],[96.0806784540001,5.29229848800003,0],[96.0807013350001,5.29229632000005,0],[96.0807183260001,5.29229434200005,0],[96.0807522760001,5.29228980800002,0],[96.0807861950001,5.29228483600002,0],[96.080837021,5.29227696300006,0],[96.080887385,5.29226866000005,0],[96.0809203650001,5.29226267900003,0],[96.0809531580001,5.29225588300005,0],[96.0810560140001,5.29223068700003,0],[96.0810839260001,5.29222437100003,0],[96.0811099750001,5.29221885000004,0],[96.081153305,5.29221068700002,0],[96.0811740290001,5.29220731700002,0],[96.081208926,5.29220243600003,0],[96.0812439190001,5.29219819300005,0],[96.0812965050001,5.29219253500003,0],[96.0813316080001,5.29218919700003,0],[96.0813651430001,5.29218643400003,0],[96.0813987050001,5.29218403500005,0],[96.0814328180001,5.29218197100005,0],[96.0815541270001,5.29217592600003,0],[96.0816060800001,5.29217271800007,0],[96.0816579900001,5.29216868900005,0],[96.0817098730001,5.29216427300003,0],[96.0817617340001,5.29215961000006,0],[96.0818135380001,5.29215449200007,0],[96.081863566,5.29214845600006,0],[96.0818942370001,5.29214399100005,0],[96.0819270710001,5.29213881300007,0],[96.0820418370001,5.29211954900006,0],[96.08213914,5.29210239400004,0],[96.0821874360001,5.29209322900005,0],[96.0822212240001,5.29208630400007,0],[96.082288658,5.29207172900004,0],[96.0823728570001,5.29205304400006,0],[96.0826347760001,5.29199362600002,0],[96.08268717,5.29198121900004,0],[96.0827351280001,5.29196890000003,0],[96.0827813390001,5.29195570500002,0],[96.0828290430001,5.29194117800006,0],[96.0832572470001,5.29180714300003,0],[96.0833772460001,5.29176994200003,0],[96.0834610890001,5.29174501900007,0],[96.083628042,5.29169661200007,0],[96.083677933,5.29168156100008,0],[96.083694468,5.29167628800008,0],[96.0837189390001,5.29166800700006,0],[96.0837387050001,5.29166071700007,0],[96.083753872,5.29165462900005,0],[96.0837688920001,5.29164818100003,0],[96.083783768,5.29164139500006,0],[96.0838143450001,5.29162629800004,0],[96.083859579,5.29160225000004,0],[96.083919365,5.29156907100003,0],[96.083963903,5.29154363400005,0],[96.0840395550001,5.29149939000007,0],[96.0840702830001,5.29148220800005,0],[96.0841014800001,5.29146554800008,0],[96.0841328830001,5.29144927400006,0],[96.0841644400001,5.29143332000007,0],[96.0841961850001,5.29141779200006,0],[96.084228237,5.29140299800002,0],[96.084244449,5.29139605400007,0],[96.0842610400001,5.29138942700007,0],[96.0842945960001,5.29137708600007,0],[96.0843454280001,5.29135978000005,0],[96.0846349050001,5.29126520900007,0],[96.084720152,5.29123776300003,0],[96.084788293,5.29121673400005,0],[96.0849930630001,5.29115474300005,0],[96.0850613520001,5.29113420000004,0],[96.0851126680001,5.29111916300008,0],[96.0851639350001,5.29110518300007,0],[96.0852149010001,5.29109255200007,0],[96.0855046840001,5.29102460900003,0],[96.085606451,5.29099994700005,0],[96.0856740820001,5.29098311800004,0],[96.0857247020001,5.29097015900004,0],[96.0857583150001,5.29096108700003,0],[96.0857917010001,5.29095128200004,0],[96.0858086260001,5.29094584100005,0],[96.0858422620001,5.29093427400005,0],[96.085992746,5.29087927000006,0],[96.0860779270001,5.29084998600007,0],[96.0867218490001,5.29063511300006,0],[96.086787879,5.29061348600004,0],[96.0868376340001,5.29059809100005,0],[96.0868545020001,5.29059326100003,0],[96.0868886690001,5.29058422100007,0],[96.0869335660001,5.29057373800003,0],[96.0869824480001,5.29056361800002,0],[96.08714818,5.29053102900002,0],[96.0871989030001,5.29052065600007,0],[96.0872495290001,5.29050983800005,0],[96.0872999250001,5.29049812300002,0],[96.0873333380001,5.29048971900005,0],[96.0873664800001,5.29048056000005,0],[96.087382882,5.29047552600002,0],[96.0874077920001,5.29046689400008,0],[96.0874229660001,5.29046089300004,0],[96.0874426650001,5.29045207900003,0],[96.0874557750001,5.29044560600005,0],[96.0874723410001,5.29043684200008,0],[96.087520194,5.29041035900002,0],[96.087531126,5.29040471000008,0],[96.087553271,5.29039401300003,0],[96.0875734150001,5.29038508900004,0],[96.087589736,5.29037834000007,0],[96.0876061800001,5.29037185600004,0],[96.0876393070001,5.29035941500007,0],[96.0877060120001,5.29033553000005,0],[96.087823073,5.29029450700006,0],[96.087890111,5.29027144200006,0],[96.0879573880001,5.29024886700006,0],[96.088125721,5.29019285900006,0],[96.088193167,5.29017082400003,0],[96.0882521940001,5.29015254700005,0],[96.088299088,5.29013926400006,0],[96.0883336520001,5.29013028700007,0],[96.088403009,5.29011316000003,0],[96.088975916,5.28997444700002,0],[96.0891151440001,5.28994188100006,0],[96.089480897,5.28985745200004,0],[96.0895489210001,5.28984249900003,0],[96.0897345660001,5.28980280600007,0],[96.0898034620001,5.28978777900005,0],[96.0902179070001,5.28969506500005,0],[96.0903873950001,5.28965659200003,0],[96.0909900080001,5.28951786900006,0],[96.091041696,5.28950614100006,0],[96.0910929400001,5.28949489300004,0],[96.0912103540001,5.28947046900004,0],[96.091411812,5.28942943700002,0],[96.0919145340001,5.28933168600003,0],[96.0920188790001,5.28931108700004,0],[96.092159005,5.28928203400005,0],[96.0922639610001,5.28925965300004,0],[96.0922988360001,5.28925176300004,0],[96.0923335580001,5.28924327500005,0],[96.0923675880001,5.28923405500007,0],[96.092452371,5.28920984100006,0],[96.0924865520001,5.28920077200007,0],[96.092521,5.28919231700007,0],[96.0925728350001,5.28918025300004,0],[96.0926420660001,5.28916460900007,0],[96.0930548150001,5.28907281200003,0],[96.0931406400001,5.28905338400006,0],[96.093225508,5.28903295300006,0],[96.0935129200001,5.28896124500005,0],[96.0935975740001,5.28894066900006,0],[96.0936494200001,5.28892878600004,0],[96.0937186530001,5.28891338900007,0],[96.094238106,5.28879878100003,0],[96.0943247540001,5.28878005000007,0],[96.0943767460001,5.28876966400003,0],[96.0944459020001,5.28875718000006,0],[96.0949480660001,5.28867067600004,0],[96.0950515600001,5.28865332300006,0],[96.0952034810001,5.28862948200003,0],[96.0953216920001,5.28861140900005,0],[96.0954575360001,5.28859167800005,0],[96.0964025870001,5.28846071000004,0],[96.096489089,5.28844839200002,0],[96.096541082,5.28844036500004,0],[96.096593103,5.28843189600002,0],[96.0967317430001,5.28840877100004,0],[96.09680101,5.28839691500002,0],[96.0968687150001,5.28838447900006,0],[96.0970175610001,5.28835538400006,0],[96.0970507000001,5.28834930400006,0],[96.0970847,5.28834362600003,0],[96.0971544830001,5.28833346400006,0],[96.0972418920001,5.28832191400005,0],[96.0973098010001,5.28831376900007,0],[96.0973938800001,5.28830436500004,0],[96.0979625240001,5.28824537200006,0],[96.0980337650001,5.28823846900002,0],[96.0980719010001,5.28823534400004,0],[96.0981303770001,5.28823174500008,0],[96.098197934,5.28822868600002,0],[96.0987178980001,5.28820877400005,0],[96.098771292,5.28820611800006,0],[96.098806831,5.28820363500006,0],[96.0988240230001,5.28820208500002,0],[96.0988583640001,5.28819843900004,0],[96.0989098140001,5.28819223100004,0],[96.0990983080001,5.28816772200003,0],[96.0991851160001,5.28815548600005,0],[96.0993952570001,5.28812437500005,0],[96.099447883,5.28811736100005,0],[96.099477247,5.28811400000006,0],[96.0995271400001,5.28810918100004,0],[96.0995957470001,5.28810350000003,0],[96.0998531480001,5.28808341200005,0],[96.100152424,5.28806063900004,0],[96.1002228180001,5.28805502000006,0],[96.1002579870001,5.28805191700008,0],[96.1003106620001,5.28804664500007,0],[96.100486075,5.28802728900007,0],[96.1005386420001,5.28802105100004,0],[96.100591308,5.28801397200004,0],[96.1006442610001,5.28800585100004,0],[96.1008273640001,5.28797682800007,0],[96.1008728500001,5.28796995200003,0],[96.1011620560001,5.28790428400004,0],[96.1016920540001,5.28784618000003,0],[96.101991458,5.28783129800007,0],[96.1019971140001,5.28783196000006,0],[96.1021221560001,5.28781305400003,0],[96.102332377,5.28778065700004,0],[96.102402483,5.28777027500007,0],[96.1024372510001,5.28776557900005,0],[96.1024889660001,5.28775920200007,0],[96.1025959550001,5.28774684300004,0],[96.1026698050001,5.28775100300004,0],[96.1027518640001,5.28775824100006,0],[96.1028091160001,5.28776369100007,0],[96.1028988050001,5.28777089000005,0],[96.102969429,5.28778009600006,0],[96.1030018740001,5.28778375900004,0],[96.1030228650001,5.28778556500004,0],[96.103059117,5.28778729600003,0],[96.1030838760001,5.28777952300004,0],[96.103110466,5.28775644500007,0],[96.1031656490001,5.28772940000005,0],[96.1032227200001,5.28769852100004,0],[96.103274088,5.28767149500004,0],[96.1033387700001,5.28763675400006,0],[96.1033787120001,5.28761360800007,0],[96.103422487,5.28759426800002,0],[96.103586319,5.28755138200006,0],[96.1036320600001,5.28754350400004,0],[96.1036434230001,5.28754186200007,0],[96.103654083,5.28754182100005,0],[96.1036992790001,5.28754075500007,0],[96.1037527410001,5.28753802000006,0],[96.1038050290001,5.28753422000005,0],[96.1038376860001,5.28753119000004,0],[96.1038539510001,5.28752938400004,0],[96.1038701470001,5.28752729400003,0],[96.103887716,5.28752457600007,0],[96.1039051260001,5.28752125000005,0],[96.103921261,5.28751742600002,0],[96.103935156,5.28751347100007,0],[96.1039488340001,5.28750887400003,0],[96.1039640320001,5.28750282400006,0],[96.1039773900001,5.28749674600004,0],[96.1039951980001,5.28748771400006,0],[96.1040094860001,5.28747983900007,0],[96.1040236320001,5.28747162500002,0],[96.1040376720001,5.28746316500008,0],[96.1040655190001,5.28744573800003,0],[96.1041068050001,5.28741873000007,0],[96.1041338940001,5.28740009700005,0],[96.1041459510001,5.28739143300004,0],[96.104170535,5.28737275700007,0],[96.1041963860001,5.28735156400006,0],[96.1042357380001,5.28731722900005,0],[96.1043650730001,5.28720053900003,0],[96.1044818840001,5.28709583200003,0],[96.1045076440001,5.28707236400004,0],[96.1045329300001,5.28704848100006,0],[96.104545241,5.28703625400004,0],[96.1045614780001,5.28701905700007,0],[96.1045768020001,5.28700107900005,0],[96.1045857220001,5.28698949400007,0],[96.1045931400001,5.28697905600006,0],[96.104600195,5.28696836600005,0],[96.1046072400001,5.28695685200006,0],[96.104613892,5.28694509500002,0],[96.1046221650001,5.28692904000008,0],[96.1046312400001,5.28690937400006,0],[96.104639702,5.28688889700004,0],[96.1046503270001,5.28686021200002,0],[96.1046560600001,5.28684340300003,0],[96.104666922,5.28680907400008,0],[96.104677011,5.28677430700003,0],[96.1046833660001,5.28675075500007,0],[96.1046910490001,5.28672004700007,0],[96.1046981430001,5.28668881200002,0],[96.104704606,5.28665809700004,0],[96.104737856,5.28648951400004,0],[96.10474709,5.28643881300007,0],[96.104751149,5.28641326800005,0],[96.104754933,5.28638412700008,0],[96.1047579010001,5.28635138500005,0],[96.104758803,5.28633500900003,0],[96.1047592130001,5.28631864100004,0],[96.104758937,5.28629978400005,0],[96.104758228,5.28628651300005,0],[96.1047565170001,5.28626844700005,0],[96.1047545470001,5.28625444100004,0],[96.104752047,5.28624051700007,0],[96.1047490240001,5.28622668600002,0],[96.104744506,5.28620947700006,0],[96.1047392980001,5.28619242800005,0],[96.1047337150001,5.28617606000006,0],[96.10472774,5.28615979900007,0],[96.104704579,5.28610074900007,0],[96.1046935250001,5.28607110400003,0],[96.104691485,5.28606506100004,0],[96.104672947,5.28603487400005,0],[96.1046620750001,5.28600624800004,0],[96.104654768,5.28597521300003,0],[96.1046375050001,5.28586057500007,0],[96.1046347340001,5.28578291100007,0],[96.104635676,5.28572163500007,0],[96.1046302070001,5.28567988900005,0],[96.104625963,5.28564532100006,0],[96.1046221650001,5.28561072500003,0],[96.104619245,5.28557607200003,0],[96.1046182970001,5.28555889300003,0],[96.1046171930001,5.28552448500005,0],[96.1046165650001,5.28545556500006,0],[96.1046165970001,5.28526591300005,0],[96.1046157870001,5.28517803100004,0],[96.1046116240001,5.28492960800003,0],[96.104608328,5.28473292500007,0],[96.104606516,5.28466552400005,0],[96.1046043160001,5.28461453700004,0],[96.104602072,5.28457970200003,0],[96.1045988320001,5.28454551000004,0],[96.1045967680001,5.28452900500002,0],[96.1045943340001,5.28451260600002,0],[96.1045915890001,5.28449706900005,0],[96.1045768480001,5.28445430900007,0],[96.1045790470001,5.28441725200003,0],[96.1048973310001,5.28438034800007,0],[96.105171919,5.28434851000003,0],[96.105242273,5.28434035300006,0],[96.1052670980001,5.28419620400007,0],[96.1052849820001,5.28411462600008,0],[96.1053195540001,5.28395693200002,0],[96.105287338,5.28347310000004,0],[96.1052192160001,5.28302169300002,0],[96.105118539,5.28282530400003,0],[96.105039285,5.28273938900003,0],[96.104955686,5.28270993200005,0],[96.1049163740001,5.28270292700006,0],[96.104466459,5.28262275200007,0],[96.1040132640001,5.28258916900006,0],[96.103537138,5.28270489100004,0],[96.102672613,5.28291501400003,0],[96.1024563080001,5.28296758700003,0],[96.102205703,5.28304094400005,0],[96.1019442190001,5.28311748500005,0],[96.1015874730001,5.28322191100006,0],[96.100730861,5.28348707800006,0],[96.1006778570001,5.28347984400006,0],[96.1006580530001,5.28347714100005,0],[96.1004694220001,5.28355433900003,0],[96.100150936,5.28367856700004,0],[96.100133224,5.28368585700002,0],[96.1000701620001,5.28371181000006,0],[96.099970393,5.28375287200004,0],[96.099751799,5.28384464900006,0],[96.099538055,5.28393728700007,0],[96.099454548,5.28403974500003,0],[96.0994426490001,5.28405434500007,0],[96.0993360320001,5.28419111300008,0],[96.0991958340001,5.28428741800008,0],[96.0990793590001,5.28435970400005,0],[96.0989413180001,5.28441058600004,0],[96.0988529560001,5.28438234600003,0],[96.098839651,5.28436914100007,0],[96.0987817060001,5.28431163400006,0],[96.0987211650001,5.28425154900003,0],[96.0985894090001,5.28412792200004,0],[96.0984339770001,5.28403787500002,0],[96.0982145610001,5.28402702100004,0],[96.0981386550001,5.28410627400007,0],[96.098015419,5.28425746600004,0],[96.098001491,5.28428726000004,0],[96.0978384730001,5.28463598700006,0],[96.0977639220001,5.28498770600004,0],[96.097749686,5.28510359000006,0],[96.0977306360001,5.28525866300004,0],[96.0977295480001,5.28526752000005,0],[96.097729997,5.28526982400007,0],[96.097815187,5.28570687200005,0],[96.0978658640001,5.28582851400006,0],[96.0978669570001,5.28604839900004,0],[96.097832108,5.28623261100006,0],[96.097627662,5.28635552800006,0],[96.097368353,5.28647394000006,0],[96.0971887440001,5.28649551000007,0],[96.097077632,5.28650885400003,0],[96.0970223140001,5.28651093900004,0],[96.0968583100001,5.28651712000004,0],[96.096676662,5.28639301900006,0],[96.096642983,5.28637001000004,0],[96.096591469,5.28627745700004,0],[96.096514707,5.28613953900003,0],[96.0965010360001,5.28611497700007,0],[96.096488665,5.28606042400003,0],[96.0964367430001,5.28583145800008,0],[96.0963985280001,5.28578658500004,0],[96.0963975240001,5.28578540600006,0],[96.096390656,5.28577901000006,0],[96.0963532690001,5.28574419400007,0],[96.096304569,5.28570837200004,0],[96.0962520740001,5.28567841700004,0],[96.0961964830001,5.28565473000003,0],[96.0961389490001,5.28563774800006,0],[96.0961385370001,5.28563762600004,0],[96.0960790110001,5.28562733300004,0],[96.0960186990001,5.28562399000003,0],[96.0959584030001,5.28562763900004,0],[96.09589893,5.28563823300004,0],[96.095841072,5.28565563000006,0],[96.0957797950001,5.28567589200003,0],[96.0957596390001,5.28568039900006,0],[96.0957168190001,5.28568997400004,0],[96.0956527610001,5.28569773700002,0],[96.095588251,5.28569910700003,0],[96.0955239230001,5.28569406900004,0],[96.0954604080001,5.28568267200006,0],[96.0953983310001,5.28566503000008,0],[96.0953383010001,5.28564131400003,0],[96.0952809070001,5.28561175800007,0],[96.095226714,5.28557665300002,0],[96.0951762540001,5.28553634200006,0],[96.095130022,5.28549122300007,0],[96.095088473,5.28544173800003,0],[96.0950380680001,5.28537506500004,0],[96.0950289890001,5.28536305600005,0],[96.094964674,5.28528828900005,0],[96.0949271300001,5.28524983800003,0],[96.0949246660001,5.28524731500005,0],[96.0948957850001,5.28521773600005,0],[96.0948225960001,5.28515167700004,0],[96.0947453970001,5.28509037400005,0],[96.0946644970001,5.28503407300008,0],[96.0945802160001,5.28498299600005,0],[96.0944928900001,5.28493734700004,0],[96.094402867,5.28489730800004,0],[96.0943105050001,5.28486303700004,0],[96.0942161710001,5.28483467200004,0],[96.094120241,5.28481232500008,0],[96.0940230960001,5.28479608500004,0],[96.0939068820001,5.28481862900003,0],[96.0937920200001,5.28484730800005,0],[96.0936788340001,5.28488204100006,0],[96.093567641,5.28492273100005,0],[96.0934587520001,5.28496926400004,0],[96.093352473,5.28502150900005,0],[96.0932491020001,5.28507931900003,0],[96.0930627450001,5.28515454200004,0],[96.0929518840001,5.28519929100003,0],[96.0929281800001,5.28520934500006,0],[96.0928598130001,5.28523834200007,0],[96.092656801,5.28532444700005,0],[96.092411477,5.28543360100002,0],[96.0923639440001,5.28545475000004,0],[96.0921384220001,5.28555985500003,0],[96.0920734010001,5.28559015800005,0],[96.0920141140001,5.28562360300003,0],[96.0918705060001,5.28570461500004,0],[96.091739934,5.28577339000003,0],[96.091664409,5.28581317000004,0],[96.09145528,5.28591573300002,0],[96.0912432920001,5.28601222000003,0],[96.0911968950001,5.28603174300002,0],[96.0907450930001,5.28621646900007,0],[96.0906060710001,5.28627750100003,0],[96.0904857020001,5.28632671900004,0],[96.0903270200001,5.28638597500003,0],[96.0899250210001,5.28651240200003,0],[96.0897614240001,5.28652242700002,0],[96.0895571630001,5.28649093900003,0],[96.0894628190001,5.28645808900006,0],[96.0894597110001,5.28645700700002,0],[96.0894538490001,5.28645536000005,0],[96.0892591410001,5.28640064400003,0],[96.0891273450001,5.28636497100007,0],[96.088945869,5.28631233700003,0],[96.088648133,5.28627940300004,0],[96.0884822670001,5.28629743800008,0],[96.088282765,5.28637986900003,0],[96.0882360090001,5.28639496600005,0],[96.0882356110001,5.28639509500005,0],[96.0880938440001,5.28644086900005,0],[96.0879062340001,5.28649448400006,0],[96.087821454,5.28651871100004,0],[96.087739959,5.28656499200002,0],[96.0877263450001,5.28657272300006,0],[96.0877162470001,5.28657615300006,0],[96.087703133,5.28658060800007,0],[96.0875435310001,5.28663482200005,0],[96.087452801,5.28668676100006,0],[96.0873076670001,5.28676984400005,0],[96.0873044670001,5.28677028800007,0],[96.0872218870001,5.28678174400005,0],[96.0870141520001,5.28681910900002,0],[96.0869245480001,5.28682911600004,0],[96.086833358,5.28690414200003,0],[96.08666064,5.28707900400002,0],[96.0865696400001,5.28719227100004,0],[96.086560417,5.28720074700004,0],[96.086446213,5.28730570000005,0],[96.0862654570001,5.28739838200005,0],[96.0861873920001,5.28742745200003,0],[96.0861676680001,5.28739586700004,0],[96.0861373990001,5.28734739300006,0],[96.0860739980001,5.28725592700005,0],[96.0859991790001,5.28717025500004,0],[96.085949177,5.28708828400005,0],[96.08585909,5.28700077500002,0],[96.0855213,5.28675038200004,0],[96.0852701540001,5.28699570100002,0],[96.084840436,5.28724015100005,0],[96.0843193890001,5.28774603700003,0],[96.084027076,5.28803813300004,0],[96.0831920100001,5.28854386400008,0],[96.0827711920001,5.28889331400006,0],[96.0823983220001,5.28920294700004,0],[96.0822915910001,5.28955841400006,0],[96.0821118570001,5.28974071800008,0],[96.0819903390001,5.28982676300006,0],[96.0818344630001,5.28993713600005,0],[96.0816501770001,5.29003963400004,0],[96.081388399,5.29014251800004,0],[96.0811682280001,5.29022129300006,0],[96.080971967,5.29024137700003,0],[96.0807151970001,5.29022354700004,0],[96.0806133280001,5.29011649700004,0],[96.0804462870001,5.29007446300005,0],[96.0799907850001,5.28995984000005,0],[96.079271464,5.28999171200007,0],[96.0790614860001,5.29006178800006,0],[96.0784462080001,5.29030682200005,0],[96.0782675510001,5.29086042700004,0],[96.0782144080001,5.29102510000007,0],[96.0780301030001,5.29149174700007,0],[96.077466643,5.29158835400006,0],[96.0766814070001,5.29190223100005,0],[96.076231314,5.29208774800003,0],[96.0756985510001,5.29270920400006,0],[96.0753721830001,5.29308685000007,0],[96.0749979940001,5.29345024800006,0],[96.0749884470001,5.29345952100005,0],[96.0746240940001,5.29375076400004,0],[96.0742371380001,5.29402022500005,0],[96.073839412,5.29406106200003,0],[96.0737045610001,5.29403868800006,0],[96.0731485900001,5.29394644200005,0],[96.072782675,5.29376637500008,0],[96.0721543920001,5.29345719700007,0],[96.07111352,5.29328707300004,0],[96.070531626,5.29330090300004,0],[96.0704333620001,5.29330323800002,0],[96.0701683200001,5.29337713300004,0],[96.0700285930001,5.29342443500002,0],[96.070024232,5.29342591200003,0],[96.0699045900001,5.29346845900005,0],[96.0698866990001,5.29347482100007,0],[96.0698523400001,5.29349133700003,0],[96.069714381,5.29355765400004,0],[96.069500469,5.29367007100007,0],[96.0690678920001,5.29392567000002,0],[96.068771262,5.29412186100006,0],[96.0687422710001,5.29414103600004,0],[96.0684285340001,5.29437296800006,0],[96.068024478,5.29470666700007,0],[96.067576224,5.29508944700007,0],[96.0674528320001,5.29519481700004,0],[96.067197116,5.29541318100007,0],[96.0671935130001,5.29541625700006,0],[96.066522342,5.29598939300007,0],[96.066435776,5.29604676300005,0],[96.0664282430001,5.29605175500006,0],[96.0658045500001,5.29646509000003,0],[96.0656347140001,5.29654651400006,0],[96.065547855,5.29658815600004,0],[96.065472603,5.29661345700003,0],[96.0653150270001,5.29666643700006,0],[96.065181829,5.29671122100007,0],[96.065081745,5.29674009900003,0],[96.0650040180001,5.29676252600007,0],[96.0647834580001,5.29682616500003,0],[96.0647635120001,5.29683192000005,0],[96.0645496010001,5.29691475300007,0],[96.0643333120001,5.29702125200004,0],[96.0643239600001,5.29702673000003,0],[96.064178607,5.29711187600003,0],[96.0641437620001,5.29713228700007,0],[96.0641470310001,5.29705254800007,0],[96.0641528300001,5.29691108200007,0],[96.0641641020001,5.29663608400006,0],[96.064074223,5.29616469300004,0],[96.0639625590001,5.29588440000003,0],[96.0637854550001,5.29563132000004,0],[96.063626087,5.29534827500004,0],[96.063615009,5.29520119500006,0],[96.0635871700001,5.29483158400006,0],[96.0635780850001,5.29475498600004,0],[96.06356363,5.29466439400005,0],[96.0635441580001,5.29454235900005,0],[96.063537679,5.29450175400007,0],[96.063487766,5.29438105400004,0],[96.0633950710001,5.29424852100004,0],[96.0633639260001,5.29421750900002,0],[96.0631758480001,5.29410462000004,0],[96.0631279190001,5.29408454200006,0],[96.0629996280001,5.29403079900004,0],[96.06277873,5.29396317400006,0],[96.0624593850001,5.29387811000004,0],[96.062139835,5.29375121900006,0],[96.0619302410001,5.29355805300003,0],[96.0618400450001,5.29340015000002,0],[96.0617537630001,5.29321890800003,0],[96.061692469,5.29309015500007,0],[96.06158715,5.29288751000007,0],[96.0613681150001,5.29259280800005,0],[96.0610815970001,5.29225481200007,0],[96.0608263880001,5.29213836200006,0],[96.0608177930001,5.29213705200004,0],[96.0606175880001,5.29210653000007,0],[96.0603851060001,5.29210767900003,0],[96.0599524580001,5.29201421000005,0],[96.059731384,5.29191073100003,0],[96.05970899,5.29184709700007,0],[96.0596558120001,5.29169598700003,0],[96.0595838240001,5.29160372300004,0],[96.0594432980001,5.29151478500006,0],[96.0592720670001,5.29146293100007,0],[96.059264758,5.29146068100005,0],[96.0592264060001,5.29144887700005,0],[96.0590540920001,5.29142047800002,0],[96.058950698,5.29140343700004,0],[96.0589256950001,5.29139810200007,0],[96.0588175970001,5.29137503700002,0],[96.058756599,5.29127915900006,0],[96.0587317490001,5.29122406000005,0],[96.0586692080001,5.29108538700007,0],[96.0586355560001,5.29090927600004,0],[96.0586081880001,5.29079886500006,0],[96.058554083,5.29070651200004,0],[96.0584913150001,5.29067096900008,0],[96.0584227190001,5.29066234500004,0],[96.0582436560001,5.29071889200003,0],[96.0580940130001,5.29076614800005,0],[96.0580905410001,5.29076704200003,0],[96.0579277240001,5.29080893000003,0],[96.05785547,5.29080893000003,0],[96.0578254310001,5.29076741400007,0],[96.0578121200001,5.29074901700005,0],[96.0577996540001,5.29063853200006,0],[96.057784326,5.29055196300004,0],[96.057747825,5.29040275600005,0],[96.0576277520001,5.29023005900007,0],[96.057501894,5.29009324400005,0],[96.0574028030001,5.28994434600003,0],[96.057270896,5.28978963500003,0],[96.0570280370001,5.28971375900005,0],[96.0570229310001,5.28971231700007,0],[96.0569370750001,5.28968807400003,0],[96.0568851740001,5.28968296900007,0],[96.0568317330001,5.28967771400005,0],[96.0567830590001,5.28967292700003,0],[96.056689884,5.28967135400006,0],[96.0566708740001,5.28967103300005,0],[96.056621437,5.28965399300006,0],[96.056566295,5.28962559300004,0],[96.0565599280001,5.28961673200007,0],[96.0565516630001,5.28960522900007,0],[96.0563989680001,5.28939271200005,0],[96.0563940420001,5.28938633500007,0],[96.05636094,5.28934348500007,0],[96.0563153050001,5.28931508500006,0],[96.0562997360001,5.28930918000003,0],[96.0561955150001,5.28926964500005,0],[96.0561327670001,5.28924313800007,0],[96.056120175,5.28923397500006,0],[96.0560965050001,5.28921675200007,0],[96.05608333,5.28920716500005,0],[96.0559767870001,5.28910107600007,0],[96.055936919,5.28906137800004,0],[96.0559145060001,5.28904673100004,0],[96.055876073,5.28902161700006,0],[96.0558601150001,5.28901495400004,0],[96.0558538490001,5.28901233700003,0],[96.055817129,5.28899700400007,0],[96.055754381,5.28898185700007,0],[96.0556288860001,5.28896292400003,0],[96.0555737440001,5.28894588400004,0],[96.0554748700001,5.28890801700004,0],[96.0553075430001,5.28884932300002,0],[96.055239091,5.28883039000004,0],[96.0551934570001,5.28883417700007,0],[96.055149724,5.28886068300005,0],[96.055048948,5.28896103000005,0],[96.0549900030001,5.28898375000006,0],[96.054976686,5.28898200600003,0],[96.054917748,5.28897428400006,0],[96.0548531000001,5.28895345700005,0],[96.054803662,5.28892127000006,0],[96.0548024130001,5.28891962100005,0],[96.0544844550001,5.28849998000004,0],[96.054482319,5.28849716100007,0],[96.0544024590001,5.28838545400004,0],[96.054364186,5.28832556700007,0],[96.0547519290001,5.28812543100003,0],[96.0548487840001,5.28807158900003,0],[96.0549129570001,5.28802603000003,0],[96.0549396960001,5.28800177200003,0],[96.054959899,5.28798165500007,0],[96.0549818840001,5.28796153800005,0],[96.0550115940001,5.28795029600008,0],[96.0550377390001,5.28794793000003,0],[96.055068637,5.28795917100007,0],[96.0550989420001,5.28797337200007,0],[96.055128057,5.28798165500007,0],[96.0551559850001,5.28798402200005,0],[96.0551821290001,5.28797988000002,0],[96.0552142160001,5.28795680500002,0],[96.0552415490001,5.28793432100002,0],[96.0552647230001,5.28791775400003,0],[96.0552950270001,5.28789941300005,0],[96.0555101460001,5.28779044500004,0],[96.055806633,5.28764026100004,0],[96.055828024,5.28762546900003,0],[96.055835749,5.28760831100004,0],[96.055835749,5.28757991100002,0],[96.0558288780001,5.28755412400005,0],[96.055828024,5.28755091900007,0],[96.0558254860001,5.28754550600007,0],[96.0557613760001,5.28740877300004,0],[96.055740083,5.28736335900004,0],[96.05567111,5.28723329700006,0],[96.0556450110001,5.28718408300006,0],[96.0556212610001,5.28713575700004,0],[96.0555903440001,5.28707284800004,0],[96.0555398370001,5.28696930600006,0],[96.0555150440001,5.28690886200008,0],[96.0554709100001,5.28680127100006,0],[96.0554346640001,5.28670719500008,0],[96.0553586070001,5.28653916100006,0],[96.0553482000001,5.28651780300004,0],[96.0552193570001,5.28625338000006,0],[96.055202926,5.28621965800005,0],[96.0551634380001,5.28613407900002,0],[96.0551625210001,5.28613209000002,0],[96.0551322170001,5.28606582300006,0],[96.055108712,5.28599404100004,0],[96.0550388890001,5.28578080100004,0],[96.0550258550001,5.28574099500003,0],[96.0550139710001,5.28570372000007,0],[96.0550080150001,5.28568511800006,0],[96.0549975710001,5.28565495800007,0],[96.0549841980001,5.28562306100002,0],[96.0546997230001,5.28489262200003,0],[96.0548622050001,5.28481015300002,0],[96.0554143350001,5.28452991500006,0],[96.0554840330001,5.28449982900003,0],[96.055281914,5.28412795300005,0],[96.055257941,5.28410177900003,0],[96.0552440330001,5.28405486700007,0],[96.0552391430001,5.28403837200005,0],[96.0552353410001,5.28399378700004,0],[96.055313783,5.28395891500003,0],[96.055344953,5.28394295400005,0],[96.055416741,5.28390619500004,0],[96.05544287,5.28388575000002,0],[96.0554426940001,5.28384989800003,0],[96.055372966,5.28373192600003,0],[96.0553021050001,5.28362591100006,0],[96.0550509220001,5.28319778800005,0],[96.0550287360001,5.28315997400006,0],[96.0549673890001,5.28304913100004,0],[96.0549279050001,5.28302064300004,0],[96.054874081,5.28298505600003,0],[96.054739936,5.28261643000008,0],[96.0546022670001,5.28225857700005,0],[96.0545776700001,5.28219414600005,0],[96.0542689330001,5.28138540400005,0],[96.054178832,5.28124602100007,0],[96.054160616,5.28117798900007,0],[96.0539331990001,5.28075245700006,0],[96.0538326720001,5.28067479200007,0],[96.05366775,5.28059433700003,0],[96.0533499100001,5.28045009900006,0],[96.052915048,5.28026819200005,0],[96.052668811,5.28013794200007,0],[96.052628112,5.28015305200006,0],[96.0526160430001,5.28015753300002,0],[96.052555666,5.28018174300007,0],[96.05240222,5.27998046300007,0],[96.0523049780001,5.27985290700002,0],[96.0522858670001,5.27984583100005,0],[96.0521374310001,5.27989791400006,0],[96.0520026030001,5.27994522200004,0],[96.0516474890001,5.28007747400005,0],[96.051314215,5.28014023300005,0],[96.0512824900001,5.28014775500003,0],[96.0511371710001,5.28018503500004,0],[96.0509662800001,5.28020520800004,0],[96.0508536840001,5.28012272800004,0],[96.0507887900001,5.28006941700005,0],[96.0507109930001,5.28000487500003,0],[96.050665951,5.27996111700003,0],[96.0506416900001,5.27987590600003,0],[96.0505476340001,5.27965885900005,0],[96.0504918450001,5.27946552600002,0],[96.050433754,5.27928893500007,0],[96.050385147,5.27913779400006,0],[96.050294524,5.27887804900007,0],[96.0502895160001,5.27885332400007,0],[96.0502901780001,5.27881760800005,0],[96.0502726160001,5.27857332700006,0],[96.050277807,5.27850835900006,0],[96.0502830470001,5.27844277300005,0],[96.050328682,5.27836041100005,0],[96.0503871510001,5.27827094900005,0],[96.0504256550001,5.27819426800005,0],[96.050447046,5.27811616600007,0],[96.0504641590001,5.27802670400007,0],[96.0504616570001,5.27797853600003,0],[96.0504598810001,5.27794434200007,0],[96.050459764,5.27794232100007,0],[96.0504527510001,5.27782079900004,0],[96.0504432500001,5.27776403900003,0],[96.0504313590001,5.27769299600004,0],[96.0503998360001,5.27758313300006,0],[96.0501780010001,5.27716607100007,0],[96.049942935,5.27684676000007,0],[96.0497367870001,5.27645049500006,0],[96.049744876,5.27644825800007,0],[96.0496381020001,5.27623342700002,0],[96.0496327330001,5.27622244200006,0],[96.049550588,5.27605437900007,0],[96.0495028170001,5.27595664200004,0],[96.049423936,5.27553835600003,0],[96.0494070500001,5.27544881100005,0],[96.049404972,5.27543779300004,0],[96.0493709020001,5.27535593400006,0],[96.049367031,5.27534663400007,0],[96.0493004090001,5.27518656300003,0],[96.0491194890001,5.27475186800007,0],[96.0490930780001,5.27468663300004,0],[96.0490901620001,5.27467943200003,0],[96.0490386260001,5.27455213900004,0],[96.0489761460001,5.27439781500004,0],[96.0488788380001,5.27420342300007,0],[96.0488685890001,5.27418294700004,0],[96.048860049,5.27416588700004,0],[96.0488253990001,5.27409666700004,0],[96.0487303400001,5.27390676500005,0],[96.0487290180001,5.27390326700004,0],[96.0487157580001,5.27386817900003,0],[96.048560099,5.27345627300002,0],[96.0485503990001,5.27343060400005,0],[96.048550215,5.27343011800002,0],[96.0485221980001,5.27337909400006,0],[96.0484467940001,5.27324176700006,0],[96.048443375,5.27321150700004,0],[96.0484276450001,5.27318386500002,0],[96.048414295,5.27318257900004,0],[96.04840076,5.27315792900004,0],[96.04838348,5.27314760500008,0],[96.0483779470001,5.27314707200003,0],[96.0483695250001,5.27314626000003,0],[96.0483392720001,5.27314334500005,0],[96.0482907850001,5.27316180600008,0],[96.0482394460001,5.27318310600003,0],[96.0481824030001,5.27319730700003,0],[96.0477987880001,5.27327114900004,0],[96.047737467,5.27326972900005,0],[96.0476847020001,5.27326120900005,0],[96.0476176760001,5.27323138800006,0],[96.0475968860001,5.27322059700003,0],[96.0473823730001,5.27310926400003,0],[96.0473208930001,5.27309190300002,0],[96.0472868260001,5.27308228300006,0],[96.0472354870001,5.27307944300003,0],[96.0471812960001,5.27307944300003,0],[96.0471271050001,5.27309080300006,0],[96.047042966,5.27311636400003,0],[96.0469859230001,5.27312204400005,0],[96.0468918020001,5.27312062400006,0],[96.0468254900001,5.27311281400006,0],[96.046761588,5.27310424600006,0],[96.046647486,5.27295160500006,0],[96.046643245,5.27290156000004,0],[96.04663664,5.27282363900002,0],[96.0466362650001,5.27281921400004,0],[96.0466202910001,5.27234415500004,0],[96.046567714,5.27195301400008,0],[96.0465668830001,5.27178271400004,0],[96.0465181170001,5.27156185800004,0],[96.0464364050001,5.27130829700008,0],[96.0463156850001,5.27100114800004,0],[96.0461582670001,5.27050296000004,0],[96.046003597,5.27014590100003,0],[96.0459852320001,5.27010786000005,0],[96.0459838850001,5.27007823200006,0],[96.0459833310001,5.27004249600003,0],[96.0459787180001,5.26974494400002,0],[96.0459329190001,5.26952108500006,0],[96.045854218,5.26927348500004,0],[96.0457530570001,5.26893635400006,0],[96.0457415530001,5.26889801500005,0],[96.0457215100001,5.26883194400006,0],[96.0455273730001,5.26819198300007,0],[96.045503163,5.26807273000003,0],[96.0454913250001,5.26801441900005,0],[96.045478125,5.26794940300005,0],[96.0454049560001,5.26778944500006,0],[96.045410293,5.26761528300005,0],[96.0454069410001,5.26759877200004,0],[96.0454005930001,5.26756750600003,0],[96.0454016360001,5.26750096600006,0],[96.0454037900001,5.26736351100004,0],[96.045345894,5.26710385800004,0],[96.0452162350001,5.26679675100007,0],[96.0450305960001,5.26641582000002,0],[96.0450112500001,5.26637612300004,0],[96.0449976410001,5.26634819700007,0],[96.0449588800001,5.26622662100004,0],[96.0449624220001,5.26622466800006,0],[96.045101415,5.26614804300004,0],[96.04559936,5.26595644000002,0],[96.0457486780001,5.26590321200007,0],[96.0461298060001,5.26576734800005,0],[96.046242046,5.26572733700004,0],[96.0462770840001,5.26571623600006,0],[96.0464835480001,5.26569403100007,0],[96.0466591620001,5.26564536700005,0],[96.04671275,5.26561246700004,0],[96.0467422790001,5.26557624100008,0],[96.0467240620001,5.26550761100003,0],[96.0466694510001,5.26524958100003,0],[96.046669277,5.26524876000002,0],[96.046622416,5.26526059700006,0],[96.047055931,5.26510767700006,0],[96.0471944390001,5.26505881900005,0],[96.047232347,5.26504731100005,0],[96.0472477390001,5.26504263900006,0],[96.0474055720001,5.26502123800003,0],[96.0474162040001,5.26501979600005,0],[96.047527867,5.26500477300004,0],[96.0476420530001,5.26498941100004,0],[96.0478901930001,5.26495602600005,0],[96.0480209620001,5.26492515000007,0],[96.0480272500001,5.26492366600007,0],[96.0481157660001,5.26489606400003,0],[96.0481964460001,5.26485608800004,0],[96.0482565990001,5.26479698400004,0],[96.048287477,5.26475597400002,0],[96.048289035,5.26475390500002,0],[96.048358969,5.26466102300003,0],[96.0483592950001,5.26466064800007,0],[96.048372236,5.26464577200005,0],[96.0485639710001,5.26464168500007,0],[96.0487102110001,5.26464398800005,0],[96.048851971,5.26464622100002,0],[96.0493972300001,5.26464432900002,0],[96.0495365350001,5.26463610000008,0],[96.0495418020001,5.26463615900008,0],[96.0500607420001,5.26464202600005,0],[96.0500613400001,5.26464199500003,0],[96.0507725480001,5.26460462100005,0],[96.0508117990001,5.26460255800004,0],[96.0507930800001,5.26451816500003,0],[96.0507548450001,5.26434577000003,0],[96.0507924500001,5.26433465600007,0],[96.051522215,5.26411898300006,0],[96.0515160080001,5.26410591900003,0],[96.0513381950001,5.26373177000005,0],[96.0513356280001,5.26372636800005,0],[96.0513224110001,5.26369855900003,0],[96.0513171360001,5.26368900400007,0],[96.0511733590001,5.26342859700003,0],[96.0511034070001,5.26326341400005,0],[96.0510586680001,5.26315777000002,0],[96.051003714,5.26302800300004,0],[96.0510035490001,5.26302761500006,0],[96.05099577,5.26300924600002,0],[96.0509954980001,5.26300901300004,0],[96.0512813980001,5.26291082200004,0],[96.0515682490001,5.26281230500007,0],[96.0515626280001,5.26279959800007,0],[96.0514492230001,5.26254330100005,0],[96.051424115,5.26248655700005,0],[96.0514249390001,5.26248626900002,0],[96.052704061,5.26200666100004,0],[96.0533142260001,5.26177787800003,0],[96.0528638100001,5.26072338800003,0],[96.0532109530001,5.26055345000003,0],[96.0532477250001,5.26053544900003,0],[96.0532481010001,5.26053526500004,0],[96.0532471500001,5.26053526600003,0],[96.0531582690001,5.26034259000005,0],[96.053308615,5.26026378300003,0],[96.0534273390001,5.26020155100002,0],[96.0540173630001,5.25989227500003,0],[96.0542931690001,5.25974770500005,0],[96.0544890370001,5.25964503600005,0],[96.055273899,5.25923362800006,0],[96.055664375,5.25902894900003,0],[96.056033509,5.25883545600004,0],[96.0560429590001,5.25884515200005,0],[96.056064086,5.25883518900002,0],[96.055984988,5.25869672900006,0],[96.055929742,5.25860002300004,0],[96.0557736660001,5.25832681600002,0],[96.0556944480001,5.25821518300006,0],[96.055690263,5.25820928600007,0],[96.055627541,5.25812090000005,0],[96.0554109190001,5.25781563900006,0],[96.0553416930001,5.25771808800005,0],[96.0553424170001,5.25771305700005,0],[96.0553747860001,5.25748811800003,0],[96.0554268810001,5.25712609900006,0],[96.0555437100001,5.25631422300006,0],[96.0555439540001,5.25631252600004,0],[96.055542755,5.25630382300005,0],[96.0555194020001,5.25613424000005,0],[96.0555161250001,5.25611043900005,0],[96.0555134190001,5.25609111300002,0],[96.0555120120001,5.25608106600004,0],[96.0555083790001,5.25605511700007,0],[96.0555022730001,5.25601151600006,0],[96.055478011,5.25583824300003,0],[96.0554713970001,5.25579101100004,0],[96.055401299,5.25529042200003,0],[96.055393027,5.25523134600007,0],[96.0553928750001,5.25523025800004,0],[96.0553928570001,5.25523013300005,0],[96.0553879030001,5.25519415400004,0],[96.0553867610001,5.25518586000004,0],[96.055377085,5.25516828200006,0],[96.0552359160001,5.25499802900003,0],[96.055017094,5.25473412600007,0],[96.0547607330001,5.25442494900005,0],[96.0547066770001,5.25443411100002,0],[96.054706583,5.25443396500003,0],[96.054577706,5.25423482100007,0],[96.054473283,5.25407346500003,0],[96.0546050740001,5.25399902200007,0],[96.0546626460001,5.25396650200003,0],[96.054821797,5.25387566200004,0],[96.05478263,5.25380552900003,0],[96.054736668,5.25372322800007,0],[96.054716291,5.25367725600006,0],[96.054685701,5.25360824600006,0],[96.0545780720001,5.25337251800005,0],[96.0544532200001,5.25314818300006,0],[96.0545348030001,5.25307797600004,0],[96.0542168700001,5.25253432300002,0],[96.0542743140001,5.25248869800004,0],[96.0542249960001,5.25240777600004,0],[96.0541623980001,5.25230506400004,0],[96.0539894070001,5.25202121600006,0],[96.053873497,5.25182226200008,0],[96.0537730780001,5.25187915900005,0],[96.0535647780001,5.25155068500004,0],[96.0536222090001,5.25150792800002,0],[96.0534066440001,5.25120332400007,0],[96.0534544690001,5.25117486500005,0],[96.0532413760001,5.25087580300004,0],[96.0532152050001,5.25083907300007,0],[96.0530313040001,5.25056013100004,0],[96.0529875270001,5.25049373100006,0],[96.052914634,5.25038316600006,0],[96.0527014150001,5.25005975400006,0],[96.052519551,5.25019515000002,0],[96.0524058240001,5.25003923500003,0],[96.0523086090001,5.24992164400004,0],[96.0521309390001,5.24967220000002,0],[96.0519826610001,5.24976472600002,0],[96.0518767710001,5.24962491000002,0],[96.051710127,5.24940487400005,0],[96.051299966,5.24890094500006,0],[96.0509118470001,5.24925033900007,0],[96.050746829,5.24904876300008,0],[96.0507063090001,5.24908629300006,0],[96.0504903230001,5.24882526100004,0],[96.0503438410001,5.24894646100006,0],[96.050147564,5.24869884100002,0],[96.0503660160001,5.24849047100003,0],[96.0501325130001,5.24824841200007,0],[96.050035859,5.24834096700005,0],[96.0498239670001,5.24814368700004,0],[96.0498671710001,5.24808365300004,0],[96.0496222770001,5.24783006600006,0],[96.0494315020001,5.24760499200005,0],[96.049397286,5.24756592000006,0],[96.0493672800001,5.24753165600004,0],[96.0491204360001,5.24781246200007,0],[96.0490371540001,5.24770307600005,0],[96.0489897580001,5.24764082300004,0],[96.0489099310001,5.24753597500006,0],[96.0489920110001,5.24746966700008,0],[96.0489624860001,5.24742838300006,0],[96.0487946120001,5.24719366600004,0],[96.0487691380001,5.24715804900006,0],[96.0486039890001,5.24694859300007,0],[96.0485614900001,5.24689469300006,0],[96.0484351970001,5.24697728400002,0],[96.0482334230001,5.24668182900007,0],[96.0481726140001,5.24671195000008,0],[96.0481492910001,5.24672350300006,0],[96.0475113970001,5.24566487500005,0],[96.0475637630001,5.24563673800003,0],[96.0476137140001,5.24560990000003,0],[96.0476021060001,5.24557855200004,0],[96.0474932920001,5.24528468500006,0],[96.046896997,5.24367430900003,0],[96.0468859280001,5.24364441500006,0],[96.0465938190001,5.24291986900005,0],[96.0465365350001,5.24293155100003,0],[96.0463783610001,5.24259375300005,0],[96.045924422,5.24278045100004,0],[96.0454944510001,5.24294096700004,0],[96.045434378,5.24296558200007,0],[96.045213011,5.24305628900004,0],[96.044947317,5.24316977300003,0],[96.044883305,5.24320018200007,0],[96.0447121540001,5.24328148900003,0],[96.044703805,5.24328470000006,0],[96.0442103880001,5.24347450400006,0],[96.044027009,5.24355740400006,0],[96.0439724890001,5.24358205100003,0],[96.0437273920001,5.24366544600002,0],[96.0434731560001,5.24376335500006,0],[96.0432099510001,5.24387868000002,0],[96.042722644,5.24406187000005,0],[96.042712157,5.24403766600005,0],[96.0426396110001,5.24387024300006,0],[96.0424484480001,5.24395539400007,0],[96.0425154540001,5.24411312500007,0],[96.0425288220001,5.24414459100007,0],[96.0412129860001,5.24463815900003,0],[96.0407872850001,5.24479783800007,0],[96.0407351570001,5.24481739100003,0],[96.0407496770001,5.24486571700004,0],[96.0408347000001,5.24514869600006,0],[96.0409498290001,5.24510854000005,0],[96.0410414630001,5.24537278300005,0],[96.0411067690001,5.24560222500003,0],[96.0411917100001,5.24586674700004,0],[96.0411948450001,5.24587650900003,0],[96.0407455500001,5.24604464500004,0],[96.040730088,5.24604548800005,0],[96.0407089710001,5.24604664000003,0],[96.0407010260001,5.24604707300006,0],[96.0406929330001,5.24603785600004,0],[96.040597184,5.24592880900002,0],[96.040560267,5.24588676500002,0],[96.040369147,5.24581001200005,0],[96.0401723270001,5.24578706800003,0],[96.0400297210001,5.24584208900006,0],[96.0400066330001,5.24585099700005,0],[96.039999783,5.24585364000006,0],[96.039898479,5.24586010800004,0],[96.0397788010001,5.24576508100006,0],[96.0397125960001,5.24563394000006,0],[96.0396764560001,5.24555643300005,0],[96.03964318,5.24540382400005,0],[96.0396347290001,5.24536506700002,0],[96.0396173980001,5.24534035100004,0],[96.0395398370001,5.24514940500006,0],[96.039365364,5.24471987200008,0],[96.0393242900001,5.24461875300005,0],[96.0392312740001,5.24438975700002,0],[96.0391676580001,5.24423314200004,0],[96.0390193840001,5.24386810500005,0],[96.0390054210001,5.24383373100005,0],[96.039004204,5.24383073300004,0],[96.038691134,5.24305999100005,0],[96.038661575,5.24298327400004,0],[96.0386177,5.24288953600006,0],[96.0386144110001,5.24288251000007,0],[96.0385683540001,5.24278411000006,0],[96.038531585,5.24269555100005,0],[96.038482838,5.24257814600003,0],[96.0384571430001,5.24251625900007,0],[96.0384457110001,5.24248872600003,0],[96.038431372,5.24244661100005,0],[96.0384084090001,5.24237916900006,0],[96.038383105,5.24230484900005,0],[96.0383330510001,5.24215784000006,0],[96.0383112250001,5.24210109500007,0],[96.0383094520001,5.24209648400006,0],[96.0382668270001,5.24198566300004,0],[96.038227352,5.24188303100004,0],[96.038211668,5.24184225400006,0],[96.038212924,5.24183073800003,0],[96.0382137510001,5.24182315300004,0],[96.0382139330001,5.24182148900007,0],[96.038215951,5.24180299300002,0],[96.038179846,5.24172015600004,0],[96.0381370970001,5.24162207600006,0],[96.038079726,5.24149044600006,0],[96.0380514130001,5.24142548600003,0],[96.0380407050001,5.24140091900006,0],[96.0380450810001,5.24139900800003,0],[96.0381219920001,5.24136541600006,0],[96.0379647610001,5.24104282200005,0],[96.037956567,5.24102600800006,0],[96.0379780690001,5.24101603500003,0],[96.0384770850001,5.24078458800005,0],[96.0383715550001,5.24055879000002,0],[96.038272836,5.24037495600004,0],[96.0382289470001,5.24029322800004,0],[96.038074931,5.23994529900006,0],[96.037956567,5.23964707400006,0],[96.0379491210001,5.23962995200003,0],[96.0379294110001,5.23958462600007,0],[96.0379217050001,5.23956690500006,0],[96.0379182360001,5.23955892700008,0],[96.0378538830001,5.23941093900004,0],[96.0377894700001,5.23926811500007,0],[96.0377034580001,5.23908617400002,0],[96.0376579750001,5.23898996300005,0],[96.037630881,5.23893266000005,0],[96.0376308030001,5.23893248600007,0],[96.0376000470001,5.23886742800005,0],[96.0372378230001,5.23810624200007,0],[96.037228724,5.23808692200004,0],[96.0371635070001,5.23794844200006,0],[96.0371638020001,5.23794830200006,0],[96.0371436,5.23790574900005,0],[96.0371185380001,5.23785295600004,0],[96.0369682940001,5.23753393200008,0],[96.0369682610001,5.23753386400006,0],[96.036968243,5.23753382700005,0],[96.0369679720001,5.23753326900004,0],[96.0369678050001,5.23753292400005,0],[96.0369669080001,5.23753107300007,0],[96.036966395,5.23753001600005,0],[96.0369659740001,5.23752914700003,0],[96.0369594750001,5.23751574000005,0],[96.0369394430001,5.23747441800003,0],[96.0369359380001,5.23746718900003,0],[96.0369283640001,5.23745156500007,0],[96.036905264,5.23739719200006,0],[96.0368973510001,5.23737856700006,0],[96.0368969900001,5.23737771900005,0],[96.0368846540001,5.23735547400003,0],[96.0368737190001,5.23733575400007,0],[96.0368024270001,5.23720719800002,0],[96.0367914600001,5.23718742200003,0],[96.0367472520001,5.23711215500003,0],[96.0367187300001,5.23704540900007,0],[96.0367132550001,5.23704050200007,0],[96.036703135,5.23703143200004,0],[96.0367166670001,5.23700454500005,0],[96.0367178430001,5.23700220800004,0],[96.0367389680001,5.23696023500003,0],[96.0367747340001,5.23696269100003,0],[96.036814463,5.23695581000004,0],[96.036818467,5.23695511700004,0],[96.036907834,5.23692292800007,0],[96.0369610750001,5.23690399300006,0],[96.037001005,5.23690020600003,0],[96.037026907,5.23690581300002,0],[96.0370444980001,5.23685511700006,0],[96.037058695,5.23683852700003,0],[96.0370667390001,5.23682912800007,0],[96.0371039180001,5.23680541200002,0],[96.0373033370001,5.23670664700006,0],[96.037319327,5.23669872700003,0],[96.037355715,5.23668070500003,0],[96.038244498,5.23624052000002,0],[96.0383607000001,5.23618296900003,0],[96.038628616,5.23605027800005,0],[96.039268727,5.23573325200005,0],[96.0392727990001,5.23573123600005,0],[96.039340484,5.23569771300004,0],[96.0393684790001,5.23567559500003,0],[96.039398066,5.23565222000002,0],[96.039044716,5.23515253300008,0],[96.0390976690001,5.23511465100006,0],[96.0391836480001,5.23505314200003,0],[96.039137769,5.23490693600007,0],[96.0390808400001,5.23459041100006,0],[96.0390664650001,5.23451048300007,0],[96.0390842910001,5.23422645600004,0],[96.039502574,5.23376021800004,0],[96.039492577,5.23374272400002,0],[96.039455156,5.23367723700005,0],[96.0394028250001,5.23358565800004,0],[96.0393171640001,5.23338102400004,0],[96.039297973,5.23331940900005,0],[96.0392267450001,5.23309073000007,0],[96.0391919680001,5.23287136700003,0],[96.039190821,5.23286413100004,0],[96.039103013,5.23231026700006,0],[96.0390783220001,5.23209504300007,0],[96.039068709,5.23201124800005,0],[96.0390657350001,5.23191904300006,0],[96.0390925040001,5.23182683900006,0],[96.0391116170001,5.23178412800007,0],[96.039113666,5.23177954900007,0],[96.0391426620001,5.23171475200007,0],[96.039156404,5.23168404400008,0],[96.039157457,5.23168115400006,0],[96.039158291,5.23167982500007,0],[96.0391644380001,5.23166608800005,0],[96.039046521,5.23156496300004,0],[96.038994904,5.23152652400006,0],[96.0389686760001,5.23150761000005,0],[96.0389251110001,5.23149322900002,0],[96.038875868,5.23147697400003,0],[96.0388943630001,5.23145165000005,0],[96.0389329110001,5.23139886700005,0],[96.0389329110001,5.23132075900003,0],[96.0388972590001,5.23076690500005,0],[96.0388972590001,5.23063967100006,0],[96.0388972590001,5.23061068900006,0],[96.038925781,5.23048287700004,0],[96.0390184760001,5.23035506400004,0],[96.039053734,5.23033259300007,0],[96.0391957460001,5.23024208400005,0],[96.0391967360001,5.23024145300008,0],[96.039374996,5.23015624400006,0],[96.039486073,5.23006486700007,0],[96.039538995,5.23002133100005,0],[96.0396010870001,5.22993741400006,0],[96.0396388200001,5.22988641800004,0],[96.0396620100001,5.22985888300002,0],[96.039699646,5.22981419600006,0],[96.0398242100001,5.22966629600006,0],[96.0400452520001,5.22943197200004,0],[96.0401736000001,5.22931126000003,0],[96.0401935690001,5.22927329500004,0],[96.040252034,5.22916214500003,0],[96.0404146610001,5.22879336600005,0],[96.040489763,5.22862306200005,0],[96.0407121790001,5.22811870500004,0],[96.040843856,5.22782010800006,0],[96.0408986510001,5.22768121100006,0],[96.0409222910001,5.22762128800002,0],[96.040943682,5.22748637400002,0],[96.0409365510001,5.22735856000003,0],[96.0408532150001,5.22699893600003,0],[96.040829596,5.22689701200005,0],[96.040829596,5.22675529900005,0],[96.040829596,5.22670529200008,0],[96.040843856,5.22652777400003,0],[96.040852294,5.22651096900006,0],[96.0409009000001,5.22641416200003,0],[96.0409864640001,5.22634315400006,0],[96.0410606880001,5.22631454200007,0],[96.041100289,5.22629927600002,0],[96.041207506,5.22625794500004,0],[96.0412389850001,5.22624468300006,0],[96.0413501770001,5.22619783600004,0],[96.041392897,5.22617983700007,0],[96.0414143030001,5.22615750500006,0],[96.041542635,5.22602362100002,0],[96.041606808,5.22589580700003,0],[96.0416282,5.22575379200003,0],[96.0416781120001,5.22563307900003,0],[96.041715147,5.22557820700007,0],[96.0417538,5.22552093900003,0],[96.0418927960001,5.22531499800004,0],[96.041970458,5.22519993300006,0],[96.0420028220001,5.22515282900002,0],[96.0420631530001,5.22506501800007,0],[96.042063957,5.22506364500003,0],[96.0421025890001,5.22499769400002,0],[96.0421136240001,5.22497203500006,0],[96.042120197,5.22488039800004,0],[96.042170109,5.22476678600003,0],[96.042246504,5.22466862200002,0],[96.0422910190001,5.22461142100002,0],[96.0423911510001,5.22448275600004,0],[96.0424092640001,5.22441962400006,0],[96.042419673,5.22438334500004,0],[96.0424173280001,5.22435765800003,0],[96.0424125430001,5.22430523600002,0],[96.04236976,5.22417742200003,0],[96.0423607880001,5.22416605000006,0],[96.0422913260001,5.22407801200006,0],[96.0422374400001,5.22399751900002,0],[96.042220022,5.22397150000006,0],[96.0421986310001,5.22387208900005,0],[96.042255674,5.22368036800003,0],[96.0424054120001,5.22346734500007,0],[96.042505238,5.22336083300007,0],[96.0425825440001,5.22333089500006,0],[96.042633585,5.22331112800003,0],[96.0428617570001,5.22320461600003,0],[96.042908674,5.22315789400005,0],[96.0429532730001,5.22310189200005,0],[96.0430144590001,5.22302506100004,0],[96.0430690100001,5.22290916800006,0],[96.043071475,5.22290393200007,0],[96.0430770840001,5.22288271300005,0],[96.043101956,5.22278863100007,0],[96.0431113210001,5.22267205700007,0],[96.0430614080001,5.22239512600004,0],[96.0430614080001,5.22238466200002,0],[96.0430614080001,5.22229738500005,0],[96.0430614080001,5.22227720100005,0],[96.0430614080001,5.22227441200005,0],[96.0430708550001,5.22224215600005,0],[96.0431019750001,5.22213590300004,0],[96.0431113210001,5.22210399300008,0],[96.043189333,5.22189812000005,0],[96.0432520240001,5.22173267700003,0],[96.043396537,5.22135130900006,0],[96.043484612,5.22109402700005,0],[96.0435034930001,5.22103887300005,0],[96.0435107210001,5.22100596500007,0],[96.0435534050001,5.22081164700006,0],[96.0435620170001,5.22068300900003,0],[96.0435676930001,5.22059821700003,0],[96.0435890570001,5.22027908600006,0],[96.0436247090001,5.22013707000002,0],[96.0437174040001,5.21996665000006,0],[96.0438243600001,5.21985303700006,0],[96.0439170550001,5.21975362500007,0],[96.043917305,5.21975291400003,0],[96.0439669680001,5.21961160900003,0],[96.0439656190001,5.21959146200004,0],[96.0439655630001,5.21959062200006,0],[96.043959838,5.21950509700002,0],[96.0439337060001,5.21944726700002,0],[96.0439268900001,5.21943218300004,0],[96.0439192630001,5.21941530500004,0],[96.043895664,5.21936308000005,0],[96.0438140110001,5.21924923900002,0],[96.043813813,5.21924896300004,0],[96.0437530560001,5.21916425700005,0],[96.0437387950001,5.21902934100007,0],[96.0437419560001,5.21901737900004,0],[96.043765679,5.21892760700007,0],[96.043774447,5.21889442500003,0],[96.0437974640001,5.21887748300003,0],[96.04391467,5.21879121200004,0],[96.044014567,5.21871768100004,0],[96.0441024450001,5.21865299700005,0],[96.0442165320001,5.21856068600005,0],[96.0442664440001,5.21842577000007,0],[96.0443134770001,5.21812132600007,0],[96.0443220070001,5.21806610900006,0],[96.0443520090001,5.21768018200004,0],[96.0443168520001,5.21757014600007,0],[96.0443020960001,5.21752396300008,0],[96.044290978,5.21746417000003,0],[96.0442817650001,5.21741462800003,0],[96.0442664440001,5.21733224000008,0],[96.044273575,5.21712631600008,0],[96.044299949,5.21702125800005,0],[96.044309227,5.21698429800006,0],[96.0443549270001,5.21695016600006,0],[96.044381877,5.21693003700005,0],[96.0443837020001,5.21692867400003,0],[96.044394792,5.21692039100003,0],[96.044508878,5.21687778600005,0],[96.0448511370001,5.21689908800005,0],[96.0453217420001,5.21697009700006,0],[96.0455213930001,5.21697009700006,0],[96.0456291770001,5.21695194400007,0],[96.0458242590001,5.21691908900004,0],[96.0458246690001,5.21691902000003,0],[96.0462972030001,5.21683943700003,0],[96.0464911270001,5.21680677700004,0],[96.046607909,5.21675168800004,0],[96.0466309050001,5.21673759800007,0],[96.0467192990001,5.21662925600003,0],[96.0467617350001,5.21653064900005,0],[96.0467669000001,5.21651864700004,0],[96.0467834730001,5.21648013800007,0],[96.0468119940001,5.21634522100004,0],[96.046790603,5.21613219500006,0],[96.0468048130001,5.21604021300004,0],[96.0468191250001,5.21594757300005,0],[96.0468832980001,5.21581975700008,0],[96.046900937,5.21580962300004,0],[96.0469020610001,5.21580897700005,0],[96.0470686880001,5.21571324400003,0],[96.0471197960001,5.21569288600006,0],[96.0471207900001,5.21569249000004,0],[96.0471349490001,5.21568685000005,0],[96.0471597850001,5.21567695600004,0],[96.0472112960001,5.21565643700006,0],[96.047475121,5.21565643700006,0],[96.047537606,5.21565643700006,0],[96.0476063120001,5.21565197900003,0],[96.0476469610001,5.21565217000006,0],[96.0478090000001,5.21565293100002,0],[96.0478749430001,5.21565324100004,0],[96.0479114170001,5.21564124300005,0],[96.0479133370001,5.21564061100003,0],[96.0479520170001,5.21562135100004,0],[96.047952857,5.21562093300003,0],[96.047954034,5.21561961500004,0],[96.0480099000001,5.21555702500007,0],[96.0480170310001,5.21545051200007,0],[96.047952857,5.21530139400005,0],[96.0479502790001,5.21524746900008,0],[96.0479457270001,5.21515227500004,0],[96.0479314660001,5.21493924900005,0],[96.0479440770001,5.21486389500006,0],[96.0479511550001,5.21482160200003,0],[96.0479599870001,5.21476882800005,0],[96.0479956390001,5.21465521400006,0],[96.0480534710001,5.21460722100005,0],[96.048055027,5.21460592900007,0],[96.0481239860001,5.21454870100007,0],[96.048231645,5.21447534500004,0],[96.0482594640001,5.21445638900002,0],[96.0482673980001,5.21444878000005,0],[96.0482687200001,5.21444751300004,0],[96.0483205420001,5.21439781700008,0],[96.0483258730001,5.21439270400003,0],[96.0484200220001,5.21430241700006,0],[96.0484224800001,5.21430006100007,0],[96.0484519840001,5.21427176600002,0],[96.04873007,5.21383151100002,0],[96.0488726780001,5.21359718200006,0],[96.0489185070001,5.21344504900003,0],[96.0489198440001,5.21344061100007,0],[96.048979633,5.21324213700007,0],[96.04898853,5.21312991100007,0],[96.048999564,5.21299072300008,0],[96.0489898860001,5.21291525400005,0],[96.0489756690001,5.21284244400005,0],[96.048964841,5.21278698500004,0],[96.0489511120001,5.21271667100007,0],[96.048939454,5.21269510900004,0],[96.048937665,5.21269180000007,0],[96.048843731,5.21251807400006,0],[96.048801374,5.21243973500003,0],[96.048714471,5.21234357600002,0],[96.0487086130001,5.21227216500006,0],[96.0487204190001,5.21215050500007,0],[96.0488049430001,5.21186688700004,0],[96.0489052120001,5.21157884400003,0],[96.0489105720001,5.21139403800004,0],[96.048900293,5.21118886600004,0],[96.0488791650001,5.21106500600007,0],[96.048901029,5.21086573300005,0],[96.0488788070001,5.21070042000002,0],[96.0488689570001,5.21062714300007,0],[96.0488761010001,5.21059143300005,0],[96.048960004,5.21043855400006,0],[96.0490616210001,5.21034435600006,0],[96.0492036570001,5.21026162400005,0],[96.0493431460001,5.21024198600003,0],[96.049464447,5.21026509700005,0],[96.0495921500001,5.21036262000007,0],[96.049697569,5.21041721500006,0],[96.0498633970001,5.21053520900006,0],[96.0499890990001,5.21058087300003,0],[96.0500992360001,5.21058815700007,0],[96.0502139430001,5.21057967800004,0],[96.0502882420001,5.21055748500004,0],[96.0504346820001,5.21049280600005,0],[96.050446675,5.21048529000007,0],[96.0504974770001,5.21049075500002,0],[96.0506370840001,5.21036597300002,0],[96.050650719,5.21035378500005,0],[96.050806353,5.20970431600006,0],[96.050991363,5.20929976600007,0],[96.0511990140001,5.20894886700006,0],[96.0511411140001,5.20827544900004,0],[96.050893322,5.20741755400007,0],[96.0507282820001,5.20681247900006,0],[96.0507764870001,5.20629254600004,0],[96.0509161080001,5.20580363800002,0],[96.0512919000001,5.20539233200003,0],[96.05202676,5.20488326400005,0],[96.0520680970001,5.20487099800005,0],[96.0526114130001,5.20470977600007,0],[96.0527373400001,5.20467240900007,0],[96.053085824,5.20456957000005,0],[96.053100902,5.20450015700004,0],[96.053352498,5.20438756600004,0],[96.0534711270001,5.20426748000006,0],[96.0536571680001,5.20422587500002,0],[96.0536965220001,5.20403931700002,0],[96.0538613880001,5.20397081000004,0],[96.054053158,5.20383441900003,0],[96.0542132780001,5.20366632800005,0],[96.054385606,5.20355793200002,0],[96.0544986210001,5.20350958000006,0],[96.0545761910001,5.20352713000005,0],[96.054742876,5.20348449200003,0],[96.0549097640001,5.20348368300006,0],[96.0551251410001,5.20364995200003,0],[96.055363985,5.20373842500004,0],[96.0557272720001,5.20367690700004,0],[96.05586407,5.20361648800002,0],[96.0559114920001,5.20356247800004,0],[96.055916875,5.20344294200004,0],[96.055803198,5.20335386100004,0],[96.05574348,5.20333024900003,0],[96.0556953070001,5.20322889900007,0],[96.0557065930001,5.20309738300006,0],[96.0557228420001,5.20307681600002,0],[96.0559435600001,5.20279745700003,0],[96.0561572060001,5.20260520300008,0],[96.0563351770001,5.20243105000003,0],[96.056453747,5.20229901300007,0],[96.0564950930001,5.20222113100004,0],[96.0562979150001,5.20212050400005,0],[96.056136613,5.20204360500003,0],[96.0559103250001,5.20208653200007,0],[96.055541136,5.20216003000007,0],[96.0552967660001,5.20216121500005,0],[96.054920866,5.20207938200002,0],[96.0544797490001,5.20206957100004,0],[96.0542294480001,5.20207676000007,0],[96.053859796,5.20205465100003,0],[96.053769512,5.20204015300004,0],[96.0535735400001,5.20200868200004,0],[96.053197314,5.20187262200005,0],[96.052862415,5.20164120000004,0],[96.0526349450001,5.20143913400005,0],[96.0525088000001,5.20123657800002,0],[96.0520716840001,5.20082040900007,0],[96.051867826,5.20057042400003,0],[96.0517180130001,5.20040383500003,0],[96.0514671060001,5.20028553900005,0],[96.051317639,5.20019065500003,0],[96.0511326690001,5.20014972200005,0],[96.05090569,5.20004923700003,0],[96.0505824830001,5.19976995200005,0],[96.050469181,5.19975854900002,0],[96.0501834340001,5.19983163900002,0],[96.0500226220001,5.19985632000004,0],[96.0498855070001,5.19985100800005,0],[96.0497420870001,5.19977402100005,0],[96.049598379,5.19963727900006,0],[96.0492689820001,5.19931021800005,0],[96.049107479,5.19919148800005,0],[96.048958127,5.19912050500005,0],[96.0486356690001,5.19899657800005,0],[96.0482831510001,5.19881901700006,0],[96.047936737,5.19867130400007,0],[96.047846528,5.19850442500007,0],[96.047761704,5.19821800800003,0],[96.047671323,5.19801527600004,0],[96.0476166170001,5.19779444500006,0],[96.047603316,5.19750768200004,0],[96.0476560100001,5.19731023400004,0],[96.047774496,5.19716027200008,0],[96.047851548,5.19707026600003,0],[96.047898397,5.19689674900008,0],[96.0479628670001,5.19666936600004,0],[96.0479972200001,5.19637639700005,0],[96.048085761,5.19619670200007,0],[96.048279977,5.19568186600003,0],[96.048362012,5.19538866700003,0],[96.0485272020001,5.19503531000004,0],[96.0485797520001,5.19480798500007,0],[96.0487037090001,5.19455641300004,0],[96.0487686390001,5.19442463700005,0],[96.0487502700001,5.19432314100004,0],[96.0487082610001,5.19426358800007,0],[96.0485514490001,5.19427546200006,0],[96.048210307,5.19431180800007,0],[96.0480078320001,5.19434864000004,0],[96.0476258320001,5.19423695100005,0],[96.047500035,5.19410609600004,0],[96.047511381,5.19398653000007,0],[96.0477079250001,5.19395570300003,0],[96.0479402010001,5.19391872700004,0],[96.048172563,5.19389967700005,0],[96.048374923,5.19383894300006,0],[96.0483952540001,5.19381915400004,0],[96.0485291700001,5.19368880900004,0],[96.048677802,5.19361040800004,0],[96.048719121,5.19352655100005,0],[96.0487302940001,5.19337113300003,0],[96.0488491820001,5.19330482700002,0],[96.048970425,5.19330513500006,0],[96.0490935510001,5.19330364600006,0],[96.0492715230001,5.19312949400006,0],[96.049390411,5.19306318900004,0],[96.0494495240001,5.19296131800007,0],[96.0495924260001,5.19293075000007,0],[96.0497593690001,5.19294189400006,0],[96.0499377720001,5.19285737400003,0],[96.0497568390001,5.19241605800005,0],[96.0496061680001,5.19207020400006,0],[96.0491582650001,5.19091503100003,0],[96.0491547330001,5.19018034700002,0],[96.0491526810001,5.18975341000004,0],[96.0490867540001,5.18942961500005,0],[96.049158563,5.18932497400004,0],[96.049491603,5.18883966500005,0],[96.049820292,5.18853466100006,0],[96.050004286,5.18836392500003,0],[96.050260386,5.18807586100007,0],[96.050922815,5.18750617900002,0],[96.0515122740001,5.18663568300002,0],[96.0514513350001,5.18586154700006,0],[96.0511219090001,5.18557384800005,0],[96.051011815,5.18518962900004,0],[96.0510143540001,5.18491488400002,0],[96.0510165210001,5.18468049000006,0],[96.0514576790001,5.18420509700007,0],[96.05203521,5.18382943400007,0],[96.052205896,5.18362783200007,0],[96.0522519520001,5.18304140900005,0],[96.052235925,5.18268295400003,0],[96.0520062310001,5.18251196800003,0],[96.051297709,5.18210049100003,0],[96.051002113,5.18192882200003,0],[96.0506993830001,5.18144267900004,0],[96.0504105460001,5.18087042000008,0],[96.049848415,5.17998397000002,0],[96.0496964600001,5.17959183300007,0],[96.0495877070001,5.17931118500007,0],[96.0493269990001,5.17863840000007,0],[96.0484084440001,5.17736677700003,0],[96.0479116240001,5.17678747600007,0],[96.0474762740001,5.17627985000007,0],[96.0462776320001,5.17488221300005,0],[96.0458521750001,5.17449935400003,0],[96.044690093,5.17453501600005,0],[96.0435075350001,5.17465132400002,0],[96.042883126,5.17438833000006,0],[96.0428395530001,5.17391386600002,0],[96.043007425,5.17360368300007,0],[96.043178164,5.17328820100005,0],[96.043424723,5.17276919700004,0],[96.0432440310001,5.17224819700004,0],[96.0428022340001,5.17209314700006,0],[96.042117944,5.17223015200005,0],[96.041458171,5.17236224700002,0],[96.0407270250001,5.17208345500006,0],[96.0401980030001,5.17211157500003,0],[96.0401742830001,5.17211283500006,0],[96.0399333500001,5.17212564200003,0],[96.0382501780001,5.17312748300003,0],[96.037850081,5.17328914600006,0],[96.0375165460001,5.17371873100006,0],[96.0370180200001,5.17416570900002,0],[96.0363181390001,5.17438418800003,0],[96.0361733860001,5.17402634500007,0],[96.0364847810001,5.17363740900004,0],[96.0363423690001,5.17346621600007,0],[96.0362460000001,5.17333900000006,0],[96.0359365100001,5.17334259500007,0],[96.0357703190001,5.17334452500006,0],[96.0355599250001,5.17369320200004,0],[96.0351863260001,5.17401673600006,0],[96.034801137,5.17423370600005,0],[96.034314656,5.17420735400003,0],[96.0339268000001,5.17386501700003,0],[96.0338223790001,5.17326436400003,0],[96.03389623,5.17277803900004,0],[96.033897955,5.17266320100003,0],[96.033902202,5.17238045200003,0],[96.0338605740001,5.17195878800004,0],[96.033859212,5.17194499300007,0],[96.033851557,5.17186744900005,0],[96.0338311740001,5.17175590300008,0],[96.033726067,5.17152830800006,0],[96.0337065830001,5.17148612000005,0],[96.0336136010001,5.17134220000003,0],[96.0335571640001,5.17125484500002,0],[96.033450208,5.17104180300004,0],[96.0333325560001,5.17082521200007,0],[96.0332683830001,5.17069383600005,0],[96.0332205810001,5.17052302800005,0],[96.0332228070001,5.17038837300004,0],[96.0332347940001,5.17031908200005,0],[96.0332528260001,5.17021484600002,0],[96.0332703760001,5.17002405800002,0],[96.03321134,5.16981681600004,0],[96.0331862630001,5.16978641200006,0],[96.0331293400001,5.16971739600007,0],[96.0331095340001,5.16970513500007,0],[96.032997428,5.16963573000004,0],[96.032844475,5.16961058200008,0],[96.032523257,5.16967833900003,0],[96.0323307360001,5.16970319300003,0],[96.0320954330001,5.16970319300003,0],[96.031885087,5.16962507800002,0],[96.0318343390001,5.16956994300006,0],[96.0317674350001,5.16949725300003,0],[96.0317246530001,5.16939073200007,0],[96.031684037,5.16927612200004,0],[96.0316390880001,5.16914928500006,0],[96.0316283930001,5.16902856100006,0],[96.0316426530001,5.16886878000003,0],[96.0316996970001,5.16876225900006,0],[96.031835174,5.16868059300003,0],[96.0320490860001,5.16858472400003,0],[96.032273693,5.16850660900008,0],[96.0322749330001,5.16850592900005,0],[96.0324403870001,5.16841526600007,0],[96.0325161260001,5.16831487100006,0],[96.032558909,5.16821190000007,0],[96.032565665,5.16814685100007,0],[96.03256658,5.16813804300006,0],[96.0325696040001,5.16810893000007,0],[96.0325553430001,5.16795269900007,0],[96.0325018660001,5.16780001900003,0],[96.0324269960001,5.16769704900003,0],[96.032295559,5.16754483500006,0],[96.032273693,5.16751951300006,0],[96.032064715,5.16731474100004,0],[96.0320526510001,5.16730292000005,0],[96.0318922170001,5.16714313800003,0],[96.0318494350001,5.16705792100004,0],[96.031820913,5.16695495100004,0],[96.0318111240001,5.16688439300003,0],[96.03178581,5.16670192900006,0],[96.0317918550001,5.16654304800005,0],[96.0317824570001,5.16640024000003,0],[96.0317745660001,5.16628031600004,0],[96.0317496090001,5.16612053400007,0],[96.0317032620001,5.16596785300004,0],[96.031635523,5.16583292600006,0],[96.031529768,5.16568602500007,0],[96.0315000450001,5.16564473800003,0],[96.0312896990001,5.16548140500004,0],[96.0311613520001,5.16535002800003,0],[96.0311017980001,5.16520131200002,0],[96.031098166,5.16505511900004,0],[96.0311150040001,5.16481742100007,0],[96.031097178,5.16468959500003,0],[96.0310437000001,5.16449785600003,0],[96.0309759620001,5.16432742100005,0],[96.0309706940001,5.16432037200002,0],[96.0308618750001,5.16417474000002,0],[96.0308182810001,5.16412285000007,0],[96.0307157020001,5.16400075400003,0],[96.0303917090001,5.16358396200008,0],[96.0301167490001,5.16323024600007,0],[96.0300256290001,5.16308763900003,0],[96.0300169240001,5.16307401400007,0],[96.0299527500001,5.16294618800003,0],[96.0298705060001,5.16280563700008,0],[96.0296390130001,5.16241002700002,0],[96.0295391880001,5.16233546200004,0],[96.0294357970001,5.16231060700005,0],[96.029268233,5.16234256300004,0],[96.028665715,5.16260886800006,0],[96.028355543,5.16278285400006,0],[96.028291369,5.16287517300003,0],[96.0282628480001,5.16300655000003,0],[96.028180848,5.16346104400003,0],[96.0281131090001,5.16360662400007,0],[96.0280405300001,5.16367392400002,0],[96.0280097190001,5.16370249300007,0],[96.0279381440001,5.16373886300005,0],[96.0278350240001,5.16379126100003,0],[96.0277209380001,5.16378771100005,0],[96.0275925910001,5.16373800100007,0],[96.0273073750001,5.16351075400007,0],[96.0271968540001,5.16339002900003,0],[96.0271077240001,5.16324800000007,0],[96.0269111590001,5.16295542400007,0],[96.026879996,5.16290903900006,0],[96.0267832910001,5.16276510100005,0],[96.0267119870001,5.16271539000007,0],[96.026655625,5.16269083200007,0],[96.0265979010001,5.16266568000003,0],[96.0264432530001,5.16261866300005,0],[96.0263435780001,5.16258836000003,0],[96.0262597880001,5.16256288500006,0],[96.0262592080001,5.16256270900004,0],[96.026173643,5.16251299900006,0],[96.0260952080001,5.16242068000003,0],[96.0260346000001,5.16229285300005,0],[96.026023905,5.16215082400004,0],[96.026022379,5.16214178100006,0],[96.0260143140001,5.16209398000007,0],[96.0258903760001,5.16135939100008,0],[96.0258777320001,5.16128444400005,0],[96.02584921,5.16120987800002,0],[96.0257422540001,5.16109980500005,0],[96.0255688410001,5.16094348300004,0],[96.0252538220001,5.16065951300004,0],[96.0250684320001,5.16048197600003,0],[96.024972172,5.16036125000005,0],[96.0248283540001,5.16012252600007,0],[96.0247598550001,5.16000882400004,0],[96.024677866,5.15987272800004,0],[96.024592709,5.15973137600002,0],[96.0244985080001,5.15957501000003,0],[96.0243304360001,5.15929602600005,0],[96.0242805240001,5.15918595200003,0],[96.0242555670001,5.15908298100004,0],[96.0243197410001,5.15895160300005,0],[96.0243613150001,5.15891100100004,0],[96.0243958470001,5.15887727700004,0],[96.0244785090001,5.15879654800005,0],[96.0246486,5.15863043600007,0],[96.024686956,5.15859297700007,0],[96.0247190430001,5.15847935200003,0],[96.0247190430001,5.15835152500006,0],[96.0246833910001,5.15818463900007,0],[96.0245943560001,5.15794150300007,0],[96.024587898,5.15792386600003,0],[96.02457287,5.15788282500006,0],[96.02457287,5.15786168100004,0],[96.02457287,5.15783311400003,0],[96.0246156520001,5.15775499800003,0],[96.0253572130001,5.15720107900006,0],[96.0254463430001,5.15716912200003,0],[96.0255340030001,5.15715897200005,0],[96.025587026,5.15715283200007,0],[96.025688776,5.15713716500005,0],[96.025732594,5.15711886400004,0],[96.025799297,5.15709100500004,0],[96.0258848620001,5.15702709100003,0],[96.0259846870001,5.15689926400006,0],[96.026063122,5.15676788600007,0],[96.026067395,5.15658318400006,0],[96.026071352,5.15641211800005,0],[96.0260971490001,5.15529707200005,0],[96.026098774,5.15522685100007,0],[96.0260999230001,5.15517763900004,0],[96.026102339,5.15507416800006,0],[96.0260845130001,5.15497829700007,0],[96.0260060790001,5.15453445000003,0],[96.0259597310001,5.15440307100005,0],[96.0258719350001,5.15423311700005,0],[96.025859499,5.15420904300004,0],[96.0258047870001,5.15415155400007,0],[96.025699472,5.15404089200007,0],[96.0256531240001,5.15396632500006,0],[96.0256459940001,5.15387400500003,0],[96.0257000980001,5.15374136400004,0],[96.0257065970001,5.15372543000007,0],[96.025733481,5.15365952200005,0],[96.025738689,5.15364675500007,0],[96.025813558,5.15350827400005,0],[96.0258420800001,5.15341595400002,0],[96.0258323580001,5.15333365400005,0],[96.0258278190001,5.15329522700006,0],[96.0257529500001,5.15317805100005,0],[96.0252475330001,5.15273859700005,0],[96.0249445250001,5.15247513600002,0],[96.0248545200001,5.15239687800005,0],[96.0246691300001,5.15227260000006,0],[96.02420922,5.15201339200007,0],[96.0239053120001,5.15195708000005,0],[96.023898504,5.15195581800003,0],[96.0237870770001,5.15193517100005,0],[96.0237493100001,5.15192817300004,0],[96.0236316580001,5.15186781000006,0],[96.0234676590001,5.15172932900003,0],[96.0233286160001,5.15156599200003,0],[96.0232145300001,5.15141685900005,0],[96.0231379030001,5.15131727300007,0],[96.022922184,5.15103692400004,0],[96.0228865320001,5.15094815400005,0],[96.022872271,5.15083807900004,0],[96.0228728220001,5.15082683100007,0],[96.0228794020001,5.15069249600003,0],[96.022922184,5.15053271000005,0],[96.02291955,5.15048810600007,0],[96.0229150540001,5.15041198300003,0],[96.0228864540001,5.15032652900004,0],[96.0228758370001,5.15029480700002,0],[96.0228361800001,5.15023758300003,0],[96.021970277,5.14898811000006,0],[96.0218076240001,5.14877373800005,0],[96.0215559760001,5.14844207400006,0],[96.021425116,5.14826960500005,0],[96.0210219350001,5.14773822400002,0],[96.020978767,5.14765223700005,0],[96.020968457,5.14763169900004,0],[96.020963824,5.14762144600007,0],[96.020904283,5.14748966700006,0],[96.0208920170001,5.14735702900003,0],[96.0208824800001,5.14725390600006,0],[96.0208777970001,5.14720327100002,0],[96.020829414,5.14668008000007,0],[96.0207901970001,5.14650253900004,0],[96.0207509800001,5.14635340400002,0],[96.0206368940001,5.14618296500004,0],[96.020588763,5.14612437600005,0],[96.0205406330001,5.14606578700005,0],[96.0205361480001,5.14606293300005,0],[96.0204952330001,5.14603689900002,0],[96.020464249,5.14601718300003,0],[96.0204356890001,5.14599900900004,0],[96.0204185870001,5.14598812700007,0],[96.020259911,5.14588716000003,0],[96.020411014,5.14578488900003,0],[96.020433165,5.14576989600005,0],[96.0215935200001,5.14498453400006,0],[96.021689495,5.14491957500007,0],[96.021811545,5.14481390600002,0],[96.0219860080001,5.14466285700007,0],[96.0223445890001,5.14435386700006,0],[96.0231321850001,5.14367222800007,0],[96.023647608,5.14322614500003,0],[96.0240546240001,5.14287388500003,0],[96.0248243090001,5.14220774200004,0],[96.024856018,5.14218029800003,0],[96.02485647,5.14217990700007,0],[96.0248966220001,5.14214515700007,0],[96.024905629,5.14213506300007,0],[96.0250332470001,5.14203076200005,0],[96.0258476760001,5.14111967600007,0],[96.0265865330001,5.14036369300004,0],[96.0275745390001,5.13960075400007,0],[96.028391931,5.13908824200007,0],[96.0287609100001,5.13885688800002,0],[96.029330407,5.13858606700006,0],[96.0299994150001,5.13826792400005,0],[96.0309143650001,5.13783282300005,0],[96.031118517,5.13773573900005,0],[96.0317692140001,5.13742630100006,0],[96.032426834,5.13711357100004,0],[96.0325222020001,5.13707160900003,0],[96.032699634,5.13698694300007,0],[96.0332532040001,5.13672279100007,0],[96.033294459,5.13670310500004,0],[96.0334415440001,5.13663291900002,0],[96.0341193140001,5.13624155600007,0],[96.0349934530001,5.13573820100004,0],[96.037142632,5.13450062800007,0],[96.038677556,5.13361675500005,0],[96.039243963,5.13329059300003,0],[96.0412048210001,5.13210696000004,0],[96.0427853410001,5.13081899300005,0],[96.0431150050001,5.13055034800004,0],[96.0438192980001,5.12997641400005,0],[96.044304701,5.12914486600005,0],[96.0443578700001,5.12905378100004,0],[96.0447901040001,5.12831331800004,0],[96.044845825,5.12821786200004,0],[96.0453047970001,5.12743158600006,0],[96.045409109,5.12692942900003,0],[96.0456613160001,5.12571530200006,0],[96.045984714,5.12416920500004,0],[96.046222185,5.12363486900006,0],[96.0471210650001,5.12119340900006,0],[96.0471287180001,5.12115786400005,0],[96.0471643440001,5.12099240000003,0],[96.047614131,5.11890335700002,0],[96.047636051,5.11880155100005,0],[96.0479428420001,5.11843300700002,0],[96.0481623420001,5.11815262600004,0],[96.0481643950001,5.11815000300004,0],[96.0486454630001,5.11753550400005,0],[96.0489265080001,5.11725218500004,0],[96.051142133,5.11501863000007,0],[96.051333701,5.11482551200004,0],[96.0528471800001,5.11329977900004,0],[96.053615591,5.11253005900005,0],[96.053821225,5.11233442100007,0],[96.0540878560001,5.11204864000007,0],[96.0556089520001,5.11041828800006,0],[96.0557448610001,5.11027261600003,0],[96.0557487330001,5.11026846600004,0],[96.0571784890001,5.10893860400006,0],[96.0576362680001,5.10851280800006,0],[96.057661066,5.10849810800005,0],[96.0591104650001,5.10763886700005,0],[96.0592713720001,5.10758504100005,0],[96.062048281,5.10665611100006,0],[96.0650789900001,5.10605327500002,0],[96.0666428050001,5.10637432500005,0],[96.067206044,5.10648995700006,0],[96.0672304490001,5.10648858900004,0],[96.0707208410001,5.10629289600007,0],[96.0710929040001,5.10625974800007,0],[96.071123732,5.10625801900005,0],[96.0711858650001,5.10621781700007,0],[96.071255593,5.10618377600002,0],[96.072466003,5.10540059600004,0],[96.073399791,5.10479639700003,0],[96.0737949780001,5.10452961700003,0],[96.074294986,5.10420608900006,0],[96.0777853330001,5.10116797100005,0],[96.0792846150001,5.09981126600007,0],[96.0801243320001,5.09906194500007,0],[96.0825176130001,5.09689622200005,0],[96.0825626700001,5.09684490100005,0],[96.0826126430001,5.09679968000006,0],[96.0826473130001,5.09676830700005,0],[96.0828565020001,5.09652582100006,0],[96.0840465750001,5.09514632700007,0],[96.0846358460001,5.09434819400008,0],[96.0848039990001,5.09427314800007,0],[96.0853631630001,5.09402359400002,0],[96.0860026550001,5.09373819100006,0],[96.0864505760001,5.09353828400003,0],[96.086667047,5.09341756000003,0],[96.0872043430001,5.09311791400006,0],[96.0873175250001,5.09305479400007,0],[96.087864311,5.09274985600007,0],[96.088285431,5.09251500000005,0],[96.088632583,5.09232139600005,0],[96.0888624500001,5.09219418900005,0],[96.0892636290001,5.09197217600007,0],[96.0898113250001,5.09166908300006,0],[96.090501884,5.09142619600004,0],[96.091891983,5.09098606000003,0],[96.0924211210001,5.09086124200007,0],[96.0933769920001,5.09063575900007,0],[96.0941989020001,5.09044187900002,0],[96.0953756330001,5.09022408800007,0],[96.095837051,5.09011531200002,0],[96.09620786,5.09004197000007,0],[96.0975979120001,5.08976703500002,0],[96.098329102,5.08965979400006,0],[96.0984887370001,5.08963638100005,0],[96.0984916530001,5.08963595300003,0],[96.0998573100001,5.08943565600003,0],[96.101201383,5.08941104600007,0],[96.1012038710001,5.08941044800002,0],[96.101223561,5.08941008700003,0],[96.1015657180001,5.08941294300007,0],[96.1015834290001,5.08941309100004,0],[96.1019341400001,5.08941601700008,0],[96.1019463860001,5.08941612000007,0],[96.1026170160001,5.08942171600006,0],[96.1026353820001,5.08942301400003,0],[96.102872469,5.08951253400005,0],[96.1028773950001,5.08951439300006,0],[96.103313337,5.08967899600003,0],[96.104164972,5.09015488600005,0],[96.10513339,5.09069603400008,0],[96.1065633210001,5.09113696300005,0],[96.1077773220001,5.09168397100007,0],[96.1104642380001,5.09174103700008,0],[96.1104775520001,5.09173988900005,0],[96.1104864160001,5.09174007700005,0],[96.110501168,5.09173785300004,0],[96.1106884660001,5.09172170600004,0],[96.110999512,5.09167480500003,0],[96.111797827,5.09155443100002,0],[96.112002762,5.09151143500003,0],[96.112065348,5.09150199800007,0],[96.112744487,5.09101030600004,0],[96.1127503420001,5.09100606700002,0],[96.112776495,5.09096020700002,0],[96.1137589900001,5.08923735900004,0],[96.1139502,5.08890206200005,0],[96.114317134,5.08783000600005,0],[96.1146470790001,5.08700908300005,0],[96.115230022,5.08586706700004,0],[96.117251808,5.08361903900004,0],[96.1193128240001,5.08191212800006,0],[96.120822967,5.08097530400005,0],[96.120879798,5.08094004800006,0],[96.120948523,5.08090854700004,0],[96.1220381030001,5.08023261500006,0],[96.1222690390001,5.08007821900003,0],[96.1225567180001,5.07989975400005,0],[96.125000007,5.07865930200006,0],[96.1262926140001,5.07800304600005,0],[96.126292719,5.07800299300004,0],[96.12641734,5.07793972300004,0],[96.1266058750001,5.07788085900006,0],[96.129845994,5.07686923400007,0],[96.1306424270001,5.07656430900005,0],[96.131214658,5.07634522100005,0],[96.131392136,5.07627727000005,0],[96.1336897850001,5.07539757100005,0],[96.135307357,5.07477824700004,0],[96.135439471,5.07472766400002,0],[96.1375157360001,5.07436987500006,0],[96.1387197340001,5.07447916100006,0],[96.1413243970001,5.07588698100005,0],[96.141657954,5.07606726700004,0],[96.1426454020001,5.07660098100007,0],[96.142772645,5.07665603000004,0],[96.1429241480001,5.07675598700007,0],[96.143710926,5.07715449900007,0],[96.1443259050001,5.07741400400005,0],[96.1443264980001,5.07741475400007,0],[96.144521866,5.07766183400003,0],[96.1460818520001,5.07869423000005,0],[96.1480378830001,5.07897734700003,0],[96.148870753,5.07881414400003,0],[96.1510556570001,5.07803488500002,0],[96.153223245,5.07759966800006,0],[96.1533555660001,5.07752272400006,0],[96.153706943,5.07731840000002,0],[96.1560020380001,5.07598380500002,0],[96.156931994,5.07544303400005,0],[96.1597282860001,5.07387750500004,0],[96.1598044740001,5.07383256200006,0],[96.162202246,5.07241811900008,0],[96.1627039250001,5.07199337900005,0],[96.164140563,5.07077706500007,0],[96.1653625500001,5.06938387900004,0],[96.16679738,5.06838608500004,0],[96.1683405790001,5.06865714800006,0],[96.1697225400001,5.06873386500007,0],[96.1708379290001,5.06888540000006,0],[96.1728772150001,5.06865747500007,0],[96.1742309250001,5.06870005700006,0],[96.1754747100001,5.06877882300006,0],[96.1763705580001,5.06892938900006,0],[96.1774867510001,5.06889760300004,0],[96.1788217740001,5.06903175400004,0],[96.179756286,5.06870586400004,0],[96.1815873640001,5.06836555400002,0],[96.183636881,5.06828283100003,0],[96.1846328930001,5.06865413400004,0],[96.1855814130001,5.06931820700004,0],[96.1864567520001,5.06998196000006,0],[96.1871853320001,5.07073673200006,0],[96.1878076710001,5.07153450000004,0],[96.1881148910001,5.07241575900002,0],[96.1883603570001,5.07340008000006,0],[96.1883605720001,5.07340094500006,0],[96.1883812340001,5.07347106400005,0],[96.1884063090001,5.07355616300003,0],[96.1883730550001,5.07363304500007,0],[96.1883755570001,5.07363467900007,0],[96.1883710490001,5.07364510100007,0],[96.1884471660001,5.07369481400002,0],[96.1884491180001,5.07370144000004,0],[96.1884661020001,5.07375907600004,0],[96.188466184,5.07375935500005,0],[96.188637772,5.07419621200006,0],[96.1888011670001,5.07449023300006,0],[96.1893470300001,5.07518921500002,0],[96.1898741970001,5.07597977500006,0],[96.1904387550001,5.07658718200003,0],[96.1913026570001,5.07681357300004,0],[96.1923806190001,5.07716656900004,0],[96.193022173,5.07689438500006,0],[96.1933859710001,5.07637135400006,0],[96.1935560920001,5.07612677300006,0],[96.193907046,5.07535836100004,0],[96.1939157140001,5.07476524700007,0],[96.19393303,5.07358029000005,0],[96.1941404730001,5.07217972200004,0],[96.194364695,5.07109911800006,0],[96.1942585640001,5.07025539500006,0],[96.1940236460001,5.06957609800003,0],[96.1938983470001,5.06893394000002,0],[96.1938446930001,5.06880268500004,0],[96.193590564,5.06818099800006,0],[96.1935267740001,5.06785488700007,0],[96.1933767500001,5.06708792000006,0],[96.1933567770001,5.06664968000007,0],[96.1933433250001,5.06635450400006,0],[96.1933631790001,5.06625179200006,0],[96.193474327,5.06567679600005,0],[96.1937706200001,5.06485315100002,0],[96.1941399350001,5.06406648600006,0],[96.195124955,5.06324827100002,0],[96.1951498380001,5.06322760100005,0],[96.195581965,5.06269150200006,0],[96.1959796350001,5.06219815100008,0],[96.1963008490001,5.06191455000004,0],[96.1966408120001,5.06161439700003,0],[96.1967103010001,5.06128932800004,0],[96.1967617390001,5.06104870300004,0],[96.1968835490001,5.06047887400007,0],[96.196484147,5.05934290000005,0],[96.1961605660001,5.05842257400008,0],[96.195758018,5.05752748400005,0],[96.1959700790001,5.05634342400003,0],[96.196565477,5.05539802200008,0],[96.1974274720001,5.05433527000002,0],[96.198021462,5.05371572700005,0],[96.198971763,5.05274222700007,0],[96.200337259,5.05147427200006,0],[96.2013767620001,5.05038265300004,0],[96.2018033460001,5.04967264200008,0],[96.2020462200001,5.04926839900003,0],[96.2022999060001,5.04884615900005,0],[96.202994597,5.04708368000007,0],[96.2037096290001,5.04581290400006,0],[96.2038829890001,5.04549891400006,0],[96.204310144,5.04472525100005,0],[96.2043949660001,5.04457162300002,0],[96.2051688670001,5.04336034500005,0],[96.205393385,5.04294285900005,0],[96.2054158930001,5.04290100600002,0],[96.2057058330001,5.04236186900005,0],[96.205884138,5.04203031500003,0],[96.2064802610001,5.04090714000006,0],[96.2066959800001,5.04021024000002,0],[96.2067223230001,5.04012513700008,0],[96.206646289,5.03946642600005,0],[96.2065512630001,5.03864316900007,0],[96.2064658740001,5.03811590700008,0],[96.2063496200001,5.03739806600004,0],[96.206178304,5.03597534600004,0],[96.2060721880001,5.03460619600003,0],[96.206038198,5.03416764100007,0],[96.2058016930001,5.03342912600004,0],[96.205426458,5.03225741200004,0],[96.2049013720001,5.03059617700006,0],[96.2047017530001,5.02887709200007,0],[96.2044422340001,5.02706035900007,0],[96.2038276950001,5.02557649000005,0],[96.2030404170001,5.02277993700005,0],[96.202416499,5.02078869600007,0],[96.202195245,5.01989133100005,0],[96.20218013,5.01983002600002,0],[96.2005763210001,5.01404455400007,0],[96.200500844,5.01377228100006,0],[96.1993957670001,5.01215251500003,0],[96.1967207970001,5.00823168000005,0],[96.1953022710001,5.00643780900003,0],[96.1952182750001,5.00646268700007,0],[96.1947803690001,5.00594641000004,0],[96.194238248,5.00530726900007,0],[96.193368632,5.00428202000006,0],[96.192523027,5.00328508000007,0],[96.1920141520001,5.00268513100002,0],[96.191004417,5.00133029900007,0],[96.190615779,5.00091650700006,0],[96.1899667120001,5.00022543000006,0],[96.1898223650001,4.99939113200003,0],[96.1899970840001,4.99743303500003,0],[96.190191005,4.99642456300006,0],[96.1904239310001,4.99544613800003,0],[96.190843838,4.99451019200006,0],[96.191324089,4.99405379400002,0],[96.1925150230001,4.99274604900006,0],[96.1929076640001,4.99235594200007,0],[96.1944990200001,4.99077484500003,0],[96.195595703,4.98969196100006,0],[96.196359413,4.98893785900003,0],[96.1966789100001,4.98854472500005,0],[96.1984704800001,4.98634023100004,0],[96.1989374920001,4.98586291900006,0],[96.2008546590001,4.98390345900003,0],[96.2018928520001,4.98225971200003,0],[96.202508612,4.98128478800004,0],[96.2044171080001,4.97300307200004,0],[96.2051416930001,4.97133715400003,0],[96.206982946,4.96710379700005,0],[96.2081409340001,4.96464237600003,0],[96.2086167840001,4.96371948600006,0],[96.209084418,4.96281252500006,0],[96.2104243140001,4.96067175800005,0],[96.2115743320001,4.95917619400007,0],[96.2116430950001,4.95913010800007,0],[96.2127894380001,4.95836181400006,0],[96.2139579700001,4.95740813800006,0],[96.214860979,4.95682397600007,0],[96.2158669900001,4.95618200000007,0],[96.2176695730001,4.95500642600007,0],[96.219298198,4.95342949100007,0],[96.221037584,4.95184175000003,0],[96.2228946690001,4.95032827500006,0],[96.2247301740001,4.94900225600003,0],[96.225439367,4.94848424400004,0],[96.2262531410001,4.94782079400005,0],[96.227981276,4.94730704800003,0],[96.2303005570001,4.94649689500005,0],[96.2330777760001,4.94547949300005,0],[96.2367245630001,4.94363999500007,0],[96.2405180260001,4.94153015900002,0],[96.24242617,4.94036939500006,0],[96.2441246640001,4.93933615500003,0],[96.2465721090001,4.93762845400005,0],[96.247350764,4.93711669500004,0],[96.247990025,4.93669654800004,0],[96.2491386350001,4.93551344200006,0],[96.2496646650001,4.93481961600003,0],[96.2502091040001,4.93390491900004,0],[96.2506308550001,4.93291957900004,0],[96.2510329020001,4.93123321400003,0],[96.2518123310001,4.92879817300008,0],[96.252296636,4.92752129200005,0],[96.252739605,4.92583223100007,0],[96.2527825320001,4.92566854900002,0],[96.253012416,4.92421101700006,0],[96.2530814450001,4.92377335000003,0],[96.2532704880001,4.92270489800006,0],[96.254265645,4.92149415600005,0],[96.2545247340001,4.92121066100003,0],[96.2560715380001,4.91970730700007,0],[96.2570615110001,4.91874514400007,0],[96.2580609120001,4.91777381600002,0],[96.2584457710001,4.91739976600007,0],[96.2589125360001,4.91694610700006,0],[96.2594699580001,4.91640433600003,0],[96.259773641,4.91610917900005,0],[96.2599891360001,4.91590580100006,0],[96.260505192,4.91559240000004,0],[96.2605795220001,4.91554725800006,0],[96.2612890340001,4.91511636700005,0],[96.262596762,4.91432217700003,0],[96.2635379170001,4.91375060400003,0],[96.265230924,4.91328301300007,0],[96.268332189,4.91242709200003,0],[96.2696008190001,4.91207696100003,0],[96.2696442420001,4.91206497700006,0],[96.27325613,4.91076434300004,0],[96.2757303710001,4.91001181100006,0],[96.276628443,4.90973866600007,0],[96.276670225,4.90972595700003,0],[96.2795656470001,4.90934687700008,0],[96.2802598360001,4.90946118500005,0],[96.2814904990001,4.90966382900007,0],[96.2827745060001,4.90987525700007,0],[96.2829148390001,4.90987635700003,0],[96.285661883,4.90989788500002,0],[96.2888105040001,4.90964760600002,0],[96.2907695050001,4.90999588600005,0],[96.2927285120001,4.91034416100007,0],[96.293534278,4.91048740900004,0],[96.2937562650001,4.91052687400003,0],[96.293880454,4.91054895200006,0],[96.297580903,4.91120679900007,0],[96.2976802250001,4.91122445600007,0],[96.2990329690001,4.91146493500003,0],[96.2997411520001,4.91210795900002,0],[96.3022345000001,4.91437188500004,0],[96.302383638,4.91446376600004,0],[96.3051143110001,4.91614606400003,0],[96.3052435660001,4.91622569400005,0],[96.3052806480001,4.91622507000005,0],[96.3083914700001,4.91617265000002,0],[96.3109441130001,4.91570697900005,0],[96.3111789050001,4.91566414700003,0],[96.3111800090001,4.91566394500006,0],[96.311213346,4.91565786300004,0],[96.311268645,4.91562750300005,0],[96.313682256,4.91430236100007,0],[96.3145771200001,4.91440574100005,0],[96.3146797300001,4.91441759500003,0],[96.316022939,4.91457276800003,0],[96.318881822,4.91515823400005,0],[96.319311697,4.91522352700002,0],[96.320112081,4.91534509600007,0],[96.3221173300001,4.91564966600004,0],[96.3251611250001,4.91713012700006,0],[96.3253898630001,4.91724138100005,0],[96.3256884530001,4.91761608100006,0],[96.3341643040001,4.92825211900004,0],[96.3349116580001,4.92922181100005,0],[96.3363160330001,4.93104397300004,0],[96.3364955040001,4.93132475200002,0],[96.33831932,4.93417805000007,0],[96.3383568070001,4.93423669700007,0],[96.338368658,4.93425708900003,0],[96.3384572520001,4.93440953600003,0],[96.3387866670001,4.93497637300004,0],[96.3387869920001,4.93497693200004,0],[96.339117634,4.93554587800003,0],[96.3393855130001,4.93600682600004,0],[96.3395827480001,4.93634621500007,0],[96.339674873,4.93650473700006,0],[96.3398492920001,4.93690722500003,0],[96.3401292830001,4.93755333300004,0],[96.3405863620001,4.93860808500006,0],[96.341415112,4.93945904000003,0],[96.342707842,4.94078640500004,0],[96.3437728660001,4.94187996300008,0],[96.3439683980001,4.94208073400006,0],[96.3442512730001,4.94237118600006,0],[96.3445176660001,4.94264471500003,0],[96.3464875000001,4.94387666700004,0],[96.3470400350001,4.94382211800007,0],[96.3492030880001,4.94354437100003,0],[96.3506307640001,4.94372283100006,0],[96.352094133,4.94418682500003,0],[96.354128572,4.94436528500006,0],[96.35651993,4.94429390100004,0],[96.358409237,4.94374428500004,0],[96.3584829860001,4.94372283100006,0],[96.360838652,4.94290191700003,0],[96.3629444750001,4.94258068900007,0],[96.365157374,4.94197392700005,0],[96.367191813,4.94101024500003,0],[96.3681198030001,4.94011794700003,0],[96.3697616310001,4.93886873000002,0],[96.3711536160001,4.93790504800006,0],[96.3720816050001,4.93629891200004,0],[96.3721886810001,4.93419308900008,0],[96.3729382110001,4.93173034700004,0],[96.3741874280001,4.93098081700003,0],[96.3766144790001,4.93037405400003,0],[96.3792556800001,4.93037405400003,0],[96.3806476650001,4.93087374100003,0],[96.3829319480001,4.93183742300005,0],[96.385430382,4.93287248800004,0],[96.38782174,4.93437154900005,0],[96.3907127850001,4.93562076600006,0],[96.393925057,4.93747674500003,0],[96.3950840530001,4.93806288600007,0],[96.3965593190001,4.93872913500007,0],[96.39893878,4.94013301700005,0],[96.4009613220001,4.94072788200003,0],[96.4025079720001,4.94108480100004,0],[96.4044115400001,4.94084685500007,0],[96.4067672070001,4.94053752500002,0],[96.4080045260001,4.94070408800007,0],[96.4093608190001,4.94075167700004,0],[96.410717112,4.94046614200005,0],[96.4131203680001,4.94034716900006,0],[96.4156425960001,4.94003783900007,0],[96.417427192,4.93979989300004,0],[96.4193307610001,4.93975230300003,0],[96.420829821,4.93994266000004,0],[96.4222337030001,4.94013301700005,0],[96.4233288890001,4.94026861100002,0],[96.424732137,4.94044234700004,0],[96.4258883690001,4.94003426500007,0],[96.4263501710001,4.93987127600008,0],[96.4280871770001,4.93908605400003,0],[96.430633201,4.93820565400006,0],[96.4326795370001,4.93777735100002,0],[96.434583106,4.93739663700006,0],[96.4352281970001,4.93683692600007,0],[96.436201139,4.93599275500003,0],[96.4380809140001,4.93430333800006,0],[96.4400796610001,4.93320878600002,0],[96.4427684520001,4.93182869800006,0],[96.4444388680001,4.93092667300004,0],[96.4451479130001,4.93054378900007,0],[96.4470752760001,4.92913990700004,0],[96.448764694,4.92761705200007,0],[96.4508348250001,4.92557071600004,0],[96.4530477230001,4.92357196800003,0],[96.4539865720001,4.92285218400002,0],[96.4544754,4.92247741600005,0],[96.455617541,4.92131148100003,0],[96.4583301270001,4.91897960900008,0],[96.458664689,4.91869407700005,0],[96.4604545080001,4.91716656000006,0],[96.4610903020001,4.91662394200006,0],[96.4637310730001,4.91421895400003,0],[96.4637552980001,4.91419689200006,0],[96.4645405200001,4.91314992900004,0],[96.465111591,4.91229332300003,0],[96.465665717,4.91077394500007,0],[96.4658492240001,4.91027078100007,0],[96.4666106510001,4.90891448900004,0],[96.466911769,4.90728211600003,0],[96.467062749,4.90646364400004,0],[96.4673244890001,4.90515494000005,0],[96.4674049880001,4.90493905600005,0],[96.467418561,4.90490265500006,0],[96.4677018420001,4.90414294800007,0],[96.4678479710001,4.90375105800007,0],[96.468038328,4.90256132800005,0],[96.4685618090001,4.89999151000006,0],[96.469013907,4.89789758400002,0],[96.4694897990001,4.89654129100006,0],[96.4700284830001,4.89541495100002,0],[96.4702750210001,4.89489946300006,0],[96.4698933330001,4.89414055600002,0],[96.4698943070001,4.89413803600007,0],[96.4698942650001,4.89413797900005,0],[96.4698302200001,4.89405059900002,0],[96.469033041,4.89296297900006,0],[96.4687007800001,4.89180005500003,0],[96.4687084110001,4.89173504300004,0],[96.468714633,4.89168203600002,0],[96.4687669730001,4.89123603400003,0],[96.4687697890001,4.89088395000005,0],[96.468770115,4.89084322400004,0],[96.4687709880001,4.89073367500004,0],[96.4687709890001,4.89073336200005,0],[96.4687709820001,4.89073195900005,0],[96.468776361,4.89066940300006,0],[96.4688480040001,4.88983300100006,0],[96.468848015,4.88983296800006,0],[96.4690479760001,4.88948027800006,0],[96.4693559990001,4.88893699100004,0],[96.4697914870001,4.88770347300004,0],[96.4698845710001,4.88743981400006,0],[96.4697978330001,4.88687892900003,0],[96.4697978280001,4.88687889800002,0],[96.4675570730001,4.87238915200004,0],[96.466772145,4.87042683300007,0],[96.4660342180001,4.86858201400003,0],[96.464654549,4.86741230000007,0],[96.4645559860001,4.86732873500006,0],[96.4616560100001,4.86487005500004,0],[96.459752441,4.86372791400004,0],[96.4575680450001,4.86311595100005,0],[96.457445288,4.86297116800006,0],[96.4562308380001,4.86153881000007,0],[96.4562680230001,4.86139936900003,0],[96.4566115520001,4.86011113300003,0],[96.4582295860001,4.85868345600005,0],[96.4600379760001,4.85782685000004,0],[96.4611801170001,4.85677988800006,0],[96.46222708,4.85554256800003,0],[96.4634644000001,4.85411489100005,0],[96.4636547570001,4.85325828500004,0],[96.4634644000001,4.85249685800005,0],[96.464987255,4.85087882400006,0],[96.4664149320001,4.84992704000007,0],[96.466605288,4.84792829300005,0],[96.467271538,4.84707168700004,0],[96.468889571,4.84697650800007,0],[96.4714593890001,4.84669097300002,0],[96.4732677790001,4.84573918800004,0],[96.474790634,4.84564401000006,0],[96.4772829930001,4.84472599900005,0],[96.476965002,4.84407599900004,0],[96.4769649900001,4.84407596800003,0],[96.4764039710001,4.84230903600007,0],[96.476341926,4.84209617200003,0],[96.4762990240001,4.84194898500004,0],[96.4760853350001,4.84102405000004,0],[96.476048882,4.84086626400006,0],[96.47591599,4.84029100400005,0],[96.475919289,4.83981682000007,0],[96.4759230020001,4.83928300000002,0],[96.475922999,4.83928296300007,0],[96.4757150080001,4.83823800600004,0],[96.475720084,4.83815574200003,0],[96.4757355900001,4.83790445100004,0],[96.475755,4.83759000000003,0],[96.4756249970001,4.83568201000003,0],[96.4755351520001,4.83533696700005,0],[96.4753810010001,4.83474500000005,0],[96.4753850020001,4.83409700000004,0],[96.4753850000001,4.83409697200005,0],[96.4751810290001,4.83243996800007,0],[96.4751230250001,4.83042496300004,0],[96.474903779,4.82943219200007,0],[96.4747410000001,4.82869500100003,0],[96.4744330090001,4.82649702700007,0],[96.4744330070001,4.82649700000007,0],[96.4744380010001,4.82574200100004,0],[96.474437998,4.82574196200005,0],[96.4741979950001,4.82426399400003,0],[96.474180167,4.82418451600006,0],[96.4740930230001,4.82379595600003,0],[96.474011411,4.82329616400006,0],[96.4738591770001,4.82236389100007,0],[96.473440027,4.81979703700006,0],[96.473304037,4.81871595700005,0],[96.4731690300001,4.81749204300007,0],[96.4731227510001,4.81688638700007,0],[96.4731030300001,4.81662800700008,0],[96.4731061910001,4.81616842200003,0],[96.473107983,4.81590797100006,0],[96.4730886080001,4.81573237800006,0],[96.4729729750001,4.81468297300006,0],[96.4729743560001,4.81450167700007,0],[96.4729760060001,4.81428700000004,0],[96.472976009,4.81428697300004,0],[96.473010339,4.81412997700005,0],[96.4730859940001,4.81378399300007,0],[96.473210329,4.81325127000002,0],[96.4733966360001,4.81245301900003,0],[96.4734550000001,4.81220300000007,0],[96.4734940000001,4.81184400000006,0],[96.4736409970001,4.81126900600003,0],[96.474229,4.80907800000006,0],[96.474534012,4.80830116300007,0],[96.4746660070001,4.80796500400004,0],[96.474835854,4.80740939700007,0],[96.475105,4.80652900000007,0],[96.4753600000001,4.80591900000007,0],[96.475870001,4.80462700000004,0],[96.476016524,4.80444153900004,0],[96.476381088,4.80398009400005,0],[96.476521,4.80380300100006,0],[96.477104001,4.80229600000007,0],[96.4771498530001,4.80198817900003,0],[96.4771813520001,4.80177671000007,0],[96.4772540020001,4.80128899400006,0],[96.477303239,4.80092868800006,0],[96.4773670060001,4.80046200100003,0],[96.4773670150001,4.80046196100005,0],[96.4771250300001,4.79920103800004,0],[96.4771276970001,4.79873979500007,0],[96.477129,4.79851700000006,0],[96.4769190000001,4.79779600000006,0],[96.476895401,4.79770010400006,0],[96.4768506990001,4.79751829500003,0],[96.4767540920001,4.79712575600007,0],[96.4766477060001,4.79669348200002,0],[96.4764544910001,4.79590840000003,0],[96.4764540640001,4.79590672100005,0],[96.4764309990001,4.79581300000007,0],[96.4763289890001,4.79498499600004,0],[96.4762466010001,4.79457598300007,0],[96.476191009,4.79429999700005,0],[96.475843012,4.79278600000004,0],[96.475676998,4.79073399300006,0],[96.4756795380001,4.79037076300006,0],[96.4756860360001,4.78943900700006,0],[96.4755645560001,4.78885413900002,0],[96.4754090000001,4.78810500000003,0],[96.475361805,4.78743159100003,0],[96.4752449910001,4.78576500300005,0],[96.4752560000001,4.78418100000005,0],[96.475198,4.78213000000005,0],[96.4752049950001,4.78112202900007,0],[96.475204998,4.78112200000004,0],[96.4753540090001,4.78029500100007,0],[96.4753543420001,4.78023386900003,0],[96.4753549690001,4.78011596400006,0],[96.475465994,4.77961199200007,0],[96.475468,4.77925300000004,0],[96.4755099980001,4.77838900000006,0],[96.475510001,4.77838896100008,0],[96.4757029680001,4.77626695600003,0],[96.475712968,4.77486399400004,0],[96.4752889710001,4.77403301000004,0],[96.4751129960001,4.77356398700005,0],[96.4745450330001,4.77284097900002,0],[96.4738756040001,4.77176229100007,0],[96.4734460000001,4.77107000100006,0],[96.4731270250001,4.77063603700003,0],[96.4731270010001,4.77063600000002,0],[96.4731070940001,4.77060305700007,0],[96.4728429900001,4.77016600800005,0],[96.472631,4.76973200100002,0],[96.4726103150001,4.76968111200006,0],[96.4722790000001,4.76886600100005,0],[96.47218,4.76764200000002,0],[96.472181338,4.76743097300005,0],[96.472185466,4.76678183500007,0],[96.4721880070001,4.76638300800005,0],[96.4723730050001,4.76559200400004,0],[96.4723759970001,4.76519600600005,0],[96.4723410000001,4.76494400000007,0],[96.472308002,4.76461999300005,0],[96.4720970000001,4.76400700000005,0],[96.471992012,4.76361004400007,0],[96.4719919950001,4.76361000300005,0],[96.4717090060001,4.76314000700006,0],[96.4713000300001,4.76272370900006,0],[96.4709259990001,4.76234300100003,0],[96.4709259680001,4.76234297500002,0],[96.4704270020001,4.76198001300003,0],[96.4692850210001,4.76136102700002,0],[96.4689045970001,4.76130832200005,0],[96.4684619930001,4.76124700200006,0],[96.468138992,4.76135299700007,0],[96.467840724,4.76139023000007,0],[96.466777011,4.76152300700005,0],[96.4657009920001,4.76169600500003,0],[96.4643750000001,4.76193900000004,0],[96.4639562130001,4.76199606200004,0],[96.4632640020001,4.76209037900003,0],[96.4631200000001,4.76211000000006,0],[96.462474001,4.76221400100007,0],[96.461818856,4.76247510300004,0],[96.460966,4.76281500000005,0],[96.4601040030001,4.76313301000005,0],[96.459244029,4.76330699500005,0],[96.4592440010001,4.76330699600004,0],[96.4588140020001,4.76326799500004,0],[96.457524,4.76340300000004,0],[96.457230973,4.76344030900003,0],[96.4564479940001,4.76354000600003,0],[96.455014985,4.76363795800006,0],[96.454439016,4.76369972400005,0],[96.4539401820001,4.76375317100008,0],[96.4534379680001,4.76380695700004,0],[96.4522910000001,4.76387095800004,0],[96.4518892250001,4.76393094100007,0],[96.4512138260001,4.76403177700007,0],[96.4510250040001,4.76405996800003,0],[96.450489798,4.76413949900007,0],[96.4504684360001,4.76414267400003,0],[96.4504173130001,4.76415027400003,0],[96.4502883700001,4.76416942900005,0],[96.4497460000001,4.76425000000006,0],[96.4493775830001,4.76431410800006,0],[96.449192268,4.76434635400005,0],[96.449190709,4.76434662700007,0],[96.4491758020001,4.76434922300007,0],[96.4490091630001,4.76437821700006,0],[96.4481952520001,4.76451984600004,0],[96.4479529720001,4.76456203800007,0],[96.4478034740001,4.76458996700006,0],[96.4468410000001,4.76477000000006,0],[96.4464774880001,4.76473277600007,0],[96.44608901,4.76469300500003,0],[96.445307024,4.76471152400006,0],[96.444906974,4.76472097000004,0],[96.4437344840001,4.76465990600002,0],[96.4430552420001,4.76462453100004,0],[96.4430338590001,4.76462340000006,0],[96.442764207,4.76460935000006,0],[96.4425079850001,4.76459603600006,0],[96.4423791950001,4.76461283600003,0],[96.4419264380001,4.76467201600002,0],[96.44172,4.76469900000006,0],[96.4415805080001,4.76469413000007,0],[96.4415784290001,4.76469405500006,0],[96.4412784350001,4.76468358500006,0],[96.440431,4.76465401200005,0],[96.4400010000001,4.76461500600004,0],[96.4400009670001,4.76461500500005,0],[96.4397614320001,4.76461332700006,0],[96.439659615,4.76461261800006,0],[96.4395957470001,4.76461217300005,0],[96.4395709630001,4.76461201500007,0],[96.4394009750001,4.76458227600006,0],[96.4391420010001,4.76453700000008,0],[96.438517403,4.76447856300007,0],[96.4383189930001,4.76446000700003,0],[96.4371538760001,4.76411279900003,0],[96.4369599770001,4.76405501700003,0],[96.436494988,4.76401500000003,0],[96.435994006,4.76401199900005,0],[96.4352873460001,4.76382915900007,0],[96.4352789660001,4.76382696400003,0],[96.4347573510001,4.76377603000003,0],[96.434491,4.76375000500002,0],[96.4344909740001,4.76375000200005,0],[96.4335189860001,4.76361591600005,0],[96.433279461,4.76358291700006,0],[96.432845,4.76352300000002,0],[96.4323525350001,4.76351929700007,0],[96.432086875,4.76351730000005,0],[96.4319140220001,4.76351604200005,0],[96.4312123130001,4.76345563500007,0],[96.4305540000001,4.76339900000005,0],[96.4298020140001,4.76326806800006,0],[96.4294799740001,4.76321201200005,0],[96.4291507330001,4.76318571300004,0],[96.4289790010001,4.76317199500005,0],[96.428978971,4.76317199100004,0],[96.428765017,4.76313504400002,0],[96.428493023,4.76313310300003,0],[96.428383582,4.76313233900004,0],[96.4283350090001,4.76313204400003,0],[96.4259048420001,4.76264732300007,0],[96.4259030010001,4.76264700000007,0],[96.425107467,4.76245561700006,0],[96.424365004,4.76227704400003,0],[96.4239273620001,4.76224645000002,0],[96.423792,4.76223700600002,0],[96.42365168,4.76221979900004,0],[96.4230089100001,4.76214100900006,0],[96.4228620000001,4.76212300700007,0],[96.4228619730001,4.76212300200007,0],[96.4225039950001,4.76197599800003,0],[96.42185256,4.76185266200002,0],[96.4217280390001,4.76182908600003,0],[96.4217170000001,4.76182700000004,0],[96.4214993130001,4.76177676600003,0],[96.4212993090001,4.76173060400004,0],[96.4204300000001,4.76153000000005,0],[96.4202160010001,4.76145700000006,0],[96.419786,4.76145400000007,0],[96.4187830010001,4.76141100000007,0],[96.4181150000001,4.76126100000005,0],[96.4157280000001,4.76112400000005,0],[96.4136990010001,4.76105000100006,0],[96.412267,4.76086100000003,0],[96.4113120000001,4.76079400000003,0],[96.4104760000001,4.76078800000005,0],[96.408685,4.76071600000006,0],[96.4068260000001,4.76053800000005,0],[96.4050450000001,4.76051100000006,0],[96.4046756060001,4.76047501600004,0],[96.404388,4.76044700000006,0],[96.403554,4.76026100000007,0],[96.402539,4.76025400000003,0],[96.4015840000001,4.76012800100006,0],[96.3995540010001,4.76011400000004,0],[96.3988390000001,4.75998900000008,0],[96.3968070000001,4.76033500000005,0],[96.395831,4.76046300000007,0],[96.3940380010001,4.76084600000007,0],[96.3929620010001,4.76105500000006,0],[96.391486001,4.76137900000003,0],[96.3893760000001,4.76171400000004,0],[96.3872420000001,4.76200900100002,0],[96.385091,4.76223500000003,0],[96.3822060000001,4.76263700000004,0],[96.3808070000001,4.76291500000002,0],[96.3796960000001,4.76301500000005,0],[96.3777410000001,4.76320400000003,0],[96.376245,4.76361400000008,0],[96.3746743870001,4.76374459800007,0],[96.3739600000001,4.76380400000005,0],[96.3733359400001,4.76387774000005,0],[96.3722420000001,4.76400700100004,0],[96.3663320000001,4.76396600000004,0],[96.363166,4.76424400000008,0],[96.361613,4.76423400000004,0],[96.3599400000001,4.76440200000008,0],[96.358865,4.76451500100006,0],[96.3581480000001,4.76457000100004,0],[96.3573700000001,4.76486500000004,0],[96.3560848480001,4.76527167600005,0],[96.3555150000001,4.76545200000004,0],[96.354678,4.76568600000007,0],[96.3539000000001,4.76592100000005,0],[96.352643001,4.76633200000003,0],[96.351568,4.76632500000005,0],[96.3497770000001,4.76637300000004,0],[96.3479850000001,4.76648000000006,0],[96.346372,4.76658900000007,0],[96.3456550000001,4.76664400100003,0],[96.3442210000001,4.76693500000005,0],[96.342308001,4.76728100000003,0],[96.3409920010001,4.76763200000005,0],[96.340153,4.76804700100007,0],[96.3398520000001,4.76840400100002,0],[96.3348601820001,4.76859239800007,0],[96.3274589900001,4.76901811100004,0],[96.32127353,4.76747905700006,0],[96.3149382980001,4.76563639000005,0],[96.3114686950001,4.76471386000003,0],[96.306943845,4.76333270500004,0],[96.30134545,4.76618909200005,0],[96.2966518700001,4.76935195300007,0],[96.292110451,4.77221237700007,0],[96.2893663900001,4.77448094600004,0],[96.2888427,4.77519597800006,0],[96.287977573,4.77637719100005,0],[96.28797588,4.77680755500006,0],[96.287967752,4.77795023500005,0],[96.2874620000001,4.77813500000002,0],[96.2840510010001,4.77931100000006,0],[96.2820780000001,4.77980200000007,0],[96.280162712,4.77722084400006,0],[96.2799840000001,4.77698000100003,0],[96.2792537540001,4.77557137300005,0],[96.2783930000001,4.77391100000006,0],[96.2770240010001,4.76983500000006,0],[96.2749470000001,4.76449400100006,0],[96.2743500010001,4.76261900100008,0],[96.2735900000001,4.75858300000004,0],[96.2731400000001,4.75616900000006,0],[96.2729800010001,4.75339700100005,0],[96.2732420010001,4.75170700000007,0],[96.273648,4.75000000100005,0],[96.2737690000001,4.74913000000004,0],[96.273774001,4.74768500000005,0],[96.273598,4.74667700000003,0],[96.2730678400001,4.74621524800006,0],[96.2728540000001,4.74602900000002,0],[96.2722330010001,4.74508500000007,0],[96.2700790000001,4.74324400000006,0],[96.2693350000001,4.74272500100005,0],[96.2682580000001,4.74161100100002,0],[96.267004,4.73985100100003,0],[96.265724,4.73816800000003,0],[96.2645190010001,4.73707900000005,0],[96.263782748,4.73654049400005,0],[96.2628729990001,4.73587509000004,0],[96.2628510000001,4.73585900000006,0],[96.261826,4.73472000000004,0],[96.2615200000001,4.73351600000007,0],[96.2612690000001,4.73173400100006,0],[96.261019,4.73005500100004,0],[96.2609220000001,4.72850600000004,0],[96.2612110000001,4.72708700000004,0],[96.2617310000001,4.72572200000008,0],[96.261711001,4.72409500000003,0],[96.2613840010001,4.72228700100004,0],[96.2610780000001,4.72103200100003,0],[96.2604410000001,4.71945500000004,0],[96.2600360000001,4.71775000000002,0],[96.2599025330001,4.71738034500004,0],[96.2594760000001,4.71619900000007,0],[96.258993,4.71480300000007,0],[96.2602802200001,4.71237684100004,0],[96.2596581760001,4.71237461700002,0],[96.254967987,4.71235784500004,0],[96.2432755240001,4.71231603500007,0],[96.2432743110001,4.71231558300002,0],[96.2432734220001,4.71231602700004,0],[96.2355226080001,4.71618502900003,0],[96.2353276110001,4.71628236600003,0],[96.2347596580001,4.71656587300004,0],[96.2332318200001,4.71732852900004,0],[96.233052947,4.71741781700007,0],[96.220352065,4.72375776100006,0],[96.2154979640001,4.72618079900008,0],[96.1736178410001,4.74708624600004,0],[96.169220663,4.74928075100007,0],[96.1676068830001,4.75008614200004,0],[96.1675102290001,4.74999020400003,0],[96.1673399460001,4.74955240200006,0],[96.1671408220001,4.74935117200005,0],[96.1670216100001,4.74928075100007,0],[96.1668749600001,4.74919412200006,0],[96.166387001,4.74899170500004,0],[96.165899042,4.74881151400007,0],[96.1653889280001,4.74860891400004,0],[96.1648351420001,4.74822804100006,0],[96.164682058,4.74764822400005,0],[96.1645292480001,4.74697940500005,0],[96.1643088800001,4.74655535800002,0],[96.1640654490001,4.74630930900003,0],[96.163822108,4.74606335100003,0],[96.163602014,4.74557244000005,0],[96.163337519,4.74505902900006,0],[96.1629389130001,4.74474556800004,0],[96.16236252,4.74447592200005,0],[96.1620318350001,4.74385092000006,0],[96.161874121,4.74334671300005,0],[96.161875851,4.74292348900002,0],[96.161922072,4.74247822100006,0],[96.1619238000001,4.74205508700004,0],[96.1621476230001,4.74165509400007,0],[96.1623492910001,4.74121046400006,0],[96.162506739,4.74074333400006,0],[96.1626637320001,4.74038761200006,0],[96.162843244,4.73994289100006,0],[96.1630226650001,4.73952048700005,0],[96.1633123140001,4.73929894700007,0],[96.1637575920001,4.73905572800004,0],[96.1641581060001,4.73890150700004,0],[96.164359135,4.73863505600002,0],[96.1644937900001,4.73830146900002,0],[96.1644728160001,4.73798956100006,0],[96.1641628290001,4.73774333100005,0],[96.1638527530001,4.73751923800006,0],[96.1628335410001,4.73686918300007,0],[96.1623907190001,4.73651099700004,0],[96.1622808530001,4.73622095300004,0],[96.1620830050001,4.73570790800005,0],[96.1619295570001,4.73521727300005,0],[96.1615532000001,4.73490390700005,0],[96.1610432800001,4.73465676500007,0],[96.1603773680001,4.73452039300003,0],[96.1599333670001,4.73445179600003,0],[96.1593562560001,4.73436033300004,0],[96.159091038,4.73402510500006,0],[96.1588041200001,4.73355615000003,0],[96.158736102,4.73331859400002,0],[96.15880402,4.73300705300005,0],[96.1590718740001,4.73269633300004,0],[96.1595174190001,4.73238634200004,0],[96.159897136,4.73187558000006,0],[96.1600994340001,4.73127508700003,0],[96.1600857210001,4.73099093900004,0],[96.1600790050001,4.73085177300004,0],[96.1599242870001,4.73065072700007,0],[96.1596364600001,4.73042681600003,0],[96.1594604950001,4.73000286400003,0],[96.1593954850001,4.72960168500003,0],[96.1595307730001,4.72911223600005,0],[96.15982196,4.72851201800006,0],[96.1603588420001,4.72760107600004,0],[96.160982888,4.72709131300007,0],[96.1610398230001,4.72700899600005,0],[96.1612286750001,4.72673595400005,0],[96.161252462,4.72633513800002,0],[96.1610761330001,4.72600036700004,0],[96.160612068,4.72541936800008,0],[96.1602819280001,4.72466073600003,0],[96.1606402090001,4.72394938100007,0],[96.1609529680001,4.72353538300007,0],[96.1609104720001,4.72306743200005,0],[96.1606684050001,4.72250966200005,0],[96.160448493,4.72195189300004,0],[96.1602286710001,4.72139412500007,0],[96.1602085110001,4.72088181000004,0],[96.1600322730001,4.72052472200005,0],[96.159834425,4.72001158900002,0],[96.1596366670001,4.71949854700006,0],[96.1595285240001,4.71876305400002,0],[96.1592639400001,4.71829428400002,0],[96.1587097220001,4.71800242200004,0],[96.158489086,4.71764515200005,0],[96.1584913510001,4.71708838400002,0],[96.1583378120001,4.71659766200003,0],[96.158072415,4.71632930000004,0],[96.1581416870001,4.71566139800007,0],[96.1582579820001,4.71439236500004,0],[96.1582999300001,4.71395448800007,0],[96.1584133270001,4.71337585700007,0],[96.1586397570001,4.71230768500004,0],[96.1586436490001,4.71134992200007,0],[96.1585575660001,4.71068138300006,0],[96.1582261600001,4.71023457000007,0],[96.157894663,4.70981007500006,0],[96.1574739170001,4.70949653400004,0],[96.156986891,4.70909354000003,0],[96.1560582340001,4.70804296200004,0],[96.1556386670001,4.70743983400007,0],[96.1547984490001,4.70647871000006,0],[96.154267481,4.70594199000004,0],[96.1536909380001,4.70571690300005,0],[96.1531804950001,4.70560340400004,0],[96.152603501,4.70546740600003,0],[96.1521823080001,4.70526527200008,0],[96.1517381460001,4.70524113500005,0],[96.151271378,4.70530608700005,0],[96.1508487360001,4.70546022000002,0],[96.1504936430001,4.70536967500004,0],[96.1500285070001,4.70505595100002,0],[96.149495459,4.70503153900006,0],[96.149250319,4.70523094400005,0],[96.1491378280001,4.70558684600007,0],[96.1490702790001,4.70580929600004,0],[96.148847291,4.70600888200005,0],[96.148513898,4.70607428800002,0],[96.1480256120001,4.70596096800006,0],[96.147493835,4.70564696900004,0],[96.1473510650001,4.70543269200004,0],[96.1469308740001,4.70496328800004,0],[96.146510139,4.70464974500004,0],[96.1460450060001,4.70433602000003,0],[96.1455572680001,4.70408897500005,0],[96.1449804600001,4.70393074500004,0],[96.1443582590001,4.70397273700007,0],[96.14384655,4.70419336300006,0],[96.1434456100001,4.70445898800006,0],[96.143200015,4.70476979600005,0],[96.14282159,4.70496865000007,0],[96.142332126,4.70516713700005,0],[96.141932366,4.70514317700002,0],[96.141644554,4.70491926900007,0],[96.141069751,4.70424873000007,0],[96.1407606050001,4.70380200900007,0],[96.140452006,4.70322165400006,0],[96.1402766900001,4.70261953000005,0],[96.1401014640001,4.70201749700004,0],[96.1401050090001,4.70114883700006,0],[96.139974362,4.70050244200007,0],[96.1398002270001,4.69963305300007,0],[96.139892473,4.69880939300003,0],[96.1400501800001,4.69825318200003,0],[96.1404289640001,4.69796514900003,0],[96.1406744640001,4.69767665900002,0],[96.1407874080001,4.69723167100005,0],[96.1406558520001,4.69680790800004,0],[96.1401248130001,4.69629350500003,0],[96.139371586,4.69562937600006,0],[96.138552378,4.69498006500004,0],[96.138199474,4.69437730400006,0],[96.137891058,4.69375240800002,0],[96.137693498,4.69317251200005,0],[96.1375836230001,4.69288752500006,0],[96.1374956660001,4.69265938800004,0],[96.1373881700001,4.69179036400004,0],[96.1375473260001,4.69087780000007,0],[96.1378161550001,4.69032213600002,0],[96.1384416080001,4.68945602800005,0],[96.1390005100001,4.68856741800005,0],[96.1391581190001,4.68805575100004,0],[96.1392718750001,4.68738804100008,0],[96.1390525210001,4.68671896700005,0],[96.1382131620001,4.68555735700005,0],[96.138109403,4.68540982100006,0],[96.13769913,4.68482644700003,0],[96.1368141080001,4.68399869400002,0],[96.135929542,4.68303739800007,0],[96.13531226,4.68187670000003,0],[96.1351381220001,4.68100731500004,0],[96.134985773,4.68024942800002,0],[96.13454662,4.67900037200008,0],[96.1340419160001,4.67748377800007,0],[96.133734137,4.67670293800006,0],[96.1335604510001,4.67572224000003,0],[96.1334693330001,4.67535914900003,0],[96.1137365720001,4.67526310300002,0],[96.1135600000001,4.67522872200004,0],[96.1133810010001,4.67526136700008,0],[96.110153794,4.67524560500004,0],[96.1101026090001,4.67524535500007,0],[96.1044508680001,4.67521887800007,0],[96.1044541890001,4.67654754800003,0],[96.1047634170001,4.67783095900006,0],[96.1049685030001,4.67894579700004,0],[96.1054042160001,4.68006157800005,0],[96.1058911090001,4.68094517300005,0],[96.1061353850001,4.68187338100006,0],[96.1064044060001,4.68225894500006,0],[96.1065652830001,4.68283949300007,0],[96.1069444440001,4.68385870400004,0],[96.107212722,4.68442515000004,0],[96.107233465,4.68487754100005,0],[96.1075933690001,4.68510518400007,0],[96.108314481,4.68524387900004,0],[96.1089904780001,4.68538229700005,0],[96.1090291420001,4.68540982100006,0],[96.1095976390001,4.68581452700005,0],[96.1100688020001,4.68640440300004,0],[96.1102008980001,4.68717385100007,0],[96.1105128070001,4.68810234300003,0],[96.1106911320001,4.68862324200006,0],[96.1109591350001,4.68925754400004,0],[96.111258213,4.68958537400005,0],[96.1110307700001,4.69005932700003,0],[96.1109145830001,4.69089560400005,0],[96.1107993260001,4.69150564100005,0],[96.1107061160001,4.69222889000002,0],[96.1107252580001,4.69288752500006,0],[96.1107258370001,4.69290743200003,0],[96.110632717,4.69363068200005,0],[96.1103360610001,4.69446620900004,0],[96.109836332,4.69532348300004,0],[96.1093826470001,4.69597738200002,0],[96.1091777120001,4.69645142600007,0],[96.1091527780001,4.69701674900006,0],[96.109286264,4.69746951800005,0],[96.1097583600001,4.69783334000005,0],[96.1101632940001,4.69808376100002,0],[96.1104700500001,4.69862263200002,0],[96.110467627,4.69921054800005,0],[96.110645021,4.69993492000003,0],[96.1106880870001,4.70043267100004,0],[96.110414866,4.70106473000004,0],[96.110187135,4.70160653400006,0],[96.109846099,4.70226089800002,0],[96.1096191120001,4.70262181800007,0],[96.109121331,4.70300420100006,0],[96.1086682930001,4.70347721300004,0],[96.108441025,4.70390589500005,0],[96.1081682660001,4.70442492100005,0],[96.1078960670001,4.70480824000003,0],[96.1074434000001,4.70519080800005,0],[96.1069893310001,4.70591255300008,0],[96.106761594,4.70645435300003,0],[96.1068044670001,4.70699727900006,0],[96.107050229,4.70756363700002,0],[96.107431906,4.70797226300004,0],[96.1079268920001,4.70824574200003,0],[96.1082188,4.70856355200004,0],[96.1083302390001,4.70888061100004,0],[96.108215622,4.70933234900002,0],[96.108033187,4.70982916100007,0],[96.1076431480001,4.71065842000007,0],[96.107345814,4.71165223500003,0],[96.1074337100001,4.71221793700005,0],[96.1076792850001,4.71282956200002,0],[96.1078574190001,4.71337296100006,0],[96.1078330340001,4.71382516500006,0],[96.1078084650001,4.71429995500006,0],[96.1078744070001,4.71472994700002,0],[96.1078953300001,4.71511448400003,0],[96.107600613,4.71547502800007,0],[96.107193802,4.71567689600005,0],[96.1068998310001,4.71587914500003,0],[96.106740184,4.71630819600006,0],[96.1064905840001,4.71666901700007,0],[96.1058805070001,4.71693780100003,0],[96.1052930340001,4.71720667800003,0],[96.1049311520001,4.71745399800005,0],[96.1045461000001,4.71785942900004,0],[96.1041830930001,4.71837798100006,0],[96.1039099480001,4.71896485300005,0],[96.10372741,4.71948424900006,0],[96.1036800400001,4.72002670600006,0],[96.103768024,4.72056982000004,0],[96.1038997790001,4.72126373300006,0],[96.1039868240001,4.72203290400006,0],[96.103962342,4.72248510500003,0],[96.1037125490001,4.72289109800005,0],[96.1034189480001,4.72300299200003,0],[96.1029761550001,4.72303987700008,0],[96.103041454,4.72332626100007,0],[96.1035047070001,4.72432406000007,0],[96.1039091740001,4.72557685800007,0],[96.104213224,4.72643326900004,0],[96.1045444820001,4.72736632100003,0],[96.105264161,4.72991762700002,0],[96.1055533830001,4.73062186900006,0],[96.1059015710001,4.73117989600007,0],[96.1061866520001,4.73148733400006,0],[96.1060829020001,4.73208757800006,0],[96.1059672280001,4.73279012700004,0],[96.105942085,4.73340062300002,0],[96.1060749970001,4.73398910200007,0],[96.106252936,4.73457786100005,0],[96.106206124,4.73498470200008,0],[96.1059118590001,4.73525479800003,0],[96.105751636,4.73581946200005,0],[96.105794497,4.73636238800003,0],[96.1060185900001,4.73670260000006,0],[96.106243341,4.73688442700006,0],[96.1064900390001,4.73722464300005,0],[96.1065769830001,4.73801649400002,0],[96.1066646800001,4.73862746300006,0],[96.1065944160001,4.73923777000005,0],[96.1068180340001,4.73971360000007,0],[96.1070417510001,4.74014425300004,0],[96.1072605300001,4.74065461600003,0],[96.1071365820001,4.74296303400007,0],[96.1067752210001,4.74969301300007,0],[96.1067755440001,4.74969334000002,0],[96.106776418,4.74969418600006,0],[96.0703425460001,4.74962786900005,0],[96.057032705,4.74960364300006,0],[96.0437197700001,4.74957941100007,0],[96.0002144750001,4.74950022200005,0],[95.99877408,4.75095281100005,0],[95.996641878,4.75310306200004,0],[95.9964935680001,4.75325262800004,0],[95.9954920490001,4.75426262500002,0],[95.9954635160001,4.75427995100006,0],[95.9944849680001,4.75560078500007,0],[95.9946348890001,4.75657939200005,0],[95.9950979440001,4.75960197300003,0],[95.995184619,4.76246973600007,0],[95.995236999,4.76420281200006,0],[95.9952814750001,4.76692390900007,0],[95.9953180640001,4.76916245700005,0],[95.9952015650001,4.76991826500006,0],[95.9949125000001,4.77179362400005,0],[95.9947549400001,4.77245962800004,0],[95.9940350690001,4.77550251700006,0],[95.993937885,4.77673741800004,0],[95.9938657060001,4.77765458400006,0],[95.993638257,4.77939427500007,0],[95.9934044780001,4.78118238600007,0],[95.9929836090001,4.78286664400002,0],[95.9927018660001,4.78399413700004,0],[95.992115014,4.78602851600004,0],[95.9916637090001,4.78669115400004,0],[95.990931177,4.78776671200006,0],[95.990487617,4.78827546600007,0],[95.9891529440001,4.78980630600006,0],[95.9881424010001,4.79090471500007,0],[95.9875521120001,4.79154632900003,0],[95.9861879910001,4.79292676100005,0],[95.9854879910001,4.79319032800004,0],[95.9845822120001,4.79353137600003,0],[95.982144528,4.79461770100005,0],[95.9802392820001,4.79594972200005,0],[95.979650113,4.79636162800006,0],[95.9782305410001,4.79869846000003,0],[95.9771190440001,4.80118680100003,0],[95.9771152870001,4.80123915300004,0],[95.9771213370001,4.80130763700004,0],[95.9770525260001,4.80136866800007,0],[95.9770241900001,4.80139915100006,0],[95.9762245900001,4.80318921600002,0],[95.9755527090001,4.80446181800005,0],[95.9739793050001,4.80744198600007,0],[95.972273263,4.81240953200006,0],[95.9714436680001,4.81342908100004,0],[95.967404172,4.81607618000004,0],[95.9628315890001,4.81944272700002,0],[95.9608755200001,4.82172216700008,0],[95.9600312320001,4.82290109600007,0],[95.9591582520001,4.82412009000006,0],[95.958749616,4.82493400700002,0],[95.9575044320001,4.82741415300006,0],[95.9563805550001,4.82927164600005,0],[95.954131234,4.83262807700004,0],[95.9519956080001,4.83472903100005,0],[95.9518919070001,4.83481037500007,0],[95.951545653,4.83508198200008,0],[95.9515416900001,4.83508858000005,0],[95.951535763,4.83510682600007,0],[95.9515116600001,4.83511139100005,0],[95.9515046220001,4.83511416700003,0],[95.9496206330001,4.83659198400005,0],[95.946050771,4.83768324100004,0],[95.943903199,4.83876361300003,0],[95.943747848,4.83884117200006,0],[95.9408118700001,4.84030696100007,0],[95.9368648940001,4.84237992600004,0],[95.9339318360001,4.84385566700007,0],[95.930634667,4.84551460700004,0],[95.9267825150001,4.84749151800003,0],[95.9265013460001,4.84771374300004,0],[95.921794871,4.85143355800005,0],[95.919799836,4.85301993500002,0],[95.9186134120001,4.85422032900004,0],[95.917475057,4.85551613700005,0],[95.915814051,4.85719669000002,0],[95.9141526240001,4.85878162500006,0],[95.913106499,4.85935987600004,0],[95.9108229710001,4.86037377100007,0],[95.9067828510001,4.86302081800005,0],[95.9052558340001,4.86431265700003,0],[95.9038858110001,4.86547168200002,0],[95.9013232180001,4.86811234800007,0],[95.8997522120001,4.87017923200005,0],[95.898953314,4.87123029700007,0],[95.896680567,4.87477813200007,0],[95.8956347820001,4.87678029800003,0],[95.89540406,4.87722201600008,0],[95.894553052,4.87885127300007,0],[95.893320513,4.88043436600003,0],[95.8925161400001,4.88182436800003,0],[95.891406858,4.88367012000003,0],[95.8904700830001,4.88522883400003,0],[95.8904700000001,4.88522916700003,0],[95.8904697230001,4.88522943300006,0],[95.8903659330001,4.88540212900006,0],[95.8898657030001,4.88623445900004,0],[95.88688383,4.89117191800005,0],[95.8860366930001,4.89370959300004,0],[95.8857545860001,4.89461923200003,0],[95.885766598,4.89495807400004,0],[95.8858088150001,4.89614897400003,0],[95.8858089570001,4.89618207200004,0],[95.8858188670001,4.89849170600007,0],[95.885586892,4.89997487100004,0],[95.8848776280001,4.90131666300005,0],[95.8846464750001,4.90299107400006,0],[95.884041374,4.90638832500002,0],[95.8835295580001,4.90930705800002,0],[95.882543323,4.91275377500006,0],[95.882028016,4.91485972600003,0],[95.881412642,4.91586643700003,0],[95.8805051080001,4.91646843200004,0],[95.880452151,4.91652947400007,0],[95.880382114,4.91664415300005,0],[95.8802162380001,4.91666004700005,0],[95.8800341560001,4.91678082700003,0],[95.879343426,4.91710420700002,0],[95.878797234,4.91735991900003,0],[95.8782588010001,4.91797003600004,0],[95.8776112640001,4.91870378300007,0],[95.87528123,4.92005259100006,0],[95.872761122,4.92154565500005,0],[95.8710949490001,4.92207878300007,0],[95.8657170880001,4.92415791100007,0],[95.8621912300001,4.92532870100007,0],[95.861194782,4.92565958000006,0],[95.860031291,4.92617981800004,0],[95.8583875530001,4.92691479000007,0],[95.8562010470001,4.92840639200006,0],[95.8551119780001,4.93013234000006,0],[95.8548803670001,4.93171116400003,0],[95.8549824550001,4.93328855300007,0],[95.855131193,4.93462667700004,0],[95.8548050630001,4.93639716000007,0],[95.854195975,4.93888605700005,0],[95.8528720180001,4.94142584800005,0],[95.8510774750001,4.94540206000005,0],[95.85037099,4.94741325400003,0],[95.8499480820001,4.94884947100007,0],[95.849238729,4.95019129500002,0],[95.848433415,4.95139009400003,0],[95.8476289180001,4.95278014300004,0],[95.846920788,4.95440884400006,0],[95.8465224120001,4.95470448900005,0],[95.846522222,4.95470472200003,0],[95.8465219060001,4.95470486500005,0],[95.846207947,4.95493786100008,0],[95.846155792,4.95495379800008,0],[95.844319291,4.95551499100003,0],[95.8443034850001,4.95551982100005,0],[95.842685465,4.95619617200003,0],[95.8412114810001,4.95711096900004,0]]]]}}]}