{"type":"FeatureCollection","name":"Kabupaten Agam","crs":{"type":"name","properties":{"name":"urn:ogc:def:crs:OGC:1.3:CRS84"}},"features":[{"type":"Feature","properties":{"kode_kk":"13.06","kode_prov":"13","kab_kota":"Agam","provinsi":"Sumatera Barat","fid":"13.06","nama":"Kabupaten Agam","label":"Kabupaten Agam, Provinsi Sumatera Barat, 13.06"},"geometry":{"type":"MultiPolygon","coordinates":[[[[100.243235438,-0.45793111699993,0],[100.242233425,-0.457230104999951,0],[100.240763571,-0.456201789999966,0],[100.23980857,-0.455533666999941,0],[100.239660878,-0.455431799999928,0],[100.238510461,-0.45463832799993,0],[100.237235967,-0.453759276999961,0],[100.236591431,-0.453077411999971,0],[100.236268701,-0.45273599099994,0],[100.235207833,-0.451719777999926,0],[100.234192778,-0.451729203999946,0],[100.230755088,-0.451775502999965,0],[100.229011774,-0.451750212999968,0],[100.228146449,-0.451584047999972,0],[100.227204747,-0.45123879199997,0],[100.225889947,-0.45093867199995,0],[100.224744637,-0.45055507099994,0],[100.224311111,-0.450341666999975,0],[100.223752005,-0.450030716999947,0],[100.222975689,-0.449455152999974,0],[100.222212065,-0.448687686999961,0],[100.221675791,-0.44804161199994,0],[100.221102968,-0.446839143999966,0],[100.220989367,-0.446623859999931,0],[100.220350427,-0.445413013999939,0],[100.219902406,-0.444464647999951,0],[100.219752147,-0.444146581999973,0],[100.219421118,-0.443033624999941,0],[100.219077143,-0.442144848999931,0],[100.218720732,-0.441454072999932,0],[100.218326118,-0.440571403999968,0],[100.217968507,-0.439515803999939,0],[100.217446597,-0.438364496999952,0],[100.216911973,-0.437277157999972,0],[100.215855384,-0.434905773999958,0],[100.215141235,-0.433453368999949,0],[100.214886607,-0.432647433999932,0],[100.214849018,-0.431944106999936,0],[100.214848318,-0.431931017999943,0],[100.214937206,-0.430754022999963,0],[100.215152778,-0.429743332999976,0],[100.215290219,-0.429396246999943,0],[100.215534793,-0.428778609999938,0],[100.216502314,-0.427569006999931,0],[100.217049354,-0.42671177099993,0],[100.217405486,-0.425675460999969,0],[100.217558219,-0.424927410999942,0],[100.217558069,-0.423967915999924,0],[100.217490314,-0.423191644999974,0],[100.217405094,-0.422215265999967,0],[100.217326748,-0.421490087999928,0],[100.217254746,-0.420823622999933,0],[100.217180508,-0.41969017699995,0],[100.216892072,-0.418497053999943,0],[100.216495606,-0.417773612999952,0],[100.21632524,-0.417584495999961,0],[100.215944153,-0.417161466999971,0],[100.215536018,-0.416658527999971,0],[100.214997616,-0.415995061999979,0],[100.214007915,-0.415281974999971,0],[100.212884568,-0.41522630399993,0],[100.211179437,-0.41551497599994,0],[100.209474457,-0.41565516999998,0],[100.207143196,-0.41611030699994,0],[100.204603178,-0.416705406999938,0],[100.203427778,-0.416794443999947,0],[100.199412996,-0.417094705999943,0],[100.196768451,-0.416815247999978,0],[100.193706369,-0.41667578299996,0],[100.189495935,-0.416046728999959,0],[100.18917624,-0.415981138999939,0],[100.185956551,-0.415320572999974,0],[100.184554717,-0.415032965999956,0],[100.180111688,-0.414007599999934,0],[100.179678851,-0.413907709999933,0],[100.17864457,-0.413959685999941,0],[100.177535012,-0.413100521999979,0],[100.177205556,-0.412769443999935,0],[100.17675927,-0.412320318999946,0],[100.17587573,-0.41136503499996,0],[100.174691046,-0.410084152999957,0],[100.174589901,-0.410009020999951,0],[100.174104468,-0.409648431999926,0],[100.173020416,-0.408843176999937,0],[100.173014875,-0.408839060999981,0],[100.172984129,-0.408816221999928,0],[100.17285952,-0.408697668999935,0],[100.170048493,-0.40602324799994,0],[100.170012498,-0.405989001999956,0],[100.168951437,-0.404979503999925,0],[100.165902489,-0.401739145999954,0],[100.164872399,-0.400644387999932,0],[100.163531832,-0.399375541999973,0],[100.161955121,-0.398186155999952,0],[100.158091652,-0.394380006999938,0],[100.157883333,-0.393952777999971,0],[100.156957603,-0.392063456999949,0],[100.156014134,-0.390137931999959,0],[100.155823352,-0.38974856599998,0],[100.155331134,-0.38613236499998,0],[100.155205587,-0.383320051999931,0],[100.155161455,-0.382331474999944,0],[100.155093925,-0.380818777999934,0],[100.155119386,-0.380660657999954,0],[100.155503589,-0.378274655999974,0],[100.156053119,-0.374861934999956,0],[100.156566495,-0.37235622299994,0],[100.156901008,-0.370723514999952,0],[100.157547222,-0.367569443999969,0],[100.157557132,-0.367521247999946,0],[100.158002718,-0.365354259999947,0],[100.158105882,-0.362621723999951,0],[100.157949531,-0.362222170999928,0],[100.157437349,-0.360913293999943,0],[100.157427316,-0.360901421999927,0],[100.15639313,-0.359677605999934,0],[100.154454987,-0.356055014999924,0],[100.153143733,-0.353605875999961,0],[100.152954819,-0.352925481999932,0],[100.152787388,-0.352322461999961,0],[100.152654934,-0.351845417999925,0],[100.15170702,-0.349586698999929,0],[100.151076587,-0.34808448299998,0],[100.148949,-0.347227000999965,0],[100.146651998,-0.346683998999936,0],[100.145525,-0.34705,0],[100.144402239,-0.347418837999953,0],[100.142311415,-0.347863810999968,0],[100.141891324,-0.34782238799994,0],[100.141671173,-0.347860878999938,0],[100.141644709,-0.347852684999964,0],[100.141419536,-0.34780462599997,0],[100.141253506,-0.347784040999954,0],[100.14097376,-0.347749728999929,0],[100.140416521,-0.347600970999963,0],[100.139988932,-0.347484254999927,0],[100.139876152,-0.347446792999961,0],[100.139754663,-0.34740643799995,0],[100.139572709,-0.347367536999968,0],[100.139452164,-0.347360676999926,0],[100.139317982,-0.347376721999979,0],[100.139145131,-0.347415665999961,0],[100.139008681,-0.34747521099996,0],[100.138851755,-0.347546209999962,0],[100.138681188,-0.347596604999978,0],[100.13849241,-0.347601204999933,0],[100.13834685,-0.347585194999965,0],[100.138201283,-0.347516528999961,0],[100.138021593,-0.347402061999958,0],[100.137897566,-0.347326771999974,0],[100.137878306,-0.34731507999993,0],[100.137750935,-0.347257854999953,0],[100.137496191,-0.347122790999947,0],[100.137232342,-0.346973996999964,0],[100.137020807,-0.346836647999964,0],[100.136854767,-0.346726765999961,0],[100.136620493,-0.34661459299997,0],[100.136388501,-0.346490986999925,0],[100.136176966,-0.346365080999931,0],[100.136162468,-0.34635143099996,0],[100.136035938,-0.34623229999994,0],[100.135922204,-0.346078901999931,0],[100.135756145,-0.345811038999955,0],[100.135537754,-0.345378317999973,0],[100.135383064,-0.345126473999926,0],[100.135196536,-0.344863189999955,0],[100.13501456,-0.344631953999965,0],[100.13484396,-0.344403013999965,0],[100.134714296,-0.34418093499994,0],[100.134582348,-0.343945115999929,0],[100.134439047,-0.343741354999963,0],[100.134213853,-0.343521575999944,0],[100.133599717,-0.343045401999973,0],[100.13333587,-0.34281875299996,0],[100.133151621,-0.342594391999967,0],[100.132962817,-0.342376895999962,0],[100.132810418,-0.342205193999973,0],[100.13263755,-0.342024330999948,0],[100.132478324,-0.341868648999935,0],[100.132321372,-0.341722129999937,0],[100.132310004,-0.341703060999976,0],[100.132232653,-0.341573314999948,0],[100.132193973,-0.34141991599995,0],[100.132182588,-0.341264216999946,0],[100.1321712,-0.341152025999975,0],[100.132109777,-0.340998629999945,0],[100.132021066,-0.340913919999934,0],[100.131898242,-0.340863559999946,0],[100.131748129,-0.340799471999958,0],[100.131613928,-0.340730796999935,0],[100.131477459,-0.340627783999935,0],[100.131327338,-0.34049728399998,0],[100.131281561,-0.340438731999939,0],[100.131108967,-0.340217973999927,0],[100.130940624,-0.339940946999945,0],[100.130839775,-0.33975178999998,0],[100.130790486,-0.339659341999948,0],[100.130638075,-0.339386888999968,0],[100.130503857,-0.33916938699997,0],[100.130371922,-0.33895875099995,0],[100.130246805,-0.338738957999965,0],[100.130142162,-0.338569538999934,0],[100.130026159,-0.338441331999945,0],[100.129896507,-0.338322289999951,0],[100.129689517,-0.338100217999965,0],[100.129441561,-0.337692682999943,0],[100.129323266,-0.337486629999944,0],[100.129202707,-0.337287443999969,0],[100.129107167,-0.337127175999967,0],[100.129002525,-0.336953179999966,0],[100.128920626,-0.336813516999939,0],[100.128831912,-0.336696758999949,0],[100.128789914,-0.336652727999933,0],[100.12872273,-0.336582290999957,0],[100.128622656,-0.336531927999943,0],[100.128520304,-0.336513622999973,0],[100.128452081,-0.336527370999931,0],[100.12835089,-0.336564574999954,0],[100.128308802,-0.336580049999952,0],[100.128158696,-0.336657913999943,0],[100.127981312,-0.336747231999937,0],[100.127863042,-0.336756399999956,0],[100.127731129,-0.336747260999971,0],[100.127624225,-0.336678581999934,0],[100.127530966,-0.336580140999956,0],[100.127492144,-0.336519086999942,0],[100.127458173,-0.336465659999931,0],[100.127355806,-0.336316845999932,0],[100.127232983,-0.336188638999943,0],[100.127076039,-0.33610852299995,0],[100.126928205,-0.336092511999937,0],[100.126780377,-0.336140614999977,0],[100.126671218,-0.336229915999979,0],[100.126557509,-0.336371890999942,0],[100.126423349,-0.336577972999976,0],[100.12630055,-0.336747427999967,0],[100.126235408,-0.33681536399996,0],[100.126223861,-0.336827405999941,0],[100.1261732,-0.336880239999971,0],[100.126057223,-0.336987868999927,0],[100.125925325,-0.337093210999967,0],[100.125772946,-0.337182516999974,0],[100.12565696,-0.337210010999968,0],[100.125509127,-0.337212316999967,0],[100.125399958,-0.337214617999962,0],[100.125302157,-0.337228369999934,0],[100.125222558,-0.337239830999977,0],[100.125144178,-0.337247507999962,0],[100.125058805,-0.337255868999932,0],[100.124954183,-0.337255880999976,0],[100.12474427,-0.337251916999946,0],[100.124602748,-0.337271769999973,0],[100.124479146,-0.337331303999974,0],[100.124312551,-0.337401652999972,0],[100.124208659,-0.337432329999956,0],[100.124102963,-0.337475624999968,0],[100.123982946,-0.337545967999972,0],[100.123882637,-0.337627135999981,0],[100.123753664,-0.337713716999929,0],[100.123588864,-0.337758828999938,0],[100.123452712,-0.337757034999925,0],[100.123271772,-0.33771558199993,0],[100.123080088,-0.337683139999967,0],[100.122976192,-0.337679542999979,0],[100.122891997,-0.337715626999966,0],[100.122777355,-0.337791378999952,0],[100.12266093,-0.337910422999926,0],[100.122546293,-0.338036675999945,0],[100.122388666,-0.338186379999968,0],[100.122236403,-0.338263953999956,0],[100.122093092,-0.338289216999954,0],[100.121971272,-0.338291030999926,0],[100.121835132,-0.338323511999931,0],[100.121677497,-0.338406486999929,0],[100.121645305,-0.338440081999977,0],[100.121578978,-0.338509300999931,0],[100.121500166,-0.338572430999932,0],[100.121401638,-0.338590468999939,0],[100.121272652,-0.338558028999955,0],[100.121212165,-0.338512610999942,0],[100.121159779,-0.338473275999945,0],[100.121030783,-0.338357869999925,0],[100.120883884,-0.338274930999944,0],[100.120790726,-0.338273131999927,0],[100.120677868,-0.338311018999946,0],[100.120609804,-0.338383164999925,0],[100.12045099,-0.338643575999924,0],[100.120407416,-0.338715025999932,0],[100.120317857,-0.338835866999943,0],[100.120197846,-0.338949501999934,0],[100.120084987,-0.338985588999947,0],[100.119977505,-0.338972973999944,0],[100.119868219,-0.33890084799998,0],[100.119715933,-0.338780034999957,0],[100.119551113,-0.338664632999951,0],[100.119318212,-0.338542019999977,0],[100.119173092,-0.338457279999943,0],[100.119011856,-0.338318430999948,0],[100.118857772,-0.338190399999974,0],[100.118707285,-0.338087622999979,0],[100.118547846,-0.338029930999937,0],[100.118384815,-0.33799748499996,0],[100.117908309,-0.338048041999969,0],[100.117691548,-0.338105777999942,0],[100.117498088,-0.338179738999941,0],[100.117351197,-0.338248285999953,0],[100.117215062,-0.33832224799994,0],[100.117075329,-0.338363738999931,0],[100.116955306,-0.338365561999979,0],[100.116840652,-0.33834031899994,0],[100.116702702,-0.338260987999945,0],[100.116573708,-0.338160008999978,0],[100.116451883,-0.338048210999943,0],[100.1162996,-0.337947234999945,0],[100.116134779,-0.337894951999942,0],[100.115952054,-0.33787513599998,0],[100.115810537,-0.337875151999924,0],[100.115674387,-0.337900413999932,0],[100.115543619,-0.337925674999951,0],[100.115402097,-0.337945528999967,0],[100.115230121,-0.337958176999962,0],[100.115153091,-0.337952775999952,0],[100.115043809,-0.337918523999974,0],[100.114939895,-0.337840978999964,0],[100.114862855,-0.337750821999975,0],[100.114834794,-0.337708457999952,0],[100.1147876,-0.337637208999979,0],[100.114669347,-0.337413597999955,0],[100.114572582,-0.337218829999927,0],[100.114491958,-0.337058333999948,0],[100.114388036,-0.336917668999945,0],[100.114230372,-0.336742754999932,0],[100.114081672,-0.336629150999954,0],[100.113945511,-0.336558835999938,0],[100.113825485,-0.336546222999971,0],[100.113705464,-0.336575091999975,0],[100.11352454,-0.336659878999967,0],[100.113325698,-0.336748268999941,0],[100.113152664,-0.336796838999931,0],[100.113107158,-0.336809612999957,0],[100.11286173,-0.336834887999942,0],[100.112327894,-0.336843967999926,0],[100.112177409,-0.336842184999966,0],[100.112037685,-0.336878265999928,0],[100.111923039,-0.336923370999955,0],[100.11183169,-0.337031585999966,0],[100.111769005,-0.337154231999932,0],[100.11175843,-0.337179944999946,0],[100.111695571,-0.337332782999965,0],[100.111620346,-0.337477068999931,0],[100.111536164,-0.337563644999932,0],[100.111502616,-0.337585973999978,0],[100.111430479,-0.337633986999947,0],[100.111280004,-0.337709751999967,0],[100.111100878,-0.337812566999958,0],[100.111009701,-0.337856402999932,0],[100.110839734,-0.337916050999979,0],[100.110553111,-0.337961166999946,0],[100.11035586,-0.337959803999979,0],[100.110296934,-0.337959396999963,0],[100.109997769,-0.337941394999973,0],[100.10977384,-0.337939610999967,0],[100.109526621,-0.337939638999956,0],[100.109297317,-0.337925237999968,0],[100.109059051,-0.337872971999957,0],[100.108870943,-0.337775599999929,0],[100.10871866,-0.337683642999934,0],[100.108537718,-0.33761874299995,0],[100.108380444,-0.337605053999937,0],[100.108351407,-0.337602526999945,0],[100.108166888,-0.337609766999947,0],[100.107960879,-0.337647663999974,0],[100.107738755,-0.33771982899998,0],[100.107594407,-0.337752979999948,0],[100.107334373,-0.337812699999972,0],[100.107188802,-0.337846131999925,0],[100.106920082,-0.337847962999945,0],[100.10673019,-0.337790272999939,0],[100.106545658,-0.33767487199998,0],[100.106470401,-0.337541431999966,0],[100.106466803,-0.337437551999926,0],[100.106466788,-0.337305422999975,0],[100.106475728,-0.33713950799995,0],[100.106475721,-0.337076044999947,0],[100.106475715,-0.33702227699996,0],[100.106429132,-0.336921285999949,0],[100.106335965,-0.336847358999933,0],[100.10625176,-0.336800475999951,0],[100.106099484,-0.336690480999948,0],[100.105983024,-0.336585899999932,0],[100.105900609,-0.336479503999954,0],[100.105809236,-0.336383930999943,0],[100.105721445,-0.336335248999944,0],[100.105681291,-0.336333371999956,0],[100.105644415,-0.336331647999941,0],[100.105565598,-0.336349693999978,0],[100.105511864,-0.336405602999946,0],[100.10535604,-0.336701392999942,0],[100.105241404,-0.336845683999968,0],[100.105114219,-0.33693406499998,0],[100.104940457,-0.336950312999932,0],[100.104793548,-0.336872780999954,0],[100.104677094,-0.336739344999955,0],[100.10459646,-0.336577038999962,0],[100.104474572,-0.335983704999933,0],[100.104401092,-0.335678930999961,0],[100.104375496,-0.335641599999974,0],[100.104313301,-0.335550890999968,0],[100.104229098,-0.33551844599998,0],[100.104141323,-0.335538292999956,0],[100.104101903,-0.335576661999937,0],[100.104033845,-0.335642907999954,0],[100.103937197,-0.335768369999926,0],[100.103885179,-0.335835895999935,0],[100.103743671,-0.335996416999933,0],[100.103618283,-0.336084797999945,0],[100.103507218,-0.336101046999943,0],[100.103405108,-0.336084821999975,0],[100.103302983,-0.336009094999952,0],[100.103208026,-0.33592613899998,0],[100.103104124,-0.335872048999931,0],[100.102978713,-0.335828779999929,0],[100.102804945,-0.335805353999945,0],[100.10263834,-0.335796353999967,0],[100.102426946,-0.335733257999948,0],[100.102215548,-0.335626877999971,0],[100.101975476,-0.335500663999937,0],[100.101812447,-0.335410506999949,0],[100.101772098,-0.33539355399995,0],[100.101631237,-0.335334369999941,0],[100.101627926,-0.335332978999929,0],[100.101454146,-0.335278897999956,0],[100.101431948,-0.335277365999957,0],[100.101304932,-0.335268600999939,0],[100.101300016,-0.335268262999932,0],[100.101295366,-0.335267941999973,0],[100.10129562,-0.33526180299998,0],[100.101392818,-0.333513764999964,0],[100.101435444,-0.332747163999954,0],[100.101464608,-0.332222658999967,0],[100.101452514,-0.332041774999936,0],[100.101358107,-0.330629809999948,0],[100.10122061,-0.328573368999969,0],[100.101213971,-0.328474078999932,0],[100.101620331,-0.326381624999954,0],[100.101832975,-0.325286664999965,0],[100.102233328,-0.324474516999942,0],[100.10251049,-0.323912271999973,0],[100.102534794,-0.322863334999965,0],[100.102551987,-0.322121330999948,0],[100.102563198,-0.321637489999944,0],[100.102459165,-0.321132018999947,0],[100.102442357,-0.32105035099994,0],[100.102436579,-0.32102227799993,0],[100.102436484,-0.321022358999926,0],[100.10238505,-0.32106582199998,0],[100.102274757,-0.321159024999929,0],[100.101856281,-0.321512657999961,0],[100.101744369,-0.321607228999937,0],[100.101614078,-0.321717330999945,0],[100.100666031,-0.322056029999942,0],[100.099680731,-0.322408038999924,0],[100.096217196,-0.322385624999924,0],[100.095839795,-0.322383182999943,0],[100.093185976,-0.322156554999935,0],[100.088372952,-0.32174553699997,0],[100.087806248,-0.322830169999975,0],[100.087268896,-0.32289416499998,0],[100.082606886,-0.323449378999953,0],[100.08091639,-0.323650705999967,0],[100.077536984,-0.323758238999972,0],[100.077403814,-0.323762475999956,0],[100.076585411,-0.323391470999979,0],[100.075914179,-0.322985603999939,0],[100.074939873,-0.323237604999974,0],[100.07245319,-0.323880777999932,0],[100.070473955,-0.324322280999979,0],[100.069387456,-0.324551216999964,0],[100.067087791,-0.32541553599998,0],[100.066620277,-0.326572313999975,0],[100.066552657,-0.326739626999938,0],[100.066593292,-0.327885933999937,0],[100.066651422,-0.32811441399997,0],[100.066791136,-0.328663553999945,0],[100.066947128,-0.329276676999939,0],[100.066951361,-0.329293313999926,0],[100.067041209,-0.329646456999967,0],[100.06687858,-0.330711011999938,0],[100.065983252,-0.331939410999951,0],[100.065475645,-0.33230911499993,0],[100.064797485,-0.332771162999961,0],[100.063770134,-0.333753222999974,0],[100.062828339,-0.334238057999926,0],[100.06236149,-0.334478390999948,0],[100.061735611,-0.335853568999937,0],[100.0616186,-0.336418631999948,0],[100.061431442,-0.337322447999952,0],[100.061349159,-0.337886074999972,0],[100.061265006,-0.338462504999939,0],[100.061167776,-0.339784317999943,0],[100.061163745,-0.342095444999927,0],[100.061115894,-0.342277913999965,0],[100.060720906,-0.343784097999958,0],[100.060221085,-0.344831090999946,0],[100.059888856,-0.345527021999942,0],[100.059304532,-0.346352451999962,0],[100.058681849,-0.346993105999957,0],[100.057372459,-0.348340285999939,0],[100.055984886,-0.349584789999938,0],[100.055831596,-0.34972227399993,0],[100.055794538,-0.349745832999929,0],[100.054623856,-0.350490085999979,0],[100.053417619,-0.351044306999938,0],[100.053399323,-0.351052712999945,0],[100.052108263,-0.351653040999963,0],[100.051833439,-0.351765091999937,0],[100.050800244,-0.35218634499995,0],[100.050053664,-0.352490738999961,0],[100.048787192,-0.353053727999963,0],[100.047613672,-0.353594734999945,0],[100.046863909,-0.353791498999954,0],[100.04572751,-0.354064514999948,0],[100.04439191,-0.354542295999977,0],[100.042376861,-0.354444394999973,0],[100.041751242,-0.354414,0],[100.041507246,-0.354377003999957,0],[100.041003249,-0.354188002999933,0],[100.040683243,-0.353979998999932,0],[100.040293242,-0.353808,0],[100.039995667,-0.35379295499996,0],[100.039759246,-0.353781000999959,0],[100.038356242,-0.353482000999975,0],[100.037619662,-0.353653416999975,0],[100.03611615,-0.354562166999926,0],[100.035614396,-0.355416072999958,0],[100.035441247,-0.356721,0],[100.035815244,-0.357725002999928,0],[100.036408315,-0.358188146999964,0],[100.036468491,-0.358219188999954,0],[100.037158243,-0.358575,0],[100.039882242,-0.359569996999937,0],[100.041039825,-0.359907332999967,0],[100.041186242,-0.359950000999959,0],[100.041743247,-0.360420000999966,0],[100.042102244,-0.360555003999934,0],[100.043368244,-0.360890001999962,0],[100.044276243,-0.361071,0],[100.044797751,-0.361354889999973,0],[100.046427596,-0.362242117999926,0],[100.046711808,-0.363289363999968,0],[100.046537594,-0.363508721999949,0],[100.046234034,-0.363890941999955,0],[100.04517538,-0.36410411199995,0],[100.044382774,-0.364112016999968,0],[100.043759304,-0.364118234999978,0],[100.040823821,-0.36392322599994,0],[100.038505334,-0.363895579999962,0],[100.037117066,-0.363965966999956,0],[100.036297926,-0.364007497999978,0],[100.035003511,-0.364119308999932,0],[100.034398064,-0.364263713999947,0],[100.032310251,-0.364761679999958,0],[100.030588792,-0.365236443999947,0],[100.029644749,-0.365348215999973,0],[100.028922811,-0.365250593999974,0],[100.028814776,-0.365191317999972,0],[100.028152711,-0.364828061999958,0],[100.027194685,-0.364060489999929,0],[100.026585899,-0.363691238999934,0],[100.026389405,-0.363572057999932,0],[100.024987133,-0.362972031999959,0],[100.023919803,-0.362681018999979,0],[100.023699533,-0.362620960999948,0],[100.023196147,-0.362483709999935,0],[100.022368112,-0.362190913999939,0],[100.021959314,-0.362046360999955,0],[100.020332162,-0.361793333999969,0],[100.019096828,-0.362739603999955,0],[100.018283244,-0.363509599999929,0],[100.018089831,-0.363692649999962,0],[100.017894221,-0.363877780999928,0],[100.01682036,-0.364159760999939,0],[100.015540139,-0.364340711999944,0],[100.014165666,-0.364061710999977,0],[100.013548101,-0.363875813999925,0],[100.011982626,-0.36340458199993,0],[100.009705644,-0.362260289999938,0],[100.007980922,-0.361505480999938,0],[100.006388961,-0.360808773999963,0],[100.00606223,-0.360665782999945,0],[100.004174016,-0.359856432999948,0],[100.001786057,-0.359521706999942,0],[99.999861835,-0.359449708999932,0],[99.9988238510001,-0.359410870999966,0],[99.9957140290001,-0.35976016199993,0],[99.995110712,-0.359906314999932,0],[99.993717195,-0.360243892999961,0],[99.9930623830001,-0.36040251999998,0],[99.9920628190001,-0.360709704999977,0],[99.991590832,-0.361142454999936,0],[99.990526119,-0.361780989999943,0],[99.9904997120001,-0.361796826999978,0],[99.990255872,-0.361943063999945,0],[99.9901975380001,-0.362008895999963,0],[99.9901720380001,-0.362037674999954,0],[99.9898860550001,-0.362360424999963,0],[99.9883537370001,-0.364089741999976,0],[99.988185317,-0.364279813999929,0],[99.9878440530001,-0.364703736999957,0],[99.9876016140001,-0.365004898999928,0],[99.98743433,-0.365212702999941,0],[99.9873431710001,-0.36532594199997,0],[99.987241377,-0.365452391999952,0],[99.9867555490001,-0.366289924999933,0],[99.9865853750001,-0.366649118999931,0],[99.986018571,-0.36784549999993,0],[99.9858771240001,-0.368218655999954,0],[99.985542078,-0.369102555999973,0],[99.9855011020001,-0.369172932999959,0],[99.9849045000001,-0.370197617999963,0],[99.9844778560001,-0.37093039399997,0],[99.984576287,-0.371747161999963,0],[99.9854122940001,-0.372502921999967,0],[99.9859311110001,-0.372971938999967,0],[99.987288618,-0.37464909299996,0],[99.9873674630001,-0.374746503999972,0],[99.987730909,-0.375195251999969,0],[99.9885849670001,-0.376249758999961,0],[99.990050302,-0.378026929999976,0],[99.9904229630001,-0.378262164999967,0],[99.9913571750001,-0.37885186699998,0],[99.9920419920001,-0.379192674999956,0],[99.9927872440001,-0.379563558999962,0],[99.9943439950001,-0.379675583999926,0],[99.9943440660001,-0.379676145999952,0],[99.9944435080001,-0.380459001999952,0],[99.9944628850001,-0.38061154899998,0],[99.9943994390001,-0.380986539999981,0],[99.9941749270001,-0.382313502999978,0],[99.9941350880001,-0.382555904999947,0],[99.994079092,-0.38289661999994,0],[99.99390721,-0.383942457999979,0],[99.9937740440001,-0.384752719999938,0],[99.9942883250001,-0.386935785999924,0],[99.9947929640001,-0.387735907999968,0],[99.9952742250001,-0.388498962999961,0],[99.995968351,-0.389482298999951,0],[99.9974401570001,-0.390947709999978,0],[99.997577913,-0.391097601999945,0],[99.9986775790001,-0.39229415099993,0],[99.9988183510001,-0.392546177999975,0],[99.9991219400001,-0.393089700999951,0],[99.999662464,-0.39573773099994,0],[99.9998313830001,-0.396572190999962,0],[99.9998709490001,-0.39676764799998,0],[99.9998020660001,-0.39771581499997,0],[99.9997743870001,-0.398096816999953,0],[99.999766761,-0.398201794999977,0],[99.9990613190001,-0.399393443999941,0],[99.9981845510001,-0.400074359999962,0],[99.997511489,-0.400370537999947,0],[99.9969406220001,-0.400621744999967,0],[99.9951374140001,-0.401088666999954,0],[99.993262728,-0.401052995999976,0],[99.9921557070001,-0.400478728999929,0],[99.9908833900001,-0.399548673999959,0],[99.9907808180001,-0.399473694999926,0],[99.9904049730001,-0.399234444999934,0],[99.9897094890001,-0.398791722999931,0],[99.9881739990001,-0.398504706999972,0],[99.986763534,-0.398576678999973,0],[99.9858351570001,-0.398899890999928,0],[99.9843868040001,-0.399728684999957,0],[99.983311358,-0.400780672999929,0],[99.982423075,-0.401649580999958,0],[99.982325357,-0.40176280299994,0],[99.981065459,-0.403222605999929,0],[99.9807626560001,-0.403773463999926,0],[99.9798141000001,-0.405499070999952,0],[99.9798131620001,-0.405500777999976,0],[99.979891685,-0.406023886999947,0],[99.9798918230001,-0.406024806999937,0],[99.9800450320001,-0.407045459999949,0],[99.9802025980001,-0.408095138999954,0],[99.980254469,-0.408440693999978,0],[99.9803357580001,-0.408982227999957,0],[99.9806345750001,-0.410972899999933,0],[99.9806526630001,-0.412875608999968,0],[99.9806096350001,-0.413095847999955,0],[99.980475514,-0.41378233699993,0],[99.9802059530001,-0.415162066999926,0],[99.9793955000001,-0.416614326999934,0],[99.9792241900001,-0.416921298999966,0],[99.9779877500001,-0.418077340999957,0],[99.9769880140001,-0.418867271999943,0],[99.9760596310001,-0.419190489999949,0],[99.975038736,-0.419163368999932,0],[99.9740420960001,-0.419136891999926,0],[99.971747238,-0.41913717999995,0],[99.9715067910001,-0.419137209999974,0],[99.970257035,-0.419478418999972,0],[99.968864495,-0.420232499999941,0],[99.9672728830001,-0.421926867999957,0],[99.9668675840001,-0.422470309999937,0],[99.9661482500001,-0.42343482299998,0],[99.96572711,-0.424885325999981,0],[99.9655593100001,-0.425463266999941,0],[99.965474408,-0.425815971999953,0],[99.965044048,-0.427603811999973,0],[99.9648367730001,-0.42846488899994,0],[99.9647282050001,-0.428858545999958,0],[99.9643169290001,-0.430349788999933,0],[99.9639594120001,-0.431408980999947,0],[99.9638579240001,-0.431709650999949,0],[99.9637022530001,-0.432170847999942,0],[99.963072002,-0.432915622999928,0],[99.962266943,-0.433866968999951,0],[99.9621754600001,-0.433975074999978,0],[99.962140778,-0.43401605899993,0],[99.9621367680001,-0.434011938999959,0],[99.962069908,-0.433943261999957,0],[99.9619831320001,-0.433853644999942,0],[99.9619112490001,-0.433773613999961,0],[99.9618361830001,-0.43370940899996,0],[99.9617427410001,-0.433642493999969,0],[99.9616466320001,-0.43358326699996,0],[99.9615419280001,-0.433516262999945,0],[99.9614308490001,-0.433434517999956,0],[99.961344668,-0.433364436999966,0],[99.9612470740001,-0.43327762499996,0],[99.9611622250001,-0.433192619999943,0],[99.961072781,-0.433107977999953,0],[99.960993268,-0.433033825999928,0],[99.9608898920001,-0.432925670999964,0],[99.9608068190001,-0.432827189999955,0],[99.960609999,-0.432639005999931,0],[99.9604176970001,-0.432431465999969,0],[99.9603210650001,-0.432334614999945,0],[99.9602213200001,-0.432231523999974,0],[99.9601072,-0.432116676999954,0],[99.9600042580001,-0.43200961499997,0],[99.9599858160001,-0.431990435999978,0],[99.9598762150001,-0.431868805999954,0],[99.959760685,-0.431746270999952,0],[99.9596573850001,-0.431654847999937,0],[99.9595643100001,-0.431560799999943,0],[99.9594740520001,-0.431477152999946,0],[99.959379201,-0.431401193999932,0],[99.9592885010001,-0.431336086999977,0],[99.959210694,-0.431282283999963,0],[99.9590089900001,-0.431135702999939,0],[99.958806323,-0.430998256999942,0],[99.9586970970001,-0.430922751999958,0],[99.958605371,-0.430856038999934,0],[99.958582091,-0.43083910799993,0],[99.9584697540001,-0.430759532999957,0],[99.9583534130001,-0.430667296999957,0],[99.9582378870001,-0.430569543999979,0],[99.958134069,-0.430486892999966,0],[99.9580352900001,-0.43040270399996,0],[99.957965904,-0.430338234999965,0],[99.9579408820001,-0.430314986999974,0],[99.9578528480001,-0.430237579999925,0],[99.957771633,-0.430177097999945,0],[99.957750365,-0.430161259999977,0],[99.957659219,-0.430084305999969,0],[99.957651872,-0.430077762999929,0],[99.9575769640001,-0.430011057999934,0],[99.957491152,-0.429934192999951,0],[99.9573078230001,-0.429786252999975,0],[99.9571611750001,-0.42967075599995,0],[99.9570988550001,-0.429621674999964,0],[99.957068645,-0.429594006999935,0],[99.957059358,-0.429585502999942,0],[99.95699059,-0.429527628999949,0],[99.9569567390001,-0.429501187999961,0],[99.95688003,-0.429441270999973,0],[99.9567668020001,-0.429354912999941,0],[99.9566414210001,-0.429255894999926,0],[99.9565133730001,-0.429158685999937,0],[99.956418522,-0.429086253999969,0],[99.956304849,-0.428997634999973,0],[99.9562019960001,-0.428918962999944,0],[99.9560955100001,-0.428832604999968,0],[99.9560088100001,-0.428761527999939,0],[99.9559314480001,-0.428705011999966,0],[99.955826372,-0.428625435999948,0],[99.955721221,-0.428544864999935,0],[99.9556380770001,-0.428468994999946,0],[99.955535667,-0.42838706699996,0],[99.955367601,-0.428237406999926,0],[99.9550647440001,-0.427983302999962,0],[99.954873336,-0.427821344999927,0],[99.9547466210001,-0.427715091999971,0],[99.954632501,-0.427607027999954,0],[99.9545124530001,-0.427492180999934,0],[99.9544041880001,-0.427398134999976,0],[99.9542401990001,-0.427262853999935,0],[99.954083397,-0.427123050999967,0],[99.9539899530001,-0.427039402999981,0],[99.95390051,-0.426957654999967,0],[99.9537823160001,-0.426853118999929,0],[99.953669087,-0.426756811999951,0],[99.953560823,-0.42666864399996,0],[99.9534682700001,-0.426597658999924,0],[99.9533429830001,-0.426490976999958,0],[99.9524578780001,-0.42573731899995,0],[99.9523768070001,-0.425645348999979,0],[99.952312035,-0.42554460499997,0],[99.9522784600001,-0.425456879999956,0],[99.9522662960001,-0.42536046999993,0],[99.9522671770001,-0.425289291999945,0],[99.9522602790001,-0.425232766999954,0],[99.952243008,-0.425182392999943,0],[99.9521963970001,-0.425137357999972,0],[99.952120515,-0.425063476999981,0],[99.9520523400001,-0.425002707999965,0],[99.9519945370001,-0.424929818999942,0],[99.9519582950001,-0.424855117999925,0],[99.9519220550001,-0.424790003999931,0],[99.9518729220001,-0.424730046999969,0],[99.9518142310001,-0.424663217999978,0],[99.9517891770001,-0.42458155199995,0],[99.9517925760001,-0.424502594999979,0],[99.951827984,-0.424428699999964,0],[99.9518883650001,-0.42437225599997,0],[99.9519892740001,-0.424310652999964,0],[99.951830542,-0.424143896999965,0],[99.95177534,-0.424129071999971,0],[99.9516933900001,-0.424122207999972,0],[99.951635594,-0.424109191999946,0],[99.9515545300001,-0.424077998999962,0],[99.9514898420001,-0.42405015099996,0],[99.951402628,-0.424012808999976,0],[99.9512897010001,-0.423965069999952,0],[99.951169807,-0.423900870999944,0],[99.9510446500001,-0.423813066999969,0],[99.950942018,-0.423732404999953,0],[99.9508436840001,-0.423648938999975,0],[99.950649533,-0.423470972999951,0],[99.9503950660001,-0.423262625999939,0],[99.9501587570001,-0.423107184999935,0],[99.9501237810001,-0.423074991999954,0],[99.9500029210001,-0.422985016999974,0],[99.9499454190001,-0.422951650999948,0],[99.949876208,-0.422904086999949,0],[99.9497638730001,-0.422847030999947,0],[99.9495832910001,-0.422746300999961,0],[99.9494817010001,-0.422698288999925,0],[99.949382853,-0.422658505999948,0],[99.949283118,-0.422634550999931,0],[99.9492153200001,-0.422624610999947,0],[99.949139373,-0.422622811999929,0],[99.9490665380001,-0.422631412999976,0],[99.9489888140001,-0.422647249999955,0],[99.9488922730001,-0.422681267999963,0],[99.9487929140001,-0.422706151999932,0],[99.9486909600001,-0.422710233999965,0],[99.9486416330001,-0.422702976999972,0],[99.9485957460001,-0.42269622699996,0],[99.9485229810001,-0.422665394999967,0],[99.9484362090001,-0.422617109999976,0],[99.9483346170001,-0.422554174999959,0],[99.9482443620001,-0.422492684999952,0],[99.9481531430001,-0.422423959999946,0],[99.9480502160001,-0.422352432999958,0],[99.9479532170001,-0.422283256999947,0],[99.9478502900001,-0.422212723999962,0],[99.9477527720001,-0.422137306999957,0],[99.947659775,-0.422071657999936,0],[99.9475739640001,-0.422002479999946,0],[99.9473466970001,-0.421818255999938,0],[99.9473380220001,-0.421811223999953,0],[99.947115566,-0.421625301999939,0],[99.9470342760001,-0.421557479999933,0],[99.9469336440001,-0.421471119999978,0],[99.946829011,-0.421384669999952,0],[99.946730974,-0.421304730999964,0],[99.9466402720001,-0.421230488999925,0],[99.9465624650001,-0.421169901999974,0],[99.9463958100001,-0.421041041999956,0],[99.9463054070001,-0.420981360999974,0],[99.946097476,-0.420821755999953,0],[99.9459257830001,-0.420698232999939,0],[99.9458304880001,-0.42062498699994,0],[99.9457411210001,-0.42055354799993,0],[99.9456341910001,-0.420470715999954,0],[99.945531708,-0.420388877999926,0],[99.945442712,-0.420322413999941,0],[99.945221223,-0.420167784999933,0],[99.945016776,-0.420016227999952,0],[99.9449350420001,-0.419954736999955,0],[99.9449312140001,-0.419952022999951,0],[99.9448272240001,-0.419878326999935,0],[99.9447242970001,-0.419806889999961,0],[99.9446298920001,-0.419739069999935,0],[99.9445369680001,-0.419670344999929,0],[99.9444520470001,-0.419605236999928,0],[99.9443634960001,-0.419540490999964,0],[99.944270869,-0.419474026999978,0],[99.9441608290001,-0.419401324999967,0],[99.944077243,-0.41934336099996,0],[99.9438530850001,-0.419182400999944,0],[99.9436962130001,-0.419074702999978,0],[99.94350029,-0.418942228999924,0],[99.9434055140001,-0.418872599999929,0],[99.9432936200001,-0.418793476999952,0],[99.9431902490001,-0.418720682999947,0],[99.943068129,-0.418627541999967,0],[99.9429683130001,-0.41855058799996,0],[99.9428546410001,-0.418466941999952,0],[99.942739192,-0.418386009999949,0],[99.942643526,-0.41831502499997,0],[99.9425590500001,-0.418246660999955,0],[99.9424879860001,-0.418191951999972,0],[99.9423140690001,-0.418064448999928,0],[99.942147859,-0.417939205999971,0],[99.9420764230001,-0.41787273999995,0],[99.9419838690001,-0.417795331999969,0],[99.9418944270001,-0.417723531999968,0],[99.941807209,-0.417653358999928,0],[99.941715618,-0.417572423999957,0],[99.9416342530001,-0.417500531999963,0],[99.9415412540001,-0.417427284999974,0],[99.9414608530001,-0.417360728999938,0],[99.941312575,-0.417243714999927,0],[99.9411660710001,-0.417099385999961,0],[99.941047875,-0.416980468999952,0],[99.9409804410001,-0.416914001999942,0],[99.9409323460001,-0.416853862999972,0],[99.940891068,-0.416792728999951,0],[99.940865869,-0.416736657999934,0],[99.940854674,-0.416682393999963,0],[99.9408546670001,-0.416623605999973,0],[99.9408556290001,-0.416607172999932,0],[99.940858216,-0.416563008999958,0],[99.9408703600001,-0.41649336699993,0],[99.9408860560001,-0.416397495999945,0],[99.940934122,-0.416210636999949,0],[99.9409233750001,-0.416185313999961,0],[99.9408896570001,-0.416144528999951,0],[99.9408514190001,-0.416106637999974,0],[99.9408096990001,-0.416063682999948,0],[99.940771016,-0.416024706999963,0],[99.9407220350001,-0.415985460999934,0],[99.9406560100001,-0.415936538999972,0],[99.9405782040001,-0.415879569999959,0],[99.9405090670001,-0.415827573999934,0],[99.940346859,-0.41571318299998,0],[99.940187763,-0.415599606999933,0],[99.9401365590001,-0.415562983999962,0],[99.940072758,-0.415525909999928,0],[99.9400161470001,-0.415505205999978,0],[99.939966725,-0.415500688999941,0],[99.939902041,-0.415507027999979,0],[99.939850769,-0.415523313999927,0],[99.9397991280001,-0.415552261999949,0],[99.9397263720001,-0.415601018999951,0],[99.9396759900001,-0.415626890999931,0],[99.9396121980001,-0.415657196999973,0],[99.939547071,-0.415677554999945,0],[99.939482904,-0.415677109999933,0],[99.9394320740001,-0.415674854999963,0],[99.9393804300001,-0.415669886999979,0],[99.939317003,-0.41566075999998,0],[99.9392455720001,-0.415637343999947,0],[99.9391768820001,-0.415604340999948,0],[99.9390915180001,-0.415551893999975,0],[99.9390088220001,-0.415499446999945,0],[99.9389284220001,-0.415442387999974,0],[99.9388214940001,-0.41536868999998,0],[99.938719457,-0.415305392999926,0],[99.9386323140001,-0.415250232999938,0],[99.9385307970001,-0.415188291999925,0],[99.9384211280001,-0.415124000999924,0],[99.9383069400001,-0.415057538999974,0],[99.9382054220001,-0.414998401999981,0],[99.9381039040001,-0.414935555999932,0],[99.9379889000001,-0.414861316999975,0],[99.9377507400001,-0.414709853999966,0],[99.9376262040001,-0.414630113999976,0],[99.9376172840001,-0.414624401999959,0],[99.937517099,-0.414557395999964,0],[99.9374780890001,-0.414530361999937,0],[99.9374100970001,-0.414483245999975,0],[99.937315766,-0.414414972999964,0],[99.93720654,-0.41433584899994,0],[99.9371045760001,-0.414260340999931,0],[99.937003056,-0.414183476999938,0],[99.9369014630001,-0.414104261999967,0],[99.936810317,-0.414035083999977,0],[99.936723988,-0.413967262999961,0],[99.936630547,-0.413903059999939,0],[99.9365474040001,-0.413841025999943,0],[99.9364562600001,-0.413779987999931,0],[99.9363766760001,-0.41372943999994,0],[99.9361461500001,-0.413600495999958,0],[99.9360663580001,-0.413555561999942,0],[99.9358595310001,-0.41343909099993,0],[99.9357360050001,-0.413362228999972,0],[99.9356326340001,-0.413296217999971,0],[99.9355194080001,-0.413218360999963,0],[99.93541737,-0.413150088999942,0],[99.935320297,-0.413079554999968,0],[99.9352304120001,-0.413012637999941,0],[99.9351122950001,-0.412932157999933,0],[99.935025522,-0.412875550999956,0],[99.934920892,-0.412809992999939,0],[99.9348090000001,-0.412740817999975,0],[99.934709705,-0.412674805999927,0],[99.9344823630001,-0.412524155999961,0],[99.9342882190001,-0.412398915999972,0],[99.9341948520001,-0.412341585999968,0],[99.9340905910001,-0.412270962999969,0],[99.933986776,-0.412200429999928,0],[99.933905042,-0.412143912999966,0],[99.9337971510001,-0.412076997999975,0],[99.933684815,-0.412008274999948,0],[99.9335989320001,-0.411952572999951,0],[99.9334938570001,-0.41188882299997,0],[99.933402566,-0.411835924999934,0],[99.9333172010001,-0.411776694999958,0],[99.933062518,-0.411624690999929,0],[99.9328513290001,-0.41147783699995,0],[99.9327560350001,-0.411416346999943,0],[99.932667484,-0.411353951999956,0],[99.932592049,-0.411302318999958,0],[99.9325841350001,-0.411297120999961,0],[99.9325066850001,-0.411246253999934,0],[99.9324342140001,-0.411200636999979,0],[99.9324082790001,-0.411184312999978,0],[99.9323210620001,-0.411128609999935,0],[99.93223392,-0.411073540999951,0],[99.932149,-0.411016028999938,0],[99.932071711,-0.410956345999978,0],[99.932057758,-0.410945535999929,0],[99.9319917550001,-0.41089440199994,0],[99.9319095770001,-0.410835623999958,0],[99.9318354010001,-0.410783175999939,0],[99.931648963,-0.410660557999961,0],[99.931520398,-0.410577003999947,0],[99.931421103,-0.410511444999941,0],[99.9313415920001,-0.410458002999974,0],[99.931258895,-0.410401032999971,0],[99.93117442,-0.410343159999968,0],[99.9310854990001,-0.41028700499993,0],[99.93099428,-0.410225514999979,0],[99.930905286,-0.410174877999964,0],[99.930820812,-0.410128399999962,0],[99.9307556040001,-0.410093134999954,0],[99.930599697,-0.410003976999974,0],[99.9304074070001,-0.409895467999945,0],[99.930258687,-0.409804590999954,0],[99.9301414600001,-0.409734058999959,0],[99.9299832550001,-0.409634137999944,0],[99.929886701,-0.409564417999945,0],[99.9297783640001,-0.409481223999933,0],[99.9296768450001,-0.409410599999944,0],[99.929576216,-0.409350918999962,0],[99.9294593610001,-0.40928680899998,0],[99.9293501170001,-0.409230204999972,0],[99.9293389480001,-0.409224417999951,0],[99.9292302430001,-0.409160125999961,0],[99.929118352,-0.409094567999944,0],[99.9290086830001,-0.409032626999931,0],[99.9289170950001,-0.408977829999969,0],[99.928825433,-0.40892321299998,0],[99.928712133,-0.408858559999942,0],[99.9286218780001,-0.40879752099994,0],[99.928544517,-0.408744982999963,0],[99.928410689,-0.408648676999974,0],[99.928285235,-0.408556891999979,0],[99.928180604,-0.408481746999939,0],[99.9281694640001,-0.408473643999969,0],[99.9280556690001,-0.408390865999934,0],[99.927953706,-0.408327567999947,0],[99.9278498910001,-0.408262460999936,0],[99.9277492630001,-0.408204137999974,0],[99.9276558220001,-0.408149882999965,0],[99.9275591950001,-0.408094180999967,0],[99.9274698310001,-0.408046346999924,0],[99.9273646830001,-0.407986124999979,0],[99.9272797630001,-0.407935576999932,0],[99.9270492380001,-0.407805275999976,0],[99.9268690260001,-0.407708070999945,0],[99.9267440930001,-0.407632112999977,0],[99.92663272,-0.407563750999941,0],[99.9264991910001,-0.407487342999957,0],[99.926385151,-0.407423141999971,0],[99.9263740380001,-0.407417061999979,0],[99.926272741,-0.407361653999942,0],[99.9261860430001,-0.407306492999965,0],[99.926104308,-0.407242740999948,0],[99.9259733490001,-0.407125788999963,0],[99.9259731230001,-0.407125589999964,0],[99.9259730730001,-0.407125540999971,0],[99.9259178630001,-0.407058258999939,0],[99.9258856380001,-0.407015422999962,0],[99.9258854990001,-0.407015237999929,0],[99.925885479,-0.407015211999976,0],[99.9253481050001,-0.406719887999941,0],[99.9253470290001,-0.40671982899994,0],[99.9253332120001,-0.406719075999945,0],[99.9253152810001,-0.406723599999964,0],[99.925304983,-0.406731649999927,0],[99.9252806810001,-0.406744405999973,0],[99.9252465230001,-0.406750740999939,0],[99.9251908040001,-0.406750746999933,0],[99.9251513090001,-0.406738993999966,0],[99.925086547,-0.406708159999937,0],[99.925035343,-0.406673435999949,0],[99.924963463,-0.406614565999973,0],[99.9248879520001,-0.406545476999952,0],[99.9248201500001,-0.406484796999962,0],[99.924742859,-0.406416973999967,0],[99.9246520840001,-0.406350056999941,0],[99.924569832,-0.406292182999948,0],[99.9244872090001,-0.406236479999961,0],[99.9244377840001,-0.406207543999926,0],[99.9243770960001,-0.406175895999979,0],[99.9242544640001,-0.406135300999949,0],[99.9241012300001,-0.406098598999961,0],[99.9240779940001,-0.406095378999964,0],[99.9239740800001,-0.406080976999931,0],[99.9238779040001,-0.406076465999945,0],[99.9237803930001,-0.406070236999938,0],[99.9236973310001,-0.406059754999944,0],[99.9236137490001,-0.406041675999973,0],[99.923531057,-0.406029475999958,0],[99.9234394710001,-0.405992856999944,0],[99.9233455120001,-0.40593905399993,0],[99.923259704,-0.405887511999936,0],[99.9231644100001,-0.405823307999924,0],[99.923063336,-0.405761818999963,0],[99.9229496660001,-0.405695355999967,0],[99.922840443,-0.405636489999949,0],[99.9227456690001,-0.405583591999971,0],[99.9226540070001,-0.405530240999951,0],[99.9225699770001,-0.405479150999952,0],[99.9223690900001,-0.405358341999943,0],[99.9221992500001,-0.405246212999941,0],[99.9219683520001,-0.405096103999938,0],[99.9217459760001,-0.404956846999937,0],[99.9215580570001,-0.404845533999946,0],[99.9214278640001,-0.404787754999973,0],[99.9213136770001,-0.404728889999944,0],[99.92119282,-0.404664688999958,0],[99.9210787050001,-0.404599130999941,0],[99.9209758540001,-0.404542163999963,0],[99.920868854,-0.404484744999934,0],[99.920746663,-0.404421358999969,0],[99.920640183,-0.404375244999926,0],[99.9205494110001,-0.404334103999929,0],[99.9204564170001,-0.404298388999962,0],[99.9203706110001,-0.404269004999946,0],[99.9202838410001,-0.404236002999937,0],[99.920184104,-0.404196671999955,0],[99.9200933340001,-0.40416321899994,0],[99.9198915650001,-0.404102192999972,0],[99.919662009,-0.404031220999968,0],[99.9195240370001,-0.403982849999977,0],[99.9193852500001,-0.403927604999978,0],[99.9192405360001,-0.403877877999946,0],[99.919122868,-0.403835834999938,0],[99.9189979380001,-0.40379569299995,0],[99.9188527790001,-0.403748135999933,0],[99.9187301470001,-0.403711520999934,0],[99.9184906610001,-0.403630962999955,0],[99.9182278380001,-0.403572747999931,0],[99.9180094740001,-0.403536504999977,0],[99.9179061090001,-0.403519332999963,0],[99.917776292,-0.403504062999957,0],[99.9176387680001,-0.403487707999943,0],[99.9175165840001,-0.403481480999972,0],[99.917380914,-0.403472361999945,0],[99.917253321,-0.403468306999969,0],[99.917138251,-0.403468319999945,0],[99.9170219210001,-0.403469236999968,0],[99.91690285,-0.403475671999956,0],[99.9167595490001,-0.403480119999927,0],[99.9165394120001,-0.40348828499998,0],[99.9163367630001,-0.403509652999958,0],[99.916136339,-0.403552996999963,0],[99.916064469,-0.40357480199998,0],[99.915963408,-0.403619582999966,0],[99.9158767210001,-0.403665718999946,0],[99.9158043340001,-0.403705069999944,0],[99.9157154260001,-0.403764319999937,0],[99.9156368160001,-0.403815881999947,0],[99.9155554640001,-0.403861111999959,0],[99.9154777420001,-0.403895036999927,0],[99.91538431,-0.403919014999929,0],[99.9152666480001,-0.403934493999941,0],[99.9151394250001,-0.403934508999953,0],[99.9150459900001,-0.403929906999963,0],[99.9149255830001,-0.403915539999957,0],[99.9147907990001,-0.403877930999954,0],[99.914681133,-0.403840861999925,0],[99.914578728,-0.40379158199994,0],[99.9144709130001,-0.40374184999996,0],[99.9143662100001,-0.403685334999977,0],[99.9141752530001,-0.403573568999946,0],[99.9140152690001,-0.403477264999935,0],[99.9139689550001,-0.403440640999975,0],[99.913911081,-0.403388642999971,0],[99.9138413480001,-0.403310869999927,0],[99.9137829540001,-0.403248922999978,0],[99.913725372,-0.403158938999979,0],[99.9136876490001,-0.40309201499997,0],[99.913640441,-0.403006912999956,0],[99.913603681,-0.402929588999939,0],[99.91356188,-0.402834627999937,0],[99.9135259350001,-0.402750519999927,0],[99.9134939910001,-0.402672289999941,0],[99.913462564,-0.40258447399998,0],[99.9134386950001,-0.402493128999936,0],[99.9134108970001,-0.402380981999954,0],[99.9133951040001,-0.402281496999933,0],[99.9133905740001,-0.402195033999931,0],[99.9133883390001,-0.402082883999924,0],[99.91338877,-0.401965760999929,0],[99.9133914290001,-0.40188255299995,0],[99.913395048,-0.40178170799993,0],[99.913397773,-0.40163238599996,0],[99.9134178990001,-0.401376339999956,0],[99.9134574400001,-0.401143443999956,0],[99.913476695,-0.401052998999944,0],[99.913500544,-0.400971054999957,0],[99.9135355810001,-0.400877984999966,0],[99.9135706180001,-0.400785637999945,0],[99.9136029150001,-0.400702426999942,0],[99.9136411380001,-0.400614240999971,0],[99.913672547,-0.400540977999924,0],[99.9137112160001,-0.400458670999967,0],[99.9137444770001,-0.400390743999935,0],[99.913787518,-0.400316213999929,0],[99.9138819,-0.400169595999955,0],[99.9139731710001,-0.400032020999959,0],[99.9140103610001,-0.399978293999936,0],[99.914043625,-0.399940755999978,0],[99.9140908200001,-0.399903216999974,0],[99.9141433500001,-0.399865586999965,0],[99.914186026,-0.399835735999943,0],[99.914223812,-0.39981131199994,0],[99.9142624120001,-0.39978100899998,0],[99.914300568,-0.39974618499997,0],[99.9143365740001,-0.399707741999975,0],[99.9143796920001,-0.399660163999954,0],[99.9144196250001,-0.39961819399997,0],[99.914473559,-0.399550355999963,0],[99.9145157870001,-0.399491110999975,0],[99.914551718,-0.399440367999944,0],[99.9145876480001,-0.399383836999959,0],[99.9146186870001,-0.399323236999976,0],[99.9146451330001,-0.399265259999936,0],[99.9146667640001,-0.399216508999928,0],[99.9146878020001,-0.399173545999929,0],[99.914703063,-0.399150028999941,0],[99.9147309210001,-0.399129675999973,0],[99.9147489250001,-0.399122347999935,0],[99.914771376,-0.399118365999925,0],[99.9147884180001,-0.399121077999951,0],[99.9148037570001,-0.399134551999964,0],[99.9148167260001,-0.399156256999959,0],[99.9148217690001,-0.399188453999955,0],[99.9148225910001,-0.399253029999954,0],[99.9148241510001,-0.399274384999956,0],[99.9148298630001,-0.399352606999969,0],[99.914840165,-0.399376573999973,0],[99.914866176,-0.39940777399994,0],[99.9148945570001,-0.399431285999924,0],[99.9149098220001,-0.399444397999957,0],[99.9149479850001,-0.399477495999975,0],[99.9149839250001,-0.399510503999977,0],[99.9150329070001,-0.399551106999979,0],[99.9150927060001,-0.399581941999941,0],[99.915161395,-0.399611327999935,0],[99.915239199,-0.39964206999997,0],[99.9153317480001,-0.399671452999939,0],[99.9154287410001,-0.399693600999967,0],[99.915514176,-0.399712493999971,0],[99.9156116120001,-0.399721165999949,0],[99.915678595,-0.399723870999935,0],[99.9157495050001,-0.399724315999947,0],[99.9159126630001,-0.399726105999946,0],[99.9159596860001,-0.399724964999962,0],[99.9159688280001,-0.399724742999979,0],[99.916002022,-0.399724739999954,0],[99.916016842,-0.399725641999964,0],[99.916033069,-0.399732423999978,0],[99.9160336,-0.399733178999952,0],[99.916042926,-0.399746440999934,0],[99.9160604910001,-0.399790755999959,0],[99.916091474,-0.399887164999939,0],[99.916113485,-0.39993138899996,0],[99.916133717,-0.399962679999931,0],[99.9161710660001,-0.400006450999967,0],[99.9162110060001,-0.40003493599994,0],[99.916277547,-0.40006260399997,0],[99.9163790590001,-0.400072450999971,0],[99.9164590090001,-0.400076149999961,0],[99.916508875,-0.400074244999928,0],[99.9165528870001,-0.400068451999971,0],[99.9166157930001,-0.400055782999971,0],[99.916678774,-0.400053423999964,0],[99.9167317530001,-0.400062552999941,0],[99.9167766570001,-0.400084705999973,0],[99.9168171160001,-0.400107673999969,0],[99.9168517210001,-0.400124944999959,0],[99.9168957350001,-0.400134435999973,0],[99.9169290040001,-0.400137597999958,0],[99.916951011,-0.400142569999957,0],[99.916979316,-0.400151158999961,0],[99.9170165880001,-0.400165534999928,0],[99.9170489690001,-0.400181449999934,0],[99.9170750530001,-0.400203604999945,0],[99.9171055850001,-0.400245205999965,0],[99.9173118620001,-0.400193177999938,0],[99.917334311,-0.400181416999942,0],[99.9173364590001,-0.400175537999928,0],[99.917344089,-0.400154282999949,0],[99.9173503840001,-0.400125792999972,0],[99.9173557890001,-0.400092689999951,0],[99.917361193,-0.400047467999968,0],[99.9173688930001,-0.39999238799993,0],[99.9173764440001,-0.399931699999968,0],[99.917378662,-0.399887833999969,0],[99.9173809530001,-0.399837185999957,0],[99.9173827270001,-0.399791511999979,0],[99.9173853890001,-0.399748098999964,0],[99.9173916830001,-0.39970694699997,0],[99.9174177580001,-0.39964544299994,0],[99.917446946,-0.39959515299995,0],[99.9174882840001,-0.399535455999967,0],[99.917539032,-0.399464542999965,0],[99.9175942990001,-0.399388473999977,0],[99.9176518610001,-0.39929576399993,0],[99.9177133490001,-0.399200339999936,0],[99.917776689,-0.399090353999952,0],[99.9178306190001,-0.398990859999969,0],[99.9178813650001,-0.398897697999928,0],[99.917901709,-0.398858478999955,0],[99.917933443,-0.398797300999945,0],[99.9179972260001,-0.398678812999947,0],[99.9180561190001,-0.398567470999978,0],[99.9181117520001,-0.398452149999969,0],[99.918177831,-0.39831910099997,0],[99.9182487950001,-0.398144990999924,0],[99.9183462770001,-0.397894452999935,0],[99.9183938340001,-0.397782749999976,0],[99.9184428710001,-0.397657480999953,0],[99.9185002790001,-0.397512674999973,0],[99.9185424990001,-0.397380985999973,0],[99.918583013,-0.39723500599996,0],[99.9186216030001,-0.39710648199997,0],[99.9186431540001,-0.397010157999944,0],[99.9186709950001,-0.396840935999933,0],[99.9186821660001,-0.396683563999943,0],[99.918683484,-0.396539307999944,0],[99.9186826540001,-0.396406356999933,0],[99.9186812290001,-0.396248895999975,0],[99.9186619340001,-0.395975307999947,0],[99.9186380420001,-0.395667261999961,0],[99.9186177780001,-0.395344291999947,0],[99.9186047220001,-0.39520175499996,0],[99.9185921120001,-0.395079205999934,0],[99.9185777230001,-0.394949421999968,0],[99.9185611120001,-0.394823255999938,0],[99.9185449460001,-0.394706586999973,0],[99.9185112790001,-0.394452354999942,0],[99.9184766500001,-0.394213498999932,0],[99.918454555,-0.394076479999967,0],[99.9184316430001,-0.393926347999979,0],[99.9184068800001,-0.393787067999938,0],[99.918379003,-0.393636844999946,0],[99.918349348,-0.39348074399993,0],[99.9183187310001,-0.393332872999963,0],[99.9182881870001,-0.393181926999944,0],[99.9182509010001,-0.393034870999941,0],[99.9182181350001,-0.392893692999962,0],[99.9181915940001,-0.392755317999956,0],[99.918161867,-0.39261956699994,0],[99.918121914,-0.392483092999953,0],[99.9180859640001,-0.392350054999952,0],[99.9180365180001,-0.392128836999973,0],[99.9180027900001,-0.39199688399998,0],[99.917954239,-0.39182767099993,0],[99.9179093160001,-0.391637292999974,0],[99.9178670650001,-0.391482549999978,0],[99.917821701,-0.391320209999947,0],[99.9177727060001,-0.391151990999958,0],[99.917720079,-0.390975089999927,0],[99.9176741960001,-0.390816367999946,0],[99.9176360960001,-0.390673019999952,0],[99.917591992,-0.390519633999929,0],[99.9175484080001,-0.390370406999978,0],[99.9175106050001,-0.390239178999934,0],[99.9174602780001,-0.390086425999925,0],[99.9173866020001,-0.389860235999947,0],[99.917339832,-0.389714537999964,0],[99.9172949140001,-0.389565310999956,0],[99.9172454750001,-0.389397544999952,0],[99.917201446,-0.389249132999964,0],[99.917159123,-0.389113472999952,0],[99.917100271,-0.388933045999977,0],[99.9170503890001,-0.388781558999938,0],[99.916999618,-0.38863857399997,0],[99.9169501810001,-0.388498392999963,0],[99.916903485,-0.388352784999938,0],[99.9168643500001,-0.388231956999959,0],[99.9168131360001,-0.388097654999967,0],[99.9167349430001,-0.387893623999958,0],[99.916653561,-0.387664359999974,0],[99.9166171690001,-0.387553118999961,0],[99.9165623970001,-0.387411038999971,0],[99.916518297,-0.38728713699993,0],[99.9164855370001,-0.387194435999959,0],[99.916447292,-0.387092239999959,0],[99.9164068250001,-0.386986786999955,0],[99.9163659120001,-0.386870119999969,0],[99.916316995,-0.386743052999975,0],[99.9162791940001,-0.386625390999939,0],[99.9162319820001,-0.386500584999965,0],[99.9161843240001,-0.386364924999953,0],[99.9161376280001,-0.386220582999954,0],[99.9160958250001,-0.386094419999949,0],[99.9160522440001,-0.385975943999938,0],[99.9160031790001,-0.385844263999957,0],[99.915886888,-0.38552094299996,0],[99.9158482000001,-0.385423720999938,0],[99.9158028410001,-0.385309676999952,0],[99.915759188,-0.385205309999947,0],[99.915726873,-0.385121563999974,0],[99.915673881,-0.384984457999963,0],[99.915620813,-0.384840206999968,0],[99.9155736010001,-0.384716304999927,0],[99.9155394320001,-0.384611394999979,0],[99.9154945180001,-0.384496084999967,0],[99.9154540490001,-0.384377517999951,0],[99.9153915670001,-0.384194829999956,0],[99.915313369,-0.383942953999963,0],[99.9152212420001,-0.383688276999976,0],[99.9151695800001,-0.38352810799995,0],[99.915162831,-0.383471671999928,0],[99.9151637160001,-0.38342825899997,0],[99.915170011,-0.383398773999943,0],[99.9151812710001,-0.38337480499996,0],[99.9152041630001,-0.383347217999926,0],[99.915241876,-0.38332369799997,0],[99.9153084100001,-0.383295653999937,0],[99.915445408,-0.383249964999948,0],[99.9154450300001,-0.383248700999957,0],[99.9153761060001,-0.383017894999966,0],[99.915301614,-0.382786402999955,0],[99.9152934630001,-0.382782300999963,0],[99.9152728620001,-0.382762404999937,0],[99.9152571500001,-0.382727133999936,0],[99.9152409170001,-0.382669613999951,0],[99.915236678,-0.382639303999952,0],[99.915232835,-0.382611821999944,0],[99.9152233440001,-0.382555657999944,0],[99.9152081450001,-0.382465668999941,0],[99.9151928700001,-0.38235478699994,0],[99.915177967,-0.382263440999964,0],[99.9151446800001,-0.382096124999975,0],[99.9151325170001,-0.381984880999937,0],[99.915109682,-0.38185735899998,0],[99.915086698,-0.381720792999943,0],[99.9150646790001,-0.381599148999953,0],[99.9150278390001,-0.381465206999962,0],[99.9149963360001,-0.381342659999973,0],[99.9149635730001,-0.381227347999925,0],[99.9149397050001,-0.381135460999928,0],[99.9148993050001,-0.380967240999951,0],[99.9148740950001,-0.38079576399997,0],[99.9148534110001,-0.380688590999966,0],[99.9148372480001,-0.380590913999924,0],[99.914813452,-0.380481389999943,0],[99.9147863960001,-0.380382809999958,0],[99.9147464470001,-0.380269307999924,0],[99.914699237,-0.380160328999978,0],[99.9146515830001,-0.380059037999956,0],[99.9146116350001,-0.379963172999965,0],[99.9145697590001,-0.379850936999958,0],[99.9145185470001,-0.379730652999967,0],[99.914475413,-0.379636144999949,0],[99.9144273890001,-0.379534310999929,0],[99.9143617270001,-0.379409506999934,0],[99.914307405,-0.379314546999979,0],[99.9142498990001,-0.379232249999973,0],[99.9141941700001,-0.379144887999928,0],[99.9141434050001,-0.379061685999943,0],[99.9140876760001,-0.378965821999941,0],[99.9140288340001,-0.37886814999996,0],[99.9139321230001,-0.378715310999951,0],[99.9138472700001,-0.378579202999958,0],[99.913803693,-0.378500974999952,0],[99.913749296,-0.378396879999968,0],[99.9136890440001,-0.378276506999953,0],[99.9136247900001,-0.378148536999959,0],[99.9135632030001,-0.378015139999945,0],[99.9134989490001,-0.377893047999976,0],[99.9134459590001,-0.377781808999941,0],[99.9133852630001,-0.37766505299993,0],[99.9133246410001,-0.377549744999953,0],[99.9132635000001,-0.377436244999956,0],[99.913199691,-0.377313700999935,0],[99.913142996,-0.377199657999938,0],[99.9130877840001,-0.377088418999961,0],[99.9130342760001,-0.376984776999961,0],[99.912986624,-0.376899403999971,0],[99.912942602,-0.376814391999972,0],[99.9129044360001,-0.376746472999969,0],[99.9128149860001,-0.376587302999951,0],[99.9127061940001,-0.376396026999942,0],[99.9126392750001,-0.376285602999928,0],[99.912588955,-0.376204661999964,0],[99.9125278170001,-0.376116395999929,0],[99.9124694210001,-0.376023335999946,0],[99.9124052430001,-0.375914267999974,0],[99.9123427700001,-0.375812525999947,0],[99.912275332,-0.375706261999937,0],[99.9122084130001,-0.375603616999967,0],[99.9121414190001,-0.375489122999966,0],[99.9120722010001,-0.375370196999938,0],[99.912009728,-0.375266645999943,0],[99.9119526650001,-0.375173495999945,0],[99.9118983440001,-0.375089750999962,0],[99.9118416530001,-0.375007453999956,0],[99.911792742,-0.374932390999959,0],[99.911744647,-0.374863658999971,0],[99.911695218,-0.374792123999953,0],[99.911594951,-0.374644349999926,0],[99.9115059480001,-0.374503177999941,0],[99.9114341390001,-0.374396461999936,0],[99.911370703,-0.374299694999934,0],[99.91129793,-0.374190627999951,0],[99.911285331,-0.374172380999937,0],[99.9112364220001,-0.374101547999942,0],[99.9111789150001,-0.374015180999947,0],[99.9111145900001,-0.373915699999941,0],[99.911056638,-0.373827071999926,0],[99.910993277,-0.373736544999929,0],[99.9109398460001,-0.373661481999932,0],[99.9108827100001,-0.373581897999941,0],[99.9108333550001,-0.373509458999933,0],[99.9107775530001,-0.373430778999932,0],[99.9107173790001,-0.373344049999957,0],[99.9106477940001,-0.373249905999955,0],[99.9105928820001,-0.373183525999934,0],[99.9105313760001,-0.373112896999942,0],[99.91045905,-0.373027887999967,0],[99.9103983590001,-0.372960965999937,0],[99.910326033,-0.372874147999937,0],[99.910269343,-0.37280623099997,0],[99.910228955,-0.372748803999968,0],[99.910178638,-0.372692281999946,0],[99.910138621,-0.372641185999953,0],[99.9100636260001,-0.372538087999942,0],[99.909973661,-0.372411929999942,0],[99.9099175630001,-0.372338585999955,0],[99.9098694690001,-0.372274827999945,0],[99.909820929,-0.372207905999971,0],[99.909771945,-0.372134651999943,0],[99.909720737,-0.372058684999956,0],[99.9096685660001,-0.371984526999938,0],[99.9096195820001,-0.371915251999951,0],[99.909566596,-0.371842450999964,0],[99.9095122030001,-0.371766031999925,0],[99.9094605500001,-0.371686446999945,0],[99.909405711,-0.371609575999969,0],[99.9093419800001,-0.371514978999926,0],[99.9092848430001,-0.371427707999942,0],[99.909226447,-0.371343600999978,0],[99.9091824280001,-0.371282104999977,0],[99.909140188,-0.37122377299994,0],[99.9090777170001,-0.371138219999978,0],[99.9090175430001,-0.37105863599993,0],[99.9089546280001,-0.370983574999968,0],[99.9088943820001,-0.370916652999938,0],[99.9088345800001,-0.370851539999933,0],[99.9087672190001,-0.370768791999978,0],[99.9086885200001,-0.370672839999941,0],[99.908617602,-0.370595517999959,0],[99.9085515020001,-0.370521,0],[99.9085083730001,-0.370472525999958,0],[99.908460726,-0.370434544999966,0],[99.9084014460001,-0.370399277999979,0],[99.908344389,-0.370365367999966,0],[99.908291778,-0.370333265999932,0],[99.9082405730001,-0.370287958999938,0],[99.908200187,-0.370246901999963,0],[99.908166469,-0.370198427999981,0],[99.908132305,-0.370139733999963,0],[99.9080891740001,-0.370073624999975,0],[99.9080275910001,-0.369979569999941,0],[99.9079507430001,-0.369868784999937,0],[99.907791709,-0.369620624999925,0],[99.9076024440001,-0.369375723999951,0],[99.907084372,-0.368681534999951,0],[99.9069890740001,-0.368568670999935,0],[99.9068965170001,-0.368453636999959,0],[99.906800478,-0.368335165999952,0],[99.906719851,-0.368228631999955,0],[99.906636409,-0.368126981999978,0],[99.906545334,-0.368012670999974,0],[99.906465375,-0.367913914999974,0],[99.906385491,-0.367820766999955,0],[99.9063125700001,-0.367716402999974,0],[99.9062263850001,-0.36759141899995,0],[99.9061499810001,-0.367481356999974,0],[99.9060589050001,-0.36735510799997,0],[99.905959308,-0.367225964999932,0],[99.905864008,-0.36710315299996,0],[99.9057791580001,-0.366994538999961,0],[99.9057006070001,-0.36689370299996,0],[99.9056312440001,-0.366797025999972,0],[99.9055478000001,-0.366679909999959,0],[99.9053935850001,-0.366452008999943,0],[99.9053052520001,-0.366339867999955,0],[99.9052148430001,-0.366224832999933,0],[99.9051209530001,-0.366108351999969,0],[99.9050417350001,-0.366014569999948,0],[99.9049526620001,-0.365914367999949,0],[99.9048622560001,-0.365813532999937,0],[99.904770441,-0.365709079999931,0],[99.9046772190001,-0.365606707999973,0],[99.9045931110001,-0.365513649999968,0],[99.904517377,-0.365431806999936,0],[99.9044205980001,-0.365328710999961,0],[99.90432745,-0.365230769999926,0],[99.9042194820001,-0.365119987999947,0],[99.904112921,-0.365005677999932,0],[99.9040113250001,-0.364890644999946,0],[99.9038935,-0.364760869999941,0],[99.903779306,-0.364635888999942,0],[99.903543729,-0.364362864999975,0],[99.9034511740001,-0.364267003999942,0],[99.903357951,-0.364156219999927,0],[99.9032585040001,-0.36405104499994,0],[99.9031638000001,-0.363944511999932,0],[99.9030642770001,-0.363824593999936,0],[99.902970387,-0.363706755999942,0],[99.902897393,-0.363613605999944,0],[99.902807727,-0.363503545999947,0],[99.9027145030001,-0.36338860199993,0],[99.902636026,-0.363292558999945,0],[99.9025434700001,-0.363176257999953,0],[99.9024509860001,-0.363053444999935,0],[99.9023605040001,-0.362941213999932,0],[99.9022539430001,-0.362815688999945,0],[99.902155829,-0.362700654999969,0],[99.9020654220001,-0.362599819999957,0],[99.9019609360001,-0.362488312999972,0],[99.901866306,-0.362382413999967,0],[99.901785681,-0.362287907999928,0],[99.9016350260001,-0.362106583999946,0],[99.901543137,-0.362000683999952,0],[99.9014533980001,-0.361899124999979,0],[99.901354617,-0.361784814999965,0],[99.901249465,-0.361677649999933,0],[99.901147128,-0.361569670999927,0],[99.901044717,-0.36145608399994,0],[99.900952235,-0.361351630999934,0],[99.9008583460001,-0.361250704999975,0],[99.9007679410001,-0.361160451999979,0],[99.9006704220001,-0.361063053999942,0],[99.9005856480001,-0.360975603999975,0],[99.900497316,-0.360878927999977,0],[99.9004076520001,-0.360788674999981,0],[99.900326287,-0.360709634999978,0],[99.9002379570001,-0.360622817999968,0],[99.900151033,-0.360530393999966,0],[99.9000707740001,-0.360439066999959,0],[99.9000655170001,-0.360433084999954,0],[99.8998418740001,-0.360203018999925,0],[99.899590963,-0.359955409999941,0],[99.8994837340001,-0.359829794999939,0],[99.8993771740001,-0.359718288999943,0],[99.899296549,-0.359635088999937,0],[99.899187914,-0.359519331999934,0],[99.899088394,-0.359416325999973,0],[99.898983242,-0.359313411999949,0],[99.8988850550001,-0.359213843999953,0],[99.898765972,-0.359096730999966,0],[99.8985065410001,-0.358859070999927,0],[99.8980747480001,-0.358470206999925,0],[99.897991383,-0.358393337999928,0],[99.89789742,-0.358301637999944,0],[99.897820354,-0.358229742999924,0],[99.8977390640001,-0.358151335999935,0],[99.8976696290001,-0.358083600999976,0],[99.897584856,-0.357999677999942,0],[99.8975014160001,-0.357911502999968,0],[99.8974039710001,-0.35781618599998,0],[99.8972960780001,-0.357716074999928,0],[99.8971915920001,-0.35760881899995,0],[99.897002334,-0.357418996999968,0],[99.896746529,-0.357145249999974,0],[99.8964976930001,-0.356902613999978,0],[99.8963988400001,-0.356806572999972,0],[99.896311843,-0.356719754999972,0],[99.8962242530001,-0.356629591999933,0],[99.896135922,-0.356537076999928,0],[99.8960518160001,-0.356450982999945,0],[99.895962818,-0.356362084999944,0],[99.895891309,-0.35629163699997,0],[99.8958106860001,-0.356213320999927,0],[99.895718872,-0.356124423999972,0],[99.8956298750001,-0.35603905399995,0],[99.8955492520001,-0.355962093999949,0],[99.8954741860001,-0.355884500999935,0],[99.895385262,-0.355792075999943,0],[99.8953004140001,-0.355701730999954,0],[99.8952218640001,-0.355619253999976,0],[99.8950214160001,-0.355419574999928,0],[99.894805482,-0.35521564499993,0],[99.8945665000001,-0.354970113999968,0],[99.8944712030001,-0.354867831999968,0],[99.894376573,-0.354763378999962,0],[99.8942923910001,-0.35466959699994,0],[99.8942089510001,-0.354578527999934,0],[99.894127659,-0.354486192999957,0],[99.8940554820001,-0.35440217799993,0],[99.8939770060001,-0.354308304999961,0],[99.893894973,-0.35421235299998,0],[99.893819905,-0.35412417699996,0],[99.893735872,-0.354034555999931,0],[99.8936439840001,-0.353935799999931,0],[99.8934877020001,-0.35378269499995,0],[99.893267542,-0.353556877999949,0],[99.8930243360001,-0.353301488999932,0],[99.892868719,-0.353136353999957,0],[99.892665455,-0.352931156999944,0],[99.8925854980001,-0.352845061999972,0],[99.892520361,-0.35277795899998,0],[99.892449593,-0.35270606399996,0],[99.8923745270001,-0.352632720999964,0],[99.892251221,-0.35251696499995,0],[99.8920261750001,-0.352333476999945,0],[99.8918327690001,-0.35216915899997,0],[99.8917367330001,-0.352079538999931,0],[99.8916406220001,-0.35198847099997,0],[99.8915445860001,-0.351901744999964,0],[99.8913763740001,-0.351747915999965,0],[99.891168221,-0.351554567999926,0],[99.8910812990001,-0.351474894999967,0],[99.8909748140001,-0.351376773999959,0],[99.8908801860001,-0.351285072999929,0],[99.8907868910001,-0.351198346999979,0],[99.8906993020001,-0.35111577999993,0],[99.890608156,-0.351027605999946,0],[99.8905170840001,-0.350935814999957,0],[99.8904125990001,-0.350828648999936,0],[99.8903151540001,-0.350732606999941,0],[99.8902274900001,-0.350641628999938,0],[99.8901406410001,-0.350553454999954,0],[99.890045345,-0.350455331999967,0],[99.8899773190001,-0.35038904399994,0],[99.8898995110001,-0.350306565999972,0],[99.889816812,-0.350222551999934,0],[99.889746711,-0.350154092999958,0],[99.889682242,-0.350094134999949,0],[99.8894740150001,-0.349898705999976,0],[99.8892454840001,-0.349694143999955,0],[99.8891473730001,-0.349603799999954,0],[99.8890478540001,-0.349510652999925,0],[99.8889286240001,-0.349406291999969,0],[99.8888193230001,-0.349301115999936,0],[99.888714839,-0.349204441999973,0],[99.888608354,-0.349107043999936,0],[99.8884934220001,-0.349007656999959,0],[99.8884071670001,-0.348925813999927,0],[99.8883293600001,-0.348849576999953,0],[99.8882424380001,-0.348772707999956,0],[99.8881547760001,-0.348698642999977,0],[99.8880552580001,-0.348614720999933,0],[99.887951516,-0.348532064999972,0],[99.8878323600001,-0.34842417699997,0],[99.8877475140001,-0.348357798999928,0],[99.8875526990001,-0.348172950999924,0],[99.8873164610001,-0.347945777999939,0],[99.8872169410001,-0.347849193999934,0],[99.8871068990001,-0.347740580999925,0],[99.886996116,-0.347633234999932,0],[99.886647092,-0.347288224999943,0],[99.885468212,-0.345967973999961,0],[99.8836900700001,-0.344317985999965,0],[99.8832665240001,-0.343877151999948,0],[99.882905124,-0.343501001999925,0],[99.8822651010001,-0.342980982999961,0],[99.8818798890001,-0.342667997999968,0],[99.8807585370001,-0.341722859999948,0],[99.8800056300001,-0.341082087999951,0],[99.879151,-0.340297,0],[99.878820202,-0.340072871999951,0],[99.878,-0.33937,0],[99.8768338090001,-0.338470940999969,0],[99.876777894,-0.338420989999975,0],[99.875632361,-0.337397647999978,0],[99.874671203,-0.336756875999924,0],[99.873149369,-0.335667563999948,0],[99.8714192850001,-0.334305922999931,0],[99.8705542420001,-0.333585053999968,0],[99.8697670550001,-0.333010405999971,0],[99.869112505,-0.331822930999977,0],[99.8688081390001,-0.331358371999954,0],[99.8684877530001,-0.331134100999975,0],[99.867927077,-0.330781676999948,0],[99.867558633,-0.330573425999944,0],[99.8670139770001,-0.330349155999954,0],[99.8665333980001,-0.330285077999974,0],[99.866084857,-0.330253039999945,0],[99.865700394,-0.330156923999937,0],[99.8651557380001,-0.329884595999943,0],[99.863842155,-0.32900353399998,0],[99.8630892480001,-0.328490916999954,0],[99.861933692,-0.327733102999957,0],[99.8602100000001,-0.32692,0],[99.858475689,-0.325671519999958,0],[99.8561849290001,-0.324309878999941,0],[99.8552845570001,-0.323698854999975,0],[99.8538461110001,-0.322932218999938,0],[99.8529592560001,-0.32254371199997,0],[99.8523813340001,-0.322099406999939,0],[99.8521600010001,-0.322017843999959,0],[99.8520644420001,-0.321966933999931,0],[99.8519264400001,-0.321893411999952,0],[99.8517556410001,-0.321805875999928,0],[99.8515807650001,-0.321708029999968,0],[99.85140189,-0.321617237999931,0],[99.851238648,-0.321529791999978,0],[99.8510620690001,-0.321435472999951,0],[99.8508831190001,-0.321338802999946,0],[99.8506997210001,-0.321228203999965,0],[99.8505127660001,-0.321106119999968,0],[99.8503633060001,-0.321011164999959,0],[99.850211346,-0.320908551999935,0],[99.850209696,-0.320907437999949,0],[99.849929004,-0.320723406999946,0],[99.849643201,-0.320546882999963,0],[99.849540275,-0.320477971999935,0],[99.8494229010001,-0.320409605999942,0],[99.8493291650001,-0.32036104499997,0],[99.849218163,-0.320290959999966,0],[99.8491082730001,-0.320217979999939,0],[99.848996158,-0.32013812699995,0],[99.848728135,-0.319928045999973,0],[99.8484072780001,-0.319690654999931,0],[99.848306058,-0.319627532999959,0],[99.8481559310001,-0.319534929999975,0],[99.848010398,-0.319437171999937,0],[99.8478453770001,-0.319331183999964,0],[99.847688878,-0.319237405999957,0],[99.847531341,-0.319145345999971,0],[99.8473662470001,-0.319051568999953,0],[99.8471845540001,-0.318945129999975,0],[99.8469907100001,-0.318840863999981,0],[99.8468095370001,-0.31874591199994,0],[99.8465864240001,-0.318636039999944,0],[99.846184953,-0.318430491999948,0],[99.8460049650001,-0.318337257999929,0],[99.8458692150001,-0.318265455999949,0],[99.845736355,-0.31819365399997,0],[99.8455655560001,-0.31810973499995,0],[99.845403945,-0.318030428999975,0],[99.8452418160001,-0.317947051999965,0],[99.845065236,-0.317853907999961,0],[99.844896142,-0.317770622999944,0],[99.844742534,-0.317693575999954,0],[99.8445602500001,-0.317606221999938,0],[99.8444021220001,-0.317525647999958,0],[99.844200276,-0.317435943999953,0],[99.8439264790001,-0.317298760999961,0],[99.843609035,-0.317118711999967,0],[99.8434186730001,-0.317012725999973,0],[99.8433289390001,-0.316973932999929,0],[99.8432277200001,-0.316926004999971,0],[99.8430792990001,-0.316850676999934,0],[99.8429435480001,-0.316780592999976,0],[99.842800314,-0.316707163999979,0],[99.8426438910001,-0.31663482099998,0],[99.8424979160001,-0.316570525999964,0],[99.8423357130001,-0.316502253999943,0],[99.8421953700001,-0.316443113999981,0],[99.842047543,-0.316379452999968,0],[99.8418859330001,-0.316306567999959,0],[99.841767448,-0.31625448099993,0],[99.841592055,-0.316170019999959,0],[99.8414200710001,-0.316085467999926,0],[99.841214741,-0.315984095999966,0],[99.8408634370001,-0.315816258999973,0],[99.8405453290001,-0.315671029999976,0],[99.8403917950001,-0.31558937099993,0],[99.840257749,-0.315517025999952,0],[99.840113403,-0.315437717999941,0],[99.8399690570001,-0.315364197999941,0],[99.8398361960001,-0.315292394999972,0],[99.8396947400001,-0.315217698999959,0],[99.8395774410001,-0.315155753999932,0],[99.8394186450001,-0.315070114999969,0],[99.8392432520001,-0.314978689999975,0],[99.839068377,-0.314897031999976,0],[99.8388958740001,-0.314814831999968,0],[99.838735968,-0.314734348999934,0],[99.838563465,-0.314651605999927,0],[99.838389777,-0.31457691199995,0],[99.838058479,-0.314424719999977,0],[99.837693243,-0.314241236999976,0],[99.8375374120001,-0.31416011999994,0],[99.8373993650001,-0.314095281999926,0],[99.8372688760001,-0.314030443999968,0],[99.837144611,-0.313967955999942,0],[99.8370330920001,-0.313910079999971,0],[99.836718466,-0.313757886999952,0],[99.8363676800001,-0.313593485999945,0],[99.8360283060001,-0.313440027999945,0],[99.835989307,-0.313427239999953,0],[99.835745,-0.313175,0],[99.8353407980001,-0.312886283999944,0],[99.8350234320001,-0.312679865999939,0],[99.8348000000001,-0.3125,0],[99.8347746920001,-0.31248349699996,0],[99.8347724400001,-0.312480720999929,0],[99.8346870270001,-0.312375498999927,0],[99.8338380040001,-0.311814823999953,0],[99.8330690770001,-0.31122210999996,0],[99.832396266,-0.31066143399994,0],[99.831610534,-0.310031811999977,0],[99.8307302590001,-0.309235715999932,0],[99.8295608500001,-0.308290577999969,0],[99.8287759040001,-0.307649804999926,0],[99.8281671710001,-0.307265341999937,0],[99.8275424180001,-0.306768743999953,0],[99.8263089320001,-0.305871662999948,0],[99.8255400050001,-0.305343025999946,0],[99.8247550600001,-0.304718272999935,0],[99.8244506930001,-0.304461963999927,0],[99.8236497280001,-0.303789153999958,0],[99.8228487630001,-0.303116342999942,0],[99.8221118750001,-0.30252362899995,0],[99.8211827550001,-0.301706644999967,0],[99.8205900410001,-0.301113929999929,0],[99.8201895590001,-0.300761505999958,0],[99.8197730570001,-0.30028092699996,0],[99.8194206320001,-0.299752289999958,0],[99.818956073,-0.299287729999946,0],[99.8185555900001,-0.29871103499994,0],[99.8182031650001,-0.298166378999952,0],[99.8179148180001,-0.297717838999972,0],[99.8175303550001,-0.29718920199997,0],[99.8172420070001,-0.29675667999993,0],[99.8168255050001,-0.29640425599996,0],[99.8167614280001,-0.295891637999944,0],[99.816647888,-0.295370762999937,0],[99.8166907190001,-0.294963874999951,0],[99.8168255050001,-0.294529997999973,0],[99.816012572,-0.293557613999951,0],[99.815768232,-0.292960105999953,0],[99.815720174,-0.292719816999977,0],[99.8153837680001,-0.291838754999958,0],[99.8149832860001,-0.291214001999947,0],[99.8146789190001,-0.290685364999945,0],[99.8143104750001,-0.289932457999953,0],[99.8136857220001,-0.288907222999967,0],[99.81306097,-0.287849948999963,0],[99.812788642,-0.287241214999938,0],[99.8126124290001,-0.286872771999924,0],[99.8122760240001,-0.286264037999956,0],[99.811891561,-0.28546307299996,0],[99.811523117,-0.28467812699995,0],[99.8110104990001,-0.283716968999954,0],[99.8105299200001,-0.282739791999973,0],[99.8101614760001,-0.28214707799998,0],[99.809921187,-0.281634459999964,0],[99.809664878,-0.281169899999952,0],[99.809552743,-0.280929610999976,0],[99.809268,-0.280618,0],[99.809072164,-0.280000490999953,0],[99.808863913,-0.279487873999926,0],[99.808751778,-0.279199525999957,0],[99.8085114880001,-0.278718946999959,0],[99.8083810000001,-0.278581,0],[99.808271199,-0.278238367999961,0],[99.808147508,-0.277970370999924,0],[99.8080789670001,-0.277821865999954,0],[99.808059836,-0.277741091999928,0],[99.8079347930001,-0.277213132999975,0],[99.8077746000001,-0.276892746999977,0],[99.8075840000001,-0.27651,0],[99.8073580980001,-0.275739356999964,0],[99.8070700000001,-0.27501,0],[99.8069896540001,-0.274473831999956,0],[99.806781404,-0.273768982999968,0],[99.8064610170001,-0.272855882999977,0],[99.80634,-0.27261,0],[99.8062848050001,-0.27227918799997,0],[99.8061406310001,-0.27171851199995,0],[99.805836265,-0.270837450999977,0],[99.8057081100001,-0.270404929999927,0],[99.8055200000001,-0.26983,0],[99.805419763,-0.269283578999932,0],[99.8053236470001,-0.268899114999954,0],[99.8051153960001,-0.268210284999952,0],[99.8048600000001,-0.26756,0],[99.8046363730001,-0.266674901999977,0],[99.8045510000001,-0.266337,0],[99.804298412,-0.265470984999979,0],[99.8038930000001,-0.264056,0],[99.8036736590001,-0.263308378999966,0],[99.8035600000001,-0.26295,0],[99.803337254,-0.262010815999929,0],[99.803177061,-0.261321985999928,0],[99.8031465320001,-0.261186299999963,0],[99.803146525,-0.261186269999939,0],[99.8030328870001,-0.260681213999931,0],[99.802960785,-0.260393969999939,0],[99.802820372,-0.259834593999926,0],[99.8027349800001,-0.259501356999976,0],[99.802630159,-0.259092300999953,0],[99.8026252560001,-0.25907316699994,0],[99.802600366,-0.258887051999977,0],[99.8025688310001,-0.258704147999936,0],[99.802440173,-0.257957931999954,0],[99.8024254360001,-0.257766348999951,0],[99.802392115,-0.257333179999932,0],[99.8023397210001,-0.256769847999976,0],[99.8023600760001,-0.255875422999964,0],[99.8023600760001,-0.255143202999932,0],[99.8023600760001,-0.255090476999953,0],[99.8024206220001,-0.254666404999966,0],[99.8025205600001,-0.254280931999972,0],[99.8026644430001,-0.254193396999938,0],[99.802720434,-0.253828834999979,0],[99.8028169820001,-0.253139113999964,0],[99.8028726940001,-0.25292787199993,0],[99.8029367710001,-0.25263952399996,0],[99.80305,-0.25215,0],[99.8031487370001,-0.251358953999954,0],[99.8034654080001,-0.250861381999925,0],[99.8039100000001,-0.25035,0],[99.8042908790001,-0.249964589999934,0],[99.8045549990001,-0.249305478999929,0],[99.8047309330001,-0.248746833999974,0],[99.8047630200001,-0.248581567999963,0],[99.80494,-0.24767,0],[99.8049353390001,-0.24667382399997,0],[99.805095136,-0.245912367999949,0],[99.8051013940001,-0.244265243999962,0],[99.805072346,-0.243403715999932,0],[99.805066507,-0.243230546999939,0],[99.8050530840001,-0.243042872999979,0],[99.805031732,-0.242829150999967,0],[99.8050080830001,-0.242627910999943,0],[99.8049845840001,-0.242451452999944,0],[99.8049631600001,-0.242281777999949,0],[99.80494522,-0.242123498999945,0],[99.8049260930001,-0.241961873999969,0],[99.8049092630001,-0.241797896999969,0],[99.804886728,-0.241627135999977,0],[99.8048620440001,-0.241459812999949,0],[99.80483395,-0.241267526999934,0],[99.8048103030001,-0.241092244999948,0],[99.804748556,-0.240681805999941,0],[99.8046799990001,-0.240365159999953,0],[99.8046440510001,-0.240188791999969,0],[99.804594616,-0.239962680999952,0],[99.8045474770001,-0.239727434999963,0],[99.8044968550001,-0.239492187999929,0],[99.8044328190001,-0.239218502999961,0],[99.8043687850001,-0.238961821999965,0],[99.804313719,-0.238750362999951,0],[99.804141847,-0.238025540999956,0],[99.8040452020001,-0.237632016999953,0],[99.803994657,-0.237437561999968,0],[99.8039306250001,-0.237214706999964,0],[99.80382724,-0.236872104999975,0],[99.8037665430001,-0.23667086699993,0],[99.8037002870001,-0.236430103999965,0],[99.803648631,-0.236237818999939,0],[99.803595789,-0.236050056999943,0],[99.803547543,-0.235881558999949,0],[99.803481214,-0.235678059999941,0],[99.8033936190001,-0.235442815999932,0],[99.8033217330001,-0.23523705599996,0],[99.8031850020001,-0.234834579999927,0],[99.8030791740001,-0.234518930999968,0],[99.8030511600001,-0.23442016499996,0],[99.802942961,-0.234101259999932,0],[99.8028177910001,-0.233746809999957,0],[99.8027244080001,-0.233494284999949,0],[99.8027106310001,-0.233457027999975,0],[99.8026491960001,-0.233288259999938,0],[99.802598505,-0.233137036999949,0],[99.8025526310001,-0.232992145999958,0],[99.8024796340001,-0.232775351999976,0],[99.8024361320001,-0.232649905999949,0],[99.8023869240001,-0.23252391799997,0],[99.8022839860001,-0.232205915999941,0],[99.8022217330001,-0.231995813999959,0],[99.8021134620001,-0.231699248999973,0],[99.802059881,-0.231543684999963,0],[99.801999557,-0.231381789999944,0],[99.8019361950001,-0.231211031999976,0],[99.8018903220001,-0.231082782999977,0],[99.8018463010001,-0.23095380999996,0],[99.8018082090001,-0.230840120999972,0],[99.801758927,-0.230694686999925,0],[99.8017183900001,-0.230577561999951,0],[99.8016739240001,-0.230450578999978,0],[99.8016290150001,-0.230320791999929,0],[99.801581141,-0.230190913999934,0],[99.80153764,-0.230075688999932,0],[99.8014922120001,-0.229958563999958,0],[99.8014531570001,-0.22985500599998,0],[99.8014169190001,-0.229761124999925,0],[99.8013120570001,-0.229481562999979,0],[99.8012057870001,-0.229201005999926,0],[99.8011087070001,-0.22896512899996,0],[99.8010589070001,-0.228845561999947,0],[99.801009256,-0.228724909999926,0],[99.8009686460001,-0.228629130999934,0],[99.800918402,-0.22851110199997,0],[99.8008680830001,-0.228385565999929,0],[99.8008145040001,-0.22824989999998,0],[99.8007657410001,-0.22812834399997,0],[99.8007174240001,-0.228008776999957,0],[99.8006590270001,-0.227853212999946,0],[99.8006020380001,-0.227701900999932,0],[99.8005493480001,-0.227560898999968,0],[99.800497621,-0.227422790999924,0],[99.800451749,-0.227309554999977,0],[99.800405432,-0.22719867099994,0],[99.800283156,-0.226885101999926,0],[99.8001837040001,-0.226626432999979,0],[99.8001527260001,-0.226528119999955,0],[99.8001078170001,-0.226401678999935,0],[99.8000628340001,-0.226285458999939,0],[99.7999764240001,-0.226052203999927,0],[99.799941667,-0.225950543999943,0],[99.7998903850001,-0.225820214999942,0],[99.7998474030001,-0.225707340999975,0],[99.7997942680001,-0.22556498199998,0],[99.7997416520001,-0.225426873999936,0],[99.7996889620001,-0.225289670999928,0],[99.7996291570001,-0.225138538999943,0],[99.799582247,-0.225010650999934,0],[99.7995218500001,-0.224854996999966,0],[99.799472569,-0.224732083999925,0],[99.7994281050001,-0.224625540999966,0],[99.7993749710001,-0.22450054799998,0],[99.7992774470001,-0.224254540999937,0],[99.79914561,-0.223912752999979,0],[99.7991001090001,-0.223793547999946,0],[99.799039786,-0.223651550999932,0],[99.798975462,-0.22350421799996,0],[99.798911806,-0.223368552999943,0],[99.798853781,-0.223228093999978,0],[99.7988010910001,-0.223099753999975,0],[99.798744103,-0.222954319999928,0],[99.7986957860001,-0.222833757999979,0],[99.7986316100001,-0.222682083999928,0],[99.798569732,-0.22254497199998,0],[99.7985098550001,-0.222413647999929,0],[99.798448496,-0.222287749999964,0],[99.798391064,-0.222166645999948,0],[99.7983316310001,-0.22202853899995,0],[99.7982673820001,-0.221886089999941,0],[99.798190015,-0.221690549999948,0],[99.798091083,-0.221463083999936,0],[99.7979940060001,-0.221256420999964,0],[99.797947616,-0.221150420999948,0],[99.797930249,-0.221110317999944,0],[99.7978920360001,-0.221022080999944,0],[99.7978239340001,-0.220876647999944,0],[99.7977760620001,-0.220773631999975,0],[99.797727745,-0.220669983999926,0],[99.7976775760001,-0.220556205999969,0],[99.7976302220001,-0.220449752999968,0],[99.797586278,-0.220350536999945,0],[99.797541815,-0.220250414999953,0],[99.797493741,-0.220144531999949,0],[99.797490608,-0.220137631999933,0],[99.7974394010001,-0.220018969999956,0],[99.7973910840001,-0.219915411999978,0],[99.7973408410001,-0.219817189999958,0],[99.797298379,-0.219729097999959,0],[99.7972533980001,-0.21963576099995,0],[99.797212862,-0.219547306999971,0],[99.7971621,-0.219436422999934,0],[99.7970461990001,-0.219173321999961,0],[99.796937486,-0.218929756999955,0],[99.7968882070001,-0.21882230999995,0],[99.7968490790001,-0.218734759999961,0],[99.7967965380001,-0.218618087999971,0],[99.796742812,-0.218497978999949,0],[99.7966650750001,-0.218321522999929,0],[99.7966187580001,-0.218201412999974,0],[99.7965655500001,-0.218074067999964,0],[99.7965153810001,-0.217960289999951,0],[99.7964695100001,-0.217857635999962,0],[99.796422083,-0.217757424999945,0],[99.796363688,-0.217640299999971,0],[99.7962984760001,-0.217496313999959,0],[99.7962356340001,-0.217348075999951,0],[99.7961796100001,-0.217206078999936,0],[99.7961231410001,-0.217067970999949,0],[99.7960671170001,-0.216935289999924,0],[99.7960076840001,-0.216796186999943,0],[99.795946325,-0.216667847999929,0],[99.7958332410001,-0.21642518699997,0],[99.7956839970001,-0.216164077999963,0],[99.795607669,-0.216007519999948,0],[99.795550683,-0.215893741999935,0],[99.795490806,-0.21576295999995,0],[99.7954309290001,-0.21563208799995,0],[99.79536957,-0.215493527999968,0],[99.795311101,-0.215363740999976,0],[99.795247815,-0.215228617999969,0],[99.795190829,-0.215117734999978,0],[99.7951497750001,-0.21503353199995,0],[99.79508938,-0.214915411999925,0],[99.795025132,-0.214779746999966,0],[99.7949676260001,-0.214656742999978,0],[99.7949092320001,-0.214535729999966,0],[99.794848318,-0.214404404999925,0],[99.7948053360001,-0.214306635999947,0],[99.794749832,-0.214190867999946,0],[99.794703961,-0.214097077999952,0],[99.7946628330001,-0.214009527999963,0],[99.7946154810001,-0.213913747999925,0],[99.7945783540001,-0.213836508999975,0],[99.794399615,-0.21349029199996,0],[99.794350335,-0.213380854999969,0],[99.7942807520001,-0.213244736999968,0],[99.7942188750001,-0.213122185999964,0],[99.794164853,-0.213019170999928,0],[99.794106904,-0.212906748999956,0],[99.794051251,-0.212793513999941,0],[99.7939918930001,-0.212670510999942,0],[99.7939339440001,-0.212547506999954,0],[99.7938735480001,-0.212417086999949,0],[99.793801074,-0.212273281999956,0],[99.7937446070001,-0.212161402999925,0],[99.7936880650001,-0.212048076999963,0],[99.793640194,-0.211952748999977,0],[99.793576983,-0.211829836999925,0],[99.7935233320001,-0.211729172999981,0],[99.7934706450001,-0.211633845999927,0],[99.7934161040001,-0.211532729999931,0],[99.7933653430001,-0.211434959999963,0],[99.7933016140001,-0.211311956999964,0],[99.7932455910001,-0.211204961999954,0],[99.793198239,-0.211119402999941,0],[99.7931479970001,-0.211031943999956,0],[99.7931040540001,-0.21095551999997,0],[99.7930219470001,-0.210801855999932,0],[99.7929001950001,-0.210576741999944,0],[99.7928606230001,-0.210491181999942,0],[99.7927838510001,-0.210344391999968,0],[99.792715232,-0.210220303999961,0],[99.7926466120001,-0.210090064999974,0],[99.7925804370001,-0.209963624999943,0],[99.792517671,-0.20984984699993,0],[99.792447199,-0.209719065999934,0],[99.7923891760001,-0.209610623999936,0],[99.7923268540001,-0.209492956999952,0],[99.7922621610001,-0.209362627999951,0],[99.7921983580001,-0.209243513999979,0],[99.7921302570001,-0.209115716999975,0],[99.7920568200001,-0.208980412999949,0],[99.7919862740001,-0.208856053999966,0],[99.791913875,-0.208723734999978,0],[99.7918457000001,-0.208601726999973,0],[99.791789233,-0.208499072999928,0],[99.7917274310001,-0.208387284999958,0],[99.791570408,-0.208137842999975,0],[99.791481113,-0.207971968999971,0],[99.7914168650001,-0.207857738999962,0],[99.791339501,-0.207717189999926,0],[99.791266658,-0.207588398999974,0],[99.7912105620001,-0.207493070999931,0],[99.7911453510001,-0.207381282999961,0],[99.791079622,-0.207266510999943,0],[99.7910279720001,-0.207183844999975,0],[99.7909777310001,-0.207102084999974,0],[99.790860351,-0.206889722999961,0],[99.7907414900001,-0.206681522999929,0],[99.7906917660001,-0.206586827999956,0],[99.790617366,-0.206444288999933,0],[99.7905580090001,-0.206333404999953,0],[99.7904956890001,-0.206230389999973,0],[99.7904314410001,-0.206115164999972,0],[99.790368157,-0.206000843999959,0],[99.7903033910001,-0.205881277999936,0],[99.79024107,-0.205767951999974,0],[99.7901725240001,-0.205637079999974,0],[99.790107757,-0.205510277999963,0],[99.7900381730001,-0.205371174999925,0],[99.7899763710001,-0.205258301999947,0],[99.7899169400001,-0.205147959999977,0],[99.7898512850001,-0.205028845999948,0],[99.789790446,-0.204925830999969,0],[99.789718937,-0.204803732999949,0],[99.789629124,-0.204647717999933,0],[99.789548945,-0.204509519999931,0],[99.789475435,-0.204390857999954,0],[99.789273059,-0.204028179999966,0],[99.7891460470001,-0.203818169999977,0],[99.789073574,-0.203683951999949,0],[99.7890093270001,-0.203567731999954,0],[99.7889455980001,-0.203449611999929,0],[99.788878535,-0.203340627999978,0],[99.7888054700001,-0.203217172999928,0],[99.7887258090001,-0.203084401999945,0],[99.7886533370001,-0.202966191999963,0],[99.788588126,-0.20285539899993,0],[99.7885065390001,-0.202719281999975,0],[99.7884287310001,-0.202588409999976,0],[99.788348033,-0.202446503999965,0],[99.788266891,-0.202309843999956,0],[99.7881983460001,-0.202201401999957,0],[99.788142769,-0.202112948999968,0],[99.7880800040001,-0.202006405999953,0],[99.7880181290001,-0.201907279999944,0],[99.787958254,-0.201811500999952,0],[99.787800786,-0.20154695399998,0],[99.787736539,-0.201442400999952,0],[99.787648727,-0.201289731999964,0],[99.787568992,-0.201144298999964,0],[99.7875051890001,-0.201030610999965,0],[99.7874240460001,-0.200891960999968,0],[99.7873389760001,-0.200741191999953,0],[99.7872616870001,-0.200603626999964,0],[99.7871800990001,-0.200463619999937,0],[99.7870912500001,-0.200314388999971,0],[99.7870014380001,-0.200167055999941,0],[99.7868999180001,-0.199999283999944,0],[99.7868246290001,-0.199869948999947,0],[99.78674734,-0.199743508999973,0],[99.7866651610001,-0.199611732999927,0],[99.7865908360001,-0.199491623999961,0],[99.7865265890001,-0.199392407999937,0],[99.7864564880001,-0.199276730999941,0],[99.7863758650001,-0.19914830099998,0],[99.786183124,-0.198831838999979,0],[99.7861193960001,-0.198719507999954,0],[99.785916947,-0.198375188999933,0],[99.7857517730001,-0.198100059999945,0],[99.785679745,-0.197979860999965,0],[99.78559964,-0.197843742999964,0],[99.7855170160001,-0.19770174699994,0],[99.7854165320001,-0.197515069999952,0],[99.785331091,-0.197363395999957,0],[99.7852479470001,-0.197215068999981,0],[99.7851740670001,-0.197080397999969,0],[99.7850963330001,-0.196951605999971,0],[99.785009856,-0.196813950999967,0],[99.7849136710001,-0.196659834999934,0],[99.7848277860001,-0.196517295999968,0],[99.7847480520001,-0.196385157999941,0],[99.7846659470001,-0.196261069999935,0],[99.7845099620001,-0.196010269999931,0],[99.7844180750001,-0.195863389999943,0],[99.784343231,-0.195734597999945,0],[99.784280466,-0.195625612999947,0],[99.7842012500001,-0.195489404999933,0],[99.784129297,-0.195373274999952,0],[99.784050526,-0.195239056999981,0],[99.7839742,-0.195114606999937,0],[99.7839012840001,-0.195003270999962,0],[99.7838239960001,-0.194882618999941,0],[99.7837534500001,-0.194768840999927,0],[99.7836602300001,-0.194630281999935,0],[99.7835776060001,-0.194506283999942,0],[99.7835042450001,-0.194390606999946,0],[99.7834081350001,-0.19424173699997,0],[99.783307134,-0.194085721999954,0],[99.7832158400001,-0.193935946999943,0],[99.7831322520001,-0.193796844999952,0],[99.7830588910001,-0.193671489999929,0],[99.782989753,-0.193556716999979,0],[99.7829509060001,-0.193489166999939,0],[99.7828116100001,-0.193246946999977,0],[99.782726096,-0.193097171999966,0],[99.782634283,-0.192947939999954,0],[99.7825386910001,-0.192797622999933,0],[99.7824464340001,-0.192654178999931,0],[99.782361365,-0.192518513999971,0],[99.7822845950001,-0.192400846999931,0],[99.782199082,-0.192269612999951,0],[99.7821208300001,-0.192154930999948,0],[99.7820421340001,-0.192041152999934,0],[99.7819614370001,-0.19191860199993,0],[99.7818841490001,-0.191804824999963,0],[99.781792855,-0.191657943999928,0],[99.78170786,-0.191521825999928,0],[99.7816324980001,-0.191399274999981,0],[99.781543131,-0.191259720999938,0],[99.7814726600001,-0.191156072999945,0],[99.781397225,-0.191040394999959,0],[99.7813392770001,-0.190957277999928,0],[99.7811696690001,-0.190713613999947,0],[99.7811074130001,-0.190624174999925,0],[99.7808461290001,-0.190211389999945,0],[99.7807687660001,-0.190082507999932,0],[99.7806838160001,-0.189950568999961,0],[99.780656724,-0.189908493999951,0],[99.780557279,-0.189753835999966,0],[99.780461614,-0.18960749799993,0],[99.780386697,-0.189488835999953,0],[99.7803012570001,-0.189354616999935,0],[99.7802051470001,-0.189208821999955,0],[99.7801008120001,-0.189057509999941,0],[99.7799998850001,-0.188904388999958,0],[99.7799095550001,-0.188762935999932,0],[99.779835157,-0.188645267999959,0],[99.779762685,-0.188535831999957,0],[99.7796858410001,-0.188417711999932,0],[99.7796158890001,-0.188307732999931,0],[99.7795443810001,-0.188202817999979,0],[99.7794568670001,-0.188068056999953,0],[99.7792429350001,-0.187755936999963,0],[99.7791554950001,-0.187618823999969,0],[99.7790603490001,-0.187483610999948,0],[99.7789777260001,-0.187368837999941,0],[99.7788869510001,-0.187236157999962,0],[99.7787903970001,-0.187096602999929,0],[99.7786821350001,-0.186948728999937,0],[99.7785908420001,-0.186819936999939,0],[99.778495251,-0.186690059999933,0],[99.7783942510001,-0.186541370999976,0],[99.7782971770001,-0.186389606999967,0],[99.7781928420001,-0.186231058999965,0],[99.7780972510001,-0.186094036999975,0],[99.7780001040001,-0.18595204099995,0],[99.777923334,-0.185832835999975,0],[99.7778484170001,-0.185715710999943,0],[99.7777682390001,-0.185592164999946,0],[99.7776784280001,-0.185468256999968,0],[99.7774644230001,-0.185160387999929,0],[99.7773614960001,-0.185011607999968,0],[99.777242786,-0.18484826699995,0],[99.7771712040001,-0.184739824999951,0],[99.7770944650001,-0.184625275999963,0],[99.777086802,-0.184613836999972,0],[99.7770094400001,-0.184498158999929,0],[99.7769457270001,-0.184405334999951,0],[99.7769229640001,-0.184372171999939,0],[99.776840414,-0.184253147999925,0],[99.7767640900001,-0.18414759999996,0],[99.7766742060001,-0.184027943999979,0],[99.7766307360001,-0.183971993999933,0],[99.776572243,-0.183896709999942,0],[99.7764567930001,-0.183744493999939,0],[99.776344308,-0.183594267999979,0],[99.7762341930001,-0.183441056999925,0],[99.776116298,-0.183268037999937,0],[99.776054237,-0.183178891999944,0],[99.7760086280001,-0.183113378999963,0],[99.7759057010001,-0.182970387999944,0],[99.775818336,-0.182846479999967,0],[99.77573764,-0.182734510999978,0],[99.7755763210001,-0.182504602999927,0],[99.7753357880001,-0.182166705999975,0],[99.7750606490001,-0.181755548999945,0],[99.7748359000001,-0.181440714999951,0],[99.7747416430001,-0.181306043999939,0],[99.7746209320001,-0.181139808999944,0],[99.7744614650001,-0.18089759999998,0],[99.774392402,-0.18079449399994,0],[99.774302591,-0.18065358299998,0],[99.774198256,-0.180496390999963,0],[99.774085696,-0.180338928999959,0],[99.7740001830001,-0.180217824999943,0],[99.7738596130001,-0.180020476999971,0],[99.773626343,-0.179706275999933,0],[99.7735316420001,-0.179579473999979,0],[99.7734321240001,-0.179445707999946,0],[99.773334607,-0.179314473999966,0],[99.7732462050001,-0.179195812999978,0],[99.773160692,-0.179081491999966,0],[99.773068955,-0.178955051999935,0],[99.772988259,-0.178845704999958,0],[99.7729197150001,-0.17875091999997,0],[99.7728327200001,-0.178628820999961,0],[99.7727525430001,-0.178522821999934,0],[99.7726651040001,-0.178405153999961,0],[99.7725656600001,-0.178275277999944,0],[99.77247622,-0.178147932999934,0],[99.7711117200001,-0.176441399999931,0],[99.770622012,-0.175828937999938,0],[99.770617314,-0.175821979999967,0],[99.770733551,-0.175792844999933,0],[99.770736705,-0.175792053999942,0],[99.7707365540001,-0.175791853999954,0],[99.7707957040001,-0.175772343999938,0],[99.7717816150001,-0.175447147999932,0],[99.773558333,-0.174861110999927,0],[99.7740626400001,-0.17492247399997,0],[99.7748311770001,-0.175029337999945,0],[99.7750877160001,-0.175048554999933,0],[99.775375082,-0.175070081999934,0],[99.775776303,-0.175115552999955,0],[99.7762202700001,-0.175174633999973,0],[99.7762604060001,-0.175179974999935,0],[99.776286741,-0.17519343999993,0],[99.7763993030001,-0.175250992999963,0],[99.7764404330001,-0.175272022999934,0],[99.7764750000001,-0.175111110999978,0],[99.776493632,-0.174877291999962,0],[99.7777614400001,-0.174503844999947,0],[99.779472646,-0.173852129999943,0],[99.7796866210001,-0.173768346999964,0],[99.7799065400001,-0.173684562999938,0],[99.7799248860001,-0.173668644999964,0],[99.7799527780001,-0.173644442999944,0],[99.7799516570001,-0.173641074999978,0],[99.779949307,-0.173634015999937,0],[99.779936256,-0.173594803999947,0],[99.7799362550001,-0.173573856999951,0],[99.7799362540001,-0.173552916999938,0],[99.7799481390001,-0.173499060999973,0],[99.779965969,-0.173457173999964,0],[99.7800016310001,-0.173418276999939,0],[99.780864723,-0.17339726299997,0],[99.7817878020001,-0.173374789999968,0],[99.782421357,-0.173359364999953,0],[99.783993948,-0.173321076999969,0],[99.7840805450001,-0.173318968999979,0],[99.785370942,-0.173287551999977,0],[99.7858941630001,-0.173274812999978,0],[99.7866751020001,-0.173255799999936,0],[99.787813639,-0.173228079999944,0],[99.78781444,-0.173228059999929,0],[99.787814149,-0.173518740999953,0],[99.78780548,-0.182171728999947,0],[99.7955833330001,-0.182166665999944,0],[99.795583659,-0.18215022499993,0],[99.7955897430001,-0.182150088999947,0],[99.795630997,-0.182149164999942,0],[99.795641833,-0.182148921999953,0],[99.7974470950001,-0.182108477999975,0],[99.7993179520001,-0.182082611999931,0],[99.8006166110001,-0.182062135999956,0],[99.8012166820001,-0.182052673999976,0],[99.8030803570001,-0.182008262999943,0],[99.8041388300001,-0.181982066999979,0],[99.805442299,-0.181949806999967,0],[99.8054724070001,-0.181949603999954,0],[99.8054737640001,-0.181949594999935,0],[99.8054750430001,-0.181949585999973,0],[99.805472222,-0.181913888999929,0],[99.8054111110001,-0.18015,0],[99.8054094290001,-0.180102077999948,0],[99.8058534180001,-0.180021142999976,0],[99.8064367920001,-0.17991479899996,0],[99.806475709,-0.179907704999948,0],[99.80652925,-0.179897943999947,0],[99.8092520530001,-0.179607833999967,0],[99.8100966410001,-0.179517843999975,0],[99.8143020090001,-0.178947732999973,0],[99.8184893980001,-0.178314297999975,0],[99.821924944,-0.177802480999958,0],[99.825426199,-0.177404127999978,0],[99.828502003,-0.177064996999945,0],[99.8336333400001,-0.176416005999954,0],[99.8380468780001,-0.175852488999965,0],[99.841439731,-0.175419100999932,0],[99.8424046100001,-0.175318243999925,0],[99.8435450710001,-0.175199032999956,0],[99.845504707,-0.174994194999954,0],[99.8492576410001,-0.174464910999973,0],[99.8525825710001,-0.17401590299994,0],[99.853165747,-0.173937147999936,0],[99.859267306,-0.17309285999994,0],[99.8631114090001,-0.172658294999962,0],[99.863111518,-0.172658282999976,0],[99.8632569590001,-0.172641840999972,0],[99.8674108290001,-0.171866498999975,0],[99.871369057,-0.171131123999942,0],[99.8743435660001,-0.170586233999927,0],[99.878220486,-0.169849506999924,0],[99.881878111,-0.169113360999972,0],[99.8853870010001,-0.168740003999972,0],[99.885435548,-0.168724418999943,0],[99.890703004,-0.168542,0],[99.891269079,-0.168494448999979,0],[99.8947899890001,-0.16819869099993,0],[99.8975231050001,-0.167895762999933,0],[99.900397023,-0.167577229999949,0],[99.9040930830001,-0.167201831999932,0],[99.90941846,-0.166737492999971,0],[99.9153434170001,-0.166263027999946,0],[99.9172487690001,-0.166123071999948,0],[99.9192222500001,-0.165978110999959,0],[99.924475553,-0.165270160999967,0],[99.9284084350001,-0.164751700999943,0],[99.9292481840001,-0.164658606999978,0],[99.9322452630001,-0.164326352999979,0],[99.936094702,-0.16395199699997,0],[99.936153974,-0.163946232999933,0],[99.9394696320001,-0.163566140999933,0],[99.9432435570001,-0.163321718999953,0],[99.946792831,-0.162914477999948,0],[99.9503600740001,-0.162516281999956,0],[99.9549336970001,-0.162235636999981,0],[99.959839769,-0.161765009999954,0],[99.9646739500001,-0.161312477999957,0],[99.9657667600001,-0.16111725199994,0],[99.9684783260001,-0.160632841999927,0],[99.972998003,-0.160162233999927,0],[99.9770442720001,-0.15988082299998,0],[99.977845824,-0.159825075999947,0],[99.9807710270001,-0.159565089999944,0],[99.9824283890001,-0.159417786999938,0],[99.986594918,-0.159117969999954,0],[99.987289489,-0.158883841999966,0],[99.988090598,-0.157167577999928,0],[99.9883629720001,-0.156584055999929,0],[99.9895318540001,-0.154278440999974,0],[99.9899579090001,-0.153438048999931,0],[99.9916470150001,-0.150054784999952,0],[99.9919434170001,-0.149454069999933,0],[99.9930396290001,-0.147232385999928,0],[99.9941177910001,-0.145224138999936,0],[99.994117374,-0.144260270999951,0],[99.994117073,-0.143565297999942,0],[99.99393057,-0.141971801999944,0],[99.9939267230001,-0.141938928999934,0],[99.993498554,-0.141054005999933,0],[99.992713628,-0.140647444999956,0],[99.9926100210001,-0.140640263999956,0],[99.9913340860001,-0.14055183499994,0],[99.9903589090001,-0.140838884999937,0],[99.989193448,-0.141125942999963,0],[99.988265831,-0.141197734999935,0],[99.987522594,-0.141207865999945,0],[99.9865057310001,-0.141221726999959,0],[99.9855305460001,-0.141389189999927,0],[99.9851262220001,-0.141963224999927,0],[99.9852451830001,-0.142800327999964,0],[99.985816056,-0.143469989999971,0],[99.986747204,-0.144260593999945,0],[99.9868864270001,-0.144378802999938,0],[99.9879182380001,-0.14516726599993,0],[99.988075725,-0.145287610999958,0],[99.9885514460001,-0.145718102999979,0],[99.9884801190001,-0.146363873999974,0],[99.987956878,-0.147081417999971,0],[99.987048364,-0.147309758999938,0],[99.985589765,-0.14727462299993,0],[99.98397945,-0.146793613999932,0],[99.9829058860001,-0.145995773999971,0],[99.98262579,-0.14496322399998,0],[99.9825347720001,-0.144260777999932,0],[99.982415266,-0.143338468999957,0],[99.9824618870001,-0.142059497999981,0],[99.9824387660001,-0.14131238899995,0],[99.9824261200001,-0.140903759999958,0],[99.9823232200001,-0.140500288999931,0],[99.982192706,-0.139988542999959,0],[99.9824543330001,-0.139367332999939,0],[99.982904755,-0.138465778999944,0],[99.984352002,-0.135569002999944,0],[99.984885778,-0.134518121999974,0],[99.9849222120001,-0.134446392999962,0],[99.9850076100001,-0.134278263999931,0],[99.9860842560001,-0.132158594999964,0],[99.9863690020001,-0.131597995999925,0],[99.988831486,-0.130231843999979,0],[99.9893203330001,-0.129960638999933,0],[99.9919982230001,-0.127591068999948,0],[99.993879539,-0.125926359999937,0],[99.998943996,-0.121445001999973,0],[100.001476278,-0.117149777999941,0],[100.002605092,-0.115275372999974,0],[100.003505967,-0.113779461999968,0],[100.004144004,-0.112719995999953,0],[100.002571432,-0.108812212999965,0],[100.004022133,-0.106958247999955,0],[100.005071746,-0.105616863999956,0],[100.010018719,-0.102941997999949,0],[100.01047825,-0.102470582999956,0],[100.011193143,-0.101795367999955,0],[100.013456029,-0.099658076999958,0],[100.014023515,-0.099122087999945,0],[100.01527099,-0.097943850999968,0],[100.01589928,-0.097350431999928,0],[100.015899444,-0.097350277999965,0],[100.015778652,-0.097749355999952,0],[100.015945805,-0.098159666999948,0],[100.016156655,-0.098380297999938,0],[100.016380306,-0.098614322999936,0],[100.016912523,-0.098742268999956,0],[100.017070632,-0.098780277999936,0],[100.017355274,-0.098774160999938,0],[100.017509359,-0.098770849999937,0],[100.017748928,-0.098706063999941,0],[100.01790096,-0.098664949999943,0],[100.017963657,-0.098647994999965,0],[100.018010887,-0.098589882999931,0],[100.018099676,-0.09848063499993,0],[100.018707061,-0.097733294999955,0],[100.018783271,-0.097639523999931,0],[100.018819707,-0.097556773999941,0],[100.019164161,-0.096774489999973,0],[100.019323907,-0.096518141999979,0],[100.019450783,-0.09631454099997,0],[100.019907953,-0.096043018999978,0],[100.020127825,-0.095939016999978,0],[100.020710953,-0.095663190999971,0],[100.021184267,-0.095524256999965,0],[100.021430438,-0.095451996999941,0],[100.021891953,-0.095245570999964,0],[100.021991006,-0.095201266999936,0],[100.022239855,-0.095089959999939,0],[100.022703886,-0.094760571999927,0],[100.022803498,-0.094689862999928,0],[100.023079243,-0.094494126999962,0],[100.023487903,-0.094109576999927,0],[100.023656321,-0.093951093999976,0],[100.024016052,-0.093536280999956,0],[100.024203437,-0.09339689799998,0],[100.024360801,-0.093279844999927,0],[100.024705552,-0.093121456999938,0],[100.025100788,-0.092991627999936,0],[100.025480726,-0.092951968999955,0],[100.025594127,-0.093029569999942,0],[100.025713578,-0.093036151999968,0],[100.025882119,-0.093024620999927,0],[100.026035932,-0.092991688999973,0],[100.026235561,-0.092970279999975,0],[100.026364827,-0.092935698999952,0],[100.026454823,-0.092892888999927,0],[100.026590636,-0.092861599999935,0],[100.026698634,-0.092879708999931,0],[100.026764088,-0.092930747999958,0],[100.027232729,-0.092911436999941,0],[100.027717713,-0.092940142999964,0],[100.02784893,-0.092963849999933,0],[100.028274019,-0.093040648999931,0],[100.028644891,-0.09311243999997,0],[100.028858854,-0.093141153999966,0],[100.029144137,-0.093112424999958,0],[100.029415156,-0.09308369699994,0],[100.029631018,-0.092997528999945,0],[100.029940883,-0.092852585999935,0],[100.030135427,-0.092867689999935,0],[100.030325221,-0.092882424999971,0],[100.030826269,-0.092921323999974,0],[100.031020528,-0.092936405999978,0],[100.031258427,-0.092954874999975,0],[100.031506672,-0.092974148999929,0],[100.03173497,-0.092951909999954,0],[100.031930125,-0.09289261899994,0],[100.032151054,-0.092770333999965,0],[100.032217636,-0.09271728799996,0],[100.032326851,-0.092630275999966,0],[100.032327795,-0.09262952399996,0],[100.032333965,-0.092620303999979,0],[100.032449302,-0.092447956999933,0],[100.032545033,-0.092203396999935,0],[100.032566722,-0.091987251999967,0],[100.032581843,-0.091836563999948,0],[100.032581903,-0.091618729999936,0],[100.03258199,-0.091304716999957,0],[100.032515697,-0.090897126999948,0],[100.032505896,-0.09086420899996,0],[100.032414643,-0.09055772399995,0],[100.032301775,-0.090420853999944,0],[100.03208761,-0.090138374999924,0],[100.031966057,-0.089966557999958,0],[100.031887915,-0.089823859999967,0],[100.031777935,-0.089494781999974,0],[100.031763416,-0.08920692099997,0],[100.031758201,-0.089103526999963,0],[100.031757665,-0.089092896999944,0],[100.03179253,-0.088914336999949,0],[100.031811043,-0.088879346999931,0],[100.031842506,-0.088819880999949,0],[100.031911178,-0.088690091999979,0],[100.032070343,-0.088480406999963,0],[100.032359739,-0.088288192999926,0],[100.032794178,-0.088039715999969,0],[100.033320876,-0.087704794999979,0],[100.033900993,-0.087333711999975,0],[100.034010501,-0.087263661999941,0],[100.034302377,-0.08706030999997,0],[100.034414608,-0.08698211899997,0],[100.034424335,-0.08697534199996,0],[100.034736877,-0.086640427999953,0],[100.035000488,-0.086284234999937,0],[100.035019459,-0.086253687999942,0],[100.035376691,-0.085678480999945,0],[100.035640446,-0.085205688999963,0],[100.03598222,-0.084715593999931,0],[100.036084333,-0.084568917999945,0],[100.036320806,-0.08422924499996,0],[100.0366369,-0.083762337999929,0],[100.036801466,-0.083553478999931,0],[100.03704925,-0.083239004999939,0],[100.037126128,-0.083141434999959,0],[100.037514262,-0.082721043999925,0],[100.037830931,-0.082455111999934,0],[100.037933884,-0.082368652999946,0],[100.038112438,-0.082217949999972,0],[100.038273105,-0.082082345999936,0],[100.038294245,-0.082066812999926,0],[100.038455422,-0.081948378999925,0],[100.038705188,-0.081816927999967,0],[100.039003268,-0.081749940999941,0],[100.039174013,-0.081764497999927,0],[100.039535766,-0.08190136199994,0],[100.0397632,-0.082066773999941,0],[100.039987208,-0.082229693999977,0],[100.040112773,-0.08232101699997,0],[100.040381918,-0.082527777999928,0],[100.040543986,-0.082655909999971,0],[100.040700264,-0.082749096999976,0],[100.040832314,-0.082800138999971,0],[100.041174882,-0.082932552999978,0],[100.041636511,-0.083052973999941,0],[100.042195053,-0.08314323899998,0],[100.042808248,-0.083212639999942,0],[100.042889613,-0.083221848999926,0],[100.043410532,-0.083271341999932,0],[100.043968197,-0.083335661999968,0],[100.044463072,-0.083414277999964,0],[100.044660676,-0.083415530999957,0],[100.044670312,-0.083415591999938,0],[100.044920321,-0.083417177999934,0],[100.045169202,-0.08337348799995,0],[100.045210812,-0.08335931199997,0],[100.045480594,-0.083267396999929,0],[100.045724844,-0.083184179999932,0],[100.046551165,-0.082874920999927,0],[100.047219667,-0.082577857999979,0],[100.047589129,-0.082383543999924,0],[100.047767481,-0.082289741999944,0],[100.047795561,-0.082274973999972,0],[100.048143536,-0.082066553999937,0],[100.04844125,-0.08188823699993,0],[100.048548233,-0.081824160999929,0],[100.048590339,-0.081798940999931,0],[100.048795621,-0.081690660999925,0],[100.049009962,-0.081577601999925,0],[100.049257483,-0.081451794999964,0],[100.049296461,-0.081431982999959,0],[100.049591644,-0.081295101999956,0],[100.049837633,-0.081263061999948,0],[100.049993285,-0.081279260999963,0],[100.050034159,-0.081283514999939,0],[100.050089409,-0.081289264999953,0],[100.050238073,-0.081300176999946,0],[100.050258728,-0.081301692999943,0],[100.050680917,-0.081332681999925,0],[100.05119202,-0.081437548999929,0],[100.051418884,-0.08148409699993,0],[100.051527167,-0.081515363999927,0],[100.052317123,-0.081743460999974,0],[100.052730965,-0.081833727999935,0],[100.052826838,-0.081831755999929,0],[100.053010129,-0.081827985999951,0],[100.053014574,-0.081827895999936,0],[100.053305007,-0.081784003999928,0],[100.053510477,-0.081714105999936,0],[100.053823024,-0.081609257999958,0],[100.054152936,-0.08155391799994,0],[100.054444068,-0.081553910999958,0],[100.054465485,-0.081553909999968,0],[100.054625788,-0.081533454999942,0],[100.054889512,-0.081499802999929,0],[100.054924144,-0.081495383999936,0],[100.055364026,-0.081393444999946,0],[100.055624484,-0.08139926299998,0],[100.055815488,-0.081460413999935,0],[100.056431908,-0.081582709999964,0],[100.056514495,-0.081594980999967,0],[100.056564995,-0.081602484999962,0],[100.056926081,-0.081656137999971,0],[100.057258278,-0.081717166999965,0],[100.057480709,-0.081815985999924,0],[100.057647832,-0.081999990999975,0],[100.057698285,-0.082066299999951,0],[100.0578618,-0.082281205999948,0],[100.058236241,-0.082646181999962,0],[100.058318512,-0.082741745999954,0],[100.058468039,-0.082915429999957,0],[100.058593381,-0.083034967999936,0],[100.058806819,-0.083238524999956,0],[100.05902079,-0.083627440999976,0],[100.059151555,-0.084034308999946,0],[100.059312035,-0.084399291999944,0],[100.059472513,-0.084668539999939,0],[100.059609216,-0.084889922999935,0],[100.059784127,-0.085117288999925,0],[100.05990614,-0.085243336999952,0],[100.060001183,-0.085341521999965,0],[100.060232704,-0.085527896999963,0],[100.060305452,-0.085569229999976,0],[100.060628932,-0.085753022999938,0],[100.060691291,-0.085788453999953,0],[100.060831893,-0.085868339999934,0],[100.060904116,-0.085909374999972,0],[100.060969077,-0.085928237999951,0],[100.061696667,-0.086139527999933,0],[100.061848783,-0.086183701999971,0],[100.061953466,-0.086194385999931,0],[100.062581558,-0.086258487999942,0],[100.062647521,-0.086265220999962,0],[100.062761666,-0.086245016999953,0],[100.063157924,-0.086174877999952,0],[100.06347626,-0.086151572999938,0],[100.063480932,-0.086150568999926,0],[100.063774337,-0.086087495999948,0],[100.063962442,-0.086011773999928,0],[100.064707347,-0.08574916699996,0],[100.065271126,-0.085512404999974,0],[100.065386326,-0.085464025999954,0],[100.065477133,-0.085425891999932,0],[100.066100834,-0.08511025599995,0],[100.066890353,-0.08472149499994,0],[100.066911134,-0.084711262999974,0],[100.06691327,-0.084710013999938,0],[100.067017012,-0.084649372999934,0],[100.06708789,-0.08460794299998,0],[100.067394418,-0.084428765999974,0],[100.067626062,-0.084277544999964,0],[100.067881788,-0.084110602999942,0],[100.068130665,-0.083964986999945,0],[100.06837336,-0.083845965999956,0],[100.068380786,-0.083842323999932,0],[100.06849723,-0.083812529999932,0],[100.068530176,-0.083804099999952,0],[100.068722271,-0.083754948999967,0],[100.069014564,-0.083760765999955,0],[100.069022767,-0.083762079999929,0],[100.069140508,-0.083780942999965,0],[100.069468917,-0.083833557999981,0],[100.069871184,-0.084005365999928,0],[100.070087407,-0.084134296999935,0],[100.070261875,-0.084238329999948,0],[100.070386193,-0.084312851999925,0],[100.070539929,-0.084381203999953,0],[100.070631099,-0.084413579999932,0],[100.070899241,-0.084460342999932,0],[100.071343588,-0.084469185999978,0],[100.07153145,-0.084472923999954,0],[100.071582813,-0.084470733999979,0],[100.071725996,-0.084464627999978,0],[100.072039792,-0.084451246999947,0],[100.072080246,-0.084449521999943,0],[100.072217975,-0.084423338999954,0],[100.072247112,-0.084417799999926,0],[100.072402015,-0.084388351999962,0],[100.072533573,-0.08435228999997,0],[100.072563018,-0.084344218999945,0],[100.072662325,-0.084316997999963,0],[100.072921338,-0.084245998999961,0],[100.073128699,-0.084130865999953,0],[100.073197596,-0.084081338999965,0],[100.073266342,-0.084031922999941,0],[100.07357591,-0.083794173999934,0],[100.073885161,-0.083569306999948,0],[100.074027039,-0.083495180999932,0],[100.074377344,-0.083345662999932,0],[100.07442382,-0.083338466999976,0],[100.074507838,-0.083334865999973,0],[100.074627608,-0.083342057999971,0],[100.074813522,-0.083410409999942,0],[100.074992286,-0.083534525999937,0],[100.07510161,-0.083645358999945,0],[100.075108365,-0.083652206999943,0],[100.07513424,-0.083661941999935,0],[100.075322232,-0.08373267099995,0],[100.075589115,-0.083893115999956,0],[100.075642843,-0.083925416999932,0],[100.075744116,-0.083986299999935,0],[100.07601859,-0.084150093999938,0],[100.076239936,-0.08428218499995,0],[100.076468755,-0.084469259999935,0],[100.076478883,-0.084480441999972,0],[100.076597468,-0.08461136699998,0],[100.07676445,-0.084823695999944,0],[100.076875164,-0.084964475999925,0],[100.077161582,-0.085276759999942,0],[100.077242059,-0.085364504999973,0],[100.077410097,-0.085488620999968,0],[100.077579924,-0.085580358999948,0],[100.077885607,-0.085621722999974,0],[100.077936337,-0.085620566999978,0],[100.078165414,-0.085615344999951,0],[100.078280668,-0.085612717999936,0],[100.078357594,-0.085582423999938,0],[100.078445125,-0.085547954999925,0],[100.078576572,-0.085454047999974,0],[100.078766053,-0.085221988999933,0],[100.078943017,-0.084925170999952,0],[100.07898495,-0.084824694999952,0],[100.079018092,-0.084745282999961,0],[100.079022046,-0.084711414999958,0],[100.079036033,-0.08459161899998,0],[100.079036027,-0.084354168999937,0],[100.079009205,-0.084145501999956,0],[100.078903723,-0.083634625999935,0],[100.078875808,-0.08350097899995,0],[100.078834847,-0.083304874999953,0],[100.078812489,-0.083197836999943,0],[100.078809726,-0.083184606999964,0],[100.078726788,-0.082859438999947,0],[100.078715338,-0.082502613999964,0],[100.078798883,-0.081875025999977,0],[100.078911261,-0.081431560999931,0],[100.078939576,-0.081319822999944,0],[100.078972695,-0.081189129999927,0],[100.079109919,-0.08081625899996,0],[100.079388913,-0.08065832799997,0],[100.079402682,-0.080650533999972,0],[100.079486638,-0.080628072999957,0],[100.079579158,-0.080603321999945,0],[100.079608227,-0.080595544999937,0],[100.079764065,-0.080553853999959,0],[100.079819627,-0.08055587299998,0],[100.079908694,-0.080559109999967,0],[100.080523431,-0.080581450999944,0],[100.081281797,-0.080621544999929,0],[100.081637568,-0.080640352999978,0],[100.082015503,-0.080666274999942,0],[100.082442679,-0.080695572999957,0],[100.083170026,-0.080773806999957,0],[100.083681187,-0.080892288999962,0],[100.083894035,-0.08094162499998,0],[100.084043758,-0.080976327999963,0],[100.084193034,-0.081015538999964,0],[100.084814794,-0.081178854999962,0],[100.084825381,-0.081181383999933,0],[100.085450651,-0.081330745999935,0],[100.08570261,-0.081350498999939,0],[100.085967336,-0.081371252999929,0],[100.086371883,-0.081378026999971,0],[100.086675294,-0.081411941999932,0],[100.086922732,-0.08145822399996,0],[100.087025901,-0.081477520999954,0],[100.087069915,-0.081477069999949,0],[100.087273946,-0.081474975999924,0],[100.087449248,-0.081461402999935,0],[100.08759519,-0.081460607999929,0],[100.087638644,-0.081495224999969,0],[100.087693626,-0.081509866999966,0],[100.087700205,-0.081511619999958,0],[100.08773008,-0.081515262999972,0],[100.087777109,-0.081524384999966,0],[100.08779906,-0.081528642999956,0],[100.087855588,-0.081540915999938,0],[100.088488831,-0.081375836999939,0],[100.089671268,-0.081186765999973,0],[100.090707882,-0.081007765999971,0],[100.092040017,-0.080777736999949,0],[100.092121349,-0.081346520999944,0],[100.09226282,-0.082135121999954,0],[100.092426442,-0.083201962999965,0],[100.092613443,-0.083484493999947,0],[100.092832119,-0.083751931999927,0],[100.093164033,-0.084061609999935,0],[100.093560797,-0.084290512999928,0],[100.093958451,-0.084411331999945,0],[100.094217695,-0.084402258999944,0],[100.094909764,-0.084309313999938,0],[100.095095049,-0.084278320999942,0],[100.095266668,-0.084275760999958,0],[100.09548759,-0.084298418999936,0],[100.095922676,-0.084497855999928,0],[100.096543485,-0.084842957999967,0],[100.096872999,-0.085092259999954,0],[100.097646845,-0.085228040999937,0],[100.098297818,-0.084688817999961,0],[100.098460307,-0.084819048999975,0],[100.098954551,-0.085224204999975,0],[100.099499479,-0.085292183999968,0],[100.100019061,-0.085453885999925,0],[100.101106118,-0.085689268999943,0],[100.102007195,-0.084844793999935,0],[100.102455499,-0.08441505899998,0],[100.103136591,-0.083747120999931,0],[100.104223905,-0.08439565499998,0],[100.10489385,-0.084841168999958,0],[100.106129301,-0.085662744999979,0],[100.108096835,-0.085931304999974,0],[100.108240277,-0.085978521999948,0],[100.108455331,-0.086184283999955,0],[100.10864148,-0.086562028999936,0],[100.108746915,-0.08677107099993,0],[100.108983249,-0.08723964099994,0],[100.109237668,-0.087651928999946,0],[100.109376563,-0.08780272499996,0],[100.109814345,-0.088208187999953,0],[100.110535419,-0.088917159999937,0],[100.110549559,-0.089348320999932,0],[100.110199139,-0.089967574999946,0],[100.110558542,-0.089994700999966,0],[100.111301275,-0.090323382999941,0],[100.11188053,-0.090585037999972,0],[100.11254004,-0.090882943999929,0],[100.112668258,-0.090930483999955,0],[100.112684056,-0.090936340999974,0],[100.113218153,-0.091134364999959,0],[100.113543841,-0.09182373699997,0],[100.114197583,-0.093051998999954,0],[100.11469318,-0.093466611999929,0],[100.115772688,-0.094200357999966,0],[100.11706388,-0.095177619999959,0],[100.117020864,-0.095440519999954,0],[100.117045986,-0.09606582899994,0],[100.117046922,-0.096089114999927,0],[100.117301156,-0.096778097999959,0],[100.117613699,-0.097478060999947,0],[100.117854647,-0.097764629999972,0],[100.118518364,-0.097773675999974,0],[100.119103174,-0.097621680999964,0],[100.119669221,-0.097455554999954,0],[100.11983636,-0.097409398999957,0],[100.120319522,-0.097275973999956,0],[100.120694938,-0.096795275999966,0],[100.120900537,-0.096633831999952,0],[100.121112937,-0.09596490399997,0],[100.121397543,-0.095204013999933,0],[100.122248203,-0.093920116999925,0],[100.122464175,-0.093721160999962,0],[100.122540685,-0.093779816999927,0],[100.122607094,-0.093830729999979,0],[100.122706619,-0.093907030999958,0],[100.122771082,-0.093956449999951,0],[100.122837691,-0.09397918999997,0],[100.123105614,-0.094070655999928,0],[100.123383243,-0.094200210999929,0],[100.123517808,-0.094263004999959,0],[100.124241619,-0.094566477999933,0],[100.124516412,-0.094614558999979,0],[100.124612379,-0.094645798999977,0],[100.124908482,-0.09474218899993,0],[100.124922629,-0.094746793999946,0],[100.124972512,-0.09477293599997,0],[100.125209371,-0.094897067999966,0],[100.125318512,-0.094967125999972,0],[100.125536448,-0.095107018999954,0],[100.125555854,-0.095119475999979,0],[100.125826603,-0.095320706999928,0],[100.126081554,-0.095510195999964,0],[100.126203201,-0.095590132999973,0],[100.126666992,-0.095894899999962,0],[100.126802574,-0.095948494999959,0],[100.126811717,-0.095952108999938,0],[100.126834258,-0.095961018999958,0],[100.126863812,-0.095961637999949,0],[100.126941745,-0.095963268999924,0],[100.127081348,-0.095966190999945,0],[100.127120995,-0.095967021999968,0],[100.127146532,-0.095953494999947,0],[100.127184106,-0.095933592999927,0],[100.127234494,-0.095906903999946,0],[100.12751767,-0.095730886999945,0],[100.127640699,-0.095654414999956,0],[100.127987169,-0.095486086999927,0],[100.128061,-0.095462694999981,0],[100.128309745,-0.095383882999954,0],[100.12842044,-0.095297697999968,0],[100.128526528,-0.095215101999941,0],[100.128580476,-0.095173098999965,0],[100.128723839,-0.094992753999975,0],[100.128897073,-0.094872520999957,0],[100.128980704,-0.094836450999935,0],[100.129014676,-0.094832579999945,0],[100.129258164,-0.094804833999945,0],[100.129297309,-0.094800371999952,0],[100.129482494,-0.094812389999959,0],[100.129832742,-0.09490455699995,0],[100.129870788,-0.094914568999968,0],[100.129871887,-0.094915020999963,0],[100.130133636,-0.095022764999953,0],[100.130432325,-0.095155003999935,0],[100.1305518,-0.09517303399997,0],[100.130790748,-0.095148980999966,0],[100.131167424,-0.094975430999966,0],[100.131223269,-0.094949700999962,0],[100.131563765,-0.09477536199995,0],[100.131719077,-0.094703219999928,0],[100.131742448,-0.094690258999947,0],[100.131920346,-0.094591609999952,0],[100.132011784,-0.094540904999974,0],[100.132202942,-0.094522865999977,0],[100.132265726,-0.094521132999944,0],[100.132333148,-0.094519271999957,0],[100.132639023,-0.094510827999954,0],[100.132701092,-0.09452291499997,0],[100.132824208,-0.094546889999947,0],[100.132850889,-0.094559046999962,0],[100.13296865,-0.094612703999928,0],[100.133140819,-0.09469115099995,0],[100.133445483,-0.09484142499997,0],[100.133512933,-0.094837650999978,0],[100.133553009,-0.094835408999927,0],[100.133690403,-0.094811358999948,0],[100.13381585,-0.094745230999933,0],[100.133911421,-0.094552864999969,0],[100.133920024,-0.094536139999946,0],[100.133973813,-0.094431568999937,0],[100.133986373,-0.094407151999974,0],[100.13402693,-0.094328305999966,0],[100.134153629,-0.094081992999975,0],[100.134225309,-0.093943728999932,0],[100.134308936,-0.093817488999946,0],[100.134371715,-0.093747862999976,0],[100.134392736,-0.09372455099998,0],[100.134451855,-0.093705682999939,0],[100.134558561,-0.093701328999941,0],[100.134611914,-0.093714385999931,0],[100.134722945,-0.093762267999978,0],[100.134808399,-0.093831554999952,0],[100.134884744,-0.093893457999968,0],[100.134903946,-0.093909027999928,0],[100.135067729,-0.094148107999956,0],[100.135105049,-0.094269234999956,0],[100.135181995,-0.094518973999925,0],[100.135282559,-0.094845369999973,0],[100.135354476,-0.09505889899998,0],[100.135363161,-0.09508468599995,0],[100.135423281,-0.095263184999965,0],[100.135495978,-0.095661323999934,0],[100.135606536,-0.096266812999943,0],[100.135687629,-0.096572260999949,0],[100.135836775,-0.097134042999926,0],[100.135899951,-0.097322418999966,0],[100.135951579,-0.097476360999963,0],[100.136034199,-0.097722714999975,0],[100.136089357,-0.097815215999958,0],[100.136264752,-0.098109359999967,0],[100.136270049,-0.098118242999931,0],[100.136274043,-0.098124094999946,0],[100.136482373,-0.098429340999928,0],[100.136491185,-0.098442251999927,0],[100.136505898,-0.098463807999963,0],[100.136550107,-0.098509270999955,0],[100.136882422,-0.098851002999936,0],[100.137379893,-0.09921404399995,0],[100.137546008,-0.099335269999926,0],[100.13755899,-0.099348563999968,0],[100.137696601,-0.099489481999967,0],[100.138013561,-0.099814059999972,0],[100.138411632,-0.100214745999949,0],[100.13842401,-0.100221906999934,0],[100.138577135,-0.100310500999967,0],[100.1388047,-0.100427072999935,0],[100.138978478,-0.100531155999931,0],[100.139086057,-0.100664384999959,0],[100.139152263,-0.100839251999957,0],[100.139153034,-0.100842014999955,0],[100.139293433,-0.101344777999941,0],[100.13950446,-0.101736142999926,0],[100.1395454,-0.101788221999925,0],[100.139636374,-0.101903948999961,0],[100.139914548,-0.102257806999944,0],[100.140212456,-0.102503442999932,0],[100.140595197,-0.102742362999948,0],[100.140659313,-0.102782385999944,0],[100.140706116,-0.102799803999972,0],[100.140886646,-0.10286698799996,0],[100.140961354,-0.102894790999926,0],[100.14132959,-0.102919757999928,0],[100.14145896,-0.102912753999931,0],[100.141714376,-0.102898926999956,0],[100.142053647,-0.102832297999953,0],[100.1421526,-0.102803549999976,0],[100.142210944,-0.102786599999945,0],[100.142228427,-0.10278152099994,0],[100.142454978,-0.10271570499998,0],[100.14290734,-0.102496207999934,0],[100.142918368,-0.102490856999964,0],[100.142957253,-0.102462432999971,0],[100.143311418,-0.102203558999975,0],[100.143629997,-0.102041168999961,0],[100.143785984,-0.101986440999951,0],[100.143820928,-0.101974180999946,0],[100.144080978,-0.101882940999928,0],[100.144254211,-0.101821679999944,0],[100.144426188,-0.101729499999976,0],[100.144441223,-0.101721440999938,0],[100.144607459,-0.10152794499993,0],[100.144609938,-0.101525057999936,0],[100.144693276,-0.101340952999976,0],[100.144725795,-0.10117116999993,0],[100.144872555,-0.100816318999932,0],[100.144911175,-0.100767223999981,0],[100.144974189,-0.100703806999945,0],[100.145053467,-0.100689486999954,0],[100.14518763,-0.100675162999948,0],[100.145354318,-0.100683338999943,0],[100.145466122,-0.100738563999926,0],[100.145653143,-0.100822428999948,0],[100.145870977,-0.100911322999934,0],[100.146240742,-0.101062215999946,0],[100.14631797,-0.101093730999935,0],[100.146345581,-0.101104998999972,0],[100.146522436,-0.10120318099996,0],[100.146746046,-0.101315678999924,0],[100.146855143,-0.101395658999934,0],[100.146888344,-0.101419998999972,0],[100.147258321,-0.101724776999959,0],[100.147649598,-0.101999792999948,0],[100.147655309,-0.102003463999949,0],[100.147882243,-0.102149296999926,0],[100.147891505,-0.102155247999974,0],[100.147918068,-0.102166918999956,0],[100.148180165,-0.102282063999951,0],[100.148406423,-0.102375797999969,0],[100.148868035,-0.102567034999936,0],[100.149249087,-0.102792400999931,0],[100.14942076,-0.102873344999978,0],[100.149669878,-0.102990806999969,0],[100.149793865,-0.103023390999965,0],[100.149942273,-0.10306239199997,0],[100.150163848,-0.10311352399998,0],[100.150348832,-0.103123744999948,0],[100.150865155,-0.103068495999935,0],[100.151364285,-0.102937487999952,0],[100.151604151,-0.102865884999972,0],[100.151755068,-0.102810062999936,0],[100.15184198,-0.10277791599998,0],[100.152064627,-0.102680107999959,0],[100.152098108,-0.102665399999978,0],[100.152152747,-0.102617358999964,0],[100.152291214,-0.102495610999938,0],[100.152498548,-0.102241951999929,0],[100.152522465,-0.102221348999933,0],[100.152578758,-0.10217285899995,0],[100.15261543,-0.102141269999947,0],[100.152753656,-0.102079896999953,0],[100.152861393,-0.102081937999969,0],[100.153038246,-0.102135116999932,0],[100.153341135,-0.102257839999936,0],[100.153612328,-0.10242270599997,0],[100.153633859,-0.102435794999963,0],[100.153811326,-0.102540184999953,0],[100.153890604,-0.102603594999948,0],[100.153937362,-0.102699734999931,0],[100.153923136,-0.10278769599995,0],[100.153876385,-0.102881792999938,0],[100.153711345,-0.103026401999955,0],[100.153583472,-0.103138444999956,0],[100.153509107,-0.103200287999925,0],[100.153245626,-0.10341940099994,0],[100.153244008,-0.103420745999927,0],[100.152999826,-0.103673091999951,0],[100.152958989,-0.103739874999974,0],[100.152924655,-0.103796024999951,0],[100.152918521,-0.103806056999929,0],[100.152918221,-0.103808974999936,0],[100.152906327,-0.103924699999936,0],[100.152936823,-0.104020841999954,0],[100.153018141,-0.104241760999969,0],[100.153738306,-0.105022190999932,0],[100.153941926,-0.105250155999954,0],[100.154102754,-0.105430210999941,0],[100.154151403,-0.105495829999938,0],[100.154216733,-0.105583946999957,0],[100.154460684,-0.106044191999956,0],[100.15470122,-0.106429913999932,0],[100.154782533,-0.106515823999928,0],[100.154886207,-0.106585370999937,0],[100.154993945,-0.106603775999929,0],[100.155078198,-0.106603772999961,0],[100.155134207,-0.106603770999925,0],[100.15521755,-0.106587403999924,0],[100.155319186,-0.10653012399996,0],[100.155404559,-0.106442160999961,0],[100.155430578,-0.106380848999947,0],[100.155468846,-0.106290671999943,0],[100.155487896,-0.106245781999974,0],[100.155563267,-0.105895088999944,0],[100.155601879,-0.105641436999974,0],[100.15563299,-0.105531846999952,0],[100.155634399,-0.105526882999925,0],[100.155644602,-0.105510452999965,0],[100.155653718,-0.105495774999952,0],[100.155659807,-0.10548597099995,0],[100.155671224,-0.105467587999954,0],[100.155705542,-0.105412327999943,0],[100.155801082,-0.105353002999948,0],[100.155953539,-0.105367315999956,0],[100.155968899,-0.105372215999978,0],[100.156120229,-0.105420494999976,0],[100.156212081,-0.105495753999946,0],[100.15622556,-0.105506797999965,0],[100.156262527,-0.105537086999959,0],[100.1563612,-0.105633094999973,0],[100.15677371,-0.106034460999979,0],[100.156790264,-0.106050566999954,0],[100.157082993,-0.106349210999952,0],[100.157241555,-0.106473983999933,0],[100.157363717,-0.106543190999957,0],[100.15748346,-0.106611027999975,0],[100.157506815,-0.106618904999948,0],[100.15784733,-0.106733747999954,0],[100.157932875,-0.106759734999969,0],[100.15843594,-0.106912552999972,0],[100.158858764,-0.10708027499993,0],[100.159336473,-0.107295040999929,0],[100.159622862,-0.107413618999942,0],[100.159795887,-0.107485259999976,0],[100.16011255,-0.107602747999977,0],[100.160121154,-0.107604598999956,0],[100.160136783,-0.107607961999975,0],[100.160464222,-0.107678419999957,0],[100.160700455,-0.107681758999945,0],[100.160752877,-0.107682499999953,0],[100.160935081,-0.10768249299997,0],[100.160964284,-0.107682491999924,0],[100.160994067,-0.107678174999933,0],[100.161084754,-0.107665029999964,0],[100.161236224,-0.107643074999942,0],[100.161472474,-0.107608831999926,0],[100.161537559,-0.107587442999943,0],[100.161771286,-0.107510632999947,0],[100.162003014,-0.107310157999962,0],[100.162089157,-0.107153463999964,0],[100.162111475,-0.107112867999945,0],[100.162152126,-0.106965583999965,0],[100.16215212,-0.106822241999964,0],[100.162152118,-0.106769208999935,0],[100.16214672,-0.10638892399993,0],[100.162141927,-0.106051216999958,0],[100.162084929,-0.105804292999949,0],[100.162073003,-0.105760866999958,0],[100.162042234,-0.10564882999995,0],[100.162015804,-0.10548109399997,0],[100.162001556,-0.104973794999978,0],[100.162007477,-0.10436311899997,0],[100.162007641,-0.104346204999956,0],[100.162011761,-0.103921344999947,0],[100.162034168,-0.103794252999933,0],[100.162066854,-0.103608855999937,0],[100.162125423,-0.103435485999967,0],[100.162135961,-0.103404294999962,0],[100.162171182,-0.103363856999977,0],[100.162276462,-0.103242984999952,0],[100.162280282,-0.103238598999951,0],[100.162475423,-0.103091310999957,0],[100.162559237,-0.103050932999963,0],[100.162894751,-0.102889295999944,0],[100.163126408,-0.10277769299995,0],[100.16327837,-0.102698455999928,0],[100.163330218,-0.102671420999968,0],[100.163627901,-0.102516200999958,0],[100.164033658,-0.102304627999956,0],[100.164129241,-0.102257307999935,0],[100.165130258,-0.101761738999926,0],[100.166388647,-0.101226985999972,0],[100.167028462,-0.100897183999962,0],[100.16723133,-0.100776780999979,0],[100.167304153,-0.100708727999972,0],[100.167423791,-0.100562154999977,0],[100.16763706,-0.100357996999946,0],[100.167733129,-0.100252108999939,0],[100.167832206,-0.100142904999927,0],[100.167855529,-0.100117197999964,0],[100.16793355,-0.099970627999937,0],[100.167949151,-0.099829292999971,0],[100.167947254,-0.099800035999976,0],[100.167943169,-0.099737041999958,0],[100.167940871,-0.099701603999961,0],[100.167936344,-0.099631795999926,0],[100.167933537,-0.099588500999971,0],[100.167932122,-0.099521052999933,0],[100.167926368,-0.099246873999959,0],[100.167923797,-0.099124384999925,0],[100.167927938,-0.099083391999955,0],[100.167954997,-0.098815540999965,0],[100.167982509,-0.098724922999963,0],[100.168012211,-0.098627094999927,0],[100.168114815,-0.098494333999952,0],[100.168121444,-0.098485756999935,0],[100.1681408,-0.098467900999935,0],[100.168246286,-0.098370589999945,0],[100.168325346,-0.098360079999964,0],[100.168521982,-0.098333938999929,0],[100.168813322,-0.098333569999966,0],[100.168912101,-0.09833344499998,0],[100.169090893,-0.098333218999926,0],[100.169400183,-0.098337002999926,0],[100.169517445,-0.098338436999938,0],[100.169662393,-0.098321178999925,0],[100.169757518,-0.098309852999932,0],[100.170001214,-0.098280838999926,0],[100.170563009,-0.098170893999963,0],[100.170677532,-0.098129162999953,0],[100.170720246,-0.098113597999941,0],[100.170864713,-0.098060955999927,0],[100.170984351,-0.097971964999942,0],[100.171007405,-0.09795042099995,0],[100.171057174,-0.097903911999936,0],[100.171162224,-0.097751206999931,0],[100.171197617,-0.097699757999976,0],[100.171228823,-0.097563657999956,0],[100.171234015,-0.097286222999969,0],[100.171202797,-0.097071606999975,0],[100.171197239,-0.097029914999951,0],[100.171193374,-0.097000918999925,0],[100.171157741,-0.096733622999977,0],[100.171157733,-0.096519005999937,0],[100.171182146,-0.096194036999975,0],[100.171195119,-0.096021358999963,0],[100.17120453,-0.095896086999971,0],[100.171239271,-0.095682782999972,0],[100.171256536,-0.095576775999973,0],[100.171283482,-0.095537190999949,0],[100.171323782,-0.095477987999971,0],[100.171358587,-0.095430703999966,0],[100.171374894,-0.095408548999956,0],[100.171495689,-0.095345513999973,0],[100.1715129,-0.095336533999955,0],[100.171878364,-0.095236219999947,0],[100.171879777,-0.095235846999969,0],[100.172308093,-0.095122621999963,0],[100.172953034,-0.094952131999946,0],[100.172966533,-0.094948562999946,0],[100.173300075,-0.09486957699994,0],[100.173459816,-0.094845931999942,0],[100.173522435,-0.094836662999967,0],[100.173595404,-0.094831319999969,0],[100.173882138,-0.094810325999958,0],[100.17419606,-0.094797151999956,0],[100.174348243,-0.094768787999953,0],[100.174372641,-0.09476424099995,0],[100.17450344,-0.094658935999973,0],[100.174542337,-0.094605698999942,0],[100.174620174,-0.094499166999924,0],[100.174632801,-0.094481884999936,0],[100.174666934,-0.094435167999961,0],[100.174710758,-0.09427197499997,0],[100.174732326,-0.094191660999968,0],[100.174732319,-0.09396789799996,0],[100.174736843,-0.093593511999927,0],[100.174738411,-0.093463714999928,0],[100.17473884,-0.093428235999966,0],[100.17477041,-0.093296253999938,0],[100.174823848,-0.093072846999974,0],[100.174824208,-0.093071957999939,0],[100.175187906,-0.092174386999943,0],[100.175374677,-0.091713453999944,0],[100.175493537,-0.091556062999928,0],[100.175623188,-0.09138438399998,0],[100.175674601,-0.091319710999926,0],[100.175701666,-0.09128566399994,0],[100.175772113,-0.091276799999946,0],[100.175963267,-0.091252747999931,0],[100.176126769,-0.091265904999943,0],[100.176428988,-0.091393429999926,0],[100.176532257,-0.091437004999932,0],[100.176651781,-0.091509994999967,0],[100.176799901,-0.091600446999962,0],[100.177123593,-0.091798116999939,0],[100.177480585,-0.092016120999972,0],[100.177485155,-0.092019839999978,0],[100.178071719,-0.092497205999962,0],[100.178235226,-0.092681474999949,0],[100.178562242,-0.093082917999936,0],[100.178989167,-0.093557321999924,0],[100.179146253,-0.093705709999938,0],[100.17929911,-0.093850101999976,0],[100.179309639,-0.093860047999954,0],[100.179314136,-0.093862642999966,0],[100.179754371,-0.094116700999962,0],[100.180094458,-0.094235151999953,0],[100.180431815,-0.094265450999956,0],[100.180460702,-0.094268044999978,0],[100.18052972,-0.094259707999925,0],[100.180787703,-0.094228546999943,0],[100.181049302,-0.094142981999937,0],[100.181330518,-0.093965279999964,0],[100.181454845,-0.093831819999934,0],[100.181526712,-0.093754673999968,0],[100.181541438,-0.093731910999963,0],[100.181867984,-0.093227154999965,0],[100.182109952,-0.092852017999974,0],[100.182312687,-0.092595342999971,0],[100.182374485,-0.092549338999959,0],[100.182489978,-0.092463362999979,0],[100.182604554,-0.092420655999945,0],[100.182750243,-0.092366351999942,0],[100.182925982,-0.09232454499994,0],[100.182926966,-0.09232431099997,0],[100.18306192,-0.092301672999952,0],[100.183251497,-0.092301666999958,0],[100.183486061,-0.092350159999967,0],[100.183608948,-0.092424742999924,0],[100.183630178,-0.092437627999971,0],[100.183688496,-0.092473021999979,0],[100.183788627,-0.092573434999963,0],[100.183911746,-0.092696899999964,0],[100.183925015,-0.092710206999925,0],[100.18401778,-0.092803232999927,0],[100.184297341,-0.093207400999972,0],[100.184583933,-0.093612820999965,0],[100.184776732,-0.093819751999945,0],[100.184947035,-0.093971716999931,0],[100.185123764,-0.094068713999945,0],[100.185265145,-0.094104275999939,0],[100.185380819,-0.094104271999925,0],[100.185454721,-0.094088102999933,0],[100.185625018,-0.094020194999928,0],[100.185984887,-0.093835877999936,0],[100.18625237,-0.093703460999961,0],[100.186554622,-0.093553831999941,0],[100.186692785,-0.093434191999961,0],[100.186708457,-0.093420118999973,0],[100.18685106,-0.093292062999978,0],[100.186901636,-0.093246645999955,0],[100.187059077,-0.093107604999943,0],[100.187227312,-0.09298998099996,0],[100.187364322,-0.092894187999946,0],[100.18752209,-0.092804139999942,0],[100.187750462,-0.09267379299996,0],[100.187920757,-0.092547683999953,0],[100.187938825,-0.092525221999949,0],[100.187948274,-0.092513474999976,0],[100.187975378,-0.092479780999952,0],[100.187995148,-0.092439991999925,0],[100.187997871,-0.092434510999965,0],[100.188127278,-0.092452912999931,0],[100.188140024,-0.092454726999961,0],[100.188164349,-0.092458185999931,0],[100.188257204,-0.092490349999935,0],[100.188296263,-0.092512185999965,0],[100.188394205,-0.092566936999958,0],[100.18842705,-0.092594273999964,0],[100.188517509,-0.092669562999959,0],[100.18865299,-0.092845713999964,0],[100.188698861,-0.092925879999939,0],[100.188850367,-0.093190654999944,0],[100.188976998,-0.093396482999935,0],[100.189069533,-0.09352389999998,0],[100.189070212,-0.093524765999973,0],[100.189141456,-0.093615686999954,0],[100.189164599,-0.093645220999974,0],[100.189169376,-0.093651316999967,0],[100.189278957,-0.093754229999945,0],[100.18936175,-0.093803234999939,0],[100.189481069,-0.093839985999978,0],[100.189597952,-0.093842432999963,0],[100.189812237,-0.09381302099996,0],[100.189886657,-0.093777544999966,0],[100.190043565,-0.093702743999927,0],[100.190304112,-0.093577766999942,0],[100.19050593,-0.09351208399994,0],[100.190624323,-0.093505809999954,0],[100.190724027,-0.093549699999926,0],[100.190731174,-0.093555453999954,0],[100.190733983,-0.093557714999974,0],[100.190769948,-0.093586665999965,0],[100.190786341,-0.093599861999962,0],[100.190788921,-0.093610246999958,0],[100.19081127,-0.093700189999936,0],[100.190813853,-0.093761212999937,0],[100.190823744,-0.093994904999931,0],[100.190761451,-0.094672126999967,0],[100.190761459,-0.094897866999929,0],[100.190777364,-0.094987018999973,0],[100.190805088,-0.095142417999966,0],[100.190846839,-0.095336700999951,0],[100.190854946,-0.095374424999932,0],[100.190910839,-0.09556656999996,0],[100.190929731,-0.095631515999969,0],[100.190954972,-0.095665705999977,0],[100.191091752,-0.09585097799993,0],[100.19140426,-0.096183574999941,0],[100.191415793,-0.096195848999969,0],[100.191473351,-0.096240630999944,0],[100.191847366,-0.096531622999976,0],[100.192140249,-0.096870222999939,0],[100.192158314,-0.096900984999934,0],[100.192380222,-0.097278854999956,0],[100.192464297,-0.097422018999964,0],[100.192676772,-0.097826497999961,0],[100.19269487,-0.097860948999937,0],[100.192786833,-0.098015171999975,0],[100.192863126,-0.098143117999939,0],[100.193028684,-0.098312899999939,0],[100.193158383,-0.098445906999928,0],[100.193211476,-0.098500353999952,0],[100.193421357,-0.098657707999962,0],[100.193434237,-0.098667364999926,0],[100.19345294,-0.098676774999944,0],[100.193570647,-0.098735993999981,0],[100.193608948,-0.09875526299993,0],[100.193668127,-0.098770836999961,0],[100.193892855,-0.098829973999955,0],[100.194242276,-0.098900283999967,0],[100.194478103,-0.098931916999959,0],[100.194504341,-0.098935436999966,0],[100.19453385,-0.098936296999966,0],[100.194805717,-0.098944216999939,0],[100.1948469,-0.098943721999945,0],[100.195172606,-0.098939807999955,0],[100.195565702,-0.09896176999996,0],[100.195722943,-0.099027692999925,0],[100.195724401,-0.099028557999929,0],[100.195967542,-0.099172726999939,0],[100.196095934,-0.099297286999956,0],[100.196126396,-0.09941988099996,0],[100.196130881,-0.099437932999933,0],[100.196130888,-0.099600557999963,0],[100.196118485,-0.099718752999934,0],[100.196065393,-0.100224682999965,0],[100.196042385,-0.10076685699994,0],[100.196043064,-0.100814555999932,0],[100.196048424,-0.10119108799995,0],[100.196049391,-0.101259026999969,0],[100.196054846,-0.101322809999942,0],[100.196092863,-0.101767346999964,0],[100.196105312,-0.101912908999964,0],[100.19613354,-0.102167488999953,0],[100.196196429,-0.102329199999929,0],[100.19622616,-0.102343159999975,0],[100.196301235,-0.10237841199995,0],[100.196315874,-0.102381443999946,0],[100.196318279,-0.102392112999951,0],[100.196471256,-0.102651158999947,0],[100.196621038,-0.103009960999941,0],[100.196702808,-0.103123878999952,0],[100.196901228,-0.103358193999952,0],[100.197101214,-0.103461209999978,0],[100.197210564,-0.103481017999968,0],[100.197314315,-0.103443305999974,0],[100.197430557,-0.103362071999925,0],[100.197488763,-0.103275331999953,0],[100.197542941,-0.103168344999972,0],[100.197575547,-0.103047936999928,0],[100.197595244,-0.102889438999966,0],[100.197616011,-0.102787860999968,0],[100.197646545,-0.102676911999936,0],[100.197660334,-0.102578840999968,0],[100.197673206,-0.102499043999956,0],[100.197717534,-0.102409887999954,0],[100.197803474,-0.102253917999974,0],[100.197855683,-0.102143958999932,0],[100.197937445,-0.102068669999937,0],[100.19801724,-0.102040927999951,0],[100.198107873,-0.102060737999977,0],[100.19818964,-0.102100358999962,0],[100.198275097,-0.102194211999972,0],[100.198370088,-0.102399653999953,0],[100.198523706,-0.10281587399993,0],[100.198558178,-0.103131514999973,0],[100.198535479,-0.103680871999927,0],[100.198538753,-0.104067672999975,0],[100.198563481,-0.104259624999941,0],[100.198597449,-0.104523307999955,0],[100.198695384,-0.104767726999967,0],[100.199116224,-0.105477700999927,0],[100.199373769,-0.105920216999948,0],[100.199693641,-0.10637442999996,0],[100.199967484,-0.106803833999948,0],[100.199977917,-0.107624166999926,0],[100.200828194,-0.109450082999956,0],[100.202118111,-0.111804805999952,0],[100.202119376,-0.111802628999953,0],[100.203185,-0.109969027999966,0],[100.203090222,-0.108664942999951,0],[100.202703579,-0.107832167999959,0],[100.202418083,-0.107217249999962,0],[100.20241808,-0.107217200999969,0],[100.202406273,-0.106993531999933,0],[100.202406151,-0.106991225999934,0],[100.202381506,-0.106524371999967,0],[100.202310167,-0.105173,0],[100.202292968,-0.104319114999953,0],[100.202267577,-0.103058481999938,0],[100.202265167,-0.102938805999941,0],[100.202363944,-0.101509638999971,0],[100.20182475,-0.098271442999931,0],[100.202954966,-0.097510592999924,0],[100.203343139,-0.097249277999936,0],[100.203989944,-0.094725610999944,0],[100.204193043,-0.093806817999962,0],[100.204627778,-0.091840138999942,0],[100.204501889,-0.088873277999937,0],[100.207691389,-0.086684221999974,0],[100.208976194,-0.085707277999973,0],[100.209483166,-0.084377562999975,0],[100.209712461,-0.083776153999963,0],[100.209806908,-0.083528432999969,0],[100.210045278,-0.08290322199997,0],[100.211159306,-0.080171499999949,0],[100.211777325,-0.077312861999928,0],[100.211897308,-0.076757881999924,0],[100.212204257,-0.075338096999928,0],[100.212571359,-0.074313132999976,0],[100.212736175,-0.073728848999963,0],[100.212903341,-0.073238488999948,0],[100.212954531,-0.072905722999963,0],[100.212958906,-0.072805399999936,0],[100.212962667,-0.072710919999963,0],[100.213059059,-0.070289317999936,0],[100.21306665,-0.070046588999958,0],[100.213198423,-0.070052313999952,0],[100.213331608,-0.070052308999948,0],[100.213419645,-0.070050037999977,0],[100.213518968,-0.070043225999939,0],[100.213647639,-0.070047761999945,0],[100.213765022,-0.070084077999979,0],[100.213929812,-0.070106772999964,0],[100.214067508,-0.070056830999931,0],[100.214244312,-0.069901653999977,0],[100.214357177,-0.069790424999951,0],[100.214440697,-0.069706435999933,0],[100.214535506,-0.069640604999961,0],[100.214655143,-0.06957250499994,0],[100.214740924,-0.069556612999975,0],[100.214865078,-0.069574768999928,0],[100.214980205,-0.069606544999942,0],[100.215240925,-0.069681478999939,0],[100.215387655,-0.069731411999953,0],[100.215479405,-0.069771358999958,0],[100.215576871,-0.069780929999979,0],[100.215690182,-0.069793252999943,0],[100.215788443,-0.069780924999975,0],[100.215881154,-0.069773742999928,0],[100.21592265,-0.069735938999941,0],[100.215970053,-0.069676919999949,0],[100.21601294,-0.069570232999979,0],[100.216051651,-0.069513724999979,0],[100.216082916,-0.069468084999926,0],[100.216215013,-0.069387752999944,0],[100.216463319,-0.069247011999948,0],[100.216668737,-0.069174368999938,0],[100.216786119,-0.069149397999979,0],[100.216944135,-0.069174361999956,0],[100.217093121,-0.06920159799995,0],[100.21721502,-0.069203863999974,0],[100.217344782,-0.069137932999979,0],[100.217457649,-0.069087991999936,0],[100.217581804,-0.069067558999961,0],[100.217751107,-0.069115222999926,0],[100.21804231,-0.069235520999939,0],[100.218453152,-0.069319496999924,0],[100.218663086,-0.069314951999957,0],[100.218877535,-0.069294515999957,0],[100.219003131,-0.069239331999938,0],[100.219138571,-0.069146262999936,0],[100.219267238,-0.069021413999963,0],[100.219427799,-0.068870539999978,0],[100.219556175,-0.068798954999977,0],[100.219641953,-0.068771713999979,0],[100.219754821,-0.068753551999976,0],[100.219985375,-0.068768386999977,0],[100.221089692,-0.06894417999996,0],[100.223318178,-0.069060389999947,0],[100.224442773,-0.069196987999931,0],[100.226257594,-0.069417422999948,0],[100.226607876,-0.069447099999934,0],[100.227487084,-0.06952158799993,0],[100.229118239,-0.070739003999961,0],[100.230003343,-0.071435421999979,0],[100.23011379,-0.07152354699997,0],[100.231152905,-0.072352642999931,0],[100.233438571,-0.073678851999944,0],[100.234066891,-0.074050544999977,0],[100.234699992,-0.074425065999947,0],[100.234951995,-0.07457414299995,0],[100.23524099,-0.074731417999942,0],[100.235488561,-0.074868992999939,0],[100.235542494,-0.074894299999926,0],[100.235607217,-0.074932261999948,0],[100.235661151,-0.074932260999958,0],[100.235715084,-0.074910564999925,0],[100.235763624,-0.074906947999978,0],[100.235830143,-0.074937678999959,0],[100.236002733,-0.074968405999925,0],[100.236211277,-0.074964784999963,0],[100.236356898,-0.074946701999977,0],[100.236450383,-0.074932237999974,0],[100.236542071,-0.074966582999934,0],[100.236641535,-0.075052490999951,0],[100.236711651,-0.075133840999968,0],[100.236761993,-0.07524049899996,0],[100.236842897,-0.075361618999978,0],[100.23697234,-0.075455620999946,0],[100.237202462,-0.075596620999931,0],[100.237363913,-0.075655556999948,0],[100.237504816,-0.075705141999947,0],[100.237717344,-0.075771255999939,0],[100.2378512,-0.075794865999967,0],[100.238029057,-0.075768650999976,0],[100.238171131,-0.075697804999947,0],[100.238307333,-0.075617512999941,0],[100.238432966,-0.075511245999962,0],[100.238567013,-0.075335355999925,0],[100.238627794,-0.075233797999942,0],[100.23876432,-0.075104967999948,0],[100.238848332,-0.075067464999961,0],[100.23894365,-0.075056679999932,0],[100.239059224,-0.075080637999974,0],[100.239130713,-0.075121370999966,0],[100.239167652,-0.075208832999976,0],[100.239224845,-0.075291499999935,0],[100.239307059,-0.075347807999947,0],[100.239371399,-0.075353796999934,0],[100.239400804,-0.07533456699997,0],[100.239497949,-0.075244203999944,0],[100.239631522,-0.075178262999941,0],[100.239801527,-0.075144067999929,0],[100.239944817,-0.075114758999973,0],[100.240071105,-0.075078121999979,0],[100.240238679,-0.074990199999945,0],[100.240350394,-0.074877857999979,0],[100.240474251,-0.074741093999933,0],[100.240647956,-0.07454439199995,0],[100.24069456,-0.074476695999977,0],[100.240751519,-0.074332627999979,0],[100.240794667,-0.074157315999969,0],[100.240851767,-0.073953442999937,0],[100.240919255,-0.073691060999977,0],[100.241276394,-0.073743406999938,0],[100.241382183,-0.073757218999958,0],[100.241542223,-0.073778114999925,0],[100.241592282,-0.073824977999948,0],[100.241694491,-0.07389638799998,0],[100.241774237,-0.073932161999949,0],[100.241834354,-0.073940794999942,0],[100.241934954,-0.07391858699998,0],[100.242114075,-0.073912413999949,0],[100.242221164,-0.073927411999932,0],[100.24231318,-0.073995260999936,0],[100.242385566,-0.074021166999955,0],[100.242484303,-0.074015986999939,0],[100.242760343,-0.073957995999933,0],[100.242844996,-0.073954291999939,0],[100.243208673,-0.074023659999966,0],[100.243498213,-0.074130981999929,0],[100.243592077,-0.074183864999952,0],[100.243692111,-0.074319654999954,0],[100.243792146,-0.074447899999939,0],[100.243882174,-0.074483102999977,0],[100.244007213,-0.074478069999941,0],[100.244189767,-0.074430285999938,0],[100.244332309,-0.074369928999943,0],[100.244505816,-0.074251326999956,0],[100.244603344,-0.074223662999941,0],[100.244673365,-0.074223660999962,0],[100.244835917,-0.07426389099993,0],[100.244910939,-0.074263888999951,0],[100.24498096,-0.074238739999942,0],[100.24505348,-0.074155753999946,0],[100.245311603,-0.073935522999932,0],[100.245431637,-0.073814814999935,0],[100.245626694,-0.073729310999965,0],[100.245776738,-0.073686556999974,0],[100.245919282,-0.07369409699993,0],[100.246109339,-0.073666429999946,0],[100.246311897,-0.073523088999934,0],[100.246510164,-0.073292314999946,0],[100.246678383,-0.073102963999929,0],[100.24671902,-0.07298813999995,0],[100.248070892,-0.069168283999943,0],[100.248582677,-0.067846432999943,0],[100.248724318,-0.067456829999969,0],[100.24933388,-0.065780140999948,0],[100.249696994,-0.064781343999925,0],[100.250330502,-0.063543940999978,0],[100.250646002,-0.062927689999924,0],[100.251781318,-0.060448669999971,0],[100.252341347,-0.059200141999952,0],[100.252857557,-0.058049303999951,0],[100.253470334,-0.056532087999926,0],[100.253720796,-0.056177375999937,0],[100.253964831,-0.055694168999935,0],[100.254347336,-0.054936780999924,0],[100.255228686,-0.053129140999943,0],[100.255734359,-0.052181332999965,0],[100.256132215,-0.051341024999942,0],[100.256448196,-0.050673644999961,0],[100.256774418,-0.04997620599994,0],[100.256955362,-0.049637010999959,0],[100.257163802,-0.049189328999944,0],[100.257495265,-0.04848184399998,0],[100.257647676,-0.048130639999954,0],[100.257980672,-0.047365773999957,0],[100.258156625,-0.046961624999938,0],[100.258567916,-0.046033100999978,0],[100.258824927,-0.045469794999974,0],[100.258913039,-0.045290757999965,0],[100.259031699,-0.045106141999952,0],[100.259289186,-0.044512994999934,0],[100.259677335,-0.043671085999961,0],[100.260170472,-0.042604643999937,0],[100.260521199,-0.041840986999944,0],[100.260540312,-0.041799371999957,0],[100.26096609,-0.040839293999966,0],[100.261169649,-0.040398226999969,0],[100.261323799,-0.040064217999941,0],[100.261436125,-0.03979811399995,0],[100.261490088,-0.039678158999948,0],[100.261511216,-0.039608518999955,0],[100.261578629,-0.03958195499996,0],[100.2616534,-0.039552489999949,0],[100.261716177,-0.039487645999941,0],[100.26175878,-0.039433379999934,0],[100.261817004,-0.039386254999954,0],[100.261863867,-0.039320565999958,0],[100.261909542,-0.039249777999942,0],[100.261952144,-0.039201224999942,0],[100.26203735,-0.039114113999972,0],[100.262094155,-0.039042711999969,0],[100.262223482,-0.038819266999951,0],[100.262352727,-0.038582693999956,0],[100.262426748,-0.038447203999965,0],[100.262475031,-0.038322964999963,0],[100.262510532,-0.038251561999971,0],[100.262561871,-0.038176500999953,0],[100.262615834,-0.038057972999979,0],[100.262708139,-0.037880897999969,0],[100.26280069,-0.037762989999976,0],[100.262921398,-0.037573061999979,0],[100.263053603,-0.037400929999933,0],[100.263160111,-0.037260981999964,0],[100.263206974,-0.037172442999974,0],[100.263262161,-0.036997883999959,0],[100.263334822,-0.03679978599996,0],[100.263394666,-0.036493787999973,0],[100.263430189,-0.036399609999933,0],[100.263470557,-0.036307055999941,0],[100.263473784,-0.036183650999931,0],[100.263483537,-0.036120684999958,0],[100.263523906,-0.036041120999926,0],[100.263514718,-0.035936177999929,0],[100.263531976,-0.035802429999933,0],[100.26350775,-0.035540036999976,0],[100.263502904,-0.035411761999967,0],[100.263523894,-0.035285108999972,0],[100.263603953,-0.035001835999935,0],[100.263646415,-0.034822954999925,0],[100.263705162,-0.034708671999965,0],[100.263798736,-0.034529887999952,0],[100.264506355,-0.033478988999946,0],[100.265044942,-0.03267912299998,0],[100.265277778,-0.03233333299994,0],[100.26563902,-0.032062306999933,0],[100.267952001,-0.030326966999951,0],[100.27073598,-0.031326029999946,0],[100.271547005,-0.032713974999979,0],[100.273290959,-0.035287764999964,0],[100.27481503,-0.037537043999976,0],[100.279130997,-0.038103988999978,0],[100.281435583,-0.037301415999934,0],[100.28690703,-0.035395983999933,0],[100.293997964,-0.036734992999925,0],[100.298757991,-0.037284986999964,0],[100.300860989,-0.037527975999978,0],[100.304452013,-0.038954020999938,0],[100.307359031,-0.041347955999925,0],[100.310859981,-0.043875983999953,0],[100.311246188,-0.044081325999969,0],[100.314362028,-0.045737981999935,0],[100.315895264,-0.046625587999927,0],[100.316003874,-0.046688462999953,0],[100.317004992,-0.047268019999933,0],[100.318545612,-0.048564874999954,0],[100.320638999,-0.050327034999953,0],[100.323413997,-0.05285496099998,0],[100.32506498,-0.054451021999967,0],[100.325799132,-0.055811794999954,0],[100.326320968,-0.056779031999952,0],[100.327082972,-0.059193955999945,0],[100.327576018,-0.060105028999942,0],[100.328346328,-0.062896433999924,0],[100.328566972,-0.063695987999949,0],[100.329888975,-0.066023989999962,0],[100.330548981,-0.068684968999946,0],[100.330732843,-0.06983607199993,0],[100.331143975,-0.072410042999934,0],[100.33148251,-0.074052243999972,0],[100.331485647,-0.074212582999962,0],[100.331520538,-0.075995810999927,0],[100.33156345,-0.078188949999969,0],[100.331573998,-0.07872802199995,0],[100.33276298,-0.081622016999972,0],[100.334001708,-0.08311815299993,0],[100.335024364,-0.084353316999966,0],[100.335241014,-0.084614986999952,0],[100.337645932,-0.087269750999951,0],[100.338013977,-0.08767603299998,0],[100.339836013,-0.088723958999935,0],[100.343308966,-0.093201005999958,0],[100.343713553,-0.093357093999941,0],[100.344452007,-0.093641987999945,0],[100.345020812,-0.093590519999964,0],[100.347602193,-0.093356944999925,0],[100.347914406,-0.093328694999968,0],[100.350242965,-0.093117995999933,0],[100.351232764,-0.09358829699994,0],[100.351510802,-0.093720405999932,0],[100.351788731,-0.093852462999962,0],[100.352054951,-0.093978956999933,0],[100.352461344,-0.094172052999966,0],[100.352797975,-0.094332001999931,0],[100.353538623,-0.094814868999947,0],[100.354166537,-0.095224239999936,0],[100.354377183,-0.095361570999955,0],[100.354383975,-0.095365998999966,0],[100.354391714,-0.095371051999962,0],[100.355591033,-0.096154041999966,0],[100.356560491,-0.096501521999926,0],[100.357118357,-0.097113343999979,0],[100.357786673,-0.09787515499994,0],[100.35794797,-0.098059017999958,0],[100.358894034,-0.098809992999975,0],[100.359390029,-0.099130995999928,0],[100.359501343,-0.099206782999943,0],[100.359506905,-0.099210569999968,0],[100.359932031,-0.099500014999933,0],[100.360382034,-0.100131008999938,0],[100.360443159,-0.100243371999966,0],[100.360770996,-0.100846014999945,0],[100.360849115,-0.101139481999951,0],[100.360938967,-0.101477022999973,0],[100.361008507,-0.101775412999928,0],[100.361222605,-0.102694094999947,0],[100.360718024,-0.104287023999973,0],[100.36068,-0.105548962999933,0],[100.361008031,-0.107097002999978,0],[100.361693992,-0.107824021999932,0],[100.364166026,-0.109050035999928,0],[100.367004014,-0.110026989999938,0],[100.368008811,-0.110035511999968,0],[100.368188056,-0.11003703199998,0],[100.370302006,-0.110054960999946,0],[100.375930971,-0.111446031999947,0],[100.375931031,-0.111446053999941,0],[100.377709392,-0.112088372999949,0],[100.379889974,-0.112875968999958,0],[100.380532275,-0.11491248699997,0],[100.380745971,-0.115590041999951,0],[100.379742001,-0.118370039999945,0],[100.379069221,-0.118871030999969,0],[100.378046034,-0.119632956999965,0],[100.37802557,-0.119652683999959,0],[100.375228825,-0.122348816999931,0],[100.374793994,-0.122768005999944,0],[100.374281743,-0.123421987999961,0],[100.373854029,-0.123968041999944,0],[100.374020501,-0.124244011999963,0],[100.375869975,-0.127309990999947,0],[100.376157523,-0.128207986999939,0],[100.376617614,-0.129644828999972,0],[100.376848826,-0.130366890999937,0],[100.376983985,-0.130788983999935,0],[100.377022658,-0.131113368999934,0],[100.37708997,-0.13167797899996,0],[100.377090578,-0.131683060999933,0],[100.377570987,-0.135700027999974,0],[100.377929975,-0.136782976999939,0],[100.377841261,-0.137494347999962,0],[100.377822976,-0.137640967999971,0],[100.377891997,-0.138522007999939,0],[100.377772547,-0.138940502999958,0],[100.377757083,-0.138994680999929,0],[100.377493943,-0.139916599999935,0],[100.377457002,-0.140046023999957,0],[100.377359736,-0.140755146999936,0],[100.377274024,-0.141380033999951,0],[100.377283462,-0.141553150999925,0],[100.377349966,-0.14277298899998,0],[100.377953011,-0.145523964999938,0],[100.378081983,-0.146666971999935,0],[100.378593014,-0.148094984999943,0],[100.379097023,-0.148560025999927,0],[100.379585008,-0.148691025999938,0],[100.38100399,-0.14895299799997,0],[100.382523775,-0.149144105999937,0],[100.382706034,-0.149167023999951,0],[100.383864991,-0.149500992999947,0],[100.385047968,-0.150119987999972,0],[100.386139029,-0.151048976999959,0],[100.386840371,-0.151962420999951,0],[100.387108024,-0.152311018999967,0],[100.387794011,-0.153311016999965,0],[100.388573017,-0.153883013999973,0],[100.390464967,-0.15469203899994,0],[100.392097009,-0.155072993999966,0],[100.393371985,-0.155572974999927,0],[100.393491314,-0.155658420999941,0],[100.394202997,-0.156168024999943,0],[100.396004003,-0.157453966999924,0],[100.398131987,-0.15959804299996,0],[100.398733687,-0.160008294999955,0],[100.399688731,-0.16065946599997,0],[100.400482016,-0.160978981999961,0],[100.400754408,-0.160918457999969,0],[100.401985029,-0.160645017999968,0],[100.403191005,-0.160752001999924,0],[100.403920357,-0.160781132999944,0],[100.404693969,-0.160812031999967,0],[100.404773506,-0.161589289999938,0],[100.404799976,-0.161847960999978,0],[100.404850403,-0.161915796999949,0],[100.404995223,-0.162110616999939,0],[100.405579012,-0.162895958999968,0],[100.405612392,-0.162943154999937,0],[100.406067032,-0.163585974999933,0],[100.406131126,-0.16376063499996,0],[100.406456032,-0.164646026999947,0],[100.406516984,-0.165455979999933,0],[100.406410027,-0.166730016999963,0],[100.406454519,-0.166856923999944,0],[100.406650716,-0.167416540999966,0],[100.406769023,-0.167753989999937,0],[100.407249028,-0.168218027999956,0],[100.407352622,-0.168310091999956,0],[100.407958993,-0.168848977999971,0],[100.408836032,-0.169777962999945,0],[100.408899127,-0.169881066999949,0],[100.409325025,-0.170577031999926,0],[100.409507973,-0.171146979999946,0],[100.409521904,-0.171179222999967,0],[100.409889036,-0.172028978999947,0],[100.409933641,-0.172906287999979,0],[100.409958032,-0.173386013999959,0],[100.409972973,-0.174076965999973,0],[100.410254968,-0.174647992999951,0],[100.410492573,-0.175658630999976,0],[100.41050113,-0.175695028999939,0],[100.410506998,-0.175719986999979,0],[100.410495646,-0.175783470999932,0],[100.410483103,-0.175853619999941,0],[100.410294031,-0.176911018999931,0],[100.410483036,-0.177093699999944,0],[100.410774037,-0.177374962999977,0],[100.410872838,-0.17740153799997,0],[100.410966012,-0.177426597999954,0],[100.411014972,-0.177439765999964,0],[100.411659027,-0.177612989999943,0],[100.411785512,-0.177588183999944,0],[100.412262073,-0.177494721999949,0],[100.412689034,-0.177410986999973,0],[100.413760857,-0.17728927099995,0],[100.41394803,-0.177268015999971,0],[100.414395945,-0.177299194999932,0],[100.415657012,-0.177386976999969,0],[100.416961966,-0.177649023999948,0],[100.418549477,-0.178142221999963,0],[100.418877001,-0.17824397499993,0],[100.419156023,-0.178328251999972,0],[100.421081992,-0.178909976999932,0],[100.422050033,-0.179267990999961,0],[100.422856232,-0.179516742999965,0],[100.423515013,-0.179720008999936,0],[100.42407065,-0.180044542999951,0],[100.424697986,-0.180410955999946,0],[100.425484224,-0.180874062999976,0],[100.425501666,-0.180884336999952,0],[100.425734617,-0.181021548999979,0],[100.426178686,-0.181283112999949,0],[100.42706297,-0.181803969999976,0],[100.428515782,-0.18140576199994,0],[100.428989663,-0.181275873999937,0],[100.430496009,-0.180862991999959,0],[100.431472982,-0.180874036999967,0],[100.43149295,-0.180880441999932,0],[100.432327002,-0.181147959999976,0],[100.432934035,-0.181373977999954,0],[100.435272301,-0.182514019999928,0],[100.435522124,-0.182635822999941,0],[100.436504991,-0.183115027999975,0],[100.438668909,-0.183706951999966,0],[100.439699821,-0.183988949999957,0],[100.441446184,-0.184466653999948,0],[100.441659263,-0.18452493999996,0],[100.442427097,-0.184734974999969,0],[100.442925924,-0.184871424999926,0],[100.442973702,-0.184884493999959,0],[100.44305489,-0.184906701999978,0],[100.443055679,-0.184906917999967,0],[100.443289992,-0.184971011999949,0],[100.444277971,-0.18555598599994,0],[100.444266778,-0.185791061999964,0],[100.444175028,-0.18771798399996,0],[100.443960988,-0.188904270999956,0],[100.443773049,-0.189945895999927,0],[100.443732972,-0.190168016999962,0],[100.443459294,-0.191467467999928,0],[100.443227238,-0.192569292999963,0],[100.443216987,-0.192617967999979,0],[100.443233916,-0.192696817999945,0],[100.443440108,-0.193657164999934,0],[100.443520554,-0.194031845999973,0],[100.443568245,-0.194253966999952,0],[100.44379364,-0.195303752999962,0],[100.443845144,-0.195543636999957,0],[100.444048683,-0.196491630999958,0],[100.444259963,-0.197475677999932,0],[100.444268154,-0.197513829999934,0],[100.444273263,-0.197537623999949,0],[100.444404963,-0.198151019999955,0],[100.444458091,-0.19823392099994,0],[100.444814553,-0.198790136999946,0],[100.444857148,-0.198856600999932,0],[100.444900996,-0.19892502099998,0],[100.445026472,-0.199292414999945,0],[100.445205988,-0.199818038999979,0],[100.445211418,-0.199845701999948,0],[100.445351027,-0.200556985999924,0],[100.445367372,-0.201268313999947,0],[100.445374006,-0.201557001999959,0],[100.445317956,-0.202177573999961,0],[100.445274021,-0.202664002999938,0],[100.445148663,-0.203359936999959,0],[100.445130505,-0.203460741999947,0],[100.445053001,-0.20389100999995,0],[100.44505781,-0.203932345999931,0],[100.445082111,-0.204141248999974,0],[100.445098892,-0.204285507999941,0],[100.445100659,-0.20430069899993,0],[100.445106973,-0.204354978999959,0],[100.445295359,-0.204521558999943,0],[100.445686029,-0.204867007999951,0],[100.445781742,-0.204914579999979,0],[100.445975321,-0.205010793999975,0],[100.446302328,-0.205173325999965,0],[100.446357965,-0.205200978999926,0],[100.446763362,-0.205210834999946,0],[100.447514069,-0.205229086999964,0],[100.447033025,-0.205683699999952,0],[100.44805831,-0.205878473999974,0],[100.448494832,-0.206009238999968,0],[100.449135017,-0.20620101399993,0],[100.44945709,-0.20650115799998,0],[100.449586438,-0.206621697999935,0],[100.449765062,-0.206788159999974,0],[100.449796936,-0.206817862999969,0],[100.450584436,-0.207551740999975,0],[100.450706014,-0.207665039999938,0],[100.450957764,-0.207921680999959,0],[100.451099287,-0.20806595199997,0],[100.451477036,-0.208451037999964,0],[100.451940325,-0.208861782999975,0],[100.45223212,-0.209120483999925,0],[100.452377031,-0.209248957999932,0],[100.452865753,-0.209945723999965,0],[100.452995012,-0.210130005999929,0],[100.453143398,-0.210391186999971,0],[100.453555097,-0.21111583499993,0],[100.453712,-0.211392006999972,0],[100.453907305,-0.211659372999975,0],[100.454460005,-0.212416003999977,0],[100.454797546,-0.212763296999924,0],[100.454963898,-0.212934455999971,0],[100.455153977,-0.213130026999977,0],[100.455350997,-0.213534984999967,0],[100.455513037,-0.21386804399998,0],[100.456718277,-0.214496800999939,0],[100.457234297,-0.21476600099993,0],[100.45832502,-0.215335014999937,0],[100.458339742,-0.215345686999967,0],[100.458401611,-0.215390534999926,0],[100.459426393,-0.216133383999932,0],[100.459919195,-0.216490608999948,0],[100.461090974,-0.217340014999934,0],[100.46137179,-0.217633599999942,0],[100.461648519,-0.21792291099996,0],[100.462786204,-0.219112327999937,0],[100.462978278,-0.219313134999936,0],[100.463757754,-0.220128054999975,0],[100.464061272,-0.220445373999951,0],[100.464726708,-0.221141066999962,0],[100.464763174,-0.221179190999976,0],[100.464805691,-0.221182583999962,0],[100.466114274,-0.221287002999929,0],[100.466619993,-0.22132735699995,0],[100.46735803,-0.221386248999977,0],[100.468157597,-0.221427983999945,0],[100.468873874,-0.221465371999955,0],[100.468919736,-0.221468444999971,0],[100.469561271,-0.221511437999936,0],[100.469979546,-0.221539468999936,0],[100.470940936,-0.221603896999966,0],[100.471194522,-0.221664701999941,0],[100.472292219,-0.221927906999952,0],[100.473102091,-0.222122096999954,0],[100.474444436,-0.222443962999932,0],[100.475569449,-0.222713716999976,0],[100.475980709,-0.222812328999964,0],[100.476332086,-0.222831026999927,0],[100.477478015,-0.222892007999974,0],[100.477619608,-0.222924899999953,0],[100.478561051,-0.223143597999979,0],[100.479118015,-0.22327298099998,0],[100.479462993,-0.223374346999947,0],[100.479977059,-0.223525395999957,0],[100.48060704,-0.22378297299997,0],[100.481249471,-0.224060076999933,0],[100.481296082,-0.224080181999966,0],[100.481729202,-0.224337779999928,0],[100.481931651,-0.224609470999951,0],[100.482142665,-0.224892657999931,0],[100.482390858,-0.225246554999956,0],[100.482615199,-0.225566441999945,0],[100.482820556,-0.225941066999951,0],[100.482930234,-0.226141146999964,0],[100.483075043,-0.226407696999956,0],[100.48326101,-0.226750003999939,0],[100.483944003,-0.227308529999959,0],[100.484159083,-0.227484413999946,0],[100.48451201,-0.22777302399993,0],[100.48516799,-0.228607027999942,0],[100.485189096,-0.228629316999957,0],[100.485433663,-0.228887589999943,0],[100.48559599,-0.229059013999972,0],[100.486336009,-0.229500024999936,0],[100.486445374,-0.229544493999924,0],[100.487205495,-0.229853571999968,0],[100.487412717,-0.229937831999962,0],[100.487595031,-0.230011963999971,0],[100.488419029,-0.230213975999959,0],[100.489025009,-0.230420046999939,0],[100.489595729,-0.230614126999967,0],[100.490204019,-0.230820983999934,0],[100.491183394,-0.231085230999952,0],[100.491770575,-0.231243659999961,0],[100.492067828,-0.231323862999943,0],[100.492178544,-0.23135373599996,0],[100.492676019,-0.231487960999971,0],[100.492766233,-0.23155750199993,0],[100.493836934,-0.232382843999972,0],[100.494218972,-0.232778358999951,0],[100.494329325,-0.232892604999961,0],[100.494526018,-0.233096235999938,0],[100.494664308,-0.233326889999944,0],[100.495215148,-0.234245633999933,0],[100.495413674,-0.234407227999952,0],[100.495844431,-0.234757848999948,0],[100.49724449,-0.235897446999957,0],[100.497583033,-0.236173009999959,0],[100.498746031,-0.236555013999975,0],[100.499224022,-0.236600068999962,0],[100.499995504,-0.236672787999964,0],[100.500305027,-0.236701962999973,0],[100.501037966,-0.236774040999933,0],[100.502319025,-0.23698802399997,0],[100.502683155,-0.237120042999948,0],[100.502917229,-0.237204907999967,0],[100.503267159,-0.237331778999931,0],[100.50341611,-0.237385782999979,0],[100.503730809,-0.237499879999973,0],[100.504188983,-0.237665994999929,0],[100.505001709,-0.237875216999953,0],[100.506271009,-0.238201975999971,0],[100.506632511,-0.23847640799994,0],[100.507118014,-0.238844972999971,0],[100.50730731,-0.238975780999965,0],[100.50816868,-0.239571006999938,0],[100.508186005,-0.239582978999977,0],[100.509134962,-0.240246312999943,0],[100.509651012,-0.240607037999951,0],[100.509826636,-0.240963511999951,0],[100.510039436,-0.241395442999931,0],[100.51012371,-0.24156649899993,0],[100.510385805,-0.242098487999954,0],[100.51041371,-0.242155128999968,0],[100.510461978,-0.24225310099996,0],[100.510568786,-0.242621733999954,0],[100.510610082,-0.24276426299997,0],[100.510764869,-0.243298492999941,0],[100.51092133,-0.243838498999935,0],[100.511041195,-0.24425219799997,0],[100.511200032,-0.24440875099998,0],[100.51160082,-0.244803775999969,0],[100.51189961,-0.245098269999971,0],[100.512379396,-0.245571155999926,0],[100.512404603,-0.245596000999967,0],[100.513479807,-0.246576921999974,0],[100.513803824,-0.246872525999947,0],[100.514233143,-0.247264198999972,0],[100.515335607,-0.247779346999948,0],[100.515475315,-0.247850928999981,0],[100.515790813,-0.248012581999944,0],[100.516418389,-0.248334133999947,0],[100.516437352,-0.248343278999926,0],[100.516439044,-0.248344094999936,0],[100.517444981,-0.248829206999972,0],[100.518747755,-0.249676029999932,0],[100.51996904,-0.249894461999929,0],[100.520847807,-0.249936090999938,0],[100.520906929,-0.249938890999942,0],[100.521655003,-0.250077531999978,0],[100.521883678,-0.249904829999934,0],[100.522048684,-0.249780212999951,0],[100.522546321,-0.248679884999945,0],[100.522953998,-0.247778467999979,0],[100.524016842,-0.246153251999942,0],[100.524745117,-0.245300984999972,0],[100.525359979,-0.244819959999973,0],[100.526260002,-0.244653027999959,0],[100.527229027,-0.24479596499998,0],[100.528130003,-0.245201042999952,0],[100.528907987,-0.246057976999964,0],[100.529403981,-0.247106003999932,0],[100.529807972,-0.248154041999953,0],[100.530563004,-0.248463016999949,0],[100.531272981,-0.249273026999958,0],[100.53286703,-0.25164,0],[100.533187966,-0.251916020999943,0],[100.533280208,-0.252158145999942,0],[100.533323183,-0.252270951999947,0],[100.533347833,-0.252335654999968,0],[100.533435979,-0.252567030999955,0],[100.533480502,-0.253233429999966,0],[100.534056018,-0.253305976999968,0],[100.535874374,-0.253874159999953,0],[100.536277011,-0.253999971999974,0],[100.536313932,-0.254019415999949,0],[100.538605032,-0.255225993999943,0],[100.539909008,-0.256440021999936,0],[100.540900992,-0.257821003999936,0],[100.541588036,-0.259488025999929,0],[100.541654624,-0.259574652999959,0],[100.542757971,-0.261010039999974,0],[100.543265801,-0.261983596999926,0],[100.543520032,-0.262470979999932,0],[100.543658702,-0.263549146999935,0],[100.543750155,-0.264260193999974,0],[100.5437507,-0.264264427999933,0],[100.543751562,-0.264989410999931,0],[100.543321988,-0.265777001999936,0],[100.542570995,-0.266974007999977,0],[100.541374007,-0.268347032999941,0],[100.540817013,-0.26946996099997,0],[100.540053983,-0.27037102099996,0],[100.539757615,-0.272099026999967,0],[100.539719031,-0.272323994999965,0],[100.539360036,-0.27335304199994,0],[100.539105465,-0.274414601999979,0],[100.53877299,-0.275801017999925,0],[100.538441668,-0.276596692999931,0],[100.537712013,-0.278348973999925,0],[100.537249976,-0.279294449999952,0],[100.536698484,-0.279056315999981,0],[100.536587205,-0.279008265999948,0],[100.536472249,-0.278958627999941,0],[100.53625706,-0.278780480999956,0],[100.536064609,-0.278685289999942,0],[100.535917903,-0.278650390999928,0],[100.535536172,-0.278656789999957,0],[100.535212798,-0.278655239999978,0],[100.534737135,-0.278658449999966,0],[100.5344185,-0.278698167999949,0],[100.534158231,-0.278731529999959,0],[100.533963412,-0.278725232999932,0],[100.53366212,-0.278661783999951,0],[100.533493325,-0.278571346999968,0],[100.53330403,-0.278492018999941,0],[100.533188873,-0.278457123999942,0],[100.533114728,-0.278434912999955,0],[100.533091401,-0.278434910999977,0],[100.533037676,-0.278434904999926,0],[100.53299737,-0.278459862999966,0],[100.53273116,-0.278611077999926,0],[100.532446121,-0.278767803999926,0],[100.532087384,-0.278955315999951,0],[100.531959731,-0.279052627999931,0],[100.531844365,-0.279203253999924,0],[100.531710282,-0.27939779999997,0],[100.531577273,-0.279550526999969,0],[100.531438507,-0.279654080999933,0],[100.531193716,-0.27981727699995,0],[100.530914627,-0.279996150999978,0],[100.530834903,-0.280112947999953,0],[100.530577592,-0.280717531999926,0],[100.530141449,-0.281368417999943,0],[100.529831003,-0.28185758099994,0],[100.529539021,-0.282506014999967,0],[100.529438438,-0.282763547999934,0],[100.529360306,-0.282963595999945,0],[100.529228499,-0.283447543999955,0],[100.52918151,-0.283892490999961,0],[100.529206648,-0.28424907699997,0],[100.529227035,-0.284408873999951,0],[100.529241181,-0.284469328999933,0],[100.529253432,-0.284521687999927,0],[100.529274693,-0.284612548999974,0],[100.529336644,-0.284816212999942,0],[100.529334546,-0.284912993999967,0],[100.529291727,-0.285029025999961,0],[100.529088881,-0.285197833999973,0],[100.529015115,-0.285319811999955,0],[100.528912347,-0.285423226999967,0],[100.528746078,-0.285567130999937,0],[100.528582937,-0.285846577999962,0],[100.528479595,-0.286027138999941,0],[100.52827392,-0.286410625999963,0],[100.528182081,-0.286551571999951,0],[100.528097139,-0.286741038999935,0],[100.528046646,-0.286905077999961,0],[100.52800535,-0.287193887999933,0],[100.528003052,-0.287203121999937,0],[100.527950261,-0.287383341999941,0],[100.527913531,-0.287480380999966,0],[100.527860651,-0.287666667999929,0],[100.527819328,-0.287821471999962,0],[100.527745868,-0.28795086699995,0],[100.527676986,-0.288045594999971,0],[100.527527751,-0.288258177999978,0],[100.527342805,-0.288467274999959,0],[100.527123378,-0.28872297099997,0],[100.526964586,-0.288879870999949,0],[100.526857309,-0.288935275999961,0],[100.526837979,-0.288945258999945,0],[100.526669673,-0.289029165999978,0],[100.526521812,-0.289103572999977,0],[100.526370805,-0.289168484999948,0],[100.526216426,-0.289248025999939,0],[100.525952151,-0.289384188999975,0],[100.52583575,-0.289457008999932,0],[100.525594583,-0.289584255999955,0],[100.525558608,-0.28961602399994,0],[100.525522812,-0.289646868999967,0],[100.525490645,-0.289674411999954,0],[100.525450646,-0.289710611999965,0],[100.525405554,-0.28975214899998,0],[100.525352385,-0.289792446999968,0],[100.525305378,-0.28982809699994,0],[100.525258084,-0.289866042999961,0],[100.525209011,-0.289899611999942,0],[100.525171166,-0.289925980999953,0],[100.525147056,-0.289942697999948,0],[100.525110228,-0.289973849999967,0],[100.52506941,-0.290006106999954,0],[100.525042885,-0.290029534999974,0],[100.525008751,-0.290060370999925,0],[100.524967934,-0.290098180999962,0],[100.524928464,-0.290131440999971,0],[100.524892902,-0.29015931999993,0],[100.524847198,-0.290195067999946,0],[100.524800784,-0.290230110999971,0],[100.524758025,-0.290253830999973,0],[100.524714,-0.290281827999934,0],[100.524680817,-0.290300698999943,0],[100.524629517,-0.290330678999965,0],[100.524490514,-0.290375853999933,0],[100.524387556,-0.29038266699996,0],[100.523102988,-0.290963789999978,0],[100.522355515,-0.291301936999957,0],[100.518654189,-0.292976369999963,0],[100.518379733,-0.293575834999956,0],[100.51794476,-0.293629735999957,0],[100.51705698,-0.293676518999973,0],[100.516876679,-0.293692444999976,0],[100.516321194,-0.293693400999928,0],[100.515878354,-0.293624382999951,0],[100.51527785,-0.29375572899994,0],[100.514341613,-0.293265652999935,0],[100.51412497,-0.29329165799993,0],[100.514081376,-0.293552839999961,0],[100.513945983,-0.294242022999924,0],[100.513874703,-0.294453806999968,0],[100.51394964,-0.294924007999953,0],[100.513785664,-0.295168108999974,0],[100.513162568,-0.295225277999975,0],[100.512727574,-0.295127226999966,0],[100.512223751,-0.295787745999974,0],[100.512338445,-0.29615649699997,0],[100.512314195,-0.296677903999978,0],[100.512239519,-0.296956079999973,0],[100.512174013,-0.297099079999953,0],[100.512053152,-0.297239429999934,0],[100.511959404,-0.297363218999976,0],[100.511820837,-0.297523818999935,0],[100.511666303,-0.29768487299998,0],[100.511530355,-0.297846708999941,0],[100.511449421,-0.29799445499998,0],[100.511406278,-0.298073211999963,0],[100.511366286,-0.298246118999941,0],[100.511361625,-0.298445563999962,0],[100.511338003,-0.29870539999996,0],[100.511315328,-0.298840404999964,0],[100.511363741,-0.299061397999935,0],[100.511454428,-0.299195735999945,0],[100.511663271,-0.299307827999939,0],[100.511753938,-0.299299787999928,0],[100.511786926,-0.299283666999941,0],[100.511966922,-0.299195702999953,0],[100.512079216,-0.299161801999958,0],[100.512217428,-0.299195630999975,0],[100.512221952,-0.299198666999928,0],[100.512292309,-0.299245871999972,0],[100.512350995,-0.29932506199998,0],[100.5124144,-0.299410619999946,0],[100.512445271,-0.299503494999954,0],[100.512494536,-0.299677140999961,0],[100.512554698,-0.299831756999936,0],[100.512620425,-0.299960116999955,0],[100.512666806,-0.300053994999928,0],[100.512729322,-0.300180528999931,0],[100.512801555,-0.300349117999929,0],[100.512887615,-0.300574154999936,0],[100.512918484,-0.300654874999964,0],[100.512921796,-0.300744154999961,0],[100.512905792,-0.300925624999934,0],[100.512892619,-0.301055658999928,0],[100.512876782,-0.301169823999942,0],[100.512823849,-0.301370721999945,0],[100.512747464,-0.301530711999931,0],[100.512695529,-0.301625586999933,0],[100.512624238,-0.301754815999971,0],[100.512555521,-0.301879541999938,0],[100.512494041,-0.301976555999943,0],[100.512431748,-0.302063530999931,0],[100.512362647,-0.30218115699995,0],[100.512286444,-0.302310872999954,0],[100.512236217,-0.302390620999972,0],[100.512182226,-0.302476346999924,0],[100.512120551,-0.302481388999979,0],[100.512036034,-0.302488298999947,0],[100.511954428,-0.302510643999938,0],[100.511905314,-0.30258164199995,0],[100.511874434,-0.302727614999981,0],[100.511857672,-0.302808672999959,0],[100.511818122,-0.302992973999949,0],[100.511760404,-0.303182287999959,0],[100.511620394,-0.303292108999926,0],[100.511408817,-0.303395654999974,0],[100.511322584,-0.303445712999974,0],[100.511227934,-0.303528324999945,0],[100.511087804,-0.30365382399998,0],[100.511058618,-0.303730703999975,0],[100.511017126,-0.30386611199998,0],[100.510984109,-0.303988502999971,0],[100.511002304,-0.304156352999939,0],[100.511020418,-0.304301435999946,0],[100.511031711,-0.304443153999955,0],[100.511030895,-0.304644506999978,0],[100.510996119,-0.304885851999927,0],[100.510959635,-0.304989099999943,0],[100.51087672,-0.305187095999941,0],[100.51082266,-0.305304639999974,0],[100.510781414,-0.305351654999924,0],[100.510647737,-0.305442478999964,0],[100.510470897,-0.305491337999968,0],[100.510418971,-0.305449790999944,0],[100.510314345,-0.305366077999963,0],[100.510221634,-0.305294302999926,0],[100.510166977,-0.305278857999951,0],[100.510097684,-0.305259275999958,0],[100.51005248,-0.305264265999938,0],[100.509932306,-0.305290628999956,0],[100.509802995,-0.305330873999935,0],[100.509681733,-0.305371802999957,0],[100.509609579,-0.305417548999969,0],[100.509490428,-0.305518755999969,0],[100.509404519,-0.305634519999956,0],[100.509319649,-0.305775410999956,0],[100.509259053,-0.305897459999926,0],[100.509205829,-0.306158840999956,0],[100.509145464,-0.306335211999965,0],[100.509106676,-0.306551601999956,0],[100.509070583,-0.306728626999927,0],[100.509030823,-0.306923636999954,0],[100.509016414,-0.306994307999958,0],[100.509007441,-0.30705212099997,0],[100.508888694,-0.307079158999954,0],[100.508771538,-0.307105834999959,0],[100.508617962,-0.307140802999925,0],[100.508478526,-0.307202196999924,0],[100.508390942,-0.307259350999971,0],[100.508304063,-0.307341899999926,0],[100.508281099,-0.307375562999937,0],[100.508248717,-0.307423033999953,0],[100.508193374,-0.307536617999972,0],[100.508152048,-0.307658665999952,0],[100.508109324,-0.307806814999935,0],[100.508046278,-0.307943679999937,0],[100.507988836,-0.308069257999932,0],[100.507972498,-0.308118117999925,0],[100.507772147,-0.308532507999928,0],[100.507735661,-0.308560970999963,0],[100.507501876,-0.308743343999936,0],[100.507413999,-0.308811895999952,0],[100.507217693,-0.308958232999942,0],[100.507139171,-0.309115277999979,0],[100.507282891,-0.309317293999925,0],[100.50726444,-0.309474961999967,0],[100.507282781,-0.30961833799995,0],[100.507261475,-0.309855051999932,0],[100.507184688,-0.310038022999947,0],[100.507142453,-0.310286081999948,0],[100.507213837,-0.310628723999969,0],[100.507071941,-0.310955899999954,0],[100.507054095,-0.311195035999958,0],[100.506929174,-0.311416325999971,0],[100.506711453,-0.311733983999943,0],[100.506477191,-0.31202112699998,0],[100.506287994,-0.312259628999925,0],[100.506198382,-0.312438332999932,0],[100.50556208,-0.313447020999945,0],[100.505494861,-0.313806807999924,0],[100.50555381,-0.314417714999934,0],[100.505772524,-0.315008139999975,0],[100.505924676,-0.315657832999932,0],[100.505523909,-0.316024722999941,0],[100.505335471,-0.316426853999928,0],[100.505182845,-0.317359473999943,0],[100.505047728,-0.318222253999977,0],[100.505130499,-0.318801411999971,0],[100.50481318,-0.319585913999958,0],[100.504673793,-0.319983099999945,0],[100.50454285,-0.320632128999932,0],[100.504312941,-0.321635704999949,0],[100.503993038,-0.322438150999972,0],[100.503762617,-0.323259323999935,0],[100.503450198,-0.324002204999942,0],[100.503325772,-0.324903194999933,0],[100.502702278,-0.325620193999953,0],[100.502322469,-0.325794034999944,0],[100.501687414,-0.326342878999981,0],[100.501227656,-0.32685407799994,0],[100.499774,-0.329532,0],[100.500265185,-0.330287941999927,0],[100.500420626,-0.330527166999957,0],[100.500031167,-0.331510832999925,0],[100.499503,-0.332697,0],[100.497656,-0.334745,0],[100.496422028,-0.336859943999968,0],[100.495958236,-0.337251060999961,0],[100.493434911,-0.339378984999939,0],[100.490880066,-0.341149135999956,0],[100.488202582,-0.343436274999931,0],[100.486206903,-0.34596053599995,0],[100.486205009,-0.345962930999974,0],[100.486204608,-0.345963437999956,0],[100.485216918,-0.34767321399994,0],[100.483857973,-0.350025664999976,0],[100.483717389,-0.351442331999976,0],[100.483344716,-0.355197777999933,0],[100.481080163,-0.357162594999977,0],[100.480555975,-0.359815436999952,0],[100.480542867,-0.361434748999955,0],[100.480519882,-0.364274230999968,0],[100.478909781,-0.36688621299993,0],[100.479188133,-0.367679153999973,0],[100.480161021,-0.370450622999954,0],[100.479579965,-0.372086176999971,0],[100.479078041,-0.373498987999938,0],[100.47860581,-0.373892747999946,0],[100.476944836,-0.37527771799995,0],[100.474559024,-0.379006198999946,0],[100.474729433,-0.379836287999979,0],[100.47492107,-0.380769782999948,0],[100.473128216,-0.383359555999959,0],[100.472438732,-0.385039253999935,0],[100.472058709,-0.38596505299995,0],[100.471153359,-0.388726120999934,0],[100.470621846,-0.391036763999978,0],[100.468273101,-0.390676797999959,0],[100.466991445,-0.39042858199997,0],[100.466007445,-0.39023801299993,0],[100.465486228,-0.39013706999998,0],[100.463593568,-0.391067909999947,0],[100.460021854,-0.389852152999936,0],[100.458404824,-0.39216347699994,0],[100.457273266,-0.393134337999925,0],[100.456760632,-0.393574170999955,0],[100.455957286,-0.39279720299993,0],[100.454431921,-0.391321923999953,0],[100.451879523,-0.391458215999933,0],[100.449004339,-0.391208340999924,0],[100.447192506,-0.391032167999924,0],[100.444992912,-0.390818291999949,0],[100.441797161,-0.391057074999935,0],[100.439435908,-0.391062004999981,0],[100.436404272,-0.390566122999928,0],[100.435678647,-0.391010945999938,0],[100.433336597,-0.390654290999976,0],[100.430982571,-0.390893070999937,0],[100.428657063,-0.390525504999971,0],[100.426184706,-0.390255261999926,0],[100.423955524,-0.391499893999935,0],[100.422180495,-0.391230823999933,0],[100.420955228,-0.391399554999964,0],[100.419991292,-0.391532298999948,0],[100.417610502,-0.392020257999945,0],[100.414556497,-0.391217966999932,0],[100.412435749,-0.390035114999932,0],[100.412205642,-0.389906771999961,0],[100.409489213,-0.389750749999962,0],[100.40690908,-0.388943531999928,0],[100.404723274,-0.389220158999933,0],[100.404527043,-0.389244992999977,0],[100.404269082,-0.389277638999943,0],[100.404187364,-0.389287980999939,0],[100.404186641,-0.389287663999937,0],[100.404186111,-0.389288888999943,0],[100.404111111,-0.389388888999974,0],[100.404005167,-0.389468387999955,0],[100.403929005,-0.389507462999973,0],[100.403831154,-0.389543766999964,0],[100.403649603,-0.389606385999969,0],[100.403585642,-0.389651148999974,0],[100.403539455,-0.389706825999951,0],[100.403529888,-0.389750417999949,0],[100.403449783,-0.389761474999943,0],[100.403402052,-0.389775413999928,0],[100.403369429,-0.389772567999955,0],[100.403232729,-0.389796653999952,0],[100.403206242,-0.389796657999966,0],[100.403194224,-0.389796659999945,0],[100.403114107,-0.389786303999927,0],[100.403055556,-0.389777777999939,0],[100.402956141,-0.389757894999946,0],[100.402916667,-0.38975,0],[100.402850397,-0.38974705399994,0],[100.402789121,-0.389746324999976,0],[100.402734484,-0.389745674999972,0],[100.402676945,-0.38974498999994,0],[100.402652749,-0.389744701999973,0],[100.402640658,-0.389750789999937,0],[100.402598515,-0.38977201299997,0],[100.402581443,-0.389780609999946,0],[100.4025,-0.389861110999959,0],[100.4024739,-0.389850991999936,0],[100.402308859,-0.389844336999943,0],[100.402083047,-0.389910183999973,0],[100.40182157,-0.389928175999955,0],[100.401699745,-0.389928195999971,0],[100.401643284,-0.389901283999961,0],[100.401615127,-0.389876043999948,0],[100.401545872,-0.389872078999929,0],[100.401530863,-0.389857749999976,0],[100.401500655,-0.389828912999974,0],[100.401438341,-0.38976942599993,0],[100.40140196,-0.389734695999948,0],[100.401374737,-0.389708707999944,0],[100.401344959,-0.389680281999972,0],[100.401315769,-0.389652415999933,0],[100.401280316,-0.389618570999971,0],[100.401257954,-0.389597223999942,0],[100.401095057,-0.389441716999954,0],[100.401016363,-0.389337616999967,0],[100.400909428,-0.389196156999958,0],[100.400759433,-0.38899086899994,0],[100.400714769,-0.388928340999939,0],[100.400655349,-0.388758997999958,0],[100.400630105,-0.388637369999969,0],[100.400601509,-0.388531951999937,0],[100.400581235,-0.388465271999962,0],[100.40055037,-0.388363764999951,0],[100.400510571,-0.388265644999933,0],[100.400474118,-0.38818323199996,0],[100.400426513,-0.388116383999943,0],[100.400390457,-0.388065751999932,0],[100.400348997,-0.388007533999939,0],[100.400307434,-0.387952173999963,0],[100.400253623,-0.387882586999979,0],[100.400212678,-0.387829637999971,0],[100.40018282,-0.387791026999935,0],[100.40013902,-0.387734384999931,0],[100.40013156,-0.387724737999974,0],[100.400021899,-0.387508103999949,0],[100.399766637,-0.38738675899998,0],[100.399698395,-0.38727972099997,0],[100.39960346,-0.387136703999943,0],[100.399501221,-0.38699313799998,0],[100.399494081,-0.386935705999974,0],[100.399520217,-0.386866302999977,0],[100.399539225,-0.386808866999957,0],[100.399528633,-0.386760776999949,0],[100.399529696,-0.386684429999946,0],[100.39949878,-0.386603070999968,0],[100.399484538,-0.386541958999942,0],[100.399472807,-0.386459554999931,0],[100.399473531,-0.386387404999937,0],[100.399476107,-0.386355474999959,0],[100.399418437,-0.386275327999954,0],[100.399391749,-0.386220199999968,0],[100.399401686,-0.386113054999953,0],[100.399422854,-0.386067623999963,0],[100.399443697,-0.386047272999974,0],[100.399391146,-0.385885947999952,0],[100.399386883,-0.385856,0],[100.399278528,-0.385094888999959,0],[100.399152283,-0.384909894999964,0],[100.398777778,-0.384361110999976,0],[100.398388889,-0.3845,0],[100.398377778,-0.38461111099997,0],[100.398377605,-0.384611182999947,0],[100.398377174,-0.384610126999974,0],[100.397512348,-0.384899146999942,0],[100.396689052,-0.385174287999973,0],[100.394814088,-0.385460549999948,0],[100.391847348,-0.385683980999943,0],[100.389553364,-0.386188678999929,0],[100.388546571,-0.385969226999975,0],[100.387076956,-0.385648891999949,0],[100.384086122,-0.385843764999947,0],[100.382414206,-0.386219701999948,0],[100.381639074,-0.386524964999978,0],[100.380854987,-0.386816341999975,0],[100.380739438,-0.386859280999943,0],[100.380485006,-0.386953830999971,0],[100.379289085,-0.387398250999979,0],[100.37701341,-0.388615362999928,0],[100.374228538,-0.389177539999935,0],[100.371634047,-0.390140044999953,0],[100.369700709,-0.390029420999952,0],[100.369700753,-0.390301806999958,0],[100.368952732,-0.390348360999951,0],[100.366187702,-0.390031868999927,0],[100.363894027,-0.391165656999931,0],[100.361839373,-0.389888127999939,0],[100.360993415,-0.389634032999936,0],[100.359114272,-0.389069605999964,0],[100.358597848,-0.389509118999968,0],[100.356836671,-0.391008004999946,0],[100.354721037,-0.392659339999966,0],[100.351735148,-0.393054388999929,0],[100.349009664,-0.392075811999973,0],[100.346431172,-0.392136391999941,0],[100.344116322,-0.392248051999957,0],[100.340509065,-0.393501132999972,0],[100.33976316,-0.394334226999945,0],[100.336561062,-0.395159052999929,0],[100.336042142,-0.395036242999936,0],[100.334146385,-0.394587584999954,0],[100.332659271,-0.396571151999979,0],[100.331817024,-0.39853454799993,0],[100.331810986,-0.400811696999938,0],[100.331447349,-0.40300506799997,0],[100.331623505,-0.404231428999935,0],[100.331659923,-0.404484962999959,0],[100.331683034,-0.404645856999934,0],[100.331806066,-0.405502375999959,0],[100.331440711,-0.407690368999965,0],[100.329948788,-0.409214400999929,0],[100.329381374,-0.409794026999975,0],[100.327282857,-0.41199280799998,0],[100.322651209,-0.416292619999979,0],[100.321284888,-0.417604940999979,0],[100.318104844,-0.420659303999969,0],[100.31690695,-0.424132494999981,0],[100.317753633,-0.428243230999954,0],[100.317762825,-0.428272357999958,0],[100.318670615,-0.431149037999944,0],[100.317472443,-0.432921177999958,0],[100.315977778,-0.433302777999927,0],[100.313390706,-0.434098365999944,0],[100.310841097,-0.435637985999961,0],[100.31075389,-0.435687130999952,0],[100.310222025,-0.435986858999968,0],[100.308109349,-0.43717744199995,0],[100.306917825,-0.438915071999929,0],[100.305630795,-0.440791981999951,0],[100.305265637,-0.441067583999939,0],[100.305170176,-0.441139633999967,0],[100.305044218,-0.441232782999975,0],[100.304961767,-0.441292302999955,0],[100.304757814,-0.441436904999932,0],[100.304474456,-0.441635755999926,0],[100.304098551,-0.441899552999928,0],[100.304018316,-0.441955858999961,0],[100.3039,-0.442038888999946,0],[100.303764155,-0.442450907999955,0],[100.303593043,-0.442718970999977,0],[100.30326028,-0.442977489999976,0],[100.302940432,-0.443242942999973,0],[100.302750972,-0.443402800999934,0],[100.302543597,-0.443606484999975,0],[100.302341341,-0.443802433999963,0],[100.302105798,-0.44400354499993,0],[100.30187281,-0.444171143999938,0],[100.301598852,-0.44434132899994,0],[100.301309527,-0.444501203999948,0],[100.300961316,-0.444697179999935,0],[100.300633584,-0.444867373999955,0],[100.300359625,-0.445029824999949,0],[100.300101033,-0.445215473999951,0],[100.299891096,-0.44541400199995,0],[100.299727248,-0.44560736699998,0],[100.29955317,-0.445865179999942,0],[100.299197363,-0.446558675999938,0],[100.299123133,-0.446721091999962,0],[100.299056578,-0.446842260999972,0],[100.29892089,-0.446986641999956,0],[100.29877239,-0.447079469999949,0],[100.298536828,-0.447174890999975,0],[100.298265411,-0.447239384999932,0],[100.297970954,-0.447334816999955,0],[100.297903057,-0.447367128999929,0],[100.297737955,-0.447445703999961,0],[100.297535692,-0.447600408999961,0],[100.29735648,-0.44778604399994,0],[100.297215677,-0.447966516999941,0],[100.297118558,-0.448123554999938,0],[100.296754893,-0.448711587999981,0],[100.296601303,-0.44899001999994,0],[100.29648868,-0.44924524399994,0],[100.296475341,-0.449276115999965,0],[100.296368379,-0.449523668999973,0],[100.296253201,-0.449812405999978,0],[100.296143141,-0.450083095999958,0],[100.295994679,-0.450392460999979,0],[100.295882057,-0.450657996999951,0],[100.295572331,-0.451289617999976,0],[100.295385479,-0.451712412999939,0],[100.295247253,-0.451988264999954,0],[100.2950655,-0.452287325999976,0],[100.295064575,-0.452288646999932,0],[100.294893981,-0.452532248999944,0],[100.294722456,-0.452748815999939,0],[100.294533006,-0.452965387999939,0],[100.29433587,-0.453153603999965,0],[100.29408752,-0.453334095999935,0],[100.293490947,-0.453661586999942,0],[100.293193936,-0.453793108999946,0],[100.292922524,-0.45388595999998,0],[100.292620382,-0.453965925999967,0],[100.291795884,-0.454141366999977,0],[100.291560315,-0.454195542999969,0],[100.291296582,-0.454272924999941,0],[100.290989324,-0.45438640499998,0],[100.290712798,-0.454517923999958,0],[100.290418358,-0.454713891999972,0],[100.290216101,-0.45490984199995,0],[100.290018979,-0.455180549999966,0],[100.28992427,-0.455381636999959,0],[100.289683679,-0.455995202999929,0],[100.289632496,-0.456165348999946,0],[100.289576194,-0.456345806999934,0],[100.28950452,-0.456482444999949,0],[100.289389316,-0.456624244999944,0],[100.289248504,-0.456760894999945,0],[100.289197801,-0.456801512999959,0],[100.289135852,-0.456851139999969,0],[100.28900784,-0.456969742999945,0],[100.288877278,-0.457142479999959,0],[100.288774886,-0.457333258999938,0],[100.288621311,-0.457691603999933,0],[100.288575258,-0.45790814999998,0],[100.288526659,-0.458209762999957,0],[100.288495981,-0.458485596999935,0],[100.288467874,-0.458825874999945,0],[100.288452558,-0.459091394999973,0],[100.288427012,-0.459431670999948,0],[100.288396328,-0.459671414999946,0],[100.288329792,-0.45990343099993,0],[100.28821717,-0.460163812999951,0],[100.288091737,-0.460382950999929,0],[100.287958618,-0.460578890999955,0],[100.287776849,-0.460785148999946,0],[100.287648842,-0.460924374999934,0],[100.287268022,-0.461342919999936,0],[100.287116331,-0.461509638999928,0],[100.286926886,-0.461754566999957,0],[100.286775846,-0.461973709999938,0],[100.286640174,-0.462205739999945,0],[100.286489151,-0.462512527999934,0],[100.286407252,-0.46275228199994,0],[100.286358654,-0.463048740999966,0],[100.286343353,-0.463401906999934,0],[100.286340854,-0.463744757999962,0],[100.286330669,-0.46406183299996,0],[100.286289756,-0.464381490999926,0],[100.286233636,-0.464670772999966,0],[100.286223241,-0.464724352999951,0],[100.286120875,-0.465054333999944,0],[100.285992893,-0.465335341999946,0],[100.285823945,-0.465644711999971,0],[100.285644753,-0.465938617999939,0],[100.285524436,-0.466131977999964,0],[100.285409253,-0.466384625999979,0],[100.285327353,-0.466611489999934,0],[100.285235227,-0.466931156999976,0],[100.285158449,-0.467158019999943,0],[100.285061186,-0.467395198999952,0],[100.284777065,-0.46800877499993,0],[100.284713082,-0.468191812999976,0],[100.284667029,-0.468405780999944,0],[100.284651706,-0.468630054999949,0],[100.284654316,-0.468900726999948,0],[100.284656919,-0.469135308999967,0],[100.284667212,-0.469411134999973,0],[100.284664688,-0.469609627999944,0],[100.284644237,-0.469800390999978,0],[100.284577702,-0.470027252999955,0],[100.28446763,-0.470230921999928,0],[100.284303793,-0.470473268999967,0],[100.284119463,-0.470684684999981,0],[100.283881362,-0.470906422999974,0],[100.283638127,-0.471055981999939,0],[100.283446087,-0.471107573999973,0],[100.283238678,-0.471133390999967,0],[100.282992857,-0.471148902999971,0],[100.282775203,-0.47116183299994,0],[100.28255244,-0.47124178699994,0],[100.28250059,-0.471276598999964,0],[100.282337371,-0.471386184999972,0],[100.282153033,-0.471551200999954,0],[100.281973809,-0.471674969999924,0],[100.281753611,-0.471778123999968,0],[100.281546209,-0.471845185999939,0],[100.281336237,-0.471855536999954,0],[100.281154426,-0.471834946999934,0],[100.280964925,-0.471770536999941,0],[100.280777974,-0.471646834999945,0],[100.28059251,-0.471497524999961,0],[100.280573091,-0.471481891999929,0],[100.280363083,-0.471301481999944,0],[100.280325856,-0.471277001999965,0],[100.280104424,-0.471131392999951,0],[100.279848337,-0.47101801599996,0],[100.27965372,-0.470981961999939,0],[100.279553853,-0.47097682499998,0],[100.279087802,-0.470922776999942,0],[100.279039244,-0.470909862999974,0],[100.278865013,-0.470863527999938,0],[100.278624293,-0.470765613999959,0],[100.278342598,-0.470647085999929,0],[100.278060917,-0.470603313999959,0],[100.277792046,-0.470600785999977,0],[100.277477087,-0.470618888999979,0],[100.27713653,-0.470685974999981,0],[100.276767824,-0.470845868999959,0],[100.276491304,-0.471023790999936,0],[100.276263439,-0.471217171999967,0],[100.276201889,-0.471277763999979,0],[100.27603558,-0.471441484999957,0],[100.275771872,-0.471665805999976,0],[100.275515839,-0.471851457999946,0],[100.275287961,-0.47197265799997,0],[100.275190174,-0.472000241999979,0],[100.274967894,-0.47206294199998,0],[100.274599171,-0.472137766999936,0],[100.274446712,-0.47218861999994,0],[100.274212533,-0.472266730999934,0],[100.273930884,-0.472408563999977,0],[100.273669732,-0.472604527999977,0],[100.273530976,-0.472747145999961,0],[100.273421393,-0.472859779999965,0],[100.273183295,-0.473104718999934,0],[100.272988715,-0.47327747099996,0],[100.272748053,-0.473499208999954,0],[100.272558589,-0.47364360399996,0],[100.272049063,-0.473909215999925,0],[100.27185327,-0.473978120999959,0],[100.271778503,-0.474006363999933,0],[100.271716197,-0.474025198999925,0],[100.271635193,-0.474044026999934,0],[100.271560423,-0.47405658699995,0],[100.271473192,-0.474069147999955,0],[100.271379733,-0.474078571999939,0],[100.271343266,-0.474081111999965,0],[100.271289383,-0.474084865999941,0],[100.271205268,-0.474084881999943,0],[100.270990293,-0.47406609899997,0],[100.270635129,-0.474050488999978,0],[100.270304884,-0.474059956999952,0],[100.270258155,-0.474063103999924,0],[100.27017404,-0.474069388999965,0],[100.270052532,-0.474085093999975,0],[100.269959076,-0.474110202999952,0],[100.269856268,-0.474141581999959,0],[100.269784619,-0.474166684999943,0],[100.269716079,-0.474194927999974,0],[100.269663129,-0.474229435999973,0],[100.269619514,-0.474263950999955,0],[100.269557215,-0.474326689999941,0],[100.269485576,-0.474405105999949,0],[100.269420162,-0.47448038999994,0],[100.269203402,-0.47472550699996,0],[100.269178486,-0.474769424999977,0],[100.269159797,-0.474816472999976,0],[100.269147347,-0.474879201999954,0],[100.269119348,-0.47510916899995,0],[100.269088229,-0.475284811999927,0],[100.269042312,-0.475413621999962,0],[100.268989356,-0.47556217999994,0],[100.268799922,-0.475866399999973,0],[100.268750317,-0.475943318999953,0],[100.268638645,-0.476116481999952,0],[100.268415921,-0.476415552999924,0],[100.268257201,-0.476647587999935,0],[100.268163826,-0.476784837999958,0],[100.267952256,-0.477095819999931,0],[100.26783948,-0.477252509999971,0],[100.267764294,-0.477347153999972,0],[100.267681798,-0.477454425999952,0],[100.267563797,-0.477585881999971,0],[100.267463543,-0.477681587999939,0],[100.267382088,-0.47773523199993,0],[100.267298534,-0.477764688999969,0],[100.267242128,-0.477771003999976,0],[100.267150213,-0.477768921999939,0],[100.267054114,-0.477737390999948,0],[100.266975765,-0.477680629999952,0],[100.266947568,-0.477647331999947,0],[100.266897418,-0.477588112999968,0],[100.266830552,-0.477489280999976,0],[100.266759506,-0.477371526999946,0],[100.266685325,-0.477261135999925,0],[100.266614285,-0.477181234999932,0],[100.266554742,-0.477130775999967,0],[100.266500424,-0.477102393999928,0],[100.266432524,-0.477095042999963,0],[100.266340612,-0.477112942999952,0],[100.266259156,-0.477164476999974,0],[100.266175617,-0.477271739999935,0],[100.266129678,-0.477380055999959,0],[100.266118205,-0.477478902999962,0],[100.26611405,-0.477602974999968,0],[100.266114054,-0.47762612899993,0],[100.266114074,-0.477735466999945,0],[100.266119319,-0.477871105999952,0],[100.266123519,-0.477987822999978,0],[100.266125976,-0.478092474999926,0],[100.266126679,-0.478122413999927,0],[100.266126696,-0.478217042999972,0],[100.266123577,-0.47830431899996,0],[100.266101661,-0.47839369899998,0],[100.266054679,-0.47848728699995,0],[100.26600873,-0.478533561999939,0],[100.26593771,-0.47856722299997,0],[100.26584788,-0.478570395999952,0],[100.26574552,-0.478543079999952,0],[100.265622251,-0.478466337999976,0],[100.26549377,-0.478373830999942,0],[100.265406021,-0.478313913999955,0],[100.265306783,-0.478265568999973,0],[100.265201287,-0.478232989999924,0],[100.265136522,-0.478224589999968,0],[100.265061318,-0.478222495999944,0],[100.264743805,-0.478286702999981,0],[100.264585052,-0.478337203999956,0],[100.264439876,-0.478390849999926,0],[100.264285301,-0.478444506999949,0],[100.264157891,-0.478512875999968,0],[100.264142685,-0.478247721999935,0],[100.26414623,-0.478130874999977,0],[100.264162283,-0.478015819999939,0],[100.264179032,-0.477971477999972,0],[100.264200657,-0.477914236999936,0],[100.264264035,-0.477811752999969,0],[100.264334043,-0.477715960999944,0],[100.264346154,-0.477699388999952,0],[100.264423819,-0.477601397999933,0],[100.264475992,-0.477540089999934,0],[100.264504154,-0.477506997999967,0],[100.264533892,-0.477472445999979,0],[100.264428083,-0.477384249999943,0],[100.263822241,-0.477635842999973,0],[100.263553167,-0.479013471999963,0],[100.262804902,-0.478474031999951,0],[100.262420001,-0.478159994999942,0],[100.261637389,-0.477259,0],[100.259999139,-0.475804360999973,0],[100.257170806,-0.474922055999969,0],[100.254994974,-0.474980869999968,0],[100.254193609,-0.475020151999956,0],[100.252784403,-0.474864293999929,0],[100.250960517,-0.474413842999979,0],[100.250604389,-0.474325888999942,0],[100.248642556,-0.474328471999968,0],[100.247370094,-0.473877634999951,0],[100.244892149,-0.473104616999933,0],[100.244577974,-0.472788871999967,0],[100.244367808,-0.472464637999963,0],[100.244335469,-0.472399680999956,0],[100.244287741,-0.47233794899995,0],[100.244321961,-0.472235257999955,0],[100.244336574,-0.472191405999979,0],[100.244356197,-0.472119774999953,0],[100.24438753,-0.472005400999933,0],[100.244544054,-0.471283531999973,0],[100.244607756,-0.470989746999976,0],[100.244689612,-0.470612235999965,0],[100.244571263,-0.469727741999975,0],[100.244278276,-0.469332078999969,0],[100.244108678,-0.468986133999977,0],[100.244099592,-0.468967598999939,0],[100.244023382,-0.468766413999958,0],[100.243901838,-0.468330050999953,0],[100.243827914,-0.468001199999946,0],[100.24379213,-0.467710920999934,0],[100.243805878,-0.467300575999957,0],[100.243806333,-0.467286980999972,0],[100.243832432,-0.467019265999966,0],[100.243875602,-0.466903362999972,0],[100.243916168,-0.46684804399996,0],[100.243947584,-0.466817746999936,0],[100.243999931,-0.466779548999966,0],[100.244050971,-0.466755831999933,0],[100.244124265,-0.466730799999937,0],[100.244209339,-0.466708388999962,0],[100.244289176,-0.466688619999957,0],[100.244374251,-0.466667538999957,0],[100.244427915,-0.46665435999995,0],[100.244437347,-0.466653063999956,0],[100.244485507,-0.466646443999934,0],[100.244545714,-0.466642479999962,0],[100.244595453,-0.466637206999962,0],[100.244651735,-0.466637196999955,0],[100.244694927,-0.466642452999963,0],[100.244732889,-0.466647720999958,0],[100.244806191,-0.46666877399997,0],[100.24485855,-0.466689839999958,0],[100.24491222,-0.466708263999976,0],[100.24497112,-0.466733280999961,0],[100.24501825,-0.466754347999938,0],[100.24506014,-0.466770142999962,0],[100.245086314,-0.466776722999953,0],[100.245104644,-0.466778030999933,0],[100.245122963,-0.466774074999933,0],[100.245141292,-0.46676748699997,0],[100.245163535,-0.466751680999948,0],[100.245181862,-0.466735875999973,0],[100.24519494,-0.466710854999974,0],[100.245201484,-0.466679238999973,0],[100.245201474,-0.466625240999974,0],[100.24517142,-0.466473052999959,0],[100.245148974,-0.466397368999935,0],[100.245104632,-0.466247857999974,0],[100.244906402,-0.465810804999933,0],[100.244733348,-0.465426205999961,0],[100.244703929,-0.465360824999948,0],[100.244626166,-0.465136135999956,0],[100.244581535,-0.465007177999951,0],[100.244561913,-0.46495048099996,0],[100.24454538,-0.464870928999972,0],[100.244516982,-0.464734293999925,0],[100.244505344,-0.464678296999978,0],[100.244494433,-0.464625797999929,0],[100.244391345,-0.464312181999958,0],[100.244218921,-0.46389938599998,0],[100.244275117,-0.463184978999948,0],[100.244278221,-0.46314551699993,0],[100.244507812,-0.462462998999968,0],[100.244595247,-0.462277584999924,0],[100.244655816,-0.46213609199998,0],[100.244780765,-0.461844198999927,0],[100.244849436,-0.461682160999942,0],[100.244856233,-0.46166612199994,0],[100.244857658,-0.46165990399993,0],[100.244873301,-0.461591640999927,0],[100.244874707,-0.461514295999962,0],[100.24486188,-0.461431227999924,0],[100.244837668,-0.461339568999961,0],[100.244802065,-0.46126080099998,0],[100.244761904,-0.461186965999957,0],[100.244760776,-0.461184891999949,0],[100.2447009,-0.461130241999967,0],[100.244581731,-0.461068660999956,0],[100.244534697,-0.461044357999924,0],[100.244439972,-0.460995409999953,0],[100.244346629,-0.460947175999934,0],[100.24431066,-0.460930570999949,0],[100.243993521,-0.460784172999979,0],[100.243879474,-0.460719655999981,0],[100.243811379,-0.460681134999959,0],[100.243689061,-0.46059244199995,0],[100.243622066,-0.460520236999969,0],[100.243582189,-0.46045444899994,0],[100.24356304,-0.460391868999977,0],[100.243556649,-0.460324473999947,0],[100.243556631,-0.460220173999971,0],[100.243555022,-0.460115866999956,0],[100.243564568,-0.460029211999938,0],[100.24356557,-0.460026075999963,0],[100.24359651,-0.459929283999941,0],[100.243617229,-0.459881142999961,0],[100.243653905,-0.459823364999977,0],[100.243683367,-0.459800448999943,0],[100.243724067,-0.459768791999977,0],[100.243990362,-0.459561746999952,0],[100.244054564,-0.459513573999971,0],[100.244164503,-0.459431085999938,0],[100.244217729,-0.459376537999958,0],[100.244230438,-0.45936351499995,0],[100.244252206,-0.459341206999966,0],[100.244276934,-0.459313410999926,0],[100.244094392,-0.458730185999968,0],[100.243235438,-0.45793111699993,0]],[[100.359927097,-0.309581383999955,0],[100.360045976,-0.30976802999993,0],[100.360326492,-0.309897220999972,0],[100.360730618,-0.310040753999942,0],[100.3612839,-0.310024767999948,0],[100.361396206,-0.310021522999932,0],[100.361671965,-0.31013635599993,0],[100.361695756,-0.310289510999951,0],[100.361816234,-0.310489075999953,0],[100.361821696,-0.310498123999935,0],[100.361864409,-0.310568873999955,0],[100.362042855,-0.310614925999971,0],[100.362165186,-0.310592517999964,0],[100.362169462,-0.310591734999946,0],[100.362461216,-0.310538292999979,0],[100.363183843,-0.310432902999935,0],[100.363454828,-0.310394578999933,0],[100.363830429,-0.310538114999929,0],[100.364087184,-0.310753459999944,0],[100.364270233,-0.310871298999928,0],[100.364313852,-0.310899377999931,0],[100.364614945,-0.311093209999967,0],[100.364755431,-0.311227163999945,0],[100.364764478,-0.311247775999959,0],[100.364809679,-0.31135076299995,0],[100.364810103,-0.311369489999947,0],[100.364814683,-0.311571801999946,0],[100.364767182,-0.311887695999928,0],[100.36489559,-0.312232283999947,0],[100.365070491,-0.312533126999938,0],[100.365157129,-0.312682149999944,0],[100.365257079,-0.313543648999939,0],[100.365369624,-0.314222909999955,0],[100.365414091,-0.314491290999968,0],[100.365563531,-0.316278788999966,0],[100.365565362,-0.316300686999966,0],[100.36558686,-0.31634104699998,0],[100.365609074,-0.316374918999941,0],[100.365644132,-0.31640975199997,0],[100.365695897,-0.316445966999936,0],[100.365749348,-0.316474825999933,0],[100.365780856,-0.316503120999926,0],[100.365808428,-0.316531416999965,0],[100.365820245,-0.316548960999967,0],[100.365850066,-0.316574425999931,0],[100.365864696,-0.316584045999946,0],[100.365907515,-0.316599593999968,0],[100.365941977,-0.316607588999943,0],[100.365963625,-0.316612030999977,0],[100.366005599,-0.316630691999933,0],[100.366036084,-0.316648910999959,0],[100.366147866,-0.316710230999945,0],[100.366195831,-0.316733935999935,0],[100.366236166,-0.316743827999971,0],[100.366242148,-0.316745294999976,0],[100.366286207,-0.316752107999946,0],[100.366317839,-0.316765741999973,0],[100.366334786,-0.316775967999945,0],[100.36644211,-0.316822547999948,0],[100.366468092,-0.316821408999942,0],[100.366483907,-0.316814587999943,0],[100.366517793,-0.31678844399994,0],[100.366618324,-0.316713424999932,0],[100.3666556,-0.31669523599993,0],[100.36668836,-0.316685002999975,0],[100.366701916,-0.316682728999979,0],[100.366721121,-0.31668613599993,0],[100.366740325,-0.316692951999926,0],[100.36676518,-0.316704312999946,0],[100.366792296,-0.316731584999957,0],[100.366899639,-0.31692249699995,0],[100.36684964,-0.317241880999973,0],[100.366866556,-0.317336758999943,0],[100.367044851,-0.31742647599998,0],[100.367386744,-0.317578737999952,0],[100.367606639,-0.317752810999934,0],[100.367687523,-0.317956870999978,0],[100.367719673,-0.318172020999953,0],[100.36787697,-0.318440434999957,0],[100.368006321,-0.318551741999954,0],[100.368093895,-0.318548094999926,0],[100.368200856,-0.318482270999937,0],[100.368420742,-0.318518137999945,0],[100.368557438,-0.31861384299998,0],[100.368603058,-0.318631166999978,0],[100.368714929,-0.318673648999948,0],[100.368884304,-0.318718496999963,0],[100.368944233,-0.318770583999935,0],[100.368969821,-0.318792823999956,0],[100.368988439,-0.318799241999955,0],[100.369014503,-0.318810475999953,0],[100.369084427,-0.318852574999937,0],[100.369125006,-0.318877006999969,0],[100.369116228,-0.318906932999937,0],[100.369086396,-0.319008630999974,0],[100.369193297,-0.319137739999974,0],[100.36920527,-0.319152199999962,0],[100.369270666,-0.319349620999958,0],[100.369292391,-0.319536525999979,0],[100.369297439,-0.31957995199997,0],[100.369431178,-0.319783345999952,0],[100.369570858,-0.319974773999945,0],[100.369645166,-0.320154244999969,0],[100.369677277,-0.320305603999941,0],[100.369720383,-0.320421277999969,0],[100.36975575,-0.320516183999928,0],[100.369796176,-0.320633439999938,0],[100.369824714,-0.32072676699994,0],[100.369921965,-0.320867336999925,0],[100.369953061,-0.320908996999947,0],[100.370040119,-0.321025633999966,0],[100.370175618,-0.321061511999972,0],[100.370207722,-0.321159623999961,0],[100.370332541,-0.321315156999958,0],[100.37039199,-0.321476681999968,0],[100.370358934,-0.321634764999942,0],[100.370369493,-0.321659538999938,0],[100.370396188,-0.321722167999951,0],[100.37041312,-0.321763235999924,0],[100.370460928,-0.321869407999941,0],[100.370500762,-0.321924494999962,0],[100.370519775,-0.321942332999924,0],[100.370521319,-0.321943781999948,0],[100.370539412,-0.321956076999925,0],[100.37058049,-0.321975256999963,0],[100.370607383,-0.321982631999958,0],[100.370646012,-0.321989512999949,0],[100.370647596,-0.321989742999961,0],[100.370693444,-0.321996393999939,0],[100.370825669,-0.322012668999946,0],[100.370830029,-0.322013708999975,0],[100.370883369,-0.322026434999941,0],[100.370937342,-0.322052460999942,0],[100.370946529,-0.322056891999978,0],[100.370987156,-0.322072678999973,0],[100.371034648,-0.322083498999973,0],[100.371076264,-0.322088512999926,0],[100.371128751,-0.322089907999953,0],[100.371146807,-0.322089265999978,0],[100.371153947,-0.322089011999935,0],[100.371169845,-0.322088445999952,0],[100.3712242,-0.322089867999978,0],[100.37126418,-0.322090531999947,0],[100.371285867,-0.322094061999962,0],[100.371302266,-0.322096731999977,0],[100.371344818,-0.322116659999949,0],[100.371366386,-0.322134502999972,0],[100.371374748,-0.322141420999969,0],[100.371404912,-0.322169536999979,0],[100.37142661,-0.322179500999937,0],[100.371456636,-0.322184678999974,0],[100.371493976,-0.322192795999968,0],[100.37150338,-0.322194347999925,0],[100.371506798,-0.322194911999929,0],[100.371532583,-0.322199167999941,0],[100.371571433,-0.32221190599995,0],[100.371607525,-0.322228914999926,0],[100.371641614,-0.322250417999953,0],[100.371666013,-0.322268482999959,0],[100.371696755,-0.322283966999976,0],[100.371736971,-0.322302719999925,0],[100.371774041,-0.32230988699996,0],[100.371807229,-0.322308236999959,0],[100.371835844,-0.322303963999957,0],[100.371860577,-0.322297167999977,0],[100.371896674,-0.322283152999944,0],[100.371930192,-0.322267880999959,0],[100.371956271,-0.32225322499994,0],[100.371985783,-0.322238947999949,0],[100.372020847,-0.322224598999981,0],[100.372068605,-0.322211901999935,0],[100.372114271,-0.322202226999934,0],[100.372149088,-0.322209094999948,0],[100.372181853,-0.322215558999972,0],[100.372216938,-0.322229346999961,0],[100.372257478,-0.322245585999951,0],[100.372287775,-0.322262947999945,0],[100.372319466,-0.322286423999969,0],[100.372345102,-0.322315480999976,0],[100.372379023,-0.322351690999938,0],[100.372395582,-0.32236480399996,0],[100.372437426,-0.322391416999949,0],[100.37247393,-0.322400935999951,0],[100.372494137,-0.322403817999941,0],[100.372514801,-0.322406764999926,0],[100.372548475,-0.322416608999958,0],[100.372585205,-0.322433209999929,0],[100.372618414,-0.322451348999948,0],[100.372645503,-0.322466404999943,0],[100.372671325,-0.32247809699993,0],[100.372712403,-0.322483987999931,0],[100.372769948,-0.322487950999971,0],[100.372822003,-0.322493179999924,0],[100.372874059,-0.322501250999949,0],[100.372921624,-0.322511229999975,0],[100.372970374,-0.322523758999978,0],[100.373011801,-0.322530635999954,0],[100.37305242,-0.322539113999937,0],[100.373090658,-0.32254719499997,0],[100.373131438,-0.322546538999973,0],[100.373193205,-0.322547425999971,0],[100.373237705,-0.322547463999967,0],[100.373294215,-0.322538728999973,0],[100.37334316,-0.322531712999933,0],[100.373392878,-0.322525265999957,0],[100.37342948,-0.322522321999941,0],[100.373478031,-0.322526899999957,0],[100.373507564,-0.322534602999951,0],[100.373529065,-0.322547596999925,0],[100.373578896,-0.322572616999935,0],[100.373610245,-0.322597629999962,0],[100.373633202,-0.322619071999952,0],[100.373661192,-0.32263932799998,0],[100.373706072,-0.322669178999945,0],[100.373727349,-0.322683638999933,0],[100.373761725,-0.322703676999936,0],[100.373784404,-0.322721075999937,0],[100.37381057,-0.32275018699994,0],[100.373832263,-0.322785042999953,0],[100.373860142,-0.322786042999951,0],[100.373884731,-0.32278682599997,0],[100.37390923,-0.322776800999975,0],[100.373938185,-0.32276348299996,0],[100.373962494,-0.322752418999926,0],[100.373996489,-0.322736747999954,0],[100.374027712,-0.32272396999997,0],[100.37402743,-0.322722066999972,0],[100.373971336,-0.322343721999971,0],[100.374011899,-0.322222078999971,0],[100.374029185,-0.322211808999953,0],[100.374059962,-0.32219476399996,0],[100.374087075,-0.322178678999933,0],[100.37412432,-0.322154550999926,0],[100.374144381,-0.322141623999926,0],[100.374165016,-0.322128795999959,0],[100.374184788,-0.322111906999965,0],[100.374211496,-0.322092601999941,0],[100.374231924,-0.322076761999938,0],[100.374251058,-0.32206169899996,0],[100.374277936,-0.322041009999964,0],[100.374303863,-0.32202062999994,0],[100.374661318,-0.32205489699993,0],[100.374797017,-0.322056652999947,0],[100.375189955,-0.322303072999944,0],[100.375431735,-0.322300659999939,0],[100.375726498,-0.322324550999951,0],[100.376717746,-0.322319629999924,0],[100.37693645,-0.322405750999962,0],[100.377093344,-0.322446411999977,0],[100.377147062,-0.32241720899998,0],[100.377157034,-0.322325313999954,0],[100.377370602,-0.322224535999965,0],[100.377572642,-0.322122802999957,0],[100.377747976,-0.322071201999961,0],[100.377845437,-0.322066402999951,0],[100.378132188,-0.322319325999956,0],[100.378260009,-0.32235639299995,0],[100.378349859,-0.322319526999934,0],[100.378472605,-0.322261172999958,0],[100.378515322,-0.322231651999971,0],[100.378545784,-0.322210600999938,0],[100.378570065,-0.322203589999958,0],[100.378580516,-0.322222844999942,0],[100.378608227,-0.322274835999963,0],[100.378625763,-0.322307737999949,0],[100.378678469,-0.322406623999939,0],[100.378766106,-0.322365292999962,0],[100.378843099,-0.322182450999946,0],[100.378913397,-0.321972089999974,0],[100.378943496,-0.321982464999962,0],[100.379261288,-0.322091826999952,0],[100.379316172,-0.322110713999962,0],[100.379335871,-0.322101023999949,0],[100.379375708,-0.322089419999941,0],[100.379411656,-0.322101926999949,0],[100.3794267,-0.322108556999979,0],[100.379453803,-0.322100495999962,0],[100.379475102,-0.32210355999996,0],[100.379528348,-0.322130361999939,0],[100.379646461,-0.322176316999958,0],[100.379782506,-0.322217829999943,0],[100.379779075,-0.322228421999966,0],[100.379908042,-0.322271941999929,0],[100.379963948,-0.322290808999981,0],[100.380180142,-0.322376117999966,0],[100.380213861,-0.322394591999966,0],[100.380326132,-0.322456106999937,0],[100.380461403,-0.322518951999939,0],[100.380520305,-0.322530795999967,0],[100.380577287,-0.32252832599994,0],[100.380615212,-0.322526891999928,0],[100.380680818,-0.322519224999951,0],[100.380741026,-0.322513705999938,0],[100.380743573,-0.322513472999958,0],[100.380748335,-0.322574734999932,0],[100.380871943,-0.322567059999926,0],[100.380880517,-0.322688626999934,0],[100.381017438,-0.322689565999951,0],[100.381040775,-0.322675514999958,0],[100.381216052,-0.322733867999943,0],[100.381271757,-0.322783485999935,0],[100.381445977,-0.32284498599995,0],[100.381516336,-0.32286920699994,0],[100.381662639,-0.322919571999932,0],[100.381671811,-0.32292272899997,0],[100.381719193,-0.322972809999953,0],[100.381795267,-0.323029275999943,0],[100.38183784,-0.323002536999979,0],[100.38217484,-0.323163117999968,0],[100.382247231,-0.322918343999959,0],[100.382491913,-0.32296449599994,0],[100.382515919,-0.32300878999996,0],[100.382566987,-0.323103011999933,0],[100.382598909,-0.323161909999953,0],[100.382588613,-0.323253603999945,0],[100.382566776,-0.32331402899996,0],[100.382547392,-0.323367665999967,0],[100.38260749,-0.323374712999964,0],[100.382708178,-0.323386519999929,0],[100.382884192,-0.323407159999931,0],[100.382875281,-0.323508997999966,0],[100.382866392,-0.323610573999929,0],[100.382932316,-0.323643745999959,0],[100.383009027,-0.323682345999941,0],[100.383083692,-0.323699418999979,0],[100.383139771,-0.323712241999942,0],[100.383230353,-0.323766263999971,0],[100.383300237,-0.323807941999974,0],[100.383377494,-0.323819896999964,0],[100.383378153,-0.323924942999952,0],[100.383378411,-0.323966213999938,0],[100.383306529,-0.324110257999962,0],[100.383411129,-0.324165283999946,0],[100.383632209,-0.324251403999938,0],[100.383746599,-0.324219243999949,0],[100.383817095,-0.324221523999938,0],[100.384124398,-0.324327475999951,0],[100.384234738,-0.324362993999955,0],[100.384229693,-0.324397129999966,0],[100.384209097,-0.324536512999941,0],[100.384181206,-0.324594083999955,0],[100.38415159,-0.324733248999962,0],[100.384148561,-0.324763319999931,0],[100.384146941,-0.32477940299998,0],[100.38413861,-0.324862123999935,0],[100.384125524,-0.325033024999925,0],[100.384128956,-0.325155425999981,0],[100.38414723,-0.325246120999964,0],[100.384197977,-0.32526172799993,0],[100.384196194,-0.32524578999994,0],[100.384208798,-0.325250034999954,0],[100.38446461,-0.325336198999935,0],[100.384851214,-0.325459523999939,0],[100.384946412,-0.32548989199995,0],[100.384957241,-0.32549255999993,0],[100.38522356,-0.325461634999954,0],[100.38531711,-0.325426706999963,0],[100.385141139,-0.324933758999975,0],[100.385144635,-0.32488022299998,0],[100.385258799,-0.32487200199995,0],[100.385478112,-0.324856207999972,0],[100.385523363,-0.324848034999945,0],[100.385503382,-0.324751835999962,0],[100.385556132,-0.324593885999946,0],[100.385587496,-0.324491936999948,0],[100.385603172,-0.324400040999933,0],[100.385645941,-0.32426219499996,0],[100.385719381,-0.324177948999932,0],[100.385769284,-0.32405876699994,0],[100.385757864,-0.323988411999949,0],[100.385713644,-0.323941035999951,0],[100.385722197,-0.323909445999959,0],[100.38576177,-0.323851643999944,0],[100.385848677,-0.32390824099997,0],[100.385909081,-0.323947578999935,0],[100.385956399,-0.323977615999979,0],[100.385980325,-0.32400703299993,0],[100.385987632,-0.324034707999942,0],[100.386004207,-0.324058355999966,0],[100.386021498,-0.324061513999936,0],[100.386025101,-0.324066653999978,0],[100.386053388,-0.324071819999972,0],[100.386274385,-0.324112181999965,0],[100.38630354,-0.324119043999929,0],[100.386401686,-0.32415414899998,0],[100.386455313,-0.324236776999953,0],[100.386430511,-0.324358829999937,0],[100.386479746,-0.32443088399998,0],[100.386483382,-0.324436204999927,0],[100.386496155,-0.324437468999974,0],[100.386728777,-0.324460488999932,0],[100.386783856,-0.324470217999931,0],[100.386861466,-0.324498044999928,0],[100.386870846,-0.324501407999946,0],[100.386929097,-0.324522293999962,0],[100.387061032,-0.324568939999949,0],[100.387098203,-0.324643422999941,0],[100.387214804,-0.32468896499995,0],[100.387331405,-0.32473450699996,0],[100.387393942,-0.324674283999968,0],[100.38756824,-0.324641557999939,0],[100.387585472,-0.324637420999977,0],[100.387604064,-0.324632957999938,0],[100.387760953,-0.324640114999966,0],[100.387888753,-0.324750338999934,0],[100.387955311,-0.324793703999944,0],[100.388059878,-0.32485834299996,0],[100.388155588,-0.324871088999942,0],[100.388174597,-0.324873620999938,0],[100.388222065,-0.324859739999965,0],[100.388470881,-0.324795690999963,0],[100.388524529,-0.324812827999949,0],[100.388570625,-0.324827552999977,0],[100.388581993,-0.324825248999957,0],[100.388660932,-0.32480924999993,0],[100.388662766,-0.324822862999952,0],[100.388679104,-0.324944141999936,0],[100.388690279,-0.325027089999935,0],[100.388668304,-0.325144675999979,0],[100.388757211,-0.32512668499993,0],[100.388871004,-0.325108672999932,0],[100.388922351,-0.32502815099997,0],[100.389136284,-0.324995814999966,0],[100.38928353,-0.32504337599994,0],[100.389432279,-0.325347554999951,0],[100.389525007,-0.325505483999962,0],[100.389573726,-0.32548387199995,0],[100.389825553,-0.325397473999942,0],[100.389988729,-0.325391477999972,0],[100.390070586,-0.32538846999995,0],[100.390150793,-0.325410642999941,0],[100.390252394,-0.325410671999975,0],[100.390307734,-0.32541068699993,0],[100.390343215,-0.325399270999981,0],[100.390371257,-0.325391066999941,0],[100.390442931,-0.325364332999925,0],[100.390453318,-0.325362800999926,0],[100.390499014,-0.325356061999969,0],[100.390580182,-0.325344092999956,0],[100.390724743,-0.325322774999961,0],[100.390738342,-0.325320768999973,0],[100.390922968,-0.325320743999953,0],[100.391008661,-0.325320731999966,0],[100.391046715,-0.325470046999953,0],[100.391227381,-0.325532241999952,0],[100.391461653,-0.325296328999968,0],[100.39165995,-0.325096643999927,0],[100.391688462,-0.324996131999967,0],[100.39168845,-0.324909980999962,0],[100.391850247,-0.324698006999938,0],[100.392016669,-0.324442188999967,0],[100.392121068,-0.324281712999948,0],[100.392151055,-0.32427084099993,0],[100.3922595,-0.324156439999967,0],[100.392299422,-0.324125626999944,0],[100.392431459,-0.324023715999942,0],[100.392539984,-0.323970832999976,0],[100.392587511,-0.323860744999934,0],[100.392793829,-0.323675333999972,0],[100.39282589,-0.323634623999965,0],[100.39285122,-0.323644007999974,0],[100.392888667,-0.323643005999941,0],[100.392921372,-0.323572533999936,0],[100.392938074,-0.323535223999954,0],[100.392922672,-0.323511099999962,0],[100.392923765,-0.323489180999957,0],[100.392915061,-0.32345339799997,0],[100.392912355,-0.32344227599998,0],[100.392910455,-0.323362826999926,0],[100.39293803,-0.323339853999926,0],[100.392985571,-0.323305393999931,0],[100.393050228,-0.323266150999928,0],[100.393091114,-0.323210631999928,0],[100.393093016,-0.323174255999959,0],[100.393074951,-0.323129267999946,0],[100.393043573,-0.323123524999971,0],[100.392973212,-0.323113950999925,0],[100.392924721,-0.323090976999936,0],[100.39290015,-0.32305774799994,0],[100.392943703,-0.322966047999955,0],[100.39298638,-0.32292425299994,0],[100.393001299,-0.322879864999948,0],[100.393015248,-0.322855600999958,0],[100.393055443,-0.322768412999949,0],[100.393077034,-0.322721580999939,0],[100.393110529,-0.322682661999977,0],[100.393154444,-0.322631636999972,0],[100.393200622,-0.322577979999949,0],[100.393224387,-0.322534901999973,0],[100.393320845,-0.322618112999976,0],[100.393414576,-0.322697603999927,0],[100.393457366,-0.322721528999978,0],[100.39362055,-0.322541796999928,0],[100.393679079,-0.322503844999972,0],[100.393761021,-0.322450708999952,0],[100.393774057,-0.322408404999976,0],[100.39390422,-0.322386528999971,0],[100.393921116,-0.32243587399995,0],[100.393971329,-0.322493612999949,0],[100.393979425,-0.322495152999977,0],[100.393982927,-0.322507170999927,0],[100.394019378,-0.322521359999939,0],[100.394069511,-0.32254921599997,0],[100.394131624,-0.322635705999971,0],[100.394232582,-0.322565620999967,0],[100.394331669,-0.322493648999966,0],[100.394349627,-0.322456437999961,0],[100.39437016,-0.322440214999972,0],[100.394441571,-0.322341520999942,0],[100.394441603,-0.322341476999952,0],[100.394473183,-0.322323857999947,0],[100.394562085,-0.322273602999928,0],[100.394617898,-0.322275924999929,0],[100.394688294,-0.322369575999971,0],[100.394720498,-0.322341076999976,0],[100.394789735,-0.322393424999973,0],[100.394907814,-0.322482700999956,0],[100.394911454,-0.322607411999968,0],[100.395074266,-0.322712182999965,0],[100.395123508,-0.322775816999979,0],[100.395127512,-0.322814924999932,0],[100.395215415,-0.322785118999946,0],[100.395331997,-0.322942532999946,0],[100.395465914,-0.322901780999928,0],[100.395630518,-0.322793969999964,0],[100.395649156,-0.322826937999935,0],[100.395724132,-0.32277471499998,0],[100.395881604,-0.32268759599998,0],[100.395874569,-0.322670950999964,0],[100.396022852,-0.32258266599996,0],[100.396071488,-0.322662671999979,0],[100.396102088,-0.322625349999953,0],[100.396252702,-0.322521971999947,0],[100.396305187,-0.322539202999963,0],[100.396415605,-0.32246364699995,0],[100.396472383,-0.322521715999926,0],[100.396521108,-0.322500306999927,0],[100.396538076,-0.322510015999967,0],[100.396863571,-0.322291305999954,0],[100.396920563,-0.322265825999978,0],[100.396932737,-0.322270421999974,0],[100.396924903,-0.322218592999945,0],[100.396856589,-0.322048407999944,0],[100.39690781,-0.322004333999928,0],[100.396955958,-0.321962904999964,0],[100.397006154,-0.321919709999975,0],[100.397055326,-0.321877399999948,0],[100.397104497,-0.321835087999943,0],[100.397158658,-0.321801768999933,0],[100.39719666,-0.321735005999926,0],[100.397250497,-0.321690838999928,0],[100.397307202,-0.321645639999929,0],[100.39743124,-0.321548518999975,0],[100.397455198,-0.321537383999953,0],[100.397476801,-0.321530855999924,0],[100.397498152,-0.321517417999928,0],[100.397611373,-0.321464791999972,0],[100.397802709,-0.321405905999939,0],[100.39791838,-0.321381183999961,0],[100.39801841,-0.321372029999964,0],[100.398041405,-0.321369925999932,0],[100.398166155,-0.321358510999971,0],[100.398335356,-0.321325214999945,0],[100.398507983,-0.321270383999945,0],[100.398506434,-0.32129624199996,0],[100.398566512,-0.321361654999976,0],[100.398607608,-0.321377543999972,0],[100.398662403,-0.321376578999946,0],[100.398721251,-0.32136619299996,0],[100.398718263,-0.321331047999934,0],[100.398918039,-0.321258204999936,0],[100.3989394,-0.321202006999954,0],[100.399002723,-0.321181619999948,0],[100.399164688,-0.321162602999948,0],[100.399196955,-0.321145673999979,0],[100.399219264,-0.321128991999956,0],[100.39927561,-0.321241806999979,0],[100.39936459,-0.321190747999935,0],[100.399384708,-0.321164409999938,0],[100.399421791,-0.32109836199993,0],[100.399492154,-0.321039971999937,0],[100.399604351,-0.320995942999957,0],[100.399666155,-0.320978711999942,0],[100.399703655,-0.320951221999962,0],[100.399776023,-0.320910166999965,0],[100.399857273,-0.320899265999969,0],[100.399907667,-0.320873420999931,0],[100.399992291,-0.320795887999964,0],[100.400161539,-0.320830348999948,0],[100.400153801,-0.321036512999967,0],[100.400356386,-0.320992302999969,0],[100.400390298,-0.320988254999975,0],[100.400422064,-0.320984463999935,0],[100.400577999,-0.320944260999966,0],[100.400609974,-0.320926154999938,0],[100.400623639,-0.320918416999973,0],[100.400662623,-0.320870556999978,0],[100.400735838,-0.320846625999934,0],[100.400805248,-0.320834182999931,0],[100.400958859,-0.320812648999947,0],[100.401125274,-0.320780059999947,0],[100.4011739,-0.320810667999979,0],[100.401178081,-0.320816978999972,0],[100.401247811,-0.320790477999935,0],[100.401330781,-0.320758944999966,0],[100.401365096,-0.320747560999962,0],[100.401429751,-0.320729372999949,0],[100.401494409,-0.320715016999941,0],[100.401542068,-0.320687027999952,0],[100.401586917,-0.320673339999928,0],[100.40160547,-0.320657638999933,0],[100.401628099,-0.320665550999934,0],[100.401739304,-0.320649781999975,0],[100.401741906,-0.320599258999948,0],[100.401765153,-0.320595958999945,0],[100.401773572,-0.320596728999931,0],[100.401850856,-0.320603798999969,0],[100.401863521,-0.320613499999979,0],[100.401905746,-0.320645842999966,0],[100.402041164,-0.320657328999971,0],[100.402074131,-0.320639988999972,0],[100.402076344,-0.320639792999941,0],[100.402087316,-0.320638818999953,0],[100.402099606,-0.320637727999951,0],[100.40219928,-0.320636211999954,0],[100.402246754,-0.320632180999951,0],[100.402237979,-0.320585697999945,0],[100.402204264,-0.32049111699996,0],[100.402201365,-0.320463678999943,0],[100.402568517,-0.320295847999944,0],[100.40256921,-0.320295531999932,0],[100.402872571,-0.32015686099993,0],[100.402945619,-0.320123469999942,0],[100.403146187,-0.320031786999948,0],[100.403249867,-0.319999806999931,0],[100.403763292,-0.319841441999927,0],[100.403774895,-0.319837863999965,0],[100.403910896,-0.319830890999924,0],[100.40392946,-0.319865989999926,0],[100.403927177,-0.319916530999933,0],[100.403951901,-0.319975502999966,0],[100.404009946,-0.320077675999926,0],[100.404061198,-0.320187116999932,0],[100.404117781,-0.320282487999975,0],[100.404175791,-0.320342867999955,0],[100.404204732,-0.320423969999979,0],[100.404343403,-0.320621071999938,0],[100.404450413,-0.320929759999956,0],[100.404635867,-0.321245616999931,0],[100.404771396,-0.321511943999951,0],[100.405110115,-0.321418568999945,0],[100.405242044,-0.321429318999947,0],[100.405245635,-0.321619565999924,0],[100.405295577,-0.321788268999967,0],[100.405438237,-0.322050287999957,0],[100.405545254,-0.322409229999948,0],[100.405601942,-0.322661688999972,0],[100.406162908,-0.32250845599998,0],[100.406628799,-0.322403096999949,0],[100.407223043,-0.322245072999976,0],[100.407711999,-0.322106447999943,0],[100.407853325,-0.322066379999967,0],[100.40785635,-0.321960627999943,0],[100.407753219,-0.321456288999968,0],[100.407629582,-0.321233752999944,0],[100.407532096,-0.321047108999949,0],[100.407341905,-0.320850905999976,0],[100.407330619,-0.320839880999927,0],[100.407261074,-0.320771945999979,0],[100.407250952,-0.320675265999967,0],[100.407246793,-0.320635544999959,0],[100.407092242,-0.320331648999968,0],[100.406994757,-0.320145004999972,0],[100.406902026,-0.319955966999942,0],[100.406728462,-0.319673611999974,0],[100.406654757,-0.319556362999947,0],[100.406585803,-0.319417574999932,0],[100.406514475,-0.31930271899995,0],[100.406447635,-0.319327797999961,0],[100.406393251,-0.319348203999937,0],[100.406243445,-0.31896772999994,0],[100.406194277,-0.318850741999938,0],[100.405998052,-0.318383859999926,0],[100.405772152,-0.317799987999933,0],[100.405719328,-0.317693802999941,0],[100.405574553,-0.317481848999932,0],[100.405532727,-0.317308511999954,0],[100.405431177,-0.31715982299994,0],[100.405357613,-0.316997834999938,0],[100.40529516,-0.316850455999941,0],[100.405286645,-0.316836085999967,0],[100.405248236,-0.316771268999958,0],[100.405226023,-0.31676149499998,0],[100.405056436,-0.31682460199994,0],[100.405049376,-0.316827228999955,0],[100.405002284,-0.316755452999928,0],[100.404929416,-0.316644388999975,0],[100.404924666,-0.316637149999963,0],[100.404919788,-0.316629714999976,0],[100.404909743,-0.316579021999928,0],[100.404872685,-0.316392016999941,0],[100.4048739,-0.31636698899996,0],[100.40487809,-0.316280699999936,0],[100.404897602,-0.31623376999994,0],[100.404880241,-0.316157376999968,0],[100.404832406,-0.316076658999975,0],[100.404796568,-0.316016184999967,0],[100.404768365,-0.315922330999967,0],[100.404680408,-0.315722868999956,0],[100.404639437,-0.315651403999937,0],[100.404624412,-0.315619795999964,0],[100.404623193,-0.315617488999976,0],[100.404613912,-0.315599924999958,0],[100.404524977,-0.31543161299993,0],[100.404503133,-0.315356896999958,0],[100.404459455,-0.31524043099995,0],[100.404426427,-0.315186480999955,0],[100.404291301,-0.314965756999925,0],[100.404162555,-0.31474258999998,0],[100.4041337,-0.314692572999945,0],[100.404094147,-0.314624011999967,0],[100.403999416,-0.314466571999958,0],[100.403958473,-0.314370895999957,0],[100.403853936,-0.31412660899997,0],[100.403801148,-0.314030036999952,0],[100.403710123,-0.313863511999955,0],[100.403587001,-0.313662934999968,0],[100.403528318,-0.313562013999956,0],[100.403489815,-0.313488563999954,0],[100.403404606,-0.313326015999962,0],[100.403303579,-0.313197378999973,0],[100.403301409,-0.313194615999976,0],[100.403222388,-0.31315847999997,0],[100.403139787,-0.313128365999944,0],[100.403085912,-0.313087404999976,0],[100.402993376,-0.31292799199997,0],[100.402953862,-0.312881004999952,0],[100.402884425,-0.312814742999933,0],[100.402699631,-0.312614301999929,0],[100.4026801,-0.312564272999964,0],[100.40263507,-0.312497961999952,0],[100.40257989,-0.312416704999976,0],[100.40254233,-0.312365752999938,0],[100.402506617,-0.312317307999933,0],[100.402506533,-0.312317149999956,0],[100.402507001,-0.312317,0],[100.402640917,-0.312248397999952,0],[100.402630268,-0.31220781199994,0],[100.402623122,-0.312191136999957,0],[100.402565613,-0.312056952999967,0],[100.402650808,-0.31200488099995,0],[100.402858698,-0.311888894999925,0],[100.402904607,-0.311863281999933,0],[100.40274634,-0.311652378999952,0],[100.402384612,-0.311170348999951,0],[100.402365078,-0.311144317999947,0],[100.402320791,-0.311170348999951,0],[100.402257318,-0.311207655999965,0],[100.402234689,-0.311170348999951,0],[100.402119003,-0.310979626999938,0],[100.402108436,-0.310962204999953,0],[100.402096355,-0.310942287999978,0],[100.401977484,-0.310807694999937,0],[100.402161688,-0.310661095999933,0],[100.402010123,-0.310460697999929,0],[100.401831821,-0.310296199999925,0],[100.401739696,-0.310188524999944,0],[100.401694772,-0.31021186299995,0],[100.401679818,-0.310165263999977,0],[100.401665277,-0.31011995199998,0],[100.401635797,-0.310028084999942,0],[100.401571122,-0.309886424999945,0],[100.401483631,-0.309773483999948,0],[100.401384754,-0.30984241699997,0],[100.401280142,-0.309679703999961,0],[100.401215475,-0.309593561999975,0],[100.401232578,-0.309507409999981,0],[100.401198334,-0.309394462999933,0],[100.401053783,-0.309206866999943,0],[100.40098525,-0.309117604999926,0],[100.400924449,-0.309038412999939,0],[100.400852159,-0.308833576999973,0],[100.400810308,-0.308720630999971,0],[100.400701873,-0.308412419999968,0],[100.400738,-0.308376040999974,0],[100.4007215,-0.308278376999965,0],[100.400686619,-0.308098453999946,0],[100.400665689,-0.308010391999971,0],[100.400633349,-0.307916588999944,0],[100.400587699,-0.307840016999933,0],[100.400602908,-0.30780172599998,0],[100.400642837,-0.307759602999965,0],[100.400589566,-0.307575823999969,0],[100.400524911,-0.307585403999951,0],[100.40049828,-0.307524145999935,0],[100.400496371,-0.30746671299994,0],[100.400498266,-0.30741119399994,0],[100.400484947,-0.307355676999975,0],[100.400429801,-0.307370998999943,0],[100.400399351,-0.307194874999936,0],[100.400398308,-0.307184810999956,0],[100.400389831,-0.307102982999936,0],[100.400330844,-0.306829224999944,0],[100.40031759,-0.306786250999949,0],[100.400279478,-0.306662675999974,0],[100.400216718,-0.306624394999972,0],[100.400041775,-0.306689508999966,0],[100.399950477,-0.306551680999974,0],[100.399929552,-0.306494250999947,0],[100.399882016,-0.306534459999966,0],[100.399847789,-0.30655743799997,0],[100.39982686,-0.306478948999938,0],[100.399817346,-0.306429174999948,0],[100.399874391,-0.306396620999976,0],[100.399889599,-0.306356415999971,0],[100.399872474,-0.306279840999935,0],[100.399838241,-0.30625304299997,0],[100.399815412,-0.306182211999953,0],[100.39978118,-0.306161156999963,0],[100.399720327,-0.306166908999955,0],[100.399684185,-0.306082677999939,0],[100.399644249,-0.306071195999948,0],[100.399570092,-0.306130553999935,0],[100.399533962,-0.306145873999981,0],[100.399457877,-0.305998471999942,0],[100.399391301,-0.30585489799995,0],[100.399320925,-0.305741954999974,0],[100.399286686,-0.305669209999962,0],[100.399528176,-0.305514108999944,0],[100.399613536,-0.305463986999939,0],[100.399792487,-0.305368576999967,0],[100.399862847,-0.305357080999954,0],[100.399862838,-0.305293903999939,0],[100.399843814,-0.305232643999943,0],[100.399794364,-0.305177131999926,0],[100.399756318,-0.305081414999961,0],[100.39971637,-0.30497803999998,0],[100.399685931,-0.304882321999969,0],[100.399632681,-0.304847868999957,0],[100.399638381,-0.304813407999973,0],[100.399670705,-0.304778943999963,0],[100.399689715,-0.304729165999959,0],[100.399647867,-0.304641106999952,0],[100.399577497,-0.304570281999929,0],[100.399541358,-0.304512852999949,0],[100.399518529,-0.304445850999969,0],[100.399450062,-0.304388426999935,0],[100.399450966,-0.304359200999954,0],[100.399451956,-0.304327163999972,0],[100.399363366,-0.30411010499995,0],[100.399321458,-0.303990492999958,0],[100.399320698,-0.303988324999978,0],[100.39937584,-0.303938541999969,0],[100.399364407,-0.303758585999958,0],[100.399354889,-0.303683923999927,0],[100.399278823,-0.303687762999971,0],[100.399284601,-0.303604165999957,0],[100.399263024,-0.303507077999939,0],[100.399274988,-0.303435056999945,0],[100.399250252,-0.303322107999975,0],[100.399244539,-0.303260845999944,0],[100.399236907,-0.30306174499998,0],[100.399229288,-0.302969852999979,0],[100.399234987,-0.302923905999933,0],[100.399204553,-0.302862646999927,0],[100.399164607,-0.302774587999977,0],[100.399155086,-0.302673123999966,0],[100.399126543,-0.302537201999939,0],[100.399088495,-0.302420425999969,0],[100.399081096,-0.302402295999968,0],[100.399044744,-0.302313222999942,0],[100.399018108,-0.302213674999962,0],[100.398989569,-0.302102640999976,0],[100.398962932,-0.301997349999965,0],[100.398920542,-0.302003178999939,0],[100.398874189,-0.302003184999933,0],[100.398857542,-0.301944556999956,0],[100.398853972,-0.30190866199996,0],[100.398832572,-0.301863196999932,0],[100.398801669,-0.30184884199997,0],[100.398792154,-0.301802178999935,0],[100.398786207,-0.301765087999968,0],[100.398786199,-0.301701671999979,0],[100.398779062,-0.301657400999943,0],[100.39878619,-0.301635862999944,0],[100.398854308,-0.301625307999927,0],[100.398884837,-0.301619097999946,0],[100.398888398,-0.301587987999937,0],[100.398889582,-0.301548502999935,0],[100.398875314,-0.301503036999975,0],[100.398871743,-0.301462354999956,0],[100.398857475,-0.301416888999938,0],[100.398828945,-0.301377406999961,0],[100.398809918,-0.301297241999976,0],[100.398790891,-0.301213487999973,0],[100.398787313,-0.301115372999959,0],[100.398781363,-0.301057940999954,0],[100.398773154,-0.300956571999961,0],[100.39877303,-0.300955039999963,0],[100.398767077,-0.300879659999964,0],[100.398777772,-0.300861710999925,0],[100.398768259,-0.300824618999968,0],[100.398740913,-0.300745651999932,0],[100.398724252,-0.300581729999976,0],[100.398689771,-0.300471653999978,0],[100.398656478,-0.300361577999979,0],[100.398627939,-0.300252696999962,0],[100.398620798,-0.300173727999947,0],[100.398594643,-0.300119886999937,0],[100.398583942,-0.300080402999924,0],[100.398558974,-0.300016989999961,0],[100.398568477,-0.299975110999981,0],[100.398544701,-0.299929645999953,0],[100.398525378,-0.299867220999943,0],[100.398522109,-0.299856660999978,0],[100.39850071,-0.299811194999961,0],[100.39847693,-0.299739406999947,0],[100.398449587,-0.299687959999972,0],[100.398421054,-0.299622153999962,0],[100.398403217,-0.299547971999971,0],[100.398381818,-0.299506095999959,0],[100.398299807,-0.29949294499994,0],[100.398302177,-0.299434314999928,0],[100.398292661,-0.29936850699994,0],[100.398295034,-0.299338592999959,0],[100.398267694,-0.29931107699997,0],[100.398265361,-0.299297163999938,0],[100.398261931,-0.299276701999929,0],[100.39827312,-0.299224489999972,0],[100.398284317,-0.299177063999934,0],[100.398319967,-0.299136376999968,0],[100.398349676,-0.29909928099994,0],[100.398359177,-0.299041845999966,0],[100.398373437,-0.299025092999955,0],[100.398411471,-0.299028677999956,0],[100.39843762,-0.29904063999993,0],[100.398479855,-0.299060017999977,0],[100.39857874,-0.299050432999934,0],[100.398635787,-0.299033195999925,0],[100.398685227,-0.299010215999942,0],[100.398696627,-0.298925021999935,0],[100.398668074,-0.298702471999945,0],[100.398666872,-0.298598373999937,0],[100.398640709,-0.298478723999949,0],[100.398581269,-0.29837583099993,0],[100.398566998,-0.298301647999949,0],[100.398578868,-0.298184386999935,0],[100.39856697,-0.298083879999979,0],[100.398576456,-0.297904399999936,0],[100.398583575,-0.297811069999966,0],[100.398571676,-0.297700990999942,0],[100.398526509,-0.297679458999937,0],[100.398414791,-0.297712975999957,0],[100.398319711,-0.297732131999965,0],[100.398269787,-0.297686670999951,0],[100.398253133,-0.297576591999928,0],[100.398210327,-0.297421048999979,0],[100.398224576,-0.297318145999952,0],[100.398269723,-0.297184128999959,0],[100.398238807,-0.297071659999972,0],[100.398248304,-0.296975935999967,0],[100.398191243,-0.296885006999958,0],[100.398096148,-0.296794082999952,0],[100.398036693,-0.296566750999943,0],[100.39797249,-0.296389672999965,0],[100.397910669,-0.296248489999925,0],[100.397851237,-0.29621020899998,0],[100.397775178,-0.296265258999938,0],[100.397713911,-0.296176629999934,0],[100.397719734,-0.296093309999947,0],[100.397711395,-0.296026337999933,0],[100.397703839,-0.295965659999979,0],[100.397699823,-0.295933405999961,0],[100.397699442,-0.295932284999935,0],[100.397683299,-0.295884808999972,0],[100.397654044,-0.295798773999934,0],[100.397648417,-0.295782226999961,0],[100.397587852,-0.295603590999974,0],[100.397583034,-0.295547091999936,0],[100.397566253,-0.295433153999966,0],[100.397558295,-0.295231188999935,0],[100.397557497,-0.29517008199997,0],[100.397567472,-0.295096134999937,0],[100.397571025,-0.294999933999975,0],[100.397568872,-0.294890092999935,0],[100.397567413,-0.294625899999971,0],[100.397486117,-0.294620645999942,0],[100.397415752,-0.294593851999934,0],[100.397330173,-0.294555573999958,0],[100.397256001,-0.294494320999945,0],[100.39712668,-0.294431160999977,0],[100.396935161,-0.294342770999947,0],[100.396894682,-0.29446182099997,0],[100.396801726,-0.294460872999935,0],[100.396523859,-0.294458038999949,0],[100.396476297,-0.294293402999926,0],[100.39640023,-0.29428192599994,0],[100.396240489,-0.294272373999945,0],[100.395730123,-0.294197056999963,0],[100.395281313,-0.294040128999939,0],[100.395104453,-0.293992289999949,0],[100.394923785,-0.293906161999928,0],[100.394863875,-0.29384538599993,0],[100.394779246,-0.293802321999976,0],[100.3947298,-0.293773610999949,0],[100.394594536,-0.293707340999958,0],[100.394544613,-0.293669296999951,0],[100.394506101,-0.293642020999926,0],[100.394432642,-0.293578613999955,0],[100.394387468,-0.293550047999929,0],[100.394332681,-0.293515401999969,0],[100.394307624,-0.293499556999961,0],[100.394266233,-0.293463767999924,0],[100.394275138,-0.293429777999961,0],[100.394288804,-0.29337761499994,0],[100.394331637,-0.293324133999931,0],[100.394409586,-0.293174796999949,0],[100.39447241,-0.293036961999974,0],[100.394441679,-0.293013917999929,0],[100.394387846,-0.292973548999953,0],[100.394371493,-0.292961285999979,0],[100.394341866,-0.292960717999961,0],[100.394237053,-0.292958944999953,0],[100.394168454,-0.292958238999972,0],[100.39407867,-0.292949172999954,0],[100.394042301,-0.292944869999928,0],[100.393991668,-0.292934825999964,0],[100.393956217,-0.292937807999976,0],[100.3939267,-0.292938299999946,0],[100.393866667,-0.292866666999942,0],[100.393840978,-0.292850320999946,0],[100.393863541,-0.292692615999954,0],[100.393731612,-0.292681862999927,0],[100.393642449,-0.292495215999963,0],[100.393514052,-0.292213807999929,0],[100.393507628,-0.292162836999978,0],[100.393483333,-0.291997221999964,0],[100.393419645,-0.291910618999964,0],[100.393400053,-0.291096262999929,0],[100.39340194,-0.290976609999973,0],[100.393392429,-0.290949808999926,0],[100.393380061,-0.290896205999957,0],[100.393370538,-0.290777510999931,0],[100.393370999,-0.290660250999963,0],[100.393367413,-0.290428654999971,0],[100.393364051,-0.290211552999949,0],[100.393346122,-0.289382359999934,0],[100.39334715,-0.289252007999949,0],[100.393369899,-0.289108496999972,0],[100.39339239,-0.288966612999957,0],[100.393390325,-0.288840318999974,0],[100.393423258,-0.288528776999954,0],[100.393506928,-0.287961829999972,0],[100.393520808,-0.287867780999932,0],[100.393526499,-0.287830294999935,0],[100.393487099,-0.287796390999972,0],[100.393449058,-0.287729389999924,0],[100.393446675,-0.287676742999963,0],[100.39348233,-0.287667165999949,0],[100.393498967,-0.287648019999949,0],[100.393491828,-0.287588193999966,0],[100.39346092,-0.287535550999962,0],[100.393425257,-0.28748051499997,0],[100.393403854,-0.287399152999967,0],[100.393396716,-0.287341720999962,0],[100.393396711,-0.287301038999942,0],[100.393441874,-0.287296246999972,0],[100.393472237,-0.287058533999925,0],[100.393472747,-0.287054543999943,0],[100.393627258,-0.287068882999961,0],[100.393694739,-0.287081067999964,0],[100.393719966,-0.287085622999939,0],[100.393836444,-0.287097573999972,0],[100.393914889,-0.287111922999941,0],[100.394038499,-0.28713105199995,0],[100.394124074,-0.287138220999964,0],[100.394188256,-0.287142998999968,0],[100.394257192,-0.28715256299995,0],[100.394359408,-0.287169301999938,0],[100.394425967,-0.287178865999977,0],[100.394429137,-0.287155441999971,0],[100.394433092,-0.287126217999969,0],[100.394421191,-0.286996993999935,0],[100.394406914,-0.286874949999969,0],[100.394435408,-0.286618888999953,0],[100.394485312,-0.286501622999936,0],[100.394504317,-0.286410684999964,0],[100.394570864,-0.286317346999965,0],[100.394585118,-0.286245553999947,0],[100.39460888,-0.286173758999951,0],[100.394663541,-0.286082815999976,0],[100.394725327,-0.285929652999926,0],[100.394770471,-0.285762132999935,0],[100.394798986,-0.285685551999961,0],[100.394875037,-0.28555631699993,0],[100.394939202,-0.285427083999934,0],[100.39496534,-0.285340930999951,0],[100.394891644,-0.285285899999963,0],[100.394810822,-0.285271550999937,0],[100.394642055,-0.285312253999962,0],[100.394565992,-0.285343372999932,0],[100.394459029,-0.285384067999928,0],[100.394373458,-0.28540800899998,0],[100.394273623,-0.285424771999942,0],[100.394180921,-0.285460679999971,0],[100.394114367,-0.285491797999953,0],[100.393909944,-0.28553489799998,0],[100.393743554,-0.285568420999937,0],[100.393598557,-0.285609119999947,0],[100.393503475,-0.285611524999979,0],[100.393394127,-0.285587607999958,0],[100.393282403,-0.285573262999947,0],[100.393139778,-0.285570886999949,0],[100.393039941,-0.28557329299997,0],[100.392883059,-0.285611600999971,0],[100.392790355,-0.285623576999967,0],[100.392699023,-0.285648316999925,0],[100.39264495,-0.285819183999934,0],[100.392348844,-0.285867647999964,0],[100.392331602,-0.285800719999941,0],[100.392265039,-0.285757652999962,0],[100.392257902,-0.285709792999967,0],[100.392212729,-0.285640398999931,0],[100.392129522,-0.285561437999945,0],[100.392160412,-0.285465711999962,0],[100.392129503,-0.285405888999946,0],[100.39212474,-0.285331704999976,0],[100.392167525,-0.285312554999962,0],[100.392131863,-0.285262305999936,0],[100.392074803,-0.285173768999925,0],[100.392112832,-0.285145047999947,0],[100.392089057,-0.28510915499993,0],[100.392027252,-0.285094803999925,0],[100.391946426,-0.285054131999971,0],[100.391879864,-0.285015850999969,0],[100.391808549,-0.284996714999977,0],[100.391763382,-0.28496800399995,0],[100.391711085,-0.284958437999933,0],[100.391580337,-0.284884268999974,0],[100.391456722,-0.284826849999945,0],[100.391397297,-0.284838822999973,0],[100.391368768,-0.284805323999933,0],[100.391337863,-0.284781396999961,0],[100.391273683,-0.284786190999966,0],[100.39117384,-0.284733554999946,0],[100.391109655,-0.284700059999977,0],[100.39107161,-0.284604341999966,0],[100.391097752,-0.284556477999956,0],[100.390971766,-0.284542134999924,0],[100.390912335,-0.284508638999966,0],[100.390843397,-0.284482323999953,0],[100.390786343,-0.284451220999927,0],[100.390762561,-0.284353107999948,0],[100.390764929,-0.284276529999943,0],[100.390774431,-0.284231060999957,0],[100.390729262,-0.284187990999953,0],[100.390722122,-0.284111413999938,0],[100.390622276,-0.284037240999965,0],[100.390610381,-0.28395827099996,0],[100.390491526,-0.283948713999962,0],[100.390294226,-0.283920020999972,0],[100.390201519,-0.283912852999947,0],[100.390092179,-0.283958333999976,0],[100.38995907,-0.284013390999974,0],[100.389899643,-0.284013397999956,0],[100.389842585,-0.283944005999956,0],[100.389837827,-0.283912896999936,0],[100.389811676,-0.283886575999929,0],[100.389811667,-0.283814783999958,0],[100.389835425,-0.283707093999965,0],[100.389878208,-0.283666405999952,0],[100.389873447,-0.283608972999957,0],[100.389861553,-0.283537182999964,0],[100.389771209,-0.283410360999937,0],[100.389671365,-0.283357725999963,0],[100.389586928,-0.283266018999939,0],[100.389503771,-0.283271595999963,0],[100.389396807,-0.283301521999931,0],[100.38933144,-0.283326656999975,0],[100.389266074,-0.283354184999951,0],[100.389206648,-0.283358978999956,0],[100.389153163,-0.283355395999934,0],[100.389102054,-0.283338649999962,0],[100.389003401,-0.283302765999963,0],[100.388921785,-0.28327405899995,0],[100.388862361,-0.283302782999954,0],[100.388817204,-0.283357828999954,0],[100.388745899,-0.283417663999955,0],[100.388669843,-0.283506216999967,0],[100.38863202,-0.283634957999936,0],[100.388533789,-0.283792204999941,0],[100.388476746,-0.283844858999942,0],[100.388346009,-0.283864018999964,0],[100.388253298,-0.283820954999953,0],[100.388129683,-0.283765929999959,0],[100.388094237,-0.283776293999949,0],[100.388055997,-0.283787475999929,0],[100.387994193,-0.283787483999959,0],[100.387971654,-0.283765949999975,0],[100.387944043,-0.283739571999945,0],[100.387922,-0.283711,0],[100.38790662,-0.28368700599998,0],[100.387906539,-0.283686878999958,0],[100.387897001,-0.283672,0],[100.387882949,-0.283647241999972,0],[100.387876,-0.283634998999958,0],[100.387854523,-0.283601639999972,0],[100.387854475,-0.283601565999959,0],[100.387829001,-0.283562,0],[100.387826537,-0.283558639999967,0],[100.387818001,-0.283546998999952,0],[100.387812705,-0.283540379999977,0],[100.38781,-0.283537,0],[100.3878,-0.283534,0],[100.387791656,-0.283535042999972,0],[100.387788725,-0.283535408999967,0],[100.387763278,-0.283485120999956,0],[100.387745,-0.283449,0],[100.387721,-0.283404,0],[100.387707741,-0.283375890999935,0],[100.387696,-0.283351,0],[100.387696001,-0.283344820999957,0],[100.387696001,-0.283344732999979,0],[100.387696001,-0.283343,0],[100.387695863,-0.283340520999957,0],[100.387695001,-0.283325,0],[100.387693675,-0.283314394999934,0],[100.387693,-0.283309,0],[100.387693,-0.28329,0],[100.387686749,-0.283258222999962,0],[100.387681001,-0.283229,0],[100.387673653,-0.283221651999952,0],[100.387671001,-0.283219,0],[100.387670839,-0.283218987999931,0],[100.387437001,-0.283201,0],[100.387436666,-0.283200870999963,0],[100.387436627,-0.28320086399998,0],[100.387411001,-0.283191,0],[100.387404945,-0.28319062199995,0],[100.387347,-0.283187,0],[100.387295496,-0.283180588999926,0],[100.387114001,-0.283158,0],[100.386962347,-0.283150783999929,0],[100.386945725,-0.283296762999953,0],[100.38694099,-0.283452312999941,0],[100.387012306,-0.283485806999977,0],[100.387002806,-0.283559992999926,0],[100.386948139,-0.283605467999962,0],[100.386922627,-0.283723805999955,0],[100.386713438,-0.283676567999976,0],[100.386603494,-0.283642479999969,0],[100.386423427,-0.283607801999949,0],[100.386252665,-0.283568730999946,0],[100.386071614,-0.283559384999933,0],[100.386037146,-0.283557593999944,0],[100.385957514,-0.283558201999938,0],[100.385864806,-0.283543854999948,0],[100.385731686,-0.283514555999943,0],[100.385678201,-0.283501998999952,0],[100.385592507,-0.283502032999934,0],[100.385509782,-0.283481940999934,0],[100.385441889,-0.283464546999937,0],[100.385365729,-0.283464009999932,0],[100.38531581,-0.283458990999975,0],[100.385281577,-0.283428842999967,0],[100.385169613,-0.283405164999976,0],[100.385103529,-0.283392010999933,0],[100.385020057,-0.283393195999963,0],[100.384972988,-0.28337453599994,0],[100.384920214,-0.283348696999951,0],[100.384870293,-0.283331472999976,0],[100.384802068,-0.283300609999969,0],[100.384649931,-0.283267125999942,0],[100.384472832,-0.283213302999968,0],[100.384408831,-0.283185376999938,0],[100.384186617,-0.283088418999967,0],[100.384002146,-0.283011862999956,0],[100.3837302,-0.282941060999974,0],[100.383609156,-0.282942829999968,0],[100.383378622,-0.282874575999926,0],[100.38326452,-0.282852333999926,0],[100.383093364,-0.282802817999936,0],[100.382987104,-0.282764062999945,0],[100.382947168,-0.28275617099996,0],[100.382779814,-0.282688466999957,0],[100.38274368,-0.282671240999946,0],[100.38269487,-0.282659759999945,0],[100.382646383,-0.282705712999928,0],[100.382523736,-0.282796663999932,0],[100.382342146,-0.282958457999939,0],[100.382235831,-0.283040938999932,0],[100.382148984,-0.282873527999925,0],[100.382092218,-0.28279436899993,0],[100.381980581,-0.282633023999949,0],[100.381948948,-0.282591464999939,0],[100.381942517,-0.282599886999947,0],[100.38193578,-0.282611310999926,0],[100.381925845,-0.282619840999928,0],[100.38191227,-0.282628117999934,0],[100.381895516,-0.282636269999955,0],[100.381887134,-0.282639366999945,0],[100.381874018,-0.282644212999969,0],[100.381852222,-0.282645228999968,0],[100.381823895,-0.282644083999969,0],[100.381806312,-0.282639716999938,0],[100.381795227,-0.282633233999945,0],[100.381791316,-0.282630945999927,0],[100.381774352,-0.282618763999949,0],[100.381761099,-0.282601707999959,0],[100.381748897,-0.28258955299998,0],[100.381738896,-0.282583955999939,0],[100.381728304,-0.282582219999938,0],[100.381719967,-0.28258545999995,0],[100.381712628,-0.282591176999972,0],[100.381705477,-0.282602663999967,0],[100.381703538,-0.282619830999977,0],[100.381705491,-0.282641121999973,0],[100.381705928,-0.282644253999933,0],[100.38170854,-0.282662991999928,0],[100.381715189,-0.282677353999929,0],[100.381723869,-0.282689707999964,0],[100.381732415,-0.282704955999975,0],[100.381745149,-0.28273209799994,0],[100.381755547,-0.282756842999959,0],[100.381760499,-0.282773781999936,0],[100.381760438,-0.28278929499993,0],[100.381756046,-0.282803693999938,0],[100.381751799,-0.28282236299998,0],[100.381748244,-0.282841854999958,0],[100.381741059,-0.282869422999966,0],[100.381726628,-0.282916041999954,0],[100.381721877,-0.282938046999959,0],[100.381719483,-0.282950213999925,0],[100.381717055,-0.282962549999979,0],[100.381713582,-0.282988236999927,0],[100.3817092,-0.283008750999954,0],[100.38169766,-0.283048295999947,0],[100.38168435,-0.283088066999937,0],[100.381675432,-0.283112062999976,0],[100.381666189,-0.283131419999961,0],[100.381660334,-0.283153932999937,0],[100.381656788,-0.283175223999933,0],[100.381655695,-0.283205758999941,0],[100.381648971,-0.283250404999933,0],[100.381641186,-0.283283617999928,0],[100.381636526,-0.283307595999929,0],[100.381634804,-0.283333173999949,0],[100.381635391,-0.283352555999954,0],[100.381639121,-0.283368537999934,0],[100.381646238,-0.283383397999955,0],[100.381663428,-0.283412166999938,0],[100.381677544,-0.283428543999946,0],[100.381695479,-0.283441719999928,0],[100.38171148,-0.283449533999942,0],[100.381737212,-0.283457434999946,0],[100.381762763,-0.283461293999949,0],[100.381783904,-0.283463326999936,0],[100.381807353,-0.283463702999939,0],[100.381828142,-0.283464488999925,0],[100.381856568,-0.283465425999964,0],[100.381869331,-0.283467147999943,0],[100.381876182,-0.283468071999948,0],[100.381913327,-0.283475352999972,0],[100.381937098,-0.283482528999969,0],[100.381948988,-0.28351902199995,0],[100.381947812,-0.283621325999945,0],[100.381952635,-0.283706518999963,0],[100.381959777,-0.283797454999956,0],[100.381947911,-0.283955398999979,0],[100.381931279,-0.284024799999941,0],[100.381795779,-0.283969774999946,0],[100.381736342,-0.283888417999947,0],[100.381641251,-0.283821423999939,0],[100.381550915,-0.283764000999952,0],[100.38152952,-0.283752037999932,0],[100.381477239,-0.283874090999973,0],[100.381410694,-0.283988965999924,0],[100.381363159,-0.284046405999959,0],[100.381279957,-0.28400453699993,0],[100.381251436,-0.284038043999942,0],[100.381241934,-0.284097870999972,0],[100.381234816,-0.284203167999976,0],[100.381239591,-0.284382646999973,0],[100.381151642,-0.284404195999969,0],[100.381096972,-0.284435311999971,0],[100.381079173,-0.28445525199993,0],[100.381078739,-0.284455500999968,0],[100.381078307,-0.284455777999938,0],[100.381045,-0.284476,0],[100.381035226,-0.284481067999934,0],[100.381018001,-0.284489998999959,0],[100.380979,-0.28450799899997,0],[100.380945312,-0.28451836499994,0],[100.380914001,-0.284528,0],[100.38085421,-0.284553322999955,0],[100.380829,-0.284564,0],[100.380722001,-0.284597998999971,0],[100.380657241,-0.284616779999965,0],[100.380622001,-0.284627,0],[100.380597057,-0.284634408999977,0],[100.380597026,-0.284634417999939,0],[100.380521001,-0.284657,0],[100.380509625,-0.284659274999967,0],[100.380486,-0.284664,0],[100.38043874,-0.284678826999937,0],[100.380435001,-0.28468,0],[100.380393001,-0.28469599899995,0],[100.380382,-0.284701998999935,0],[100.380374001,-0.284707998999977,0],[100.38035883,-0.284725065999964,0],[100.380353439,-0.284731130999944,0],[100.380337496,-0.284750603999953,0],[100.380335008,-0.284753657999943,0],[100.380334973,-0.284753702999978,0],[100.380328,-0.284763,0],[100.380312968,-0.284778715999948,0],[100.380306001,-0.284786,0],[100.380293302,-0.284799095999972,0],[100.380270967,-0.284822127999973,0],[100.380265843,-0.284827077999978,0],[100.380249386,-0.28483530699998,0],[100.38024,-0.28484,0],[100.380221,-0.284846998999967,0],[100.380212803,-0.284849048999945,0],[100.380201001,-0.284852,0],[100.380173001,-0.284858,0],[100.380161712,-0.284859820999941,0],[100.380161589,-0.284859840999957,0],[100.380141256,-0.284863119999955,0],[100.380131185,-0.284864743999947,0],[100.380101001,-0.284862,0],[100.380097066,-0.284860031999926,0],[100.380089001,-0.284856,0],[100.380082258,-0.284855036999943,0],[100.380068,-0.284853,0],[100.380047001,-0.28485,0],[100.380036691,-0.284849206999979,0],[100.380021001,-0.284848,0],[100.379985,-0.28484599899997,0],[100.37997162,-0.284844724999971,0],[100.379964,-0.284843998999975,0],[100.379941001,-0.284843,0],[100.379925081,-0.284840104999944,0],[100.379897001,-0.284834998999941,0],[100.379861002,-0.284823994999954,0],[100.379860699,-0.284823901999971,0],[100.379857654,-0.284822883999936,0],[100.379837,-0.284816,0],[100.379811338,-0.284809092999978,0],[100.379810999,-0.284809004999943,0],[100.379740001,-0.284790998999938,0],[100.379699001,-0.284783998999956,0],[100.379681,-0.284783,0],[100.379666162,-0.284783,0],[100.379666,-0.284783,0],[100.379664621,-0.28478352999997,0],[100.379653,-0.284787998999946,0],[100.379643622,-0.284792687999925,0],[100.379641001,-0.28479399899993,0],[100.37962783,-0.284802230999958,0],[100.379616112,-0.284809554999924,0],[100.379598281,-0.284816686999932,0],[100.379594903,-0.284818037999969,0],[100.379589546,-0.28482018099993,0],[100.379584402,-0.284820823999951,0],[100.379567,-0.284823,0],[100.379539,-0.284825,0],[100.379532829,-0.284824176999962,0],[100.379524,-0.284823,0],[100.379513001,-0.284825,0],[100.379504,-0.284829,0],[100.379495717,-0.284833338999931,0],[100.379483001,-0.284839998999928,0],[100.379464,-0.284851,0],[100.379448,-0.284861,0],[100.379422998,-0.284877993999942,0],[100.379417657,-0.28488183199994,0],[100.379386641,-0.284904067999946,0],[100.37937,-0.284916,0],[100.379327001,-0.284946,0],[100.37932441,-0.284947942999963,0],[100.379311001,-0.284957998999971,0],[100.379306441,-0.284961038999938,0],[100.379281007,-0.284977995999952,0],[100.379252001,-0.284993,0],[100.37920987,-0.285012860999927,0],[100.379182,-0.285026,0],[100.379081501,-0.285067669999933,0],[100.379041525,-0.285076445999948,0],[100.379041498,-0.285076451999942,0],[100.379039,-0.285077,0],[100.37903731,-0.285077375999947,0],[100.379012,-0.285083,0],[100.378986,-0.285088998999925,0],[100.378952,-0.285099,0],[100.378842001,-0.285138,0],[100.378823418,-0.285145713999952,0],[100.378823212,-0.285145799999952,0],[100.378789,-0.28516,0],[100.378774754,-0.285164859999952,0],[100.378750754,-0.285173047999933,0],[100.378704,-0.285189,0],[100.378684757,-0.285194986999954,0],[100.378659,-0.285203,0],[100.378641417,-0.285207034999928,0],[100.378641381,-0.285207042999957,0],[100.378598,-0.285217,0],[100.37854214,-0.285228965999977,0],[100.378541999,-0.285228993999965,0],[100.378472001,-0.285243,0],[100.37846256,-0.285243,0],[100.378456139,-0.285243,0],[100.378446999,-0.285242998999934,0],[100.378434043,-0.285238140999979,0],[100.378431,-0.285237,0],[100.378422,-0.285234,0],[100.378411001,-0.285231,0],[100.378406219,-0.285230521999949,0],[100.378401001,-0.28523,0],[100.378393554,-0.28523,0],[100.378388001,-0.28523,0],[100.378376255,-0.285233354999946,0],[100.378374,-0.285234,0],[100.378332,-0.28525499899996,0],[100.378256,-0.285283,0],[100.378196001,-0.285302,0],[100.378192741,-0.285304793999956,0],[100.378192584,-0.285304461999942,0],[100.378134383,-0.285181230999967,0],[100.377991762,-0.285220135999964,0],[100.377926354,-0.285271505999958,0],[100.377852118,-0.285297628999956,0],[100.377805768,-0.285321564999947,0],[100.377745152,-0.285325161999936,0],[100.377710683,-0.285313200999951,0],[100.377641746,-0.28530363699997,0],[100.377535973,-0.285362279999958,0],[100.377475361,-0.285389807999934,0],[100.37743495,-0.28538741899996,0],[100.377411176,-0.285364687999959,0],[100.377393343,-0.285320417999969,0],[100.377382644,-0.285303667999926,0],[100.377260228,-0.285338381999964,0],[100.377207933,-0.285339584999974,0],[100.377084325,-0.285346778999951,0],[100.377020143,-0.285344393999935,0],[100.376963091,-0.285327648999953,0],[100.37692268,-0.285324064999941,0],[100.376870385,-0.285330053999928,0],[100.376794321,-0.285350403999928,0],[100.376775304,-0.285349209999936,0],[100.376491239,-0.285319329999936,0],[100.376393776,-0.28530139399993,0],[100.37635574,-0.285282253999981,0],[100.376177453,-0.285230823999939,0],[100.376038388,-0.285191354999938,0],[100.375950432,-0.285161451999954,0],[100.375230637,-0.285143538999932,0],[100.374750884,-0.285070061999932,0],[100.374226713,-0.284879874999945,0],[100.374003571,-0.284727282999938,0],[100.373697489,-0.284458097999959,0],[100.373578638,-0.284485033999943,0],[100.373359725,-0.284151048999945,0],[100.373162066,-0.283978648999948,0],[100.373078855,-0.283864986999959,0],[100.373004557,-0.283745341999975,0],[100.372965924,-0.283706458999973,0],[100.37271378,-0.283876818999943,0],[100.372682579,-0.283863361999977,0],[100.372519151,-0.283836458999929,0],[100.372403271,-0.283857412999964,0],[100.372179364,-0.283864256999948,0],[100.372040534,-0.283801095999934,0],[100.371868409,-0.283718378999936,0],[100.371811952,-0.283707915999969,0],[100.371605297,-0.283498781999924,0],[100.371382743,-0.283179482999969,0],[100.371961408,-0.282739978999928,0],[100.37178548,-0.282538980999959,0],[100.371544768,-0.282273377999957,0],[100.371289204,-0.282043073999944,0],[100.370992046,-0.281860635999976,0],[100.370677055,-0.281633330999966,0],[100.370594569,-0.281629750999969,0],[100.370495698,-0.281759945999966,0],[100.37034335,-0.281969358999959,0],[100.370377851,-0.282008946999952,0],[100.370253802,-0.282146212999976,0],[100.370168695,-0.282248279999976,0],[100.370205154,-0.282278205999944,0],[100.370153026,-0.282333756999947,0],[100.370098337,-0.282277005999958,0],[100.370080042,-0.282305638999958,0],[100.370047622,-0.282282543999941,0],[100.370024787,-0.28231135599998,0],[100.369990417,-0.282282728999974,0],[100.369963986,-0.282315263999976,0],[100.369908132,-0.28227043399994,0],[100.369886593,-0.282301913999959,0],[100.369815064,-0.28224656499998,0],[100.369814416,-0.282246078999947,0],[100.369813753,-0.28224561199994,0],[100.369813078,-0.282245165999939,0],[100.369812389,-0.282244740999943,0],[100.369811687,-0.282244335999962,0],[100.369810975,-0.282243952999977,0],[100.36981025,-0.282243591999929,0],[100.369809516,-0.282243251999944,0],[100.369808772,-0.282242934999942,0],[100.369808018,-0.282242639999936,0],[100.369807257,-0.28224236899996,0],[100.369806487,-0.282242119999978,0],[100.36980571,-0.28224189499997,0],[100.369804927,-0.282241692999946,0],[100.369804139,-0.282241514999953,0],[100.369803345,-0.282241360999933,0],[100.369802547,-0.282241230999944,0],[100.369801746,-0.282241124999928,0],[100.369800942,-0.282241043999932,0],[100.369800136,-0.282240985999977,0],[100.369799328,-0.282240952999928,0],[100.36979852,-0.282240944999955,0],[100.369797712,-0.282240959999967,0],[100.369796905,-0.282241,0],[100.369775231,-0.282224839999969,0],[100.36962813,-0.282122611999966,0],[100.36951278,-0.282055440999954,0],[100.369445266,-0.282012373999976,0],[100.369372997,-0.28196930699994,0],[100.369352079,-0.281973137999955,0],[100.36930713,-0.281987312999945,0],[100.369181921,-0.282026799999926,0],[100.369138148,-0.282034425999939,0],[100.368986021,-0.282097621999981,0],[100.368818684,-0.282186663999937,0],[100.3688067,-0.282171699999935,0],[100.368661111,-0.282011110999974,0],[100.368338093,-0.281806038999946,0],[100.368193033,-0.281661458999963,0],[100.367995349,-0.281796114999963,0],[100.367897139,-0.281829074999962,0],[100.367763273,-0.281883476999951,0],[100.367763248,-0.281883487999949,0],[100.367590879,-0.281967061999978,0],[100.367585885,-0.281969482999955,0],[100.367536892,-0.281900097999937,0],[100.367502231,-0.281851009999968,0],[100.367491012,-0.281835120999972,0],[100.367440443,-0.28172499599998,0],[100.367432119,-0.281685510999978,0],[100.367517689,-0.281643621999933,0],[100.367547401,-0.281626866999943,0],[100.367446353,-0.281437824999955,0],[100.367422578,-0.281406717999971,0],[100.367393663,-0.28140934299995,0],[100.367205002,-0.281404152999926,0],[100.367119905,-0.28149769099997,0],[100.367012949,-0.28161496499996,0],[100.366872706,-0.281660449999947,0],[100.366844202,-0.28184472099997,0],[100.366832333,-0.281981128999973,0],[100.36682093,-0.282043349999924,0],[100.366725373,-0.282059155999946,0],[100.366723975,-0.282300378999935,0],[100.366731591,-0.282352440999944,0],[100.366758312,-0.282383084999935,0],[100.366791011,-0.282420583999965,0],[100.366821681,-0.282479462999959,0],[100.366878389,-0.282588328999964,0],[100.366882685,-0.282739092999975,0],[100.366809953,-0.282797971999969,0],[100.366700134,-0.282825265999975,0],[100.36661884,-0.282846812999935,0],[100.366511873,-0.282862619999946,0],[100.366443417,-0.282904267999925,0],[100.366406342,-0.282966013999953,0],[100.366316496,-0.283036381999977,0],[100.366264401,-0.283077775999971,0],[100.36625859,-0.283078504999935,0],[100.366250765,-0.283091439999964,0],[100.366241131,-0.283104505999972,0],[100.36615419,-0.283222430999956,0],[100.36597386,-0.283349158999954,0],[100.365935366,-0.283376210999961,0],[100.365881863,-0.283384506999937,0],[100.365844442,-0.283356632999926,0],[100.365747446,-0.283270492999975,0],[100.365708934,-0.283246087999942,0],[100.365613375,-0.28325184299996,0],[100.365552044,-0.283233183999926,0],[100.365500697,-0.283220266999933,0],[100.365378411,-0.283187232999978,0],[100.365378238,-0.28318713799996,0],[100.365302439,-0.283145626999953,0],[100.365303429,-0.283135318999939,0],[100.365306712,-0.283101114999965,0],[100.365233972,-0.283092507999925,0],[100.365145542,-0.283078159999945,0],[100.3650467,-0.283063299999981,0],[100.363741617,-0.282912923999959,0],[100.36317744,-0.28281678899998,0],[100.362915944,-0.282687592999935,0],[100.362816094,-0.282582307999974,0],[100.362740014,-0.282472234999943,0],[100.362644924,-0.282419597999933,0],[100.362589053,-0.282310299999949,0],[100.36256883,-0.28219274199995,0],[100.362331118,-0.282178411999951,0],[100.362250897,-0.282229872999949,0],[100.362087469,-0.282208951999962,0],[100.362063666,-0.28193075799993,0],[100.362004235,-0.281900851999978,0],[100.361796239,-0.281900875999952,0],[100.36160904,-0.281882949999954,0],[100.361335675,-0.281900929999949,0],[100.361362385,-0.281622729999924,0],[100.361047413,-0.281571913999926,0],[100.361008805,-0.281736443999932,0],[100.360993969,-0.281915926999943,0],[100.360907796,-0.281894997999927,0],[100.360839449,-0.281850135999946,0],[100.360768131,-0.281808264999938,0],[100.36070573,-0.281784340999934,0],[100.360598759,-0.281778370999973,0],[100.360488816,-0.281760435999956,0],[100.360456207,-0.28165364399996,0],[100.360323731,-0.281602821999968,0],[100.360292686,-0.281592668999963,0],[100.36010349,-0.281530793999934,0],[100.360016331,-0.281449388999931,0],[100.359811327,-0.281631886999946,0],[100.359686507,-0.281440453999949,0],[100.359555897,-0.281541337999954,0],[100.359455118,-0.281631329999925,0],[100.359363845,-0.281694518999927,0],[100.35918127,-0.281583499999954,0],[100.359082385,-0.281604570999946,0],[100.359004423,-0.281662014999938,0],[100.358965686,-0.281748648999951,0],[100.358881313,-0.281867116999933,0],[100.358842095,-0.28190301799998,0],[100.358771965,-0.281857557999956,0],[100.358729902,-0.281826053999964,0],[100.358650726,-0.281801333999965,0],[100.358602003,-0.281865953999954,0],[100.358524756,-0.281946130999927,0],[100.358449887,-0.282031094999979,0],[100.358345659,-0.281995413999937,0],[100.35832342,-0.281984444999978,0],[100.358267811,-0.282113677999973,0],[100.358120902,-0.282083542999942,0],[100.358093817,-0.282198413999936,0],[100.357908396,-0.282141001999946,0],[100.357864181,-0.282132391999937,0],[100.357818536,-0.282096500999955,0],[100.357685887,-0.282037645999935,0],[100.357628835,-0.282029037999962,0],[100.357583198,-0.282054888999937,0],[100.357537557,-0.282052021999959,0],[100.357501897,-0.282024744999944,0],[100.357447696,-0.281991726999934,0],[100.357366396,-0.281968762999952,0],[100.357172416,-0.281896991999929,0],[100.357082557,-0.281863977999933,0],[100.35701715,-0.281982524999933,0],[100.356920695,-0.281964023999933,0],[100.356763678,-0.281933905999949,0],[100.356688168,-0.28191942199993,0],[100.356488409,-0.281836013999964,0],[100.356211,-0.281720182999948,0],[100.355895133,-0.28158829399996,0],[100.3550268,-0.281576826999981,0],[100.354204223,-0.280710721999981,0],[100.354020834,-0.280628692999926,0],[100.3540073,-0.280622638999944,0],[100.353906948,-0.280577752999932,0],[100.353904592,-0.280576698999937,0],[100.353842138,-0.280548762999956,0],[100.353343867,-0.280325888999926,0],[100.353331193,-0.280320219999965,0],[100.352813543,-0.28008867799997,0],[100.352040877,-0.279167422999933,0],[100.350697694,-0.278150509999932,0],[100.349936958,-0.277624114999981,0],[100.348843358,-0.276487515999975,0],[100.348473108,-0.276237355999967,0],[100.348473012,-0.276237290999973,0],[100.347809885,-0.275789248999956,0],[100.347806137,-0.27578671699996,0],[100.347617467,-0.275659241999961,0],[100.346077074,-0.275458396999966,0],[100.344726862,-0.275362825999935,0],[100.343585816,-0.275094926999941,0],[100.343005726,-0.274444066999934,0],[100.342368625,-0.274147392999964,0],[100.340048469,-0.273353140999973,0],[100.339014333,-0.272563528999967,0],[100.33815689,-0.272059198999955,0],[100.338041192,-0.271991147999927,0],[100.337621501,-0.271744294999962,0],[100.337621,-0.271744,0],[100.337168444,-0.271615606999944,0],[100.337016642,-0.271615517999976,0],[100.336962772,-0.271615485999973,0],[100.336839653,-0.271581070999957,0],[100.336834404,-0.271579603999953,0],[100.336830072,-0.271574674999954,0],[100.336777539,-0.271514902999968,0],[100.336752383,-0.271486280999966,0],[100.336698879,-0.27131398299997,0],[100.336691131,-0.271303064999927,0],[100.336627554,-0.271213479999972,0],[100.336608529,-0.271183508999968,0],[100.336545529,-0.271084260999942,0],[100.336483112,-0.271071598999924,0],[100.336479438,-0.271070853999959,0],[100.336412304,-0.27119034499998,0],[100.336342467,-0.27131464699994,0],[100.336292143,-0.271422744999938,0],[100.336276872,-0.271455548999938,0],[100.336275384,-0.271459863999951,0],[100.336259111,-0.271507069999927,0],[100.33625543,-0.271517748999941,0],[100.336239036,-0.271591370999943,0],[100.336232732,-0.271643414999971,0],[100.336230215,-0.271696726999949,0],[100.336230216,-0.271703283999955,0],[100.336230221,-0.271748767999952,0],[100.336268675,-0.271873807999953,0],[100.336292118,-0.271947674999979,0],[100.33629858,-0.27196152099998,0],[100.336298598,-0.271961559999966,0],[100.336310088,-0.271986179999942,0],[100.336328059,-0.272024684999963,0],[100.336356186,-0.272081261999972,0],[100.336398376,-0.272155127999952,0],[100.33643119,-0.272211704999961,0],[100.336476506,-0.272296571999959,0],[100.336470517,-0.272343742999965,0],[100.336489082,-0.272455367999953,0],[100.336515474,-0.272570578999932,0],[100.336526415,-0.272595820999925,0],[100.33653478,-0.272608765999962,0],[100.336549581,-0.272629475999963,0],[100.336580204,-0.272649636999972,0],[100.336592775,-0.272686854999961,0],[100.336645269,-0.272747457999969,0],[100.336680096,-0.272777102999953,0],[100.336719954,-0.27280950599993,0],[100.336741484,-0.27283898099995,0],[100.336749023,-0.272858715999973,0],[100.336751675,-0.272870998999963,0],[100.336750958,-0.272892688999946,0],[100.33674993,-0.272929355999963,0],[100.336751696,-0.272975466999981,0],[100.336759007,-0.273045391999972,0],[100.336759265,-0.273095951999949,0],[100.336758327,-0.273140316999957,0],[100.336749859,-0.273189349999939,0],[100.336740422,-0.273233923999953,0],[100.336727192,-0.273274500999946,0],[100.336708796,-0.273313332999976,0],[100.336678703,-0.273352725999928,0],[100.336661518,-0.27336962399994,0],[100.336641728,-0.273389976999965,0],[100.336615181,-0.273407209999959,0],[100.336646356,-0.27357380899997,0],[100.336728411,-0.273979432999965,0],[100.336724867,-0.274173275999942,0],[100.336781935,-0.274327625999945,0],[100.336871083,-0.274377870999956,0],[100.33724906,-0.274507056999937,0],[100.337316814,-0.274564483999939,0],[100.337379257,-0.274636491999956,0],[100.337400031,-0.274660447999963,0],[100.337451787,-0.274715862999926,0],[100.337577002,-0.274821652999947,0],[100.337760648,-0.274971099999959,0],[100.337826399,-0.275101642999971,0],[100.337858287,-0.275164952999944,0],[100.337912805,-0.275312566999958,0],[100.337917941,-0.275371046999965,0],[100.337919102,-0.275384266999936,0],[100.337914795,-0.275530684999978,0],[100.337912837,-0.275597261999962,0],[100.337905074,-0.27561998799996,0],[100.33790442,-0.275621901999955,0],[100.337866735,-0.275732233999975,0],[100.337856694,-0.27575660499997,0],[100.337831109,-0.275818700999935,0],[100.337743078,-0.275913608999929,0],[100.337719962,-0.275925084999926,0],[100.337628813,-0.275970335999943,0],[100.33758587,-0.275991654999928,0],[100.337399306,-0.275995892999958,0],[100.337258864,-0.27604019599994,0],[100.337234082,-0.276052664999952,0],[100.337154268,-0.276092823999932,0],[100.337141482,-0.276099256999942,0],[100.337105521,-0.276119735999941,0],[100.33701752,-0.276169851999953,0],[100.336910001,-0.27616244799998,0],[100.336661674,-0.276097923999941,0],[100.336647408,-0.276094216999979,0],[100.336573189,-0.27604828099993,0],[100.336548439,-0.276032961999931,0],[100.336513237,-0.276019546999976,0],[100.336352061,-0.275958123999942,0],[100.336086589,-0.275845679999975,0],[100.336013951,-0.275819000999945,0],[100.335874602,-0.275767819999942,0],[100.33584887,-0.275758368999959,0],[100.335788914,-0.275747686999978,0],[100.33568557,-0.275729273999957,0],[100.335609655,-0.27571594799997,0],[100.335555345,-0.275706413999956,0],[100.335514059,-0.27570523199995,0],[100.335482999,-0.275704342999973,0],[100.335408788,-0.275716793999948,0],[100.335408586,-0.275716827999929,0],[100.335354846,-0.275731390999965,0],[100.33528554,-0.275726740999971,0],[100.335229925,-0.275723008999933,0],[100.335186518,-0.275723014999926,0],[100.335134842,-0.275729259999935,0],[100.33508937,-0.275745899999947,0],[100.335050817,-0.27575883399993,0],[100.335045964,-0.275760461999937,0],[100.335017028,-0.275787497999943,0],[100.335005561,-0.275807980999957,0],[100.334948123,-0.275910572999976,0],[100.334929195,-0.275941737999972,0],[100.334872361,-0.276014177999969,0],[100.334827696,-0.276049351999973,0],[100.334824824,-0.276051613999925,0],[100.334820528,-0.276058241999976,0],[100.334811318,-0.276072451999937,0],[100.334793823,-0.276099445999932,0],[100.334783492,-0.276126479999959,0],[100.334738028,-0.276232538999977,0],[100.334729766,-0.276290765999931,0],[100.33472911,-0.276302678999969,0],[100.334727704,-0.276328195999952,0],[100.334728899,-0.276352191999933,0],[100.334729775,-0.276369785999975,0],[100.334728743,-0.276401041999975,0],[100.334727716,-0.276432171999943,0],[100.334725662,-0.276439403999973,0],[100.334718208,-0.276465650999967,0],[100.334712741,-0.276484900999947,0],[100.334692444,-0.276524729999949,0],[100.334668097,-0.276543810999954,0],[100.334639665,-0.276566093999975,0],[100.334594136,-0.27660177599995,0],[100.334586885,-0.276607458999933,0],[100.334561345,-0.276631647999977,0],[100.334560079,-0.276632846999973,0],[100.334552376,-0.276640141999962,0],[100.334547578,-0.276659452999979,0],[100.334546287,-0.276664650999976,0],[100.334544488,-0.276672497999925,0],[100.3345402,-0.276691201999938,0],[100.334540204,-0.276723880999953,0],[100.334541239,-0.276790779999942,0],[100.334541254,-0.276791737999929,0],[100.334542924,-0.276816330999964,0],[100.334543401,-0.276823351999951,0],[100.334545546,-0.276854962999948,0],[100.334557692,-0.276901662999933,0],[100.334569838,-0.276948362999974,0],[100.334611266,-0.277004398999964,0],[100.334638407,-0.277024513999947,0],[100.334640387,-0.277025575999971,0],[100.33468126,-0.277047499999981,0],[100.334756965,-0.277071919999969,0],[100.334789033,-0.277078828999947,0],[100.33479696,-0.277080536999961,0],[100.334807707,-0.277081775999932,0],[100.334884091,-0.277090584999939,0],[100.33495551,-0.277100635999943,0],[100.335038355,-0.277120743999944,0],[100.33510549,-0.277145164999979,0],[100.335139773,-0.277162403999967,0],[100.335154058,-0.277178208999942,0],[100.335165487,-0.277195449999965,0],[100.335176915,-0.277219877999926,0],[100.335192634,-0.277267294999945,0],[100.33519264,-0.277327646999936,0],[100.335197093,-0.277399568999954,0],[100.335197152,-0.277400526999941,0],[100.335208583,-0.277436449999925,0],[100.335211444,-0.277472372999966,0],[100.335207161,-0.277492490999975,0],[100.335175747,-0.277578711999979,0],[100.335172814,-0.277586460999942,0],[100.335164324,-0.277608888999964,0],[100.335144329,-0.277627571999972,0],[100.335131874,-0.277631859999929,0],[100.335090054,-0.277646257999947,0],[100.335004354,-0.27765919999996,0],[100.334988513,-0.277657430999966,0],[100.334888658,-0.277646280999932,0],[100.334570128,-0.277578779999942,0],[100.334557624,-0.277576109999927,0],[100.334390458,-0.277540414999976,0],[100.33433941,-0.27754041999998,0],[100.334293367,-0.277540425999973,0],[100.334274721,-0.277534764999928,0],[100.334240315,-0.277524319999941,0],[100.334213494,-0.277514609999969,0],[100.334190265,-0.277506199999948,0],[100.334156233,-0.277502175999928,0],[100.334125482,-0.277502178999953,0],[100.334108186,-0.277502180999932,0],[100.334006457,-0.277543890999937,0],[100.33400009,-0.277546500999961,0],[100.333990842,-0.277560631999961,0],[100.333973069,-0.277587789999927,0],[100.333966748,-0.277596057999972,0],[100.333941749,-0.27762875999997,0],[100.333933036,-0.27764015799994,0],[100.333906019,-0.27771064999996,0],[100.333905022,-0.277746899999954,0],[100.333908028,-0.277779123999949,0],[100.333919166,-0.277828718999956,0],[100.333922048,-0.277841553999963,0],[100.333921945,-0.277850285999932,0],[100.333921365,-0.277899393999974,0],[100.333905877,-0.277950405999945,0],[100.333884755,-0.278000000999953,0],[100.333881942,-0.278031173999977,0],[100.333888988,-0.278063762999977,0],[100.333890593,-0.278069412999969,0],[100.333890981,-0.278070777999972,0],[100.333894624,-0.278083598999956,0],[100.333897447,-0.278137442999935,0],[100.333896043,-0.278178533999949,0],[100.3338837,-0.278225307999946,0],[100.333872111,-0.27826922099996,0],[100.333821238,-0.278355421999947,0],[100.333777707,-0.278390301999934,0],[100.333744881,-0.278407007999931,0],[100.333718747,-0.278420307999966,0],[100.333707573,-0.278425994999964,0],[100.333696332,-0.27842953499993,0],[100.333589068,-0.278463316999932,0],[100.333576424,-0.278467544999955,0],[100.333494611,-0.278494901999977,0],[100.333476179,-0.278501065999933,0],[100.33347042,-0.278505756999948,0],[100.333445845,-0.278525775999924,0],[100.333422733,-0.27853885899998,0],[100.33336206,-0.278550490999976,0],[100.333347436,-0.278550967999934,0],[100.333317278,-0.27855195099994,0],[100.33310537,-0.278739037999969,0],[100.333090524,-0.278834764999942,0],[100.333168364,-0.278965336999931,0],[100.333197515,-0.279014235999966,0],[100.33323356,-0.279155079999953,0],[100.333204437,-0.279226627999947,0],[100.333195823,-0.279229913999927,0],[100.333172269,-0.27923889799996,0],[100.333102458,-0.279265524999971,0],[100.332962808,-0.279316394999967,0],[100.332858812,-0.279349311999965,0],[100.332733162,-0.279402737999931,0],[100.332725105,-0.279406163999965,0],[100.332690483,-0.279451356999971,0],[100.332644889,-0.279510871999946,0],[100.332633012,-0.279591640999968,0],[100.332670751,-0.279681022999966,0],[100.332731087,-0.279759147999926,0],[100.332939611,-0.279814120999959,0],[100.333075837,-0.279850033999935,0],[100.333163982,-0.279810422999958,0],[100.333191661,-0.27979798399997,0],[100.333283766,-0.279726179999955,0],[100.333313508,-0.27969879799997,0],[100.333387755,-0.279630442999974,0],[100.333500654,-0.279501799999935,0],[100.333604656,-0.279522727999961,0],[100.333684744,-0.279603192999957,0],[100.33383226,-0.279751401999931,0],[100.333870362,-0.279817094999942,0],[100.333906649,-0.279893736999952,0],[100.333941127,-0.279997752999975,0],[100.333955169,-0.280045954999935,0],[100.333967588,-0.280053936999934,0],[100.334127695,-0.280156844999965,0],[100.334231271,-0.280241799999942,0],[100.33434736,-0.280337018999944,0],[100.334368966,-0.280353734999949,0],[100.334376974,-0.280359930999964,0],[100.33443849,-0.280399705999969,0],[100.334440758,-0.280401171999927,0],[100.334481763,-0.280424081999968,0],[100.334511377,-0.280449285999964,0],[100.33454327,-0.280481364999957,0],[100.334556944,-0.280536359999928,0],[100.334554674,-0.280605106999928,0],[100.334552947,-0.280632948999937,0],[100.334547853,-0.280715102999977,0],[100.334552548,-0.280830158999947,0],[100.334566222,-0.280887445999952,0],[100.334566944,-0.280889830999968,0],[100.334598124,-0.280992853999976,0],[100.334604961,-0.281038683999952,0],[100.334609527,-0.281121179999957,0],[100.334616373,-0.28122658999996,0],[100.334596016,-0.281301398999972,0],[100.334566412,-0.28135869099998,0],[100.334539079,-0.281381609999926,0],[100.334534977,-0.281384086999935,0],[100.334482138,-0.281415988999925,0],[100.334397866,-0.28149162099993,0],[100.334373208,-0.281510478999962,0],[100.334340925,-0.281535167999948,0],[100.334307082,-0.28155219599995,0],[100.334267597,-0.281572062999942,0],[100.334260856,-0.281575454999938,0],[100.334227041,-0.281592468999975,0],[100.334156518,-0.281648379999979,0],[100.334151878,-0.281652057999963,0],[100.334081295,-0.281754650999972,0],[100.33406989,-0.281771227999968,0],[100.334053399,-0.281804952999948,0],[100.334028974,-0.281854904999932,0],[100.333999293,-0.281915604999938,0],[100.333996392,-0.28194080399993,0],[100.333981089,-0.282073723999929,0],[100.333979793,-0.282086123999932,0],[100.333976537,-0.282117264999954,0],[100.333978822,-0.28216767899994,0],[100.333991069,-0.282192313999929,0],[100.334003884,-0.282218089999958,0],[100.334028943,-0.282252460999928,0],[100.334056281,-0.282284538999932,0],[100.334438817,-0.282559401999947,0],[100.334456799,-0.282572322999954,0],[100.334565046,-0.282652969999958,0],[100.334605663,-0.282683230999965,0],[100.334673293,-0.282733616999963,0],[100.334728737,-0.282775142999981,0],[100.334767509,-0.282804182999939,0],[100.334831929,-0.282843057999969,0],[100.334847691,-0.282852568999942,0],[100.334951928,-0.282907001999945,0],[100.335071432,-0.282934853999961,0],[100.335181675,-0.282960547999949,0],[100.335200386,-0.28296490799994,0],[100.335200427,-0.282964917999948,0],[100.335254602,-0.282977543999948,0],[100.335477741,-0.283034234999946,0],[100.335556769,-0.28305431299998,0],[100.335579076,-0.283060039999953,0],[100.335722572,-0.283096880999949,0],[100.335816056,-0.283111064999957,0],[100.335935999,-0.283134118999953,0],[100.335975458,-0.283139181999957,0],[100.336018899,-0.283144755999956,0],[100.336075343,-0.283158944999968,0],[100.336122968,-0.283180232999939,0],[100.336189997,-0.283221036999976,0],[100.3361891,-0.283238492999942,0],[100.336180279,-0.283410211999978,0],[100.336147034,-0.283711747999973,0],[100.336194605,-0.283960626999942,0],[100.336213677,-0.284094678999963,0],[100.336046891,-0.284616570999958,0],[100.336071138,-0.284865279999963,0],[100.336151989,-0.285109367999951,0],[100.336118869,-0.285371692999945,0],[100.336082622,-0.28548875499996,0],[100.336199584,-0.285564054999952,0],[100.336348591,-0.28559787599994,0],[100.336546643,-0.285554441999977,0],[100.33668926,-0.285463486999959,0],[100.336831879,-0.285386889999927,0],[100.336907946,-0.285382094999932,0],[100.33712668,-0.285714712999948,0],[100.33724794,-0.285942044999956,0],[100.337474848,-0.286106291999943,0],[100.337563486,-0.286152433999973,0],[100.337830376,-0.286291370999948,0],[100.338087113,-0.286358347999965,0],[100.33821786,-0.286399015999962,0],[100.338367621,-0.286418142999935,0],[100.338567458,-0.286502930999973,0],[100.338570154,-0.286504074999925,0],[100.338633863,-0.286521157999971,0],[100.338694064,-0.28654176699996,0],[100.338733674,-0.286555327999963,0],[100.338770392,-0.28657769199998,0],[100.338786472,-0.286589452999976,0],[100.338803283,-0.286610770999971,0],[100.338839828,-0.286650467999948,0],[100.338863947,-0.28667031599997,0],[100.33890122,-0.286692368999979,0],[100.338936301,-0.28670853899996,0],[100.338979422,-0.286734265999939,0],[100.338981691,-0.286740025999961,0],[100.338994773,-0.286773229999937,0],[100.339000627,-0.286839397999927,0],[100.33899844,-0.286880570999926,0],[100.338942948,-0.287090218999936,0],[100.338932342,-0.287130286999968,0],[100.338900613,-0.28725015699996,0],[100.338877667,-0.287335145999975,0],[100.3387312,-0.287424165999937,0],[100.338599311,-0.287779558999944,0],[100.338635013,-0.288163649999944,0],[100.338731304,-0.288310814999932,0],[100.338891101,-0.288407847999963,0],[100.338904564,-0.288422159999925,0],[100.338930843,-0.288431769999931,0],[100.338932915,-0.288432382999929,0],[100.338957917,-0.288439776999951,0],[100.33897464,-0.288442178999958,0],[100.338997731,-0.288442976999931,0],[100.339011713,-0.288438955999936,0],[100.3390256,-0.28843496199994,0],[100.339039137,-0.288426949999973,0],[100.339063022,-0.28840852299993,0],[100.339083724,-0.288393299999939,0],[100.339097258,-0.288372469999956,0],[100.339110793,-0.28835324299996,0],[100.339120404,-0.288345184999969,0],[100.339125125,-0.288341225999943,0],[100.339144368,-0.28833418399995,0],[100.339151401,-0.288331609999943,0],[100.339165733,-0.288331607999964,0],[100.339176085,-0.288337213999966,0],[100.339180782,-0.288339303999976,0],[100.339209861,-0.288352239999938,0],[100.339242303,-0.288366672999928,0],[100.339272684,-0.288384362999977,0],[100.339288063,-0.288415298999951,0],[100.339291874,-0.288422964999938,0],[100.339311067,-0.288472826999964,0],[100.339324753,-0.288527245999944,0],[100.33934626,-0.288612763999936,0],[100.339348373,-0.28861888299997,0],[100.339383419,-0.288720387999945,0],[100.339384806,-0.288724405999972,0],[100.339386244,-0.288728571999968,0],[100.339403837,-0.288768782999966,0],[100.339442216,-0.288813815999958,0],[100.33948379,-0.288837939999951,0],[100.339533357,-0.288860451999938,0],[100.339610604,-0.288886601999934,0],[100.339694851,-0.288915121999935,0],[100.339826285,-0.288976807999973,0],[100.33997663,-0.289047370999924,0],[100.339977057,-0.289047573999937,0],[100.34011553,-0.289113541999939,0],[100.340217233,-0.289161992999937,0],[100.340344542,-0.289215652999928,0],[100.340358621,-0.289221587999975,0],[100.340358713,-0.289222155999937,0],[100.340410609,-0.28954231199998,0],[100.34045819,-0.289872554999931,0],[100.34053905,-0.29019322299996,0],[100.3405866,-0.290250651999941,0],[100.34075275,-0.290342714999952,0],[100.340870625,-0.290425694999954,0],[100.340876035,-0.290429502999928,0],[100.34094733,-0.290456467999945,0],[100.340973062,-0.290466200999958,0],[100.340984159,-0.290470397999968,0],[100.340993726,-0.290485223999951,0],[100.341008631,-0.290508320999948,0],[100.341164299,-0.290749546999962,0],[100.341161343,-0.290878176999968,0],[100.341253476,-0.291039700999931,0],[100.341453834,-0.29114849399997,0],[100.341468557,-0.291156607999937,0],[100.341755675,-0.291314848999946,0],[100.341924288,-0.291444908999949,0],[100.341927564,-0.291447435999942,0],[100.342001857,-0.291489350999939,0],[100.342030207,-0.291515897999943,0],[100.34203689,-0.291522156999974,0],[100.342043084,-0.291544474999966,0],[100.342065892,-0.291626660999952,0],[100.342068316,-0.291688635999947,0],[100.342063491,-0.291739674999974,0],[100.342027266,-0.29185390899994,0],[100.342013383,-0.291886509999927,0],[100.342009153,-0.291896441999938,0],[100.342001805,-0.291903701999956,0],[100.341961891,-0.291943138999954,0],[100.34195198,-0.291949642999953,0],[100.341934111,-0.291961370999957,0],[100.341922352,-0.291963402999954,0],[100.341913665,-0.291964904999929,0],[100.3417554,-0.291992257999937,0],[100.341652817,-0.292009986999972,0],[100.341538186,-0.291964324999924,0],[100.341429326,-0.291990495999926,0],[100.341393443,-0.291999122999925,0],[100.341383942,-0.292063737999968,0],[100.341390303,-0.292135882999958,0],[100.341390565,-0.292138854999962,0],[100.341418353,-0.292198397999925,0],[100.341421568,-0.29220461999995,0],[100.341438976,-0.292238305999945,0],[100.341466558,-0.29229167799997,0],[100.341502119,-0.292360491999943,0],[100.34154004,-0.292433871999947,0],[100.341543696,-0.292440945999942,0],[100.341609343,-0.292521865999959,0],[100.341685792,-0.292616099999975,0],[100.341831612,-0.292795843999954,0],[100.341969682,-0.292896158999952,0],[100.341969839,-0.29289627299994,0],[100.341975778,-0.292900587999952,0],[100.342015118,-0.292929170999969,0],[100.342080089,-0.292976375999956,0],[100.342133091,-0.293014884999934,0],[100.342158084,-0.293032083999947,0],[100.342256477,-0.293099792999953,0],[100.342263932,-0.293182336999962,0],[100.342273161,-0.293232707999948,0],[100.342273495,-0.293234430999973,0],[100.34228305,-0.293283741999971,0],[100.342320664,-0.293388764999975,0],[100.342341091,-0.293420574999971,0],[100.342368106,-0.293447747999949,0],[100.342383235,-0.293460277999941,0],[100.342412911,-0.293484857999943,0],[100.342481434,-0.293532570999957,0],[100.342616793,-0.293575202999932,0],[100.342713245,-0.293585553999947,0],[100.342729456,-0.293586155999947,0],[100.34275117,-0.293586962999939,0],[100.342778795,-0.29358648799996,0],[100.342791436,-0.293580833999954,0],[100.342820254,-0.293550878999952,0],[100.342897765,-0.293627959999981,0],[100.3429086,-0.293667451999966,0],[100.342909957,-0.293696049999937,0],[100.342904765,-0.293729157999962,0],[100.342901841,-0.293747802999974,0],[100.342882264,-0.293771441999979,0],[100.342840502,-0.293821869999931,0],[100.342746187,-0.293935756999929,0],[100.342720273,-0.293965635999939,0],[100.342571213,-0.294137504999981,0],[100.342551282,-0.294160485999953,0],[100.342504556,-0.294241426999974,0],[100.342351641,-0.294506308999928,0],[100.34229664,-0.294601581999927,0],[100.342250316,-0.294642868999972,0],[100.342221941,-0.294668158999968,0],[100.342211964,-0.294679831999929,0],[100.342166924,-0.294732532999944,0],[100.34213017,-0.294775537999953,0],[100.342099871,-0.294820000999948,0],[100.34207895,-0.294850701999962,0],[100.342078955,-0.294885058999967,0],[100.342081587,-0.294892559999937,0],[100.342091767,-0.294921563999935,0],[100.342147269,-0.294968797999957,0],[100.342213973,-0.295011571999964,0],[100.342219402,-0.295015052999929,0],[100.342390595,-0.295124831999942,0],[100.342417991,-0.295142399999975,0],[100.342465334,-0.295172758999968,0],[100.342499324,-0.295186097999931,0],[100.342552854,-0.295207105999964,0],[100.342631832,-0.295230716999924,0],[100.34271081,-0.295241443999942,0],[100.342751366,-0.295245733999934,0],[100.342836747,-0.295252164999965,0],[100.342924263,-0.295256449999954,0],[100.343016046,-0.295254290999935,0],[100.343058752,-0.295246877999944,0],[100.343077945,-0.295243546999927,0],[100.343182532,-0.295211322999933,0],[100.343184837,-0.295210742999927,0],[100.343213255,-0.29520359299994,0],[100.343259372,-0.295191988999932,0],[100.343302061,-0.295185540999967,0],[100.343351154,-0.295187681999948,0],[100.343377857,-0.295201109999937,0],[100.343389577,-0.295207003999963,0],[100.343438676,-0.295247797999934,0],[100.34349712,-0.295291782999925,0],[100.343521819,-0.295322355999929,0],[100.343524873,-0.295326135999971,0],[100.34354409,-0.295381964999933,0],[100.343545902,-0.295423802999949,0],[100.34354604,-0.295426977999966,0],[100.34354623,-0.295431354999948,0],[100.343539833,-0.295489333999967,0],[100.343514843,-0.295581209999966,0],[100.343470014,-0.295570306999934,0],[100.343469711,-0.295570232999978,0],[100.34346199,-0.295568355999933,0],[100.343391898,-0.295631540999977,0],[100.343264335,-0.295840885999951,0],[100.343248088,-0.295867549999969,0],[100.343238363,-0.295883510999943,0],[100.343122821,-0.296086815999956,0],[100.343078076,-0.296138273999929,0],[100.343074253,-0.296144909999953,0],[100.343041552,-0.296201674999963,0],[100.343035163,-0.29623750899998,0],[100.343037898,-0.296298791999959,0],[100.34303791,-0.29629906699995,0],[100.343039219,-0.296306530999971,0],[100.343045944,-0.296344872999953,0],[100.343051191,-0.296374792999927,0],[100.34303062,-0.296425308999972,0],[100.343013633,-0.296507746999964,0],[100.342993576,-0.296605085999943,0],[100.34299278,-0.296608947999971,0],[100.342983175,-0.296655559999977,0],[100.34297781,-0.296752917999925,0],[100.342971177,-0.296873298999969,0],[100.342975903,-0.296908926999947,0],[100.342984931,-0.296976980999943,0],[100.343003837,-0.297063382999966,0],[100.34302617,-0.297091029999933,0],[100.343055376,-0.297120402999951,0],[100.343084579,-0.297134223999933,0],[100.343098411,-0.297137005999957,0],[100.343118934,-0.297141132999968,0],[100.343184208,-0.297149763999926,0],[100.343221999,-0.29715148799994,0],[100.343261966,-0.297152869999934,0],[100.343271813,-0.297153209999976,0],[100.343313038,-0.297149747999924,0],[100.343330988,-0.297142172999941,0],[100.343363351,-0.29712851599993,0],[100.343366285,-0.297127277999948,0],[100.34339176,-0.297111079999979,0],[100.343398919,-0.297106536999934,0],[100.343448727,-0.297056416999965,0],[100.343544196,-0.296860752999976,0],[100.343553021,-0.296842666999964,0],[100.343589545,-0.296767810999938,0],[100.343616464,-0.296697870999935,0],[100.343643885,-0.296626625999977,0],[100.343752794,-0.29634366199997,0],[100.343783143,-0.296264808999979,0],[100.343809803,-0.296195540999975,0],[100.343832633,-0.296160632999943,0],[100.343860882,-0.296117439999932,0],[100.343947786,-0.295984559999965,0],[100.344041222,-0.295841690999964,0],[100.344075334,-0.295789532999947,0],[100.344330537,-0.295525789999942,0],[100.344538528,-0.29543117399993,0],[100.344700633,-0.295410334999929,0],[100.344738118,-0.295409113999938,0],[100.344807556,-0.295406852999974,0],[100.344904128,-0.29538949199997,0],[100.344915863,-0.295387436999931,0],[100.344983456,-0.295375602999968,0],[100.345055885,-0.295361713999966,0],[100.345111071,-0.295361707999973,0],[100.345166258,-0.295365169999968,0],[100.345214547,-0.29538598399995,0],[100.34525939,-0.295424146999949,0],[100.345262017,-0.295427613999948,0],[100.345264626,-0.295431058999952,0],[100.345317682,-0.295501095999953,0],[100.345344322,-0.295536262999974,0],[100.345366584,-0.295565649999958,0],[100.34536978,-0.295569868999962,0],[100.345401657,-0.295636275999925,0],[100.345453107,-0.295743461999962,0],[100.345466378,-0.295771109999976,0],[100.345506326,-0.295836854999948,0],[100.345529863,-0.295875588999934,0],[100.345557353,-0.295920832999968,0],[100.345580222,-0.29595846899997,0],[100.345604372,-0.296007044999953,0],[100.345618174,-0.29605909199995,0],[100.345616733,-0.296093983999924,0],[100.34561591,-0.296113925999975,0],[100.345614736,-0.296142368999938,0],[100.345607845,-0.296215237999945,0],[100.345593374,-0.296317236999926,0],[100.345579633,-0.29641408599997,0],[100.345574264,-0.296451927999954,0],[100.345571542,-0.29647110999997,0],[100.345569166,-0.296487861999935,0],[100.345566523,-0.296506489999956,0],[100.345559599,-0.296555290999947,0],[100.345551299,-0.296668819999979,0],[100.345551261,-0.296670529999972,0],[100.345550118,-0.296722555999963,0],[100.34555012,-0.296747631999949,0],[100.345551311,-0.296771513999943,0],[100.345551314,-0.296795396999926,0],[100.345554877,-0.296813307999969,0],[100.345570376,-0.29684165599997,0],[100.345583934,-0.296852564999938,0],[100.345607888,-0.296868017999941,0],[100.345607924,-0.296868036999967,0],[100.34561988,-0.296873775999927,0],[100.345622964,-0.296875255999964,0],[100.345647656,-0.296887107999964,0],[100.345689232,-0.296901195999965,0],[100.34575747,-0.29691255399996,0],[100.345764348,-0.296913856999936,0],[100.345882546,-0.296936244999927,0],[100.345887771,-0.296937234999973,0],[100.345921817,-0.296939514999963,0],[100.34595718,-0.296940891999952,0],[100.345980265,-0.296941790999938,0],[100.345997758,-0.296940752999944,0],[100.346009205,-0.296940073999963,0],[100.346061408,-0.296926938999945,0],[100.346065786,-0.296925679999958,0],[100.346278062,-0.29686462899997,0],[100.34640837,-0.296827151999935,0],[100.346521539,-0.296784805999948,0],[100.346541004,-0.296782157999928,0],[100.346548023,-0.296781202999966,0],[100.346575225,-0.296777501999941,0],[100.346614401,-0.296777495999947,0],[100.346632749,-0.296780789999957,0],[100.346655028,-0.296784789999947,0],[100.346694207,-0.296806680999964,0],[100.346695416,-0.296807679999972,0],[100.346734839,-0.296840248999956,0],[100.346808848,-0.296924901999944,0],[100.346828257,-0.296962769999936,0],[100.346881413,-0.297066484999959,0],[100.346967226,-0.297237117999941,0],[100.346980628,-0.297263766999947,0],[100.347009679,-0.297321532999945,0],[100.34702825,-0.297396224999943,0],[100.347042196,-0.297601627999939,0],[100.34703998,-0.297745402999965,0],[100.347039391,-0.297783593999952,0],[100.347039377,-0.297784521999972,0],[100.347037784,-0.297887845999981,0],[100.347037591,-0.297900400999936,0],[100.34703802,-0.297909585999946,0],[100.34704457,-0.298049785999979,0],[100.347067785,-0.298157153999966,0],[100.34712818,-0.298326389999943,0],[100.347132092,-0.298343599999953,0],[100.347132512,-0.298345446999974,0],[100.347138693,-0.298372639999968,0],[100.34714675,-0.29840808299997,0],[100.347148975,-0.29843628499998,0],[100.347154192,-0.298502407999933,0],[100.347162978,-0.298533734999978,0],[100.347172611,-0.29855172699996,0],[100.34717975,-0.298565060999977,0],[100.34719488,-0.298580841999978,0],[100.347201311,-0.298587548999933,0],[100.347279568,-0.298647785999947,0],[100.347297006,-0.298657468999977,0],[100.347360193,-0.298692556999924,0],[100.347368262,-0.298695724999959,0],[100.34744189,-0.298724632999949,0],[100.347514635,-0.298756146999949,0],[100.34754877,-0.298781474999942,0],[100.347571714,-0.298797794999928,0],[100.347600254,-0.298820871999965,0],[100.347618684,-0.29883938699993,0],[100.347633895,-0.298848386999964,0],[100.347645958,-0.298851852999974,0],[100.347646422,-0.298851985999931,0],[100.347661633,-0.298852883999928,0],[100.347661715,-0.298853004999955,0],[100.347692592,-0.298898541999961,0],[100.347716336,-0.29895726999996,0],[100.347733021,-0.299003736999964,0],[100.347758694,-0.299087633999932,0],[100.347774737,-0.299120547999962,0],[100.347783719,-0.299134744999947,0],[100.347797836,-0.299160559999962,0],[100.347844813,-0.29921586699993,0],[100.34787946,-0.299261040999966,0],[100.347898068,-0.29927846399994,0],[100.347933996,-0.299302338999951,0],[100.347953884,-0.299311371999977,0],[100.347987887,-0.299321693999957,0],[100.348014191,-0.299330726999926,0],[100.348040497,-0.299351375999947,0],[100.348077713,-0.299414619999936,0],[100.348102101,-0.299487546999956,0],[100.34812107,-0.299521252999966,0],[100.348152924,-0.299577855999928,0],[100.348157403,-0.299585813999954,0],[100.348204981,-0.299643566999976,0],[100.348259119,-0.299686467999948,0],[100.348262032,-0.299688583999966,0],[100.34831818,-0.299729366999941,0],[100.348367394,-0.299752464999926,0],[100.348398565,-0.299770614999943,0],[100.34841825,-0.299787113999969,0],[100.348439578,-0.299808565999967,0],[100.348459266,-0.29983331699998,0],[100.348529812,-0.299902620999944,0],[100.348646388,-0.300000631999978,0],[100.348694727,-0.300030611999944,0],[100.348722118,-0.300049248999926,0],[100.348748704,-0.300066264999941,0],[100.348790597,-0.300088140999947,0],[100.348826045,-0.300105154999926,0],[100.348866326,-0.30012622199996,0],[100.348898553,-0.300159444999963,0],[100.349072743,-0.300321697999948,0],[100.349106129,-0.300352224999926,0],[100.349117259,-0.300377664999928,0],[100.349121307,-0.30038987599994,0],[100.349130412,-0.30040310399994,0],[100.349144576,-0.300412260999963,0],[100.349166831,-0.300426504999962,0],[100.349243714,-0.300463130999958,0],[100.349253845,-0.300465016999965,0],[100.349325653,-0.300478385999952,0],[100.349388374,-0.300477246999947,0],[100.349460645,-0.300448203999963,0],[100.349463503,-0.300447055999939,0],[100.349466735,-0.300449715999946,0],[100.349475691,-0.300457084999948,0],[100.349498252,-0.300553152999953,0],[100.349536062,-0.300655818999928,0],[100.34963088,-0.300839821999944,0],[100.349661248,-0.300909627999943,0],[100.34967036,-0.300929056999962,0],[100.349688361,-0.30096743699994,0],[100.349712221,-0.301016519999962,0],[100.349732828,-0.301065601999937,0],[100.3497556,-0.301095050999947,0],[100.349770783,-0.30111468299998,0],[100.349807651,-0.301145219999967,0],[100.349844518,-0.301161577999949,0],[100.350002826,-0.301215006999939,0],[100.350169404,-0.301265415999978,0],[100.350223562,-0.301276843999972,0],[100.350269698,-0.301284236999948,0],[100.350311822,-0.301295666999977,0],[100.350343248,-0.301303734999976,0],[100.350367987,-0.301311802999976,0],[100.350405432,-0.301329287999977,0],[100.350501049,-0.301373669999975,0],[100.350594235,-0.301414972999964,0],[100.350648301,-0.30143486399993,0],[100.350667421,-0.301440166999953,0],[100.350693135,-0.301448123999933,0],[100.350709034,-0.301451598999961,0],[100.350723463,-0.301454752999973,0],[100.350786758,-0.301462040999979,0],[100.350807196,-0.301467344999935,0],[100.350826318,-0.301476627999932,0],[100.350869833,-0.301495193999926,0],[100.350930005,-0.301507937999929,0],[100.350963121,-0.30151043199993,0],[100.351002032,-0.301507095999966,0],[100.351149392,-0.30147209699993,0],[100.351295922,-0.301430434999929,0],[100.351461193,-0.301400575999935,0],[100.351525945,-0.301397279999946,0],[100.351565234,-0.301395661999948,0],[100.351592895,-0.30139444799994,0],[100.351610135,-0.301392026999963,0],[100.351647162,-0.301378231999934,0],[100.351670414,-0.30136491899998,0],[100.351682039,-0.301359674999958,0],[100.351687652,-0.301357656999926,0],[100.351710101,-0.30135200899997,0],[100.35173656,-0.301349988999959,0],[100.351744937,-0.301349572999925,0],[100.35181911,-0.301307755999972,0],[100.351845963,-0.301301359999968,0],[100.351855821,-0.301299011999959,0],[100.351865666,-0.301296666999974,0],[100.351885996,-0.30133570299995,0],[100.351914578,-0.301433422999935,0],[100.351929534,-0.301484552999966,0],[100.351944224,-0.301534778999951,0],[100.351955875,-0.301560136999967,0],[100.351975013,-0.301601792999975,0],[100.352001232,-0.301658858999929,0],[100.352011667,-0.301683161999961,0],[100.352032106,-0.301730763999956,0],[100.352034831,-0.301737110999966,0],[100.352053829,-0.301781353999957,0],[100.352074236,-0.301828883999974,0],[100.352133149,-0.301931926999941,0],[100.352157481,-0.301971855999966,0],[100.352180537,-0.302031105999959,0],[100.352185663,-0.302071037999951,0],[100.352193356,-0.302152188999969,0],[100.352201041,-0.302174086999969,0],[100.352199492,-0.302185427999973,0],[100.352196538,-0.302207048999946,0],[100.352198359,-0.302218954999944,0],[100.352207009,-0.302231775999928,0],[100.352213838,-0.302240017999964,0],[100.352223398,-0.302245969999944,0],[100.352234844,-0.302247832999967,0],[100.352271195,-0.302253748999931,0],[100.35237179,-0.302240913999924,0],[100.352483211,-0.302200072999938,0],[100.352515569,-0.302188211999976,0],[100.352565319,-0.302149638999936,0],[100.352614251,-0.302093834999937,0],[100.352614685,-0.302092988999959,0],[100.352650939,-0.302022338999961,0],[100.352716012,-0.301961707999965,0],[100.352735816,-0.301943255999959,0],[100.352750732,-0.301930671999969,0],[100.352805842,-0.301884177999966,0],[100.352823987,-0.301868868999975,0],[100.352844535,-0.301856649999934,0],[100.352873559,-0.30183939099993,0],[100.352922006,-0.301820114999941,0],[100.352970453,-0.301799704999951,0],[100.353029041,-0.301791763999972,0],[100.35308087,-0.301790623999977,0],[100.353088724,-0.30178879999994,0],[100.353094288,-0.301787506999972,0],[100.353139458,-0.301777014999971,0],[100.353267897,-0.30171805599997,0],[100.353326865,-0.301804976999961,0],[100.353371448,-0.301903686999935,0],[100.353407112,-0.301966500999924,0],[100.353514091,-0.302032297999972,0],[100.353627009,-0.302074162999929,0],[100.353808267,-0.302101062999952,0],[100.353913919,-0.302147915999967,0],[100.354327359,-0.302215136999962,0],[100.354347948,-0.302218484999969,0],[100.354381613,-0.302251251999962,0],[100.35438302,-0.30225262099998,0],[100.354459949,-0.302314064999962,0],[100.354510042,-0.30236780599995,0],[100.354527829,-0.302386887999944,0],[100.354590582,-0.302421459999948,0],[100.354632268,-0.30243657099993,0],[100.354686134,-0.302456095999958,0],[100.354790577,-0.302501909999933,0],[100.3548328,-0.30253208299996,0],[100.354851691,-0.302558905999945,0],[100.354878361,-0.302600258999973,0],[100.354925622,-0.302675821999969,0],[100.354965038,-0.302738843999975,0],[100.355058431,-0.302930825999965,0],[100.355063402,-0.302952851999976,0],[100.355079756,-0.303025309999953,0],[100.355084795,-0.303034292999939,0],[100.355094829,-0.303052183999966,0],[100.355109219,-0.30307905899997,0],[100.355122919,-0.303090771999962,0],[100.355144842,-0.303105930999948,0],[100.355161969,-0.303118332999929,0],[100.355168227,-0.303123145999962,0],[100.355170326,-0.303124759999946,0],[100.355185262,-0.303136246999941,0],[100.355211293,-0.303146580999964,0],[100.355224171,-0.30314945799995,0],[100.355235955,-0.303152090999959,0],[100.355268836,-0.303153465999969,0],[100.355274113,-0.303156900999966,0],[100.355302129,-0.303175134999947,0],[100.355335958,-0.303191609999942,0],[100.355352285,-0.303200063999952,0],[100.355373992,-0.303208987999938,0],[100.355387104,-0.303213248999953,0],[100.355397334,-0.303216573999975,0],[100.355419355,-0.303224005999937,0],[100.355446597,-0.30323401499993,0],[100.355465995,-0.303239710999947,0],[100.355481845,-0.303246899999976,0],[100.355499914,-0.303258953999944,0],[100.355514775,-0.303269579999949,0],[100.355533383,-0.303282356999944,0],[100.355550697,-0.303291128999945,0],[100.355567786,-0.303298181999935,0],[100.355587733,-0.303305930999954,0],[100.3556059,-0.303316184999971,0],[100.35562431,-0.303325977999975,0],[100.355641292,-0.303333763999944,0],[100.355656799,-0.303340291999973,0],[100.355669674,-0.303347507999945,0],[100.355680232,-0.303357346999974,0],[100.355695463,-0.303375542999959,0],[100.355711098,-0.303395312999953,0],[100.355732223,-0.303415651999956,0],[100.355754408,-0.303432852999947,0],[100.355771291,-0.303445178999937,0],[100.355789988,-0.303457666999975,0],[100.355819369,-0.30347465899996,0],[100.355842623,-0.303489723999974,0],[100.355865256,-0.303505521999966,0],[100.355887701,-0.303522586999975,0],[100.355904238,-0.303538197999956,0],[100.356099258,-0.303574460999926,0],[100.356319009,-0.30357860099997,0],[100.356600574,-0.303603664999969,0],[100.356689545,-0.303626493999957,0],[100.35669241,-0.303627228999972,0],[100.35686202,-0.303670749999981,0],[100.357028452,-0.30393995299994,0],[100.357359065,-0.304450118999966,0],[100.357569327,-0.30460396899997,0],[100.357848663,-0.304807345999961,0],[100.358315852,-0.305108232999942,0],[100.358584534,-0.305374828999959,0],[100.35859796,-0.305390074999934,0],[100.358699568,-0.305505453999956,0],[100.358701053,-0.305507140999964,0],[100.358702024,-0.305508811999971,0],[100.358716734,-0.305534115999933,0],[100.358727543,-0.30555271299994,0],[100.358750413,-0.305592055999966,0],[100.358764932,-0.305617032999976,0],[100.358784507,-0.305650707999973,0],[100.358812808,-0.305699394999976,0],[100.358843894,-0.305752871999971,0],[100.358915013,-0.305899627999963,0],[100.358960374,-0.305993232999924,0],[100.358961988,-0.30599656399994,0],[100.358982048,-0.306037956999944,0],[100.358993802,-0.306062212999962,0],[100.358994819,-0.306066490999967,0],[100.359013911,-0.306146761999969,0],[100.358987105,-0.306206306999968,0],[100.358969819,-0.306244703999937,0],[100.358971702,-0.306272118999971,0],[100.358974524,-0.30629007899995,0],[100.358987689,-0.306371374999969,0],[100.359003669,-0.306413911999925,0],[100.359014009,-0.306451723999942,0],[100.35903093,-0.306498042999976,0],[100.359041268,-0.306516001999967,0],[100.359070968,-0.306571167999948,0],[100.35908888,-0.306604437999965,0],[100.359094104,-0.306641850999938,0],[100.359094826,-0.306647022999925,0],[100.359099455,-0.306680171999972,0],[100.359103509,-0.306709206999926,0],[100.359123204,-0.306776542999955,0],[100.359126823,-0.306788913999981,0],[100.359130927,-0.306802945999948,0],[100.359119913,-0.306859797999948,0],[100.359124053,-0.306899725999926,0],[100.359167894,-0.307032815999946,0],[100.35923193,-0.307216000999972,0],[100.359268075,-0.307285906999937,0],[100.359313487,-0.307365134999941,0],[100.35933478,-0.307407701999978,0],[100.359380792,-0.307499681999957,0],[100.359413536,-0.30753920199993,0],[100.359445991,-0.307578372999956,0],[100.359448206,-0.307579570999962,0],[100.359476095,-0.307622464999952,0],[100.359588677,-0.307790027999943,0],[100.359599626,-0.307817053999941,0],[100.359619395,-0.307865851999964,0],[100.359640189,-0.307900607999954,0],[100.359688734,-0.307981749999954,0],[100.359819024,-0.308252431999961,0],[100.359879629,-0.308570728999939,0],[100.359877454,-0.308582208999951,0],[100.359877226,-0.308583415999976,0],[100.359877078,-0.30858389499997,0],[100.359838879,-0.308707211999945,0],[100.359833401,-0.308794306999971,0],[100.359831293,-0.308827827999949,0],[100.359830797,-0.308835706999957,0],[100.359825403,-0.30893542299998,0],[100.359824154,-0.308958516999951,0],[100.35982085,-0.309019597999963,0],[100.359819151,-0.309051004999958,0],[100.359823584,-0.309073474999934,0],[100.359840183,-0.309157608999953,0],[100.359845302,-0.309183552999968,0],[100.359847721,-0.309195813999963,0],[100.359850299,-0.30920888299994,0],[100.359900895,-0.309301519999963,0],[100.35990493,-0.309307986999954,0],[100.359912353,-0.309399532999976,0],[100.359927097,-0.309581383999955,0]]],[[[99.898629005,-0.422850988999926,0],[99.898628988,-0.422704379999971,0],[99.8986900940001,-0.422497799999974,0],[99.8987832180001,-0.422371710999926,0],[99.8990961740001,-0.422146018999968,0],[99.8995488790001,-0.421949612999924,0],[99.8999324910001,-0.421859945999927,0],[99.900132667,-0.421813155999928,0],[99.900535817,-0.421757486999979,0],[99.9007905590001,-0.421747236999977,0],[99.9010031400001,-0.421742779999931,0],[99.9010996270001,-0.421745305999934,0],[99.9011166550001,-0.421745751999936,0],[99.9011982360001,-0.421755961999963,0],[99.9012622580001,-0.421779469999933,0],[99.901324801,-0.421832190999964,0],[99.9014106910001,-0.421943516999931,0],[99.9014471570001,-0.42203585599998,0],[99.9014762910001,-0.422153156999968,0],[99.901496609,-0.422289362999948,0],[99.901501076,-0.422481373999972,0],[99.901506877,-0.422663073999956,0],[99.901509864,-0.422865304999959,0],[99.9014953010001,-0.42315698699997,0],[99.9014662710001,-0.423290303999977,0],[99.9013964150001,-0.42343836799995,0],[99.9013119580001,-0.423545281999964,0],[99.901186748,-0.423652290999939,0],[99.9008010310001,-0.423889749999944,0],[99.90043131,-0.424055394999925,0],[99.899990222,-0.424103833999936,0],[99.899460354,-0.424051167999949,0],[99.899166246,-0.423873841999978,0],[99.899020707,-0.423747780999975,0],[99.898988693,-0.423715586999947,0],[99.8987716940001,-0.423315489999936,0],[99.898672672,-0.423060541999973,0],[99.898629005,-0.422850988999926,0]]],[[[99.901511305,-0.412096750999979,0],[99.9013902730001,-0.411795678999965,0],[99.9013216990001,-0.411485012999947,0],[99.9013044820001,-0.411244435999947,0],[99.9013098030001,-0.411122607999971,0],[99.9013290550001,-0.411011450999979,0],[99.9013622410001,-0.410925163999934,0],[99.9014372880001,-0.410821687999942,0],[99.9015616090001,-0.410710428999948,0],[99.9017737290001,-0.410562619999951,0],[99.9018551570001,-0.410532402999934,0],[99.9019216190001,-0.410516295999969,0],[99.9019729670001,-0.410509778999938,0],[99.90201698,-0.410509773999934,0],[99.9021144920001,-0.410523780999938,0],[99.9024091090001,-0.41062947599994,0],[99.9026974320001,-0.410762123999973,0],[99.9029407020001,-0.410882927999978,0],[99.9031078780001,-0.411017760999925,0],[99.9032225230001,-0.411184976999948,0],[99.903306124,-0.411371551999935,0],[99.903384395,-0.411601359999963,0],[99.9034079730001,-0.411735122999971,0],[99.903420893,-0.411973529999955,0],[99.9034080260001,-0.412206513999934,0],[99.9033480300001,-0.412394190999976,0],[99.9032720220001,-0.412526879999973,0],[99.9031508910001,-0.412666085999945,0],[99.9029548510001,-0.412828996999963,0],[99.9027469490001,-0.41292507199995,0],[99.9025840890001,-0.412952041999972,0],[99.9023162280001,-0.412913181999954,0],[99.902126534,-0.412847451999937,0],[99.901972255,-0.412746081999956,0],[99.9018221970001,-0.412624181999945,0],[99.9017396440001,-0.412530310999955,0],[99.9017117800001,-0.412499019999927,0],[99.901511305,-0.412096750999979,0]]],[[[99.906414479,-0.407820570999945,0],[99.9063825120001,-0.407800513999973,0],[99.9063824840001,-0.407800496999926,0],[99.9062579920001,-0.407733768999947,0],[99.9062579740001,-0.407733750999967,0],[99.9062237110001,-0.40769880199997,0],[99.9062225270001,-0.407697594999945,0],[99.9060969650001,-0.40756953999994,0],[99.9059918030001,-0.407388755999932,0],[99.9059562260001,-0.407196616999954,0],[99.9059562180001,-0.407196566999971,0],[99.9059464920001,-0.407045166999978,0],[99.905959441,-0.406895389999931,0],[99.906007957,-0.406734215999961,0],[99.9060385480001,-0.406673989999945,0],[99.9060387490001,-0.406673594999972,0],[99.9060758130001,-0.406600623999964,0],[99.9061615310001,-0.406499678999978,0],[99.9062278430001,-0.406447578999973,0],[99.9062278750001,-0.406447556999979,0],[99.9064396670001,-0.406302664999941,0],[99.9064397480001,-0.406302616999938,0],[99.906607926,-0.406208129999925,0],[99.9067583340001,-0.406152761999977,0],[99.9069266010001,-0.406136464999975,0],[99.9071174010001,-0.406134817999941,0],[99.9071174440001,-0.406134821999956,0],[99.9073308740001,-0.406165722999958,0],[99.9073309490001,-0.406165743999964,0],[99.9075444270001,-0.406239046999929,0],[99.9076743420001,-0.406310413999961,0],[99.9077012970001,-0.406325220999975,0],[99.907701359,-0.406325276999951,0],[99.907851727,-0.406463672999962,0],[99.9079504370001,-0.406593899999962,0],[99.9080361810001,-0.406729102999975,0],[99.9081008810001,-0.406857705999926,0],[99.9081834460001,-0.407077475999927,0],[99.9081455350001,-0.40728631099995,0],[99.9080387220001,-0.407583700999965,0],[99.9078592180001,-0.407854055999962,0],[99.907715265,-0.407990822999977,0],[99.9075746060001,-0.408082070999967,0],[99.907574567,-0.40808209599993,0],[99.9073853730001,-0.408122805999938,0],[99.9073853310001,-0.408122813999967,0],[99.907176753,-0.408134235999967,0],[99.907008407,-0.40813099899998,0],[99.906841908,-0.408088690999932,0],[99.906680146,-0.407991030999938,0],[99.906609131,-0.407944645999976,0],[99.9066075410001,-0.407943606999936,0],[99.9065329810001,-0.407894905999967,0],[99.906415022,-0.407820911999977,0],[99.906414479,-0.407820570999945,0]]]]}}]}