{"type":"FeatureCollection","name":"Kabupaten Pidie Jaya","crs":{"type":"name","properties":{"name":"urn:ogc:def:crs:OGC:1.3:CRS84"}},"features":[{"type":"Feature","properties":{"kode_kk":"11.18","kode_prov":"11","kab_kota":"Pidie Jaya","provinsi":"Aceh","fid":"11.18","nama":"Kabupaten Pidie Jaya","label":"Kabupaten Pidie Jaya, Provinsi Aceh, 11.18"},"geometry":{"type":"MultiPolygon","coordinates":[[[[96.129845994,5.07686923400007,0],[96.1266058750001,5.07788085900006,0],[96.12641734,5.07793972300004,0],[96.126292719,5.07800299300004,0],[96.1262926140001,5.07800304600005,0],[96.125000007,5.07865930200006,0],[96.1225567180001,5.07989975400005,0],[96.1222690390001,5.08007821900003,0],[96.1220381030001,5.08023261500006,0],[96.120948523,5.08090854700004,0],[96.120879798,5.08094004800006,0],[96.120822967,5.08097530400005,0],[96.1193128240001,5.08191212800006,0],[96.117251808,5.08361903900004,0],[96.115230022,5.08586706700004,0],[96.1146470790001,5.08700908300005,0],[96.114317134,5.08783000600005,0],[96.1139502,5.08890206200005,0],[96.1137589900001,5.08923735900004,0],[96.112776495,5.09096020700002,0],[96.1127503420001,5.09100606700002,0],[96.112744487,5.09101030600004,0],[96.112065348,5.09150199800007,0],[96.112002762,5.09151143500003,0],[96.111797827,5.09155443100002,0],[96.110999512,5.09167480500003,0],[96.1106884660001,5.09172170600004,0],[96.110501168,5.09173785300004,0],[96.1104864160001,5.09174007700005,0],[96.1104775520001,5.09173988900005,0],[96.1104642380001,5.09174103700008,0],[96.1077773220001,5.09168397100007,0],[96.1065633210001,5.09113696300005,0],[96.10513339,5.09069603400008,0],[96.104164972,5.09015488600005,0],[96.103313337,5.08967899600003,0],[96.1028773950001,5.08951439300006,0],[96.102872469,5.08951253400005,0],[96.1026353820001,5.08942301400003,0],[96.1026170160001,5.08942171600006,0],[96.1019463860001,5.08941612000007,0],[96.1019341400001,5.08941601700008,0],[96.1015834290001,5.08941309100004,0],[96.1015657180001,5.08941294300007,0],[96.101223561,5.08941008700003,0],[96.1012038710001,5.08941044800002,0],[96.101201383,5.08941104600007,0],[96.0998573100001,5.08943565600003,0],[96.0984916530001,5.08963595300003,0],[96.0984887370001,5.08963638100005,0],[96.098329102,5.08965979400006,0],[96.0975979120001,5.08976703500002,0],[96.09620786,5.09004197000007,0],[96.095837051,5.09011531200002,0],[96.0953756330001,5.09022408800007,0],[96.0941989020001,5.09044187900002,0],[96.0933769920001,5.09063575900007,0],[96.0924211210001,5.09086124200007,0],[96.091891983,5.09098606000003,0],[96.090501884,5.09142619600004,0],[96.0898113250001,5.09166908300006,0],[96.0892636290001,5.09197217600007,0],[96.0888624500001,5.09219418900005,0],[96.088632583,5.09232139600005,0],[96.088285431,5.09251500000005,0],[96.087864311,5.09274985600007,0],[96.0873175250001,5.09305479400007,0],[96.0872043430001,5.09311791400006,0],[96.086667047,5.09341756000003,0],[96.0864505760001,5.09353828400003,0],[96.0860026550001,5.09373819100006,0],[96.0853631630001,5.09402359400002,0],[96.0848039990001,5.09427314800007,0],[96.0846358460001,5.09434819400008,0],[96.0840465750001,5.09514632700007,0],[96.0828565020001,5.09652582100006,0],[96.0826473130001,5.09676830700005,0],[96.0826126430001,5.09679968000006,0],[96.0825626700001,5.09684490100005,0],[96.0825176130001,5.09689622200005,0],[96.0801243320001,5.09906194500007,0],[96.0792846150001,5.09981126600007,0],[96.0777853330001,5.10116797100005,0],[96.074294986,5.10420608900006,0],[96.0737949780001,5.10452961700003,0],[96.073399791,5.10479639700003,0],[96.072466003,5.10540059600004,0],[96.071255593,5.10618377600002,0],[96.0711858650001,5.10621781700007,0],[96.071123732,5.10625801900005,0],[96.0710929040001,5.10625974800007,0],[96.0707208410001,5.10629289600007,0],[96.0672304490001,5.10648858900004,0],[96.067206044,5.10648995700006,0],[96.0666428050001,5.10637432500005,0],[96.0650789900001,5.10605327500002,0],[96.062048281,5.10665611100006,0],[96.0592713720001,5.10758504100005,0],[96.0591104650001,5.10763886700005,0],[96.057661066,5.10849810800005,0],[96.0576362680001,5.10851280800006,0],[96.0571784890001,5.10893860400006,0],[96.0557487330001,5.11026846600004,0],[96.0557448610001,5.11027261600003,0],[96.0556089520001,5.11041828800006,0],[96.0540878560001,5.11204864000007,0],[96.053821225,5.11233442100007,0],[96.053615591,5.11253005900005,0],[96.0528471800001,5.11329977900004,0],[96.051333701,5.11482551200004,0],[96.051142133,5.11501863000007,0],[96.0489265080001,5.11725218500004,0],[96.0486454630001,5.11753550400005,0],[96.0481643950001,5.11815000300004,0],[96.0481623420001,5.11815262600004,0],[96.0479428420001,5.11843300700002,0],[96.047636051,5.11880155100005,0],[96.047614131,5.11890335700002,0],[96.0471643440001,5.12099240000003,0],[96.0471287180001,5.12115786400005,0],[96.0471210650001,5.12119340900006,0],[96.046222185,5.12363486900006,0],[96.045984714,5.12416920500004,0],[96.0456613160001,5.12571530200006,0],[96.045409109,5.12692942900003,0],[96.0453047970001,5.12743158600006,0],[96.044845825,5.12821786200004,0],[96.0447901040001,5.12831331800004,0],[96.0443578700001,5.12905378100004,0],[96.044304701,5.12914486600005,0],[96.0438192980001,5.12997641400005,0],[96.0431150050001,5.13055034800004,0],[96.0427853410001,5.13081899300005,0],[96.0412048210001,5.13210696000004,0],[96.039243963,5.13329059300003,0],[96.038677556,5.13361675500005,0],[96.037142632,5.13450062800007,0],[96.0349934530001,5.13573820100004,0],[96.0341193140001,5.13624155600007,0],[96.0334415440001,5.13663291900002,0],[96.033294459,5.13670310500004,0],[96.0332532040001,5.13672279100007,0],[96.032699634,5.13698694300007,0],[96.0325222020001,5.13707160900003,0],[96.032426834,5.13711357100004,0],[96.0317692140001,5.13742630100006,0],[96.031118517,5.13773573900005,0],[96.0309143650001,5.13783282300005,0],[96.0299994150001,5.13826792400005,0],[96.029330407,5.13858606700006,0],[96.0287609100001,5.13885688800002,0],[96.028391931,5.13908824200007,0],[96.0275745390001,5.13960075400007,0],[96.0265865330001,5.14036369300004,0],[96.0258476760001,5.14111967600007,0],[96.0250332470001,5.14203076200005,0],[96.024905629,5.14213506300007,0],[96.0248966220001,5.14214515700007,0],[96.02485647,5.14217990700007,0],[96.024856018,5.14218029800003,0],[96.0248243090001,5.14220774200004,0],[96.0240546240001,5.14287388500003,0],[96.023647608,5.14322614500003,0],[96.0231321850001,5.14367222800007,0],[96.0223445890001,5.14435386700006,0],[96.0219860080001,5.14466285700007,0],[96.021811545,5.14481390600002,0],[96.021689495,5.14491957500007,0],[96.0215935200001,5.14498453400006,0],[96.020433165,5.14576989600005,0],[96.020411014,5.14578488900003,0],[96.020259911,5.14588716000003,0],[96.0204185870001,5.14598812700007,0],[96.0204356890001,5.14599900900004,0],[96.020464249,5.14601718300003,0],[96.0204952330001,5.14603689900002,0],[96.0205361480001,5.14606293300005,0],[96.0205406330001,5.14606578700005,0],[96.020588763,5.14612437600005,0],[96.0206368940001,5.14618296500004,0],[96.0207509800001,5.14635340400002,0],[96.0207901970001,5.14650253900004,0],[96.020829414,5.14668008000007,0],[96.0208777970001,5.14720327100002,0],[96.0208824800001,5.14725390600006,0],[96.0208920170001,5.14735702900003,0],[96.020904283,5.14748966700006,0],[96.020963824,5.14762144600007,0],[96.020968457,5.14763169900004,0],[96.020978767,5.14765223700005,0],[96.0210219350001,5.14773822400002,0],[96.021425116,5.14826960500005,0],[96.0215559760001,5.14844207400006,0],[96.0218076240001,5.14877373800005,0],[96.021970277,5.14898811000006,0],[96.0228361800001,5.15023758300003,0],[96.0228758370001,5.15029480700002,0],[96.0228864540001,5.15032652900004,0],[96.0229150540001,5.15041198300003,0],[96.02291955,5.15048810600007,0],[96.022922184,5.15053271000005,0],[96.0228794020001,5.15069249600003,0],[96.0228728220001,5.15082683100007,0],[96.022872271,5.15083807900004,0],[96.0228865320001,5.15094815400005,0],[96.022922184,5.15103692400004,0],[96.0231379030001,5.15131727300007,0],[96.0232145300001,5.15141685900005,0],[96.0233286160001,5.15156599200003,0],[96.0234676590001,5.15172932900003,0],[96.0236316580001,5.15186781000006,0],[96.0237493100001,5.15192817300004,0],[96.0237870770001,5.15193517100005,0],[96.023898504,5.15195581800003,0],[96.0239053120001,5.15195708000005,0],[96.02420922,5.15201339200007,0],[96.0246691300001,5.15227260000006,0],[96.0248545200001,5.15239687800005,0],[96.0249445250001,5.15247513600002,0],[96.0252475330001,5.15273859700005,0],[96.0257529500001,5.15317805100005,0],[96.0258278190001,5.15329522700006,0],[96.0258323580001,5.15333365400005,0],[96.0258420800001,5.15341595400002,0],[96.025813558,5.15350827400005,0],[96.025738689,5.15364675500007,0],[96.025733481,5.15365952200005,0],[96.0257065970001,5.15372543000007,0],[96.0257000980001,5.15374136400004,0],[96.0256459940001,5.15387400500003,0],[96.0256531240001,5.15396632500006,0],[96.025699472,5.15404089200007,0],[96.0258047870001,5.15415155400007,0],[96.025859499,5.15420904300004,0],[96.0258719350001,5.15423311700005,0],[96.0259597310001,5.15440307100005,0],[96.0260060790001,5.15453445000003,0],[96.0260845130001,5.15497829700007,0],[96.026102339,5.15507416800006,0],[96.0260999230001,5.15517763900004,0],[96.026098774,5.15522685100007,0],[96.0260971490001,5.15529707200005,0],[96.026071352,5.15641211800005,0],[96.026067395,5.15658318400006,0],[96.026063122,5.15676788600007,0],[96.0259846870001,5.15689926400006,0],[96.0258848620001,5.15702709100003,0],[96.025799297,5.15709100500004,0],[96.025732594,5.15711886400004,0],[96.025688776,5.15713716500005,0],[96.025587026,5.15715283200007,0],[96.0255340030001,5.15715897200005,0],[96.0254463430001,5.15716912200003,0],[96.0253572130001,5.15720107900006,0],[96.0246156520001,5.15775499800003,0],[96.02457287,5.15783311400003,0],[96.02457287,5.15786168100004,0],[96.02457287,5.15788282500006,0],[96.024587898,5.15792386600003,0],[96.0245943560001,5.15794150300007,0],[96.0246833910001,5.15818463900007,0],[96.0247190430001,5.15835152500006,0],[96.0247190430001,5.15847935200003,0],[96.024686956,5.15859297700007,0],[96.0246486,5.15863043600007,0],[96.0244785090001,5.15879654800005,0],[96.0243958470001,5.15887727700004,0],[96.0243613150001,5.15891100100004,0],[96.0243197410001,5.15895160300005,0],[96.0242555670001,5.15908298100004,0],[96.0242805240001,5.15918595200003,0],[96.0243304360001,5.15929602600005,0],[96.0244985080001,5.15957501000003,0],[96.024592709,5.15973137600002,0],[96.024677866,5.15987272800004,0],[96.0247598550001,5.16000882400004,0],[96.0248283540001,5.16012252600007,0],[96.024972172,5.16036125000005,0],[96.0250684320001,5.16048197600003,0],[96.0252538220001,5.16065951300004,0],[96.0255688410001,5.16094348300004,0],[96.0257422540001,5.16109980500005,0],[96.02584921,5.16120987800002,0],[96.0258777320001,5.16128444400005,0],[96.0258903760001,5.16135939100008,0],[96.0260143140001,5.16209398000007,0],[96.026022379,5.16214178100006,0],[96.026023905,5.16215082400004,0],[96.0260346000001,5.16229285300005,0],[96.0260952080001,5.16242068000003,0],[96.026173643,5.16251299900006,0],[96.0262592080001,5.16256270900004,0],[96.0262597880001,5.16256288500006,0],[96.0263435780001,5.16258836000003,0],[96.0264432530001,5.16261866300005,0],[96.0265979010001,5.16266568000003,0],[96.026655625,5.16269083200007,0],[96.0267119870001,5.16271539000007,0],[96.0267832910001,5.16276510100005,0],[96.026879996,5.16290903900006,0],[96.0269111590001,5.16295542400007,0],[96.0271077240001,5.16324800000007,0],[96.0271968540001,5.16339002900003,0],[96.0273073750001,5.16351075400007,0],[96.0275925910001,5.16373800100007,0],[96.0277209380001,5.16378771100005,0],[96.0278350240001,5.16379126100003,0],[96.0279381440001,5.16373886300005,0],[96.0280097190001,5.16370249300007,0],[96.0280405300001,5.16367392400002,0],[96.0281131090001,5.16360662400007,0],[96.028180848,5.16346104400003,0],[96.0282628480001,5.16300655000003,0],[96.028291369,5.16287517300003,0],[96.028355543,5.16278285400006,0],[96.028665715,5.16260886800006,0],[96.029268233,5.16234256300004,0],[96.0294357970001,5.16231060700005,0],[96.0295391880001,5.16233546200004,0],[96.0296390130001,5.16241002700002,0],[96.0298705060001,5.16280563700008,0],[96.0299527500001,5.16294618800003,0],[96.0300169240001,5.16307401400007,0],[96.0300256290001,5.16308763900003,0],[96.0301167490001,5.16323024600007,0],[96.0303917090001,5.16358396200008,0],[96.0307157020001,5.16400075400003,0],[96.0308182810001,5.16412285000007,0],[96.0308618750001,5.16417474000002,0],[96.0309706940001,5.16432037200002,0],[96.0309759620001,5.16432742100005,0],[96.0310437000001,5.16449785600003,0],[96.031097178,5.16468959500003,0],[96.0311150040001,5.16481742100007,0],[96.031098166,5.16505511900004,0],[96.0311017980001,5.16520131200002,0],[96.0311613520001,5.16535002800003,0],[96.0312896990001,5.16548140500004,0],[96.0315000450001,5.16564473800003,0],[96.031529768,5.16568602500007,0],[96.031635523,5.16583292600006,0],[96.0317032620001,5.16596785300004,0],[96.0317496090001,5.16612053400007,0],[96.0317745660001,5.16628031600004,0],[96.0317824570001,5.16640024000003,0],[96.0317918550001,5.16654304800005,0],[96.03178581,5.16670192900006,0],[96.0318111240001,5.16688439300003,0],[96.031820913,5.16695495100004,0],[96.0318494350001,5.16705792100004,0],[96.0318922170001,5.16714313800003,0],[96.0320526510001,5.16730292000005,0],[96.032064715,5.16731474100004,0],[96.032273693,5.16751951300006,0],[96.032295559,5.16754483500006,0],[96.0324269960001,5.16769704900003,0],[96.0325018660001,5.16780001900003,0],[96.0325553430001,5.16795269900007,0],[96.0325696040001,5.16810893000007,0],[96.03256658,5.16813804300006,0],[96.032565665,5.16814685100007,0],[96.032558909,5.16821190000007,0],[96.0325161260001,5.16831487100006,0],[96.0324403870001,5.16841526600007,0],[96.0322749330001,5.16850592900005,0],[96.032273693,5.16850660900008,0],[96.0320490860001,5.16858472400003,0],[96.031835174,5.16868059300003,0],[96.0316996970001,5.16876225900006,0],[96.0316426530001,5.16886878000003,0],[96.0316283930001,5.16902856100006,0],[96.0316390880001,5.16914928500006,0],[96.031684037,5.16927612200004,0],[96.0317246530001,5.16939073200007,0],[96.0317674350001,5.16949725300003,0],[96.0318343390001,5.16956994300006,0],[96.031885087,5.16962507800002,0],[96.0320954330001,5.16970319300003,0],[96.0323307360001,5.16970319300003,0],[96.032523257,5.16967833900003,0],[96.032844475,5.16961058200008,0],[96.032997428,5.16963573000004,0],[96.0331095340001,5.16970513500007,0],[96.0331293400001,5.16971739600007,0],[96.0331862630001,5.16978641200006,0],[96.03321134,5.16981681600004,0],[96.0332703760001,5.17002405800002,0],[96.0332528260001,5.17021484600002,0],[96.0332347940001,5.17031908200005,0],[96.0332228070001,5.17038837300004,0],[96.0332205810001,5.17052302800005,0],[96.0332683830001,5.17069383600005,0],[96.0333325560001,5.17082521200007,0],[96.033450208,5.17104180300004,0],[96.0335571640001,5.17125484500002,0],[96.0336136010001,5.17134220000003,0],[96.0337065830001,5.17148612000005,0],[96.033726067,5.17152830800006,0],[96.0338311740001,5.17175590300008,0],[96.033851557,5.17186744900005,0],[96.033859212,5.17194499300007,0],[96.0338605740001,5.17195878800004,0],[96.033902202,5.17238045200003,0],[96.033897955,5.17266320100003,0],[96.03389623,5.17277803900004,0],[96.0338223790001,5.17326436400003,0],[96.0339268000001,5.17386501700003,0],[96.034314656,5.17420735400003,0],[96.034801137,5.17423370600005,0],[96.0351863260001,5.17401673600006,0],[96.0355599250001,5.17369320200004,0],[96.0357703190001,5.17334452500006,0],[96.0359365100001,5.17334259500007,0],[96.0362460000001,5.17333900000006,0],[96.0363423690001,5.17346621600007,0],[96.0364847810001,5.17363740900004,0],[96.0361733860001,5.17402634500007,0],[96.0363181390001,5.17438418800003,0],[96.0370180200001,5.17416570900002,0],[96.0375165460001,5.17371873100006,0],[96.037850081,5.17328914600006,0],[96.0382501780001,5.17312748300003,0],[96.0399333500001,5.17212564200003,0],[96.0401742830001,5.17211283500006,0],[96.0401980030001,5.17211157500003,0],[96.0407270250001,5.17208345500006,0],[96.041458171,5.17236224700002,0],[96.042117944,5.17223015200005,0],[96.0428022340001,5.17209314700006,0],[96.0432440310001,5.17224819700004,0],[96.043424723,5.17276919700004,0],[96.043178164,5.17328820100005,0],[96.043007425,5.17360368300007,0],[96.0428395530001,5.17391386600002,0],[96.042883126,5.17438833000006,0],[96.0435075350001,5.17465132400002,0],[96.044690093,5.17453501600005,0],[96.0458521750001,5.17449935400003,0],[96.0462776320001,5.17488221300005,0],[96.0474762740001,5.17627985000007,0],[96.0479116240001,5.17678747600007,0],[96.0484084440001,5.17736677700003,0],[96.0493269990001,5.17863840000007,0],[96.0495877070001,5.17931118500007,0],[96.0496964600001,5.17959183300007,0],[96.049848415,5.17998397000002,0],[96.0504105460001,5.18087042000008,0],[96.0506993830001,5.18144267900004,0],[96.051002113,5.18192882200003,0],[96.051297709,5.18210049100003,0],[96.0520062310001,5.18251196800003,0],[96.052235925,5.18268295400003,0],[96.0522519520001,5.18304140900005,0],[96.052205896,5.18362783200007,0],[96.05203521,5.18382943400007,0],[96.0514576790001,5.18420509700007,0],[96.0510165210001,5.18468049000006,0],[96.0510143540001,5.18491488400002,0],[96.051011815,5.18518962900004,0],[96.0511219090001,5.18557384800005,0],[96.0514513350001,5.18586154700006,0],[96.0515122740001,5.18663568300002,0],[96.050922815,5.18750617900002,0],[96.050260386,5.18807586100007,0],[96.050004286,5.18836392500003,0],[96.049820292,5.18853466100006,0],[96.049491603,5.18883966500005,0],[96.049158563,5.18932497400004,0],[96.0490867540001,5.18942961500005,0],[96.0491526810001,5.18975341000004,0],[96.0491547330001,5.19018034700002,0],[96.0491582650001,5.19091503100003,0],[96.0496061680001,5.19207020400006,0],[96.0497568390001,5.19241605800005,0],[96.0499377720001,5.19285737400003,0],[96.0497593690001,5.19294189400006,0],[96.0495924260001,5.19293075000007,0],[96.0494495240001,5.19296131800007,0],[96.049390411,5.19306318900004,0],[96.0492715230001,5.19312949400006,0],[96.0490935510001,5.19330364600006,0],[96.048970425,5.19330513500006,0],[96.0488491820001,5.19330482700002,0],[96.0487302940001,5.19337113300003,0],[96.048719121,5.19352655100005,0],[96.048677802,5.19361040800004,0],[96.0485291700001,5.19368880900004,0],[96.0483952540001,5.19381915400004,0],[96.048374923,5.19383894300006,0],[96.048172563,5.19389967700005,0],[96.0479402010001,5.19391872700004,0],[96.0477079250001,5.19395570300003,0],[96.047511381,5.19398653000007,0],[96.047500035,5.19410609600004,0],[96.0476258320001,5.19423695100005,0],[96.0480078320001,5.19434864000004,0],[96.048210307,5.19431180800007,0],[96.0485514490001,5.19427546200006,0],[96.0487082610001,5.19426358800007,0],[96.0487502700001,5.19432314100004,0],[96.0487686390001,5.19442463700005,0],[96.0487037090001,5.19455641300004,0],[96.0485797520001,5.19480798500007,0],[96.0485272020001,5.19503531000004,0],[96.048362012,5.19538866700003,0],[96.048279977,5.19568186600003,0],[96.048085761,5.19619670200007,0],[96.0479972200001,5.19637639700005,0],[96.0479628670001,5.19666936600004,0],[96.047898397,5.19689674900008,0],[96.047851548,5.19707026600003,0],[96.047774496,5.19716027200008,0],[96.0476560100001,5.19731023400004,0],[96.047603316,5.19750768200004,0],[96.0476166170001,5.19779444500006,0],[96.047671323,5.19801527600004,0],[96.047761704,5.19821800800003,0],[96.047846528,5.19850442500007,0],[96.047936737,5.19867130400007,0],[96.0482831510001,5.19881901700006,0],[96.0486356690001,5.19899657800005,0],[96.048958127,5.19912050500005,0],[96.049107479,5.19919148800005,0],[96.0492689820001,5.19931021800005,0],[96.049598379,5.19963727900006,0],[96.0497420870001,5.19977402100005,0],[96.0498855070001,5.19985100800005,0],[96.0500226220001,5.19985632000004,0],[96.0501834340001,5.19983163900002,0],[96.050469181,5.19975854900002,0],[96.0505824830001,5.19976995200005,0],[96.05090569,5.20004923700003,0],[96.0511326690001,5.20014972200005,0],[96.051317639,5.20019065500003,0],[96.0514671060001,5.20028553900005,0],[96.0517180130001,5.20040383500003,0],[96.051867826,5.20057042400003,0],[96.0520716840001,5.20082040900007,0],[96.0525088000001,5.20123657800002,0],[96.0526349450001,5.20143913400005,0],[96.052862415,5.20164120000004,0],[96.053197314,5.20187262200005,0],[96.0535735400001,5.20200868200004,0],[96.053769512,5.20204015300004,0],[96.053859796,5.20205465100003,0],[96.0542294480001,5.20207676000007,0],[96.0544797490001,5.20206957100004,0],[96.054920866,5.20207938200002,0],[96.0552967660001,5.20216121500005,0],[96.055541136,5.20216003000007,0],[96.0559103250001,5.20208653200007,0],[96.056136613,5.20204360500003,0],[96.0562979150001,5.20212050400005,0],[96.0564950930001,5.20222113100004,0],[96.056453747,5.20229901300007,0],[96.0563351770001,5.20243105000003,0],[96.0561572060001,5.20260520300008,0],[96.0559435600001,5.20279745700003,0],[96.0557228420001,5.20307681600002,0],[96.0557065930001,5.20309738300006,0],[96.0556953070001,5.20322889900007,0],[96.05574348,5.20333024900003,0],[96.055803198,5.20335386100004,0],[96.055916875,5.20344294200004,0],[96.0559114920001,5.20356247800004,0],[96.05586407,5.20361648800002,0],[96.0557272720001,5.20367690700004,0],[96.055363985,5.20373842500004,0],[96.0551251410001,5.20364995200003,0],[96.0549097640001,5.20348368300006,0],[96.054742876,5.20348449200003,0],[96.0545761910001,5.20352713000005,0],[96.0544986210001,5.20350958000006,0],[96.054385606,5.20355793200002,0],[96.0542132780001,5.20366632800005,0],[96.054053158,5.20383441900003,0],[96.0538613880001,5.20397081000004,0],[96.0536965220001,5.20403931700002,0],[96.0536571680001,5.20422587500002,0],[96.0534711270001,5.20426748000006,0],[96.053352498,5.20438756600004,0],[96.053100902,5.20450015700004,0],[96.053085824,5.20456957000005,0],[96.0527373400001,5.20467240900007,0],[96.0526114130001,5.20470977600007,0],[96.0520680970001,5.20487099800005,0],[96.05202676,5.20488326400005,0],[96.0512919000001,5.20539233200003,0],[96.0509161080001,5.20580363800002,0],[96.0507764870001,5.20629254600004,0],[96.0507282820001,5.20681247900006,0],[96.050893322,5.20741755400007,0],[96.0511411140001,5.20827544900004,0],[96.0511990140001,5.20894886700006,0],[96.050991363,5.20929976600007,0],[96.050806353,5.20970431600006,0],[96.050650719,5.21035378500005,0],[96.0506370840001,5.21036597300002,0],[96.0504974770001,5.21049075500002,0],[96.050446675,5.21048529000007,0],[96.0504346820001,5.21049280600005,0],[96.0502882420001,5.21055748500004,0],[96.0502139430001,5.21057967800004,0],[96.0500992360001,5.21058815700007,0],[96.0499890990001,5.21058087300003,0],[96.0498633970001,5.21053520900006,0],[96.049697569,5.21041721500006,0],[96.0495921500001,5.21036262000007,0],[96.049464447,5.21026509700005,0],[96.0493431460001,5.21024198600003,0],[96.0492036570001,5.21026162400005,0],[96.0490616210001,5.21034435600006,0],[96.048960004,5.21043855400006,0],[96.0488761010001,5.21059143300005,0],[96.0488689570001,5.21062714300007,0],[96.0488788070001,5.21070042000002,0],[96.048901029,5.21086573300005,0],[96.0488791650001,5.21106500600007,0],[96.048900293,5.21118886600004,0],[96.0489105720001,5.21139403800004,0],[96.0489052120001,5.21157884400003,0],[96.0488049430001,5.21186688700004,0],[96.0487204190001,5.21215050500007,0],[96.0487086130001,5.21227216500006,0],[96.048714471,5.21234357600002,0],[96.048801374,5.21243973500003,0],[96.048843731,5.21251807400006,0],[96.048937665,5.21269180000007,0],[96.048939454,5.21269510900004,0],[96.0489511120001,5.21271667100007,0],[96.048964841,5.21278698500004,0],[96.0489756690001,5.21284244400005,0],[96.0489898860001,5.21291525400005,0],[96.048999564,5.21299072300008,0],[96.04898853,5.21312991100007,0],[96.048979633,5.21324213700007,0],[96.0489198440001,5.21344061100007,0],[96.0489185070001,5.21344504900003,0],[96.0488726780001,5.21359718200006,0],[96.04873007,5.21383151100002,0],[96.0484519840001,5.21427176600002,0],[96.0484224800001,5.21430006100007,0],[96.0484200220001,5.21430241700006,0],[96.0483258730001,5.21439270400003,0],[96.0483205420001,5.21439781700008,0],[96.0482687200001,5.21444751300004,0],[96.0482673980001,5.21444878000005,0],[96.0482594640001,5.21445638900002,0],[96.048231645,5.21447534500004,0],[96.0481239860001,5.21454870100007,0],[96.048055027,5.21460592900007,0],[96.0480534710001,5.21460722100005,0],[96.0479956390001,5.21465521400006,0],[96.0479599870001,5.21476882800005,0],[96.0479511550001,5.21482160200003,0],[96.0479440770001,5.21486389500006,0],[96.0479314660001,5.21493924900005,0],[96.0479457270001,5.21515227500004,0],[96.0479502790001,5.21524746900008,0],[96.047952857,5.21530139400005,0],[96.0480170310001,5.21545051200007,0],[96.0480099000001,5.21555702500007,0],[96.047954034,5.21561961500004,0],[96.047952857,5.21562093300003,0],[96.0479520170001,5.21562135100004,0],[96.0479133370001,5.21564061100003,0],[96.0479114170001,5.21564124300005,0],[96.0478749430001,5.21565324100004,0],[96.0478090000001,5.21565293100002,0],[96.0476469610001,5.21565217000006,0],[96.0476063120001,5.21565197900003,0],[96.047537606,5.21565643700006,0],[96.047475121,5.21565643700006,0],[96.0472112960001,5.21565643700006,0],[96.0471597850001,5.21567695600004,0],[96.0471349490001,5.21568685000005,0],[96.0471207900001,5.21569249000004,0],[96.0471197960001,5.21569288600006,0],[96.0470686880001,5.21571324400003,0],[96.0469020610001,5.21580897700005,0],[96.046900937,5.21580962300004,0],[96.0468832980001,5.21581975700008,0],[96.0468191250001,5.21594757300005,0],[96.0468048130001,5.21604021300004,0],[96.046790603,5.21613219500006,0],[96.0468119940001,5.21634522100004,0],[96.0467834730001,5.21648013800007,0],[96.0467669000001,5.21651864700004,0],[96.0467617350001,5.21653064900005,0],[96.0467192990001,5.21662925600003,0],[96.0466309050001,5.21673759800007,0],[96.046607909,5.21675168800004,0],[96.0464911270001,5.21680677700004,0],[96.0462972030001,5.21683943700003,0],[96.0458246690001,5.21691902000003,0],[96.0458242590001,5.21691908900004,0],[96.0456291770001,5.21695194400007,0],[96.0455213930001,5.21697009700006,0],[96.0453217420001,5.21697009700006,0],[96.0448511370001,5.21689908800005,0],[96.044508878,5.21687778600005,0],[96.044394792,5.21692039100003,0],[96.0443837020001,5.21692867400003,0],[96.044381877,5.21693003700005,0],[96.0443549270001,5.21695016600006,0],[96.044309227,5.21698429800006,0],[96.044299949,5.21702125800005,0],[96.044273575,5.21712631600008,0],[96.0442664440001,5.21733224000008,0],[96.0442817650001,5.21741462800003,0],[96.044290978,5.21746417000003,0],[96.0443020960001,5.21752396300008,0],[96.0443168520001,5.21757014600007,0],[96.0443520090001,5.21768018200004,0],[96.0443220070001,5.21806610900006,0],[96.0443134770001,5.21812132600007,0],[96.0442664440001,5.21842577000007,0],[96.0442165320001,5.21856068600005,0],[96.0441024450001,5.21865299700005,0],[96.044014567,5.21871768100004,0],[96.04391467,5.21879121200004,0],[96.0437974640001,5.21887748300003,0],[96.043774447,5.21889442500003,0],[96.043765679,5.21892760700007,0],[96.0437419560001,5.21901737900004,0],[96.0437387950001,5.21902934100007,0],[96.0437530560001,5.21916425700005,0],[96.043813813,5.21924896300004,0],[96.0438140110001,5.21924923900002,0],[96.043895664,5.21936308000005,0],[96.0439192630001,5.21941530500004,0],[96.0439268900001,5.21943218300004,0],[96.0439337060001,5.21944726700002,0],[96.043959838,5.21950509700002,0],[96.0439655630001,5.21959062200006,0],[96.0439656190001,5.21959146200004,0],[96.0439669680001,5.21961160900003,0],[96.043917305,5.21975291400003,0],[96.0439170550001,5.21975362500007,0],[96.0438243600001,5.21985303700006,0],[96.0437174040001,5.21996665000006,0],[96.0436247090001,5.22013707000002,0],[96.0435890570001,5.22027908600006,0],[96.0435676930001,5.22059821700003,0],[96.0435620170001,5.22068300900003,0],[96.0435534050001,5.22081164700006,0],[96.0435107210001,5.22100596500007,0],[96.0435034930001,5.22103887300005,0],[96.043484612,5.22109402700005,0],[96.043396537,5.22135130900006,0],[96.0432520240001,5.22173267700003,0],[96.043189333,5.22189812000005,0],[96.0431113210001,5.22210399300008,0],[96.0431019750001,5.22213590300004,0],[96.0430708550001,5.22224215600005,0],[96.0430614080001,5.22227441200005,0],[96.0430614080001,5.22227720100005,0],[96.0430614080001,5.22229738500005,0],[96.0430614080001,5.22238466200002,0],[96.0430614080001,5.22239512600004,0],[96.0431113210001,5.22267205700007,0],[96.043101956,5.22278863100007,0],[96.0430770840001,5.22288271300005,0],[96.043071475,5.22290393200007,0],[96.0430690100001,5.22290916800006,0],[96.0430144590001,5.22302506100004,0],[96.0429532730001,5.22310189200005,0],[96.042908674,5.22315789400005,0],[96.0428617570001,5.22320461600003,0],[96.042633585,5.22331112800003,0],[96.0425825440001,5.22333089500006,0],[96.042505238,5.22336083300007,0],[96.0424054120001,5.22346734500007,0],[96.042255674,5.22368036800003,0],[96.0421986310001,5.22387208900005,0],[96.042220022,5.22397150000006,0],[96.0422374400001,5.22399751900002,0],[96.0422913260001,5.22407801200006,0],[96.0423607880001,5.22416605000006,0],[96.04236976,5.22417742200003,0],[96.0424125430001,5.22430523600002,0],[96.0424173280001,5.22435765800003,0],[96.042419673,5.22438334500004,0],[96.0424092640001,5.22441962400006,0],[96.0423911510001,5.22448275600004,0],[96.0422910190001,5.22461142100002,0],[96.042246504,5.22466862200002,0],[96.042170109,5.22476678600003,0],[96.042120197,5.22488039800004,0],[96.0421136240001,5.22497203500006,0],[96.0421025890001,5.22499769400002,0],[96.042063957,5.22506364500003,0],[96.0420631530001,5.22506501800007,0],[96.0420028220001,5.22515282900002,0],[96.041970458,5.22519993300006,0],[96.0418927960001,5.22531499800004,0],[96.0417538,5.22552093900003,0],[96.041715147,5.22557820700007,0],[96.0416781120001,5.22563307900003,0],[96.0416282,5.22575379200003,0],[96.041606808,5.22589580700003,0],[96.041542635,5.22602362100002,0],[96.0414143030001,5.22615750500006,0],[96.041392897,5.22617983700007,0],[96.0413501770001,5.22619783600004,0],[96.0412389850001,5.22624468300006,0],[96.041207506,5.22625794500004,0],[96.041100289,5.22629927600002,0],[96.0410606880001,5.22631454200007,0],[96.0409864640001,5.22634315400006,0],[96.0409009000001,5.22641416200003,0],[96.040852294,5.22651096900006,0],[96.040843856,5.22652777400003,0],[96.040829596,5.22670529200008,0],[96.040829596,5.22675529900005,0],[96.040829596,5.22689701200005,0],[96.0408532150001,5.22699893600003,0],[96.0409365510001,5.22735856000003,0],[96.040943682,5.22748637400002,0],[96.0409222910001,5.22762128800002,0],[96.0408986510001,5.22768121100006,0],[96.040843856,5.22782010800006,0],[96.0407121790001,5.22811870500004,0],[96.040489763,5.22862306200005,0],[96.0404146610001,5.22879336600005,0],[96.040252034,5.22916214500003,0],[96.0401935690001,5.22927329500004,0],[96.0401736000001,5.22931126000003,0],[96.0400452520001,5.22943197200004,0],[96.0398242100001,5.22966629600006,0],[96.039699646,5.22981419600006,0],[96.0396620100001,5.22985888300002,0],[96.0396388200001,5.22988641800004,0],[96.0396010870001,5.22993741400006,0],[96.039538995,5.23002133100005,0],[96.039486073,5.23006486700007,0],[96.039374996,5.23015624400006,0],[96.0391967360001,5.23024145300008,0],[96.0391957460001,5.23024208400005,0],[96.039053734,5.23033259300007,0],[96.0390184760001,5.23035506400004,0],[96.038925781,5.23048287700004,0],[96.0388972590001,5.23061068900006,0],[96.0388972590001,5.23063967100006,0],[96.0388972590001,5.23076690500005,0],[96.0389329110001,5.23132075900003,0],[96.0389329110001,5.23139886700005,0],[96.0388943630001,5.23145165000005,0],[96.038875868,5.23147697400003,0],[96.0389251110001,5.23149322900002,0],[96.0389686760001,5.23150761000005,0],[96.038994904,5.23152652400006,0],[96.039046521,5.23156496300004,0],[96.0391644380001,5.23166608800005,0],[96.039158291,5.23167982500007,0],[96.039157457,5.23168115400006,0],[96.039156404,5.23168404400008,0],[96.0391426620001,5.23171475200007,0],[96.039113666,5.23177954900007,0],[96.0391116170001,5.23178412800007,0],[96.0390925040001,5.23182683900006,0],[96.0390657350001,5.23191904300006,0],[96.039068709,5.23201124800005,0],[96.0390783220001,5.23209504300007,0],[96.039103013,5.23231026700006,0],[96.039190821,5.23286413100004,0],[96.0391919680001,5.23287136700003,0],[96.0392267450001,5.23309073000007,0],[96.039297973,5.23331940900005,0],[96.0393171640001,5.23338102400004,0],[96.0394028250001,5.23358565800004,0],[96.039455156,5.23367723700005,0],[96.039492577,5.23374272400002,0],[96.039502574,5.23376021800004,0],[96.0390842910001,5.23422645600004,0],[96.0390664650001,5.23451048300007,0],[96.0390808400001,5.23459041100006,0],[96.039137769,5.23490693600007,0],[96.0391836480001,5.23505314200003,0],[96.0390976690001,5.23511465100006,0],[96.039044716,5.23515253300008,0],[96.039398066,5.23565222000002,0],[96.0393684790001,5.23567559500003,0],[96.039340484,5.23569771300004,0],[96.0392727990001,5.23573123600005,0],[96.039268727,5.23573325200005,0],[96.038628616,5.23605027800005,0],[96.0383607000001,5.23618296900003,0],[96.038244498,5.23624052000002,0],[96.037355715,5.23668070500003,0],[96.037319327,5.23669872700003,0],[96.0373033370001,5.23670664700006,0],[96.0371039180001,5.23680541200002,0],[96.0370667390001,5.23682912800007,0],[96.037058695,5.23683852700003,0],[96.0370444980001,5.23685511700006,0],[96.037026907,5.23690581300002,0],[96.037001005,5.23690020600003,0],[96.0369610750001,5.23690399300006,0],[96.036907834,5.23692292800007,0],[96.036818467,5.23695511700004,0],[96.036814463,5.23695581000004,0],[96.0367747340001,5.23696269100003,0],[96.0367389680001,5.23696023500003,0],[96.0367178430001,5.23700220800004,0],[96.0367166670001,5.23700454500005,0],[96.036703135,5.23703143200004,0],[96.0367132550001,5.23704050200007,0],[96.0367187300001,5.23704540900007,0],[96.0367472520001,5.23711215500003,0],[96.0367914600001,5.23718742200003,0],[96.0368024270001,5.23720719800002,0],[96.0368737190001,5.23733575400007,0],[96.0368846540001,5.23735547400003,0],[96.0368969900001,5.23737771900005,0],[96.0368973510001,5.23737856700006,0],[96.036905264,5.23739719200006,0],[96.0369283640001,5.23745156500007,0],[96.0369359380001,5.23746718900003,0],[96.0369394430001,5.23747441800003,0],[96.0369594750001,5.23751574000005,0],[96.0369659740001,5.23752914700003,0],[96.036966395,5.23753001600005,0],[96.0369669080001,5.23753107300007,0],[96.0369678050001,5.23753292400005,0],[96.0369679720001,5.23753326900004,0],[96.036968243,5.23753382700005,0],[96.0369682610001,5.23753386400006,0],[96.0369682940001,5.23753393200008,0],[96.0371185380001,5.23785295600004,0],[96.0371436,5.23790574900005,0],[96.0371638020001,5.23794830200006,0],[96.0371635070001,5.23794844200006,0],[96.037228724,5.23808692200004,0],[96.0372378230001,5.23810624200007,0],[96.0376000470001,5.23886742800005,0],[96.0376308030001,5.23893248600007,0],[96.037630881,5.23893266000005,0],[96.0376579750001,5.23898996300005,0],[96.0377034580001,5.23908617400002,0],[96.0377894700001,5.23926811500007,0],[96.0378538830001,5.23941093900004,0],[96.0379182360001,5.23955892700008,0],[96.0379217050001,5.23956690500006,0],[96.0379294110001,5.23958462600007,0],[96.0379491210001,5.23962995200003,0],[96.037956567,5.23964707400006,0],[96.038074931,5.23994529900006,0],[96.0382289470001,5.24029322800004,0],[96.038272836,5.24037495600004,0],[96.0383715550001,5.24055879000002,0],[96.0384770850001,5.24078458800005,0],[96.0379780690001,5.24101603500003,0],[96.037956567,5.24102600800006,0],[96.0379647610001,5.24104282200005,0],[96.0381219920001,5.24136541600006,0],[96.0380450810001,5.24139900800003,0],[96.0380407050001,5.24140091900006,0],[96.0380514130001,5.24142548600003,0],[96.038079726,5.24149044600006,0],[96.0381370970001,5.24162207600006,0],[96.038179846,5.24172015600004,0],[96.038215951,5.24180299300002,0],[96.0382139330001,5.24182148900007,0],[96.0382137510001,5.24182315300004,0],[96.038212924,5.24183073800003,0],[96.038211668,5.24184225400006,0],[96.038227352,5.24188303100004,0],[96.0382668270001,5.24198566300004,0],[96.0383094520001,5.24209648400006,0],[96.0383112250001,5.24210109500007,0],[96.0383330510001,5.24215784000006,0],[96.038383105,5.24230484900005,0],[96.0384084090001,5.24237916900006,0],[96.038431372,5.24244661100005,0],[96.0384457110001,5.24248872600003,0],[96.0384571430001,5.24251625900007,0],[96.038482838,5.24257814600003,0],[96.038531585,5.24269555100005,0],[96.0385683540001,5.24278411000006,0],[96.0386144110001,5.24288251000007,0],[96.0386177,5.24288953600006,0],[96.038661575,5.24298327400004,0],[96.038691134,5.24305999100005,0],[96.039004204,5.24383073300004,0],[96.0390054210001,5.24383373100005,0],[96.0390193840001,5.24386810500005,0],[96.0391676580001,5.24423314200004,0],[96.0392312740001,5.24438975700002,0],[96.0393242900001,5.24461875300005,0],[96.039365364,5.24471987200008,0],[96.0395398370001,5.24514940500006,0],[96.0396173980001,5.24534035100004,0],[96.0396347290001,5.24536506700002,0],[96.03964318,5.24540382400005,0],[96.0396764560001,5.24555643300005,0],[96.0397125960001,5.24563394000006,0],[96.0397788010001,5.24576508100006,0],[96.039898479,5.24586010800004,0],[96.039999783,5.24585364000006,0],[96.0400066330001,5.24585099700005,0],[96.0400297210001,5.24584208900006,0],[96.0401723270001,5.24578706800003,0],[96.040369147,5.24581001200005,0],[96.040560267,5.24588676500002,0],[96.040597184,5.24592880900002,0],[96.0406929330001,5.24603785600004,0],[96.0407010260001,5.24604707300006,0],[96.0407089710001,5.24604664000003,0],[96.040730088,5.24604548800005,0],[96.0407455500001,5.24604464500004,0],[96.0411948450001,5.24587650900003,0],[96.0411917100001,5.24586674700004,0],[96.0411067690001,5.24560222500003,0],[96.0410414630001,5.24537278300005,0],[96.0409498290001,5.24510854000005,0],[96.0408347000001,5.24514869600006,0],[96.0407496770001,5.24486571700004,0],[96.0407351570001,5.24481739100003,0],[96.0407872850001,5.24479783800007,0],[96.0412129860001,5.24463815900003,0],[96.0425288220001,5.24414459100007,0],[96.0425154540001,5.24411312500007,0],[96.0424484480001,5.24395539400007,0],[96.0426396110001,5.24387024300006,0],[96.042712157,5.24403766600005,0],[96.042722644,5.24406187000005,0],[96.0432099510001,5.24387868000002,0],[96.0434731560001,5.24376335500006,0],[96.0437273920001,5.24366544600002,0],[96.0439724890001,5.24358205100003,0],[96.044027009,5.24355740400006,0],[96.0442103880001,5.24347450400006,0],[96.044703805,5.24328470000006,0],[96.0447121540001,5.24328148900003,0],[96.044883305,5.24320018200007,0],[96.044947317,5.24316977300003,0],[96.045213011,5.24305628900004,0],[96.045434378,5.24296558200007,0],[96.0454944510001,5.24294096700004,0],[96.045924422,5.24278045100004,0],[96.0463783610001,5.24259375300005,0],[96.0465365350001,5.24293155100003,0],[96.0465938190001,5.24291986900005,0],[96.0468859280001,5.24364441500006,0],[96.046896997,5.24367430900003,0],[96.0474932920001,5.24528468500006,0],[96.0476021060001,5.24557855200004,0],[96.0476137140001,5.24560990000003,0],[96.0475637630001,5.24563673800003,0],[96.0475113970001,5.24566487500005,0],[96.0481492910001,5.24672350300006,0],[96.0481726140001,5.24671195000008,0],[96.0482334230001,5.24668182900007,0],[96.0484351970001,5.24697728400002,0],[96.0485614900001,5.24689469300006,0],[96.0486039890001,5.24694859300007,0],[96.0487691380001,5.24715804900006,0],[96.0487946120001,5.24719366600004,0],[96.0489624860001,5.24742838300006,0],[96.0489920110001,5.24746966700008,0],[96.0489099310001,5.24753597500006,0],[96.0489897580001,5.24764082300004,0],[96.0490371540001,5.24770307600005,0],[96.0491204360001,5.24781246200007,0],[96.0493672800001,5.24753165600004,0],[96.049397286,5.24756592000006,0],[96.0494315020001,5.24760499200005,0],[96.0496222770001,5.24783006600006,0],[96.0498671710001,5.24808365300004,0],[96.0498239670001,5.24814368700004,0],[96.050035859,5.24834096700005,0],[96.0501325130001,5.24824841200007,0],[96.0503660160001,5.24849047100003,0],[96.050147564,5.24869884100002,0],[96.0503438410001,5.24894646100006,0],[96.0504903230001,5.24882526100004,0],[96.0507063090001,5.24908629300006,0],[96.050746829,5.24904876300008,0],[96.0509118470001,5.24925033900007,0],[96.051299966,5.24890094500006,0],[96.051710127,5.24940487400005,0],[96.0518767710001,5.24962491000002,0],[96.0519826610001,5.24976472600002,0],[96.0521309390001,5.24967220000002,0],[96.0523086090001,5.24992164400004,0],[96.0524058240001,5.25003923500003,0],[96.052519551,5.25019515000002,0],[96.0527014150001,5.25005975400006,0],[96.052914634,5.25038316600006,0],[96.0529875270001,5.25049373100006,0],[96.0530313040001,5.25056013100004,0],[96.0532152050001,5.25083907300007,0],[96.0532413760001,5.25087580300004,0],[96.0534544690001,5.25117486500005,0],[96.0534066440001,5.25120332400007,0],[96.0536222090001,5.25150792800002,0],[96.0535647780001,5.25155068500004,0],[96.0537730780001,5.25187915900005,0],[96.053873497,5.25182226200008,0],[96.0539894070001,5.25202121600006,0],[96.0541623980001,5.25230506400004,0],[96.0542249960001,5.25240777600004,0],[96.0542743140001,5.25248869800004,0],[96.0542168700001,5.25253432300002,0],[96.0545348030001,5.25307797600004,0],[96.0544532200001,5.25314818300006,0],[96.0545780720001,5.25337251800005,0],[96.054685701,5.25360824600006,0],[96.054716291,5.25367725600006,0],[96.054736668,5.25372322800007,0],[96.05478263,5.25380552900003,0],[96.054821797,5.25387566200004,0],[96.0546626460001,5.25396650200003,0],[96.0546050740001,5.25399902200007,0],[96.054473283,5.25407346500003,0],[96.054577706,5.25423482100007,0],[96.054706583,5.25443396500003,0],[96.0547066770001,5.25443411100002,0],[96.0547607330001,5.25442494900005,0],[96.055017094,5.25473412600007,0],[96.0552359160001,5.25499802900003,0],[96.055377085,5.25516828200006,0],[96.0553867610001,5.25518586000004,0],[96.0553879030001,5.25519415400004,0],[96.0553928570001,5.25523013300005,0],[96.0553928750001,5.25523025800004,0],[96.055393027,5.25523134600007,0],[96.055401299,5.25529042200003,0],[96.0554713970001,5.25579101100004,0],[96.055478011,5.25583824300003,0],[96.0555022730001,5.25601151600006,0],[96.0555083790001,5.25605511700007,0],[96.0555120120001,5.25608106600004,0],[96.0555134190001,5.25609111300002,0],[96.0555161250001,5.25611043900005,0],[96.0555194020001,5.25613424000005,0],[96.055542755,5.25630382300005,0],[96.0555439540001,5.25631252600004,0],[96.0555437100001,5.25631422300006,0],[96.0554268810001,5.25712609900006,0],[96.0553747860001,5.25748811800003,0],[96.0553424170001,5.25771305700005,0],[96.0553416930001,5.25771808800005,0],[96.0554109190001,5.25781563900006,0],[96.055627541,5.25812090000005,0],[96.055690263,5.25820928600007,0],[96.0556944480001,5.25821518300006,0],[96.0557736660001,5.25832681600002,0],[96.055929742,5.25860002300004,0],[96.055984988,5.25869672900006,0],[96.056064086,5.25883518900002,0],[96.0560429590001,5.25884515200005,0],[96.056033509,5.25883545600004,0],[96.055664375,5.25902894900003,0],[96.055273899,5.25923362800006,0],[96.0544890370001,5.25964503600005,0],[96.0542931690001,5.25974770500005,0],[96.0540173630001,5.25989227500003,0],[96.0534273390001,5.26020155100002,0],[96.053308615,5.26026378300003,0],[96.0531582690001,5.26034259000005,0],[96.0532471500001,5.26053526600003,0],[96.0532481010001,5.26053526500004,0],[96.0532477250001,5.26053544900003,0],[96.0532109530001,5.26055345000003,0],[96.0528638100001,5.26072338800003,0],[96.0533142260001,5.26177787800003,0],[96.052704061,5.26200666100004,0],[96.0514249390001,5.26248626900002,0],[96.051424115,5.26248655700005,0],[96.0514492230001,5.26254330100005,0],[96.0515626280001,5.26279959800007,0],[96.0515682490001,5.26281230500007,0],[96.0512813980001,5.26291082200004,0],[96.0509954980001,5.26300901300004,0],[96.05099577,5.26300924600002,0],[96.0510035490001,5.26302761500006,0],[96.051003714,5.26302800300004,0],[96.0510586680001,5.26315777000002,0],[96.0511034070001,5.26326341400005,0],[96.0511733590001,5.26342859700003,0],[96.0513171360001,5.26368900400007,0],[96.0513224110001,5.26369855900003,0],[96.0513356280001,5.26372636800005,0],[96.0513381950001,5.26373177000005,0],[96.0515160080001,5.26410591900003,0],[96.051522215,5.26411898300006,0],[96.0507924500001,5.26433465600007,0],[96.0507548450001,5.26434577000003,0],[96.0507930800001,5.26451816500003,0],[96.0508117990001,5.26460255800004,0],[96.0507725480001,5.26460462100005,0],[96.0500613400001,5.26464199500003,0],[96.0500607420001,5.26464202600005,0],[96.0495418020001,5.26463615900008,0],[96.0495365350001,5.26463610000008,0],[96.0493972300001,5.26464432900002,0],[96.048851971,5.26464622100002,0],[96.0487102110001,5.26464398800005,0],[96.0485639710001,5.26464168500007,0],[96.048372236,5.26464577200005,0],[96.0483592950001,5.26466064800007,0],[96.048358969,5.26466102300003,0],[96.048289035,5.26475390500002,0],[96.048287477,5.26475597400002,0],[96.0482565990001,5.26479698400004,0],[96.0481964460001,5.26485608800004,0],[96.0481157660001,5.26489606400003,0],[96.0480272500001,5.26492366600007,0],[96.0480209620001,5.26492515000007,0],[96.0478901930001,5.26495602600005,0],[96.0476420530001,5.26498941100004,0],[96.047527867,5.26500477300004,0],[96.0474162040001,5.26501979600005,0],[96.0474055720001,5.26502123800003,0],[96.0472477390001,5.26504263900006,0],[96.047232347,5.26504731100005,0],[96.0471944390001,5.26505881900005,0],[96.047055931,5.26510767700006,0],[96.046622416,5.26526059700006,0],[96.046669277,5.26524876000002,0],[96.0466694510001,5.26524958100003,0],[96.0467240620001,5.26550761100003,0],[96.0467422790001,5.26557624100008,0],[96.04671275,5.26561246700004,0],[96.0466591620001,5.26564536700005,0],[96.0464835480001,5.26569403100007,0],[96.0462770840001,5.26571623600006,0],[96.046242046,5.26572733700004,0],[96.0461298060001,5.26576734800005,0],[96.0457486780001,5.26590321200007,0],[96.04559936,5.26595644000002,0],[96.045101415,5.26614804300004,0],[96.0449624220001,5.26622466800006,0],[96.0449588800001,5.26622662100004,0],[96.0449976410001,5.26634819700007,0],[96.0450112500001,5.26637612300004,0],[96.0450305960001,5.26641582000002,0],[96.0452162350001,5.26679675100007,0],[96.045345894,5.26710385800004,0],[96.0454037900001,5.26736351100004,0],[96.0454016360001,5.26750096600006,0],[96.0454005930001,5.26756750600003,0],[96.0454069410001,5.26759877200004,0],[96.045410293,5.26761528300005,0],[96.0454049560001,5.26778944500006,0],[96.045478125,5.26794940300005,0],[96.0454913250001,5.26801441900005,0],[96.045503163,5.26807273000003,0],[96.0455273730001,5.26819198300007,0],[96.0457215100001,5.26883194400006,0],[96.0457415530001,5.26889801500005,0],[96.0457530570001,5.26893635400006,0],[96.045854218,5.26927348500004,0],[96.0459329190001,5.26952108500006,0],[96.0459787180001,5.26974494400002,0],[96.0459833310001,5.27004249600003,0],[96.0459838850001,5.27007823200006,0],[96.0459852320001,5.27010786000005,0],[96.046003597,5.27014590100003,0],[96.0461582670001,5.27050296000004,0],[96.0463156850001,5.27100114800004,0],[96.0464364050001,5.27130829700008,0],[96.0465181170001,5.27156185800004,0],[96.0465668830001,5.27178271400004,0],[96.046567714,5.27195301400008,0],[96.0466202910001,5.27234415500004,0],[96.0466362650001,5.27281921400004,0],[96.04663664,5.27282363900002,0],[96.046643245,5.27290156000004,0],[96.046647486,5.27295160500006,0],[96.046761588,5.27310424600006,0],[96.0468254900001,5.27311281400006,0],[96.0468918020001,5.27312062400006,0],[96.0469859230001,5.27312204400005,0],[96.047042966,5.27311636400003,0],[96.0471271050001,5.27309080300006,0],[96.0471812960001,5.27307944300003,0],[96.0472354870001,5.27307944300003,0],[96.0472868260001,5.27308228300006,0],[96.0473208930001,5.27309190300002,0],[96.0473823730001,5.27310926400003,0],[96.0475968860001,5.27322059700003,0],[96.0476176760001,5.27323138800006,0],[96.0476847020001,5.27326120900005,0],[96.047737467,5.27326972900005,0],[96.0477987880001,5.27327114900004,0],[96.0481824030001,5.27319730700003,0],[96.0482394460001,5.27318310600003,0],[96.0482907850001,5.27316180600008,0],[96.0483392720001,5.27314334500005,0],[96.0483695250001,5.27314626000003,0],[96.0483779470001,5.27314707200003,0],[96.04838348,5.27314760500008,0],[96.04840076,5.27315792900004,0],[96.048414295,5.27318257900004,0],[96.0484276450001,5.27318386500002,0],[96.048443375,5.27321150700004,0],[96.0484467940001,5.27324176700006,0],[96.0485221980001,5.27337909400006,0],[96.048550215,5.27343011800002,0],[96.0485503990001,5.27343060400005,0],[96.048560099,5.27345627300002,0],[96.0487157580001,5.27386817900003,0],[96.0487290180001,5.27390326700004,0],[96.0487303400001,5.27390676500005,0],[96.0488253990001,5.27409666700004,0],[96.048860049,5.27416588700004,0],[96.0488685890001,5.27418294700004,0],[96.0488788380001,5.27420342300007,0],[96.0489761460001,5.27439781500004,0],[96.0490386260001,5.27455213900004,0],[96.0490901620001,5.27467943200003,0],[96.0490930780001,5.27468663300004,0],[96.0491194890001,5.27475186800007,0],[96.0493004090001,5.27518656300003,0],[96.049367031,5.27534663400007,0],[96.0493709020001,5.27535593400006,0],[96.049404972,5.27543779300004,0],[96.0494070500001,5.27544881100005,0],[96.049423936,5.27553835600003,0],[96.0495028170001,5.27595664200004,0],[96.049550588,5.27605437900007,0],[96.0496327330001,5.27622244200006,0],[96.0496381020001,5.27623342700002,0],[96.049744876,5.27644825800007,0],[96.0497367870001,5.27645049500006,0],[96.049942935,5.27684676000007,0],[96.0501780010001,5.27716607100007,0],[96.0503998360001,5.27758313300006,0],[96.0504313590001,5.27769299600004,0],[96.0504432500001,5.27776403900003,0],[96.0504527510001,5.27782079900004,0],[96.050459764,5.27794232100007,0],[96.0504598810001,5.27794434200007,0],[96.0504616570001,5.27797853600003,0],[96.0504641590001,5.27802670400007,0],[96.050447046,5.27811616600007,0],[96.0504256550001,5.27819426800005,0],[96.0503871510001,5.27827094900005,0],[96.050328682,5.27836041100005,0],[96.0502830470001,5.27844277300005,0],[96.050277807,5.27850835900006,0],[96.0502726160001,5.27857332700006,0],[96.0502901780001,5.27881760800005,0],[96.0502895160001,5.27885332400007,0],[96.050294524,5.27887804900007,0],[96.050385147,5.27913779400006,0],[96.050433754,5.27928893500007,0],[96.0504918450001,5.27946552600002,0],[96.0505476340001,5.27965885900005,0],[96.0506416900001,5.27987590600003,0],[96.050665951,5.27996111700003,0],[96.0507109930001,5.28000487500003,0],[96.0507887900001,5.28006941700005,0],[96.0508536840001,5.28012272800004,0],[96.0509662800001,5.28020520800004,0],[96.0511371710001,5.28018503500004,0],[96.0512824900001,5.28014775500003,0],[96.051314215,5.28014023300005,0],[96.0516474890001,5.28007747400005,0],[96.0520026030001,5.27994522200004,0],[96.0521374310001,5.27989791400006,0],[96.0522858670001,5.27984583100005,0],[96.0523049780001,5.27985290700002,0],[96.05240222,5.27998046300007,0],[96.052555666,5.28018174300007,0],[96.0526160430001,5.28015753300002,0],[96.052628112,5.28015305200006,0],[96.052668811,5.28013794200007,0],[96.052915048,5.28026819200005,0],[96.0533499100001,5.28045009900006,0],[96.05366775,5.28059433700003,0],[96.0538326720001,5.28067479200007,0],[96.0539331990001,5.28075245700006,0],[96.054160616,5.28117798900007,0],[96.054178832,5.28124602100007,0],[96.0542689330001,5.28138540400005,0],[96.0545776700001,5.28219414600005,0],[96.0546022670001,5.28225857700005,0],[96.054739936,5.28261643000008,0],[96.054874081,5.28298505600003,0],[96.0549279050001,5.28302064300004,0],[96.0549673890001,5.28304913100004,0],[96.0550287360001,5.28315997400006,0],[96.0550509220001,5.28319778800005,0],[96.0553021050001,5.28362591100006,0],[96.055372966,5.28373192600003,0],[96.0554426940001,5.28384989800003,0],[96.05544287,5.28388575000002,0],[96.055416741,5.28390619500004,0],[96.055344953,5.28394295400005,0],[96.055313783,5.28395891500003,0],[96.0552353410001,5.28399378700004,0],[96.0552391430001,5.28403837200005,0],[96.0552440330001,5.28405486700007,0],[96.055257941,5.28410177900003,0],[96.055281914,5.28412795300005,0],[96.0554840330001,5.28449982900003,0],[96.0554143350001,5.28452991500006,0],[96.0548622050001,5.28481015300002,0],[96.0546997230001,5.28489262200003,0],[96.0549841980001,5.28562306100002,0],[96.0549975710001,5.28565495800007,0],[96.0550080150001,5.28568511800006,0],[96.0550139710001,5.28570372000007,0],[96.0550258550001,5.28574099500003,0],[96.0550388890001,5.28578080100004,0],[96.055108712,5.28599404100004,0],[96.0551322170001,5.28606582300006,0],[96.0551625210001,5.28613209000002,0],[96.0551634380001,5.28613407900002,0],[96.055202926,5.28621965800005,0],[96.0552193570001,5.28625338000006,0],[96.0553482000001,5.28651780300004,0],[96.0553586070001,5.28653916100006,0],[96.0554346640001,5.28670719500008,0],[96.0554709100001,5.28680127100006,0],[96.0555150440001,5.28690886200008,0],[96.0555398370001,5.28696930600006,0],[96.0555903440001,5.28707284800004,0],[96.0556212610001,5.28713575700004,0],[96.0556450110001,5.28718408300006,0],[96.05567111,5.28723329700006,0],[96.055740083,5.28736335900004,0],[96.0557613760001,5.28740877300004,0],[96.0558254860001,5.28754550600007,0],[96.055828024,5.28755091900007,0],[96.0558288780001,5.28755412400005,0],[96.055835749,5.28757991100002,0],[96.055835749,5.28760831100004,0],[96.055828024,5.28762546900003,0],[96.055806633,5.28764026100004,0],[96.0555101460001,5.28779044500004,0],[96.0552950270001,5.28789941300005,0],[96.0552647230001,5.28791775400003,0],[96.0552415490001,5.28793432100002,0],[96.0552142160001,5.28795680500002,0],[96.0551821290001,5.28797988000002,0],[96.0551559850001,5.28798402200005,0],[96.055128057,5.28798165500007,0],[96.0550989420001,5.28797337200007,0],[96.055068637,5.28795917100007,0],[96.0550377390001,5.28794793000003,0],[96.0550115940001,5.28795029600008,0],[96.0549818840001,5.28796153800005,0],[96.054959899,5.28798165500007,0],[96.0549396960001,5.28800177200003,0],[96.0549129570001,5.28802603000003,0],[96.0548487840001,5.28807158900003,0],[96.0547519290001,5.28812543100003,0],[96.054364186,5.28832556700007,0],[96.0544024590001,5.28838545400004,0],[96.054482319,5.28849716100007,0],[96.0544844550001,5.28849998000004,0],[96.0548024130001,5.28891962100005,0],[96.054803662,5.28892127000006,0],[96.0548531000001,5.28895345700005,0],[96.054917748,5.28897428400006,0],[96.054976686,5.28898200600003,0],[96.0549900030001,5.28898375000006,0],[96.055048948,5.28896103000005,0],[96.055149724,5.28886068300005,0],[96.0551934570001,5.28883417700007,0],[96.055239091,5.28883039000004,0],[96.0553075430001,5.28884932300002,0],[96.0554748700001,5.28890801700004,0],[96.0555737440001,5.28894588400004,0],[96.0556288860001,5.28896292400003,0],[96.055754381,5.28898185700007,0],[96.055817129,5.28899700400007,0],[96.0558538490001,5.28901233700003,0],[96.0558601150001,5.28901495400004,0],[96.055876073,5.28902161700006,0],[96.0559145060001,5.28904673100004,0],[96.055936919,5.28906137800004,0],[96.0559767870001,5.28910107600007,0],[96.05608333,5.28920716500005,0],[96.0560965050001,5.28921675200007,0],[96.056120175,5.28923397500006,0],[96.0561327670001,5.28924313800007,0],[96.0561955150001,5.28926964500005,0],[96.0562997360001,5.28930918000003,0],[96.0563153050001,5.28931508500006,0],[96.05636094,5.28934348500007,0],[96.0563940420001,5.28938633500007,0],[96.0563989680001,5.28939271200005,0],[96.0565516630001,5.28960522900007,0],[96.0565599280001,5.28961673200007,0],[96.056566295,5.28962559300004,0],[96.056621437,5.28965399300006,0],[96.0566708740001,5.28967103300005,0],[96.056689884,5.28967135400006,0],[96.0567830590001,5.28967292700003,0],[96.0568317330001,5.28967771400005,0],[96.0568851740001,5.28968296900007,0],[96.0569370750001,5.28968807400003,0],[96.0570229310001,5.28971231700007,0],[96.0570280370001,5.28971375900005,0],[96.057270896,5.28978963500003,0],[96.0574028030001,5.28994434600003,0],[96.057501894,5.29009324400005,0],[96.0576277520001,5.29023005900007,0],[96.057747825,5.29040275600005,0],[96.057784326,5.29055196300004,0],[96.0577996540001,5.29063853200006,0],[96.0578121200001,5.29074901700005,0],[96.0578254310001,5.29076741400007,0],[96.05785547,5.29080893000003,0],[96.0579277240001,5.29080893000003,0],[96.0580905410001,5.29076704200003,0],[96.0580940130001,5.29076614800005,0],[96.0582436560001,5.29071889200003,0],[96.0584227190001,5.29066234500004,0],[96.0584913150001,5.29067096900008,0],[96.058554083,5.29070651200004,0],[96.0586081880001,5.29079886500006,0],[96.0586355560001,5.29090927600004,0],[96.0586692080001,5.29108538700007,0],[96.0587317490001,5.29122406000005,0],[96.058756599,5.29127915900006,0],[96.0588175970001,5.29137503700002,0],[96.0589256950001,5.29139810200007,0],[96.058950698,5.29140343700004,0],[96.0590540920001,5.29142047800002,0],[96.0592264060001,5.29144887700005,0],[96.059264758,5.29146068100005,0],[96.0592720670001,5.29146293100007,0],[96.0594432980001,5.29151478500006,0],[96.0595838240001,5.29160372300004,0],[96.0596558120001,5.29169598700003,0],[96.05970899,5.29184709700007,0],[96.059731384,5.29191073100003,0],[96.0599524580001,5.29201421000005,0],[96.0603851060001,5.29210767900003,0],[96.0606175880001,5.29210653000007,0],[96.0608177930001,5.29213705200004,0],[96.0608263880001,5.29213836200006,0],[96.0610815970001,5.29225481200007,0],[96.0613681150001,5.29259280800005,0],[96.06158715,5.29288751000007,0],[96.061692469,5.29309015500007,0],[96.0617537630001,5.29321890800003,0],[96.0618400450001,5.29340015000002,0],[96.0619302410001,5.29355805300003,0],[96.062139835,5.29375121900006,0],[96.0624593850001,5.29387811000004,0],[96.06277873,5.29396317400006,0],[96.0629996280001,5.29403079900004,0],[96.0631279190001,5.29408454200006,0],[96.0631758480001,5.29410462000004,0],[96.0633639260001,5.29421750900002,0],[96.0633950710001,5.29424852100004,0],[96.063487766,5.29438105400004,0],[96.063537679,5.29450175400007,0],[96.0635441580001,5.29454235900005,0],[96.06356363,5.29466439400005,0],[96.0635780850001,5.29475498600004,0],[96.0635871700001,5.29483158400006,0],[96.063615009,5.29520119500006,0],[96.063626087,5.29534827500004,0],[96.0637854550001,5.29563132000004,0],[96.0639625590001,5.29588440000003,0],[96.064074223,5.29616469300004,0],[96.0641641020001,5.29663608400006,0],[96.0641528300001,5.29691108200007,0],[96.0641470310001,5.29705254800007,0],[96.0641437620001,5.29713228700007,0],[96.064178607,5.29711187600003,0],[96.0643239600001,5.29702673000003,0],[96.0643333120001,5.29702125200004,0],[96.0645496010001,5.29691475300007,0],[96.0647635120001,5.29683192000005,0],[96.0647834580001,5.29682616500003,0],[96.0650040180001,5.29676252600007,0],[96.065081745,5.29674009900003,0],[96.065181829,5.29671122100007,0],[96.0653150270001,5.29666643700006,0],[96.065472603,5.29661345700003,0],[96.065547855,5.29658815600004,0],[96.0656347140001,5.29654651400006,0],[96.0658045500001,5.29646509000003,0],[96.0664282430001,5.29605175500006,0],[96.066435776,5.29604676300005,0],[96.066522342,5.29598939300007,0],[96.0671935130001,5.29541625700006,0],[96.067197116,5.29541318100007,0],[96.0674528320001,5.29519481700004,0],[96.067576224,5.29508944700007,0],[96.068024478,5.29470666700007,0],[96.0684285340001,5.29437296800006,0],[96.0687422710001,5.29414103600004,0],[96.068771262,5.29412186100006,0],[96.0690678920001,5.29392567000002,0],[96.069500469,5.29367007100007,0],[96.069714381,5.29355765400004,0],[96.0698523400001,5.29349133700003,0],[96.0698866990001,5.29347482100007,0],[96.0699045900001,5.29346845900005,0],[96.070024232,5.29342591200003,0],[96.0700285930001,5.29342443500002,0],[96.0701683200001,5.29337713300004,0],[96.0704333620001,5.29330323800002,0],[96.070531626,5.29330090300004,0],[96.07111352,5.29328707300004,0],[96.0721543920001,5.29345719700007,0],[96.072782675,5.29376637500008,0],[96.0731485900001,5.29394644200005,0],[96.0737045610001,5.29403868800006,0],[96.073839412,5.29406106200003,0],[96.0742371380001,5.29402022500005,0],[96.0746240940001,5.29375076400004,0],[96.0749884470001,5.29345952100005,0],[96.0749979940001,5.29345024800006,0],[96.0753721830001,5.29308685000007,0],[96.0756985510001,5.29270920400006,0],[96.076231314,5.29208774800003,0],[96.0766814070001,5.29190223100005,0],[96.077466643,5.29158835400006,0],[96.0780301030001,5.29149174700007,0],[96.0782144080001,5.29102510000007,0],[96.0782675510001,5.29086042700004,0],[96.0784462080001,5.29030682200005,0],[96.0790614860001,5.29006178800006,0],[96.079271464,5.28999171200007,0],[96.0799907850001,5.28995984000005,0],[96.0804462870001,5.29007446300005,0],[96.0806133280001,5.29011649700004,0],[96.0807151970001,5.29022354700004,0],[96.080971967,5.29024137700003,0],[96.0811682280001,5.29022129300006,0],[96.081388399,5.29014251800004,0],[96.0816501770001,5.29003963400004,0],[96.0818344630001,5.28993713600005,0],[96.0819903390001,5.28982676300006,0],[96.0821118570001,5.28974071800008,0],[96.0822915910001,5.28955841400006,0],[96.0823983220001,5.28920294700004,0],[96.0827711920001,5.28889331400006,0],[96.0831920100001,5.28854386400008,0],[96.084027076,5.28803813300004,0],[96.0843193890001,5.28774603700003,0],[96.084840436,5.28724015100005,0],[96.0852701540001,5.28699570100002,0],[96.0855213,5.28675038200004,0],[96.08585909,5.28700077500002,0],[96.085949177,5.28708828400005,0],[96.0859991790001,5.28717025500004,0],[96.0860739980001,5.28725592700005,0],[96.0861373990001,5.28734739300006,0],[96.0861676680001,5.28739586700004,0],[96.0861873920001,5.28742745200003,0],[96.0862654570001,5.28739838200005,0],[96.086446213,5.28730570000005,0],[96.086560417,5.28720074700004,0],[96.0865696400001,5.28719227100004,0],[96.08666064,5.28707900400002,0],[96.086833358,5.28690414200003,0],[96.0869245480001,5.28682911600004,0],[96.0870141520001,5.28681910900002,0],[96.0872218870001,5.28678174400005,0],[96.0873044670001,5.28677028800007,0],[96.0873076670001,5.28676984400005,0],[96.087452801,5.28668676100006,0],[96.0875435310001,5.28663482200005,0],[96.087703133,5.28658060800007,0],[96.0877162470001,5.28657615300006,0],[96.0877263450001,5.28657272300006,0],[96.087739959,5.28656499200002,0],[96.087821454,5.28651871100004,0],[96.0879062340001,5.28649448400006,0],[96.0880938440001,5.28644086900005,0],[96.0882356110001,5.28639509500005,0],[96.0882360090001,5.28639496600005,0],[96.088282765,5.28637986900003,0],[96.0884822670001,5.28629743800008,0],[96.088648133,5.28627940300004,0],[96.088945869,5.28631233700003,0],[96.0891273450001,5.28636497100007,0],[96.0892591410001,5.28640064400003,0],[96.0894538490001,5.28645536000005,0],[96.0894597110001,5.28645700700002,0],[96.0894628190001,5.28645808900006,0],[96.0895571630001,5.28649093900003,0],[96.0897614240001,5.28652242700002,0],[96.0899250210001,5.28651240200003,0],[96.0903270200001,5.28638597500003,0],[96.0904857020001,5.28632671900004,0],[96.0906060710001,5.28627750100003,0],[96.0907450930001,5.28621646900007,0],[96.0911968950001,5.28603174300002,0],[96.0912432920001,5.28601222000003,0],[96.09145528,5.28591573300002,0],[96.091664409,5.28581317000004,0],[96.091739934,5.28577339000003,0],[96.0918705060001,5.28570461500004,0],[96.0920141140001,5.28562360300003,0],[96.0920734010001,5.28559015800005,0],[96.0921384220001,5.28555985500003,0],[96.0923639440001,5.28545475000004,0],[96.092411477,5.28543360100002,0],[96.092656801,5.28532444700005,0],[96.0928598130001,5.28523834200007,0],[96.0929281800001,5.28520934500006,0],[96.0929518840001,5.28519929100003,0],[96.0930627450001,5.28515454200004,0],[96.0932491020001,5.28507931900003,0],[96.093352473,5.28502150900005,0],[96.0934587520001,5.28496926400004,0],[96.093567641,5.28492273100005,0],[96.0936788340001,5.28488204100006,0],[96.0937920200001,5.28484730800005,0],[96.0939068820001,5.28481862900003,0],[96.0940230960001,5.28479608500004,0],[96.094120241,5.28481232500008,0],[96.0942161710001,5.28483467200004,0],[96.0943105050001,5.28486303700004,0],[96.094402867,5.28489730800004,0],[96.0944928900001,5.28493734700004,0],[96.0945802160001,5.28498299600005,0],[96.0946644970001,5.28503407300008,0],[96.0947453970001,5.28509037400005,0],[96.0948225960001,5.28515167700004,0],[96.0948957850001,5.28521773600005,0],[96.0949246660001,5.28524731500005,0],[96.0949271300001,5.28524983800003,0],[96.094964674,5.28528828900005,0],[96.0950289890001,5.28536305600005,0],[96.0950380680001,5.28537506500004,0],[96.095088473,5.28544173800003,0],[96.095130022,5.28549122300007,0],[96.0951762540001,5.28553634200006,0],[96.095226714,5.28557665300002,0],[96.0952809070001,5.28561175800007,0],[96.0953383010001,5.28564131400003,0],[96.0953983310001,5.28566503000008,0],[96.0954604080001,5.28568267200006,0],[96.0955239230001,5.28569406900004,0],[96.095588251,5.28569910700003,0],[96.0956527610001,5.28569773700002,0],[96.0957168190001,5.28568997400004,0],[96.0957596390001,5.28568039900006,0],[96.0957797950001,5.28567589200003,0],[96.095841072,5.28565563000006,0],[96.09589893,5.28563823300004,0],[96.0959584030001,5.28562763900004,0],[96.0960186990001,5.28562399000003,0],[96.0960790110001,5.28562733300004,0],[96.0961385370001,5.28563762600004,0],[96.0961389490001,5.28563774800006,0],[96.0961964830001,5.28565473000003,0],[96.0962520740001,5.28567841700004,0],[96.096304569,5.28570837200004,0],[96.0963532690001,5.28574419400007,0],[96.096390656,5.28577901000006,0],[96.0963975240001,5.28578540600006,0],[96.0963985280001,5.28578658500004,0],[96.0964367430001,5.28583145800008,0],[96.096488665,5.28606042400003,0],[96.0965010360001,5.28611497700007,0],[96.096514707,5.28613953900003,0],[96.096591469,5.28627745700004,0],[96.096642983,5.28637001000004,0],[96.096676662,5.28639301900006,0],[96.0968583100001,5.28651712000004,0],[96.0970223140001,5.28651093900004,0],[96.097077632,5.28650885400003,0],[96.0971887440001,5.28649551000007,0],[96.097368353,5.28647394000006,0],[96.097627662,5.28635552800006,0],[96.097832108,5.28623261100006,0],[96.0978669570001,5.28604839900004,0],[96.0978658640001,5.28582851400006,0],[96.097815187,5.28570687200005,0],[96.097729997,5.28526982400007,0],[96.0977295480001,5.28526752000005,0],[96.0977306360001,5.28525866300004,0],[96.097749686,5.28510359000006,0],[96.0977639220001,5.28498770600004,0],[96.0978384730001,5.28463598700006,0],[96.098001491,5.28428726000004,0],[96.098015419,5.28425746600004,0],[96.0981386550001,5.28410627400007,0],[96.0982145610001,5.28402702100004,0],[96.0984339770001,5.28403787500002,0],[96.0985894090001,5.28412792200004,0],[96.0987211650001,5.28425154900003,0],[96.0987817060001,5.28431163400006,0],[96.098839651,5.28436914100007,0],[96.0988529560001,5.28438234600003,0],[96.0989413180001,5.28441058600004,0],[96.0990793590001,5.28435970400005,0],[96.0991958340001,5.28428741800008,0],[96.0993360320001,5.28419111300008,0],[96.0994426490001,5.28405434500007,0],[96.099454548,5.28403974500003,0],[96.099538055,5.28393728700007,0],[96.099751799,5.28384464900006,0],[96.099970393,5.28375287200004,0],[96.1000701620001,5.28371181000006,0],[96.100133224,5.28368585700002,0],[96.100150936,5.28367856700004,0],[96.1004694220001,5.28355433900003,0],[96.1006580530001,5.28347714100005,0],[96.1006778570001,5.28347984400006,0],[96.100730861,5.28348707800006,0],[96.1015874730001,5.28322191100006,0],[96.1019442190001,5.28311748500005,0],[96.102205703,5.28304094400005,0],[96.1024563080001,5.28296758700003,0],[96.102672613,5.28291501400003,0],[96.103537138,5.28270489100004,0],[96.1040132640001,5.28258916900006,0],[96.104466459,5.28262275200007,0],[96.1049163740001,5.28270292700006,0],[96.104955686,5.28270993200005,0],[96.105039285,5.28273938900003,0],[96.105118539,5.28282530400003,0],[96.1052192160001,5.28302169300002,0],[96.105287338,5.28347310000004,0],[96.1053195540001,5.28395693200002,0],[96.1052849820001,5.28411462600008,0],[96.1052670980001,5.28419620400007,0],[96.105242273,5.28434035300006,0],[96.1058932620001,5.28426487400003,0],[96.105912522,5.28430182400007,0],[96.1059176900001,5.28438186600005,0],[96.105894198,5.28445249100002,0],[96.1058611810001,5.28452555400003,0],[96.105823419,5.28460342100004,0],[96.1058153070001,5.28465006900007,0],[96.1058154620001,5.28468113900004,0],[96.1058259960001,5.28470716100003,0],[96.105826285,5.28470890300002,0],[96.1058302440001,5.28472603000006,0],[96.1058350910001,5.28474306100003,0],[96.105840705,5.28475995300005,0],[96.1058468890001,5.28477627900003,0],[96.105853605,5.28479204400003,0],[96.1058595260001,5.28480462600004,0],[96.1058702730001,5.28482495200006,0],[96.1058805100001,5.28484192700006,0],[96.1058862500001,5.28485057500006,0],[96.1058956800001,5.28486357600002,0],[96.1059057590001,5.28487606700003,0],[96.1059137330001,5.28488504800004,0],[96.105922068,5.28489370200003,0],[96.1059276300001,5.28489910300004,0],[96.10593995,5.28491022700007,0],[96.105952728,5.28492088900003,0],[96.105965842,5.28493120100006,0],[96.1059792040001,5.28494123800004,0],[96.1060064500001,5.28496063000006,0],[96.1060342540001,5.28497905900002,0],[96.1060483850001,5.28498777600004,0],[96.106062717,5.28499601500005,0],[96.106074812,5.28500237800006,0],[96.1060871220001,5.28500819400006,0],[96.1061024190001,5.28501436500005,0],[96.1061193070001,5.28501981500006,0],[96.1061328010001,5.28502320500007,0],[96.1061464810001,5.28502585900003,0],[96.1061574590001,5.28502746600003,0],[96.1061740590001,5.28502915600006,0],[96.1061907820001,5.28503012000004,0],[96.10620092,5.28503039800006,0],[96.106218283,5.28503041900007,0],[96.1062356840001,5.28502996500004,0],[96.1062507240001,5.28502925200007,0],[96.1062808120001,5.28502715100007,0],[96.1063258790001,5.28502273800007,0],[96.106399589,5.28501380500006,0],[96.1064165340001,5.28501213900006,0],[96.1064484400001,5.28501001300003,0],[96.106477467,5.28500924100007,0],[96.1065064540001,5.28500952600007,0],[96.1065240360001,5.28501018800006,0],[96.1065591860001,5.28501228400006,0],[96.106611888,5.28501644900007,0],[96.1066377670001,5.28501876000007,0],[96.106664563,5.28502115300006,0],[96.10671718,5.28502634700004,0],[96.1067521750001,5.28503038900004,0],[96.1067863520001,5.28503526500003,0],[96.106819719,5.28504093900006,0],[96.106869642,5.28505031800006,0],[96.1069194630001,5.28506029100004,0],[96.1069691000001,5.28507105600005,0],[96.1070022920001,5.28507923100005,0],[96.1070196800001,5.28508400900006,0],[96.107047514,5.28509239700003,0],[96.1070776330001,5.28510246700006,0],[96.1070925770001,5.28510784500003,0],[96.1071222090001,5.28511928100005,0],[96.107152661,5.28513195100004,0],[96.1071827870001,5.28514536500006,0],[96.107214346,5.28516059800006,0],[96.107231293,5.28516937300003,0],[96.1072581060001,5.28518434900008,0],[96.1072712490001,5.28519228200003,0],[96.1072880040001,5.28520303400006,0],[96.107319427,5.28522401700008,0],[96.1073415720001,5.28523817400003,0],[96.107353538,5.28524530300007,0],[96.107365685,5.28525208100007,0],[96.1073850750001,5.28526186500005,0],[96.107400484,5.28526879000003,0],[96.107416501,5.28527522500002,0],[96.107432751,5.28528098400005,0],[96.1074438680001,5.28528446600006,0],[96.1074550880001,5.28528757600003,0],[96.1074672060001,5.28529045600004,0],[96.1074832890001,5.28529356700005,0],[96.1074995160001,5.28529594000003,0],[96.1075160500001,5.28529761500005,0],[96.1075326740001,5.28529870600005,0],[96.1075493600001,5.28529936000007,0],[96.107582848,5.28529973600007,0],[96.107612664,5.28529932400005,0],[96.1076515540001,5.28529800700005,0],[96.1077036300001,5.28529542800004,0],[96.107807682,5.28528949500003,0],[96.107859638,5.28528604600007,0],[96.1078950850001,5.28528312200007,0],[96.107922204,5.28528042700003,0],[96.107992354,5.28527226800003,0],[96.1081675950001,5.28525029800005,0],[96.1082025410001,5.28524545200003,0],[96.1082358340001,5.28524014600004,0],[96.1082644350001,5.28523456000005,0],[96.1082849080001,5.28522964200005,0],[96.1083088670001,5.28522270700006,0],[96.10833259,5.28521441700002,0],[96.108357492,5.28520438200007,0],[96.108429464,5.28517331100005,0],[96.1084931760001,5.28514628300007,0],[96.108620982,5.28509310600003,0],[96.1086530440001,5.28508011900004,0],[96.1086852330001,5.28506747700004,0],[96.1087014060001,5.28506137000005,0],[96.1087341990001,5.28504960000004,0],[96.1087671650001,5.28503830200003,0],[96.108833319,5.28501630300002,0],[96.1090485890001,5.28494555100002,0],[96.109114913,5.28492407800007,0],[96.1091481720001,5.28491366300005,0],[96.1091811100001,5.28490383400003,0],[96.109278992,5.28487625900004,0],[96.109311512,5.28486676500006,0],[96.1093438020001,5.28485658200003,0],[96.1093772930001,5.28484479600007,0],[96.1094105290001,5.28483224600006,0],[96.1094766840001,5.28480618300006,0],[96.1097573500001,5.28469392600005,0],[96.109823239,5.28466716500003,0],[96.1098726820001,5.28464627400007,0],[96.1099549400001,5.28461037000005,0],[96.110415017,5.28440793500005,0],[96.1104642270001,5.28438606500004,0],[96.110513186,5.28436365800007,0],[96.1105614400001,5.28434037800002,0],[96.1106254050001,5.28430854500004,0],[96.110689139,5.28427626500007,0],[96.110736611,5.28425147200005,0],[96.1107678720001,5.28423425800003,0],[96.1107827060001,5.28422568200006,0],[96.1108403040001,5.28419146500005,0],[96.1108666280001,5.28417614400007,0],[96.110894332,5.28416068500007,0],[96.1109185460001,5.28414788800006,0],[96.1109480950001,5.28413308400008,0],[96.110977867,5.28411870800005,0],[96.1110227340001,5.28409754900002,0],[96.1110827580001,5.28406974300003,0],[96.1111251890001,5.28405052100004,0],[96.1111723560001,5.28402984800005,0],[96.11123267,5.28400424000006,0],[96.1113135800001,5.28397059000002,0],[96.1114107650001,5.28393043400007,0],[96.111475683,5.28390398600004,0],[96.111540689,5.28387843500008,0],[96.1115896540001,5.28385985700004,0],[96.1116206620001,5.28384860400007,0],[96.11164296,5.28384092500005,0],[96.1116735880001,5.28383100800005,0],[96.1117440130001,5.28380905700004,0],[96.1118116690001,5.28378699800004,0],[96.112233421,5.28364556400004,0],[96.1123515140001,5.28360520700005,0],[96.112705717,5.28348297900004,0],[96.1127901680001,5.28345423200005,0],[96.1128583350001,5.28343206600005,0],[96.1130637830001,5.28336744100005,0],[96.1131386790001,5.28334355100003,0],[96.113661655,5.28317165300007,0],[96.113791823,5.28312824500006,0],[96.1143709510001,5.28293381500004,0],[96.1146904610001,5.28282501500007,0],[96.1148254140001,5.28277947700008,0],[96.114960389,5.28273538700006,0],[96.1151461810001,5.28267566600005,0],[96.1152650550001,5.28263879500003,0],[96.1160419700001,5.28239987200004,0],[96.116124718,5.28237479400002,0],[96.116310721,5.28231920300004,0],[96.1163957110001,5.28229336300006,0],[96.117265305,5.28202484000008,0],[96.1173810540001,5.28198965100006,0],[96.1176304470001,5.28191677500007,0],[96.1176808320001,5.28190229500007,0],[96.1177313430001,5.28188828200007,0],[96.117797566,5.28187126800003,0],[96.1178640160001,5.28185515200005,0],[96.117914,5.28184373100004,0],[96.1179884470001,5.28182770300003,0],[96.1180247780001,5.28181921900006,0],[96.1180704130001,5.28180750300004,0],[96.1181202830001,5.28179371600004,0],[96.1183026420001,5.28174122400003,0],[96.1184016280001,5.28171198000007,0],[96.1184987890001,5.28168166900002,0],[96.118651088,5.28163222800003,0],[96.1187103520001,5.28161384200007,0],[96.1187530230001,5.28160128100006,0],[96.1188188890001,5.28158247100004,0],[96.118913085,5.28155658600002,0],[96.119060366,5.28151781900004,0],[96.1191110220001,5.28150520500003,0],[96.1191337180001,5.28149955400005,0],[96.1191695940001,5.28149120700004,0],[96.1192086180001,5.28148258200002,0],[96.1193300320001,5.28145732200005,0],[96.119347555,5.28145327700003,0],[96.1193824810001,5.28144465400004,0],[96.119469479,5.28142167100003,0],[96.12046001,5.28115396400005,0],[96.1205643750001,5.28112617200003,0],[96.1206161470001,5.28111310500003,0],[96.120667741,5.28110056200006,0],[96.1210292660001,5.28101420400003,0],[96.1211152330001,5.28099321000008,0],[96.12118465,5.28097506600005,0],[96.1213932380001,5.28091807400006,0],[96.1214622460001,5.28089976300004,0],[96.121563124,5.28087426300004,0],[96.121832381,5.28080725000007,0],[96.121882977,5.28079516400004,0],[96.1219331090001,5.28078386400006,0],[96.1221843120001,5.28072970500006,0],[96.1222876180001,5.28070715400003,0],[96.12293243,5.28056489800002,0],[96.1233634020001,5.28046910000006,0],[96.123468136,5.28044675800004,0],[96.1240456450001,5.28032575600002,0],[96.1242360630001,5.28028638500007,0],[96.1244086170001,5.28025151600002,0],[96.125459425,5.28004101600004,0],[96.125547026,5.28002365800006,0],[96.1255995560001,5.28001367900004,0],[96.1257218650001,5.27999180600006,0],[96.125832985,5.27997236900006,0],[96.125949167,5.27995204600006,0],[96.126018726,5.27994061700002,0],[96.1262271080001,5.27990763200006,0],[96.1263144870001,5.27989308600007,0],[96.126826147,5.27980210600003,0],[96.1269320810001,5.27978372100006,0],[96.127038756,5.27976676000003,0],[96.12787496,5.27963743300006,0],[96.127963934,5.27962379400003,0],[96.1280173680001,5.27961595800002,0],[96.128086077,5.27960669300006,0],[96.1283095840001,5.27957801400004,0],[96.1283965550001,5.27956646000007,0],[96.1288566950001,5.27950238300002,0],[96.129122264,5.27946468300007,0],[96.129157637,5.27945997300003,0],[96.1291929210001,5.27945592300006,0],[96.1292105000001,5.27945435400005,0],[96.1292280150001,5.27945326800005,0],[96.1292454380001,5.27945285000004,0],[96.1292627350001,5.27945335100003,0],[96.1292766340001,5.27945465200003,0],[96.1292913710001,5.27945710100005,0],[96.1293059640001,5.27946045600004,0],[96.1293219140001,5.27946492200005,0],[96.1293610480001,5.27947698300005,0],[96.1293704860001,5.27947945000005,0],[96.1293861680001,5.27948275100005,0],[96.1294020230001,5.27948504900007,0],[96.12941412,5.27948606700005,0],[96.1294294340001,5.27948641800003,0],[96.1294447960001,5.27948583000006,0],[96.129458135,5.27948464000002,0],[96.129474944,5.27948235200006,0],[96.12949174,5.27947939200004,0],[96.129508527,5.27947595000006,0],[96.129542079,5.27946817100008,0],[96.129626015,5.27944720700003,0],[96.1296773620001,5.27943511900003,0],[96.1297631450001,5.27941607300005,0],[96.129831901,5.27940164400007,0],[96.1298664550001,5.27939494600002,0],[96.1299185340001,5.27938556700008,0],[96.1301793580001,5.27934106500004,0],[96.130400814,5.27930460200002,0],[96.130451893,5.27929666600005,0],[96.1304865340001,5.27929172700004,0],[96.130539389,5.27928496000004,0],[96.130592328,5.27927894100003,0],[96.1306276720001,5.27927551800002,0],[96.1307021260001,5.27926961100007,0],[96.130744383,5.27926555700003,0],[96.1307639120001,5.27926333700003,0],[96.1307968940001,5.27925908100002,0],[96.130844187,5.27925215500005,0],[96.130914493,5.27924103300006,0],[96.1312034640001,5.27919439100003,0],[96.1313712840001,5.27916730300007,0],[96.131476648,5.27915001300005,0],[96.13151171,5.27914391600007,0],[96.1315457370001,5.27913758600005,0],[96.131661148,5.27911433000003,0],[96.1316941520001,5.27910795000003,0],[96.13172724,5.27910216900005,0],[96.131743837,5.27909965900005,0],[96.1317607490001,5.27909745100004,0],[96.1317946830001,5.27909381800004,0],[96.1318457340001,5.27908944900003,0],[96.1319309560001,5.27908330300005,0],[96.131965059,5.27908116300006,0],[96.1319991670001,5.27907940600005,0],[96.1320332880001,5.27907835700006,0],[96.132057612,5.27907824000005,0],[96.132208248,5.27908032500005,0],[96.132237903,5.27908040800003,0],[96.1322685050001,5.27908010900006,0],[96.132315814,5.27907887000003,0],[96.132347333,5.27907757000003,0],[96.132378821,5.27907577300005,0],[96.1324025900001,5.27907395800003,0],[96.1324369320001,5.27907073100005,0],[96.1324873630001,5.27906524700006,0],[96.132655324,5.27904537200004,0],[96.1333394280001,5.27895974600006,0],[96.1333744630001,5.27895506600004,0],[96.1334094320001,5.27894999000006,0],[96.1334268740001,5.27894720200004,0],[96.133461358,5.27894104500007,0],[96.1335300980001,5.27892736000007,0],[96.1337703280001,5.27887727500007,0],[96.133821917,5.27886716600005,0],[96.1338557810001,5.27886115900003,0],[96.1339224760001,5.27885075300003,0],[96.133972607,5.27884363000004,0],[96.1340060730001,5.27883921800003,0],[96.1340551370001,5.27883337300005,0],[96.1342030160001,5.27881694900003,0],[96.1343381660001,5.27880111100006,0],[96.1344225490001,5.27879067800006,0],[96.1344732470001,5.27878340900003,0],[96.1345009680001,5.27877865600004,0],[96.134533424,5.27877204000004,0],[96.13455774,5.27876640300002,0],[96.134612626,5.27875269200007,0],[96.1346442330001,5.27874541900007,0],[96.1346771060001,5.27873874000005,0],[96.1347266230001,5.27872959700005,0],[96.1349087620001,5.27869835400003,0],[96.135022812,5.27867940700003,0],[96.1351041620001,5.27866662500003,0],[96.1352450900001,5.27864592200007,0],[96.135315603,5.27863595400004,0],[96.1353685620001,5.27862909800007,0],[96.135420137,5.27862344200003,0],[96.135575063,5.27860808100007,0],[96.135697941,5.27859417100007,0],[96.1361368340001,5.27854245600003,0],[96.136825958,5.27845964600004,0],[96.1369319090001,5.27844641100006,0],[96.1369636190001,5.27844199400005,0],[96.1369911690001,5.27843777800007,0],[96.1370104840001,5.27843482200007,0],[96.137217918,5.27840037500005,0],[96.137248002,5.27839566200004,0],[96.1372834650001,5.27839052800005,0],[96.1373900440001,5.27837639400002,0],[96.1376770910001,5.27833948800003,0],[96.138038829,5.27829298000006,0],[96.1380903570001,5.27828618900003,0],[96.13814182,5.27827894800004,0],[96.138194608,5.27827066500004,0],[96.1382473260001,5.27826191200006,0],[96.1385634710001,5.27820819200002,0],[96.1386219780001,5.27819893400005,0],[96.1386689990001,5.27819255000003,0],[96.1386888470001,5.27819035900006,0],[96.1387242960001,5.27818739100007,0],[96.138759823,5.27818518700008,0],[96.1387953870001,5.27818336800004,0],[96.1394359380001,5.27815457500003,0],[96.1395071150001,5.27815158100003,0],[96.1395506300001,5.27815009700004,0],[96.1396020560001,5.27814886800007,0],[96.1397392220001,5.27814683600008,0],[96.1398210680001,5.27814661400004,0],[96.139942675,5.27814764800007,0],[96.1399741220001,5.27814719000003,0],[96.140007116,5.27814591500004,0],[96.1400435560001,5.27814372500006,0],[96.140079282,5.27814083200008,0],[96.1401328270001,5.27813574500004,0],[96.1404178640001,5.27810639700004,0],[96.140801878,5.27806445800007,0],[96.1408537040001,5.27805833900004,0],[96.1409383660001,5.27804758000002,0],[96.1410398940001,5.27803419200006,0],[96.1410905640001,5.27802699300003,0],[96.1411242330001,5.27802160200002,0],[96.141141008,5.27801858500004,0],[96.1411731520001,5.27801202200004,0],[96.141205174,5.27800480400003,0],[96.1413177850001,5.27797814000007,0],[96.1413680460001,5.27796671200002,0],[96.141468731,5.27794449900006,0],[96.1415360400001,5.27793045500005,0],[96.1415863330001,5.27792114500005,0],[96.1416366270001,5.27791277000006,0],[96.141703921,5.27790228900005,0],[96.1418047930001,5.27788721700006,0],[96.1418315370001,5.27788292000002,0],[96.1418540990001,5.27787847700006,0],[96.1418663520001,5.27787537700004,0],[96.141874966,5.27787277400006,0],[96.1418833770001,5.27786979400003,0],[96.1418942610001,5.27786513100006,0],[96.1419047310001,5.27785966200003,0],[96.141914651,5.27785344800003,0],[96.1419239420001,5.27784649600005,0],[96.1419330200001,5.27783828300005,0],[96.1419411680001,5.27782923800004,0],[96.141948009,5.27781980200007,0],[96.1419538750001,5.27780971900006,0],[96.1419584970001,5.27779984700004,0],[96.1419625340001,5.27778966000005,0],[96.141972041,5.27776324500007,0],[96.1419783220001,5.27774851300006,0],[96.1419860330001,5.27773464000006,0],[96.141987628,5.27773226100004,0],[96.1419899460001,5.27772905000006,0],[96.1419995110001,5.27771798200007,0],[96.142010429,5.27770787100008,0],[96.142022373,5.27769849200007,0],[96.14203509,5.27768967100008,0],[96.1420483860001,5.27768127500002,0],[96.1420621110001,5.27767320900006,0],[96.1420904440001,5.27765782600005,0],[96.142104922,5.27765045700005,0],[96.1421311860001,5.27763784600006,0],[96.1421546880001,5.27762743300002,0],[96.1421696500001,5.27762128000006,0],[96.1421847280001,5.27761546300007,0],[96.1422123360001,5.27760590700007,0],[96.14222483,5.27760210900004,0],[96.142245485,5.27759667300006,0],[96.1422591690001,5.27759373700007,0],[96.1422729450001,5.27759133200004,0],[96.1422942940001,5.27758873300007,0],[96.1423082960001,5.27758775500007,0],[96.1423223520001,5.27758718800004,0],[96.1423794010001,5.27758650500004,0],[96.1424099540001,5.27758564400006,0],[96.1424402370001,5.27758363300006,0],[96.142455226,5.27758207700003,0],[96.1424701490001,5.27758010200006,0],[96.1424885150001,5.27757701300004,0],[96.142501785,5.27757431900005,0],[96.1425149670001,5.27757124500005,0],[96.1425274650001,5.27756793500004,0],[96.1425497050001,5.27756105000003,0],[96.142559469,5.27755759300004,0],[96.1425728950001,5.27755237300005,0],[96.142586656,5.27754650800006,0],[96.1426002740001,5.27754025300004,0],[96.14262095,5.27753001700006,0],[96.142636506,5.27752187600004,0],[96.1426674160001,5.27750502100002,0],[96.1427135540001,5.27747901200007,0],[96.142759304,5.27745233800005,0],[96.1427620220001,5.27745063900005,0],[96.142789055,5.27743374400006,0],[96.1428034240001,5.27742395200005,0],[96.142817237,5.27741364000002,0],[96.1428302570001,5.27740260200005,0],[96.1428426590001,5.27739011200003,0],[96.1428510810001,5.27738000500005,0],[96.142859537,5.27736785500002,0],[96.142866805,5.27735497600003,0],[96.1428699190001,5.27734838300006,0],[96.142875497,5.27733411900005,0],[96.142879952,5.27731935800006,0],[96.142881522,5.27731302400002,0],[96.1428847070001,5.27729707300006,0],[96.1428869490001,5.27728089500005,0],[96.142887998,5.27726902900002,0],[96.1428886,5.27725455800004,0],[96.1428884200001,5.27724009800005,0],[96.1428872640001,5.27722478800007,0],[96.142885199,5.27721075500006,0],[96.1428819000001,5.27719587700005,0],[96.142877469,5.27718130300002,0],[96.1428752830001,5.27717536700004,0],[96.1428688550001,5.27716057300006,0],[96.1428613450001,5.27714621100006,0],[96.1428551860001,5.27713588100005,0],[96.142847133,5.27712372500002,0],[96.142838533,5.27711186300007,0],[96.142829508,5.27710024700002,0],[96.1428201470001,5.27708883700006,0],[96.1428085800001,5.27707540700004,0],[96.14279673,5.27706218300006,0],[96.1427790990001,5.27704320000004,0],[96.1427439170001,5.27700676800004,0],[96.1426491730001,5.27691106800006,0],[96.1426000700001,5.27686297700006,0],[96.1425507850001,5.27681642800007,0],[96.1425362020001,5.27680265500004,0],[96.1424973790001,5.27676697500004,0],[96.142460369,5.27673362000007,0],[96.1424597760001,5.27673306100007,0],[96.1424568090001,5.27669810100002,0],[96.14254235,5.27664030800003,0],[96.142670378,5.27657281400008,0],[96.1429133820001,5.27644470700005,0],[96.1431282720001,5.27633142100007,0],[96.1431569690001,5.27634848400004,0],[96.1431799730001,5.27637131100005,0],[96.143195318,5.27638844200004,0],[96.143225951,5.27641123100005,0],[96.1432424240001,5.27641773900007,0],[96.1432443530001,5.27641890100006,0],[96.143256733,5.27642517600003,0],[96.1432741500001,5.27643250100004,0],[96.143290688,5.27643820900005,0],[96.143307657,5.27644312600006,0],[96.1433249280001,5.27644733700004,0],[96.143338127,5.27645006000006,0],[96.1433514220001,5.27645236200004,0],[96.143364176,5.27645412400005,0],[96.1433777460001,5.27645549000005,0],[96.1433913640001,5.27645638800004,0],[96.1434094420001,5.27645693000005,0],[96.1434245950001,5.27645686000005,0],[96.1434548700001,5.27645558000006,0],[96.1434860240001,5.27645293000006,0],[96.143501525,5.27645111400005,0],[96.143511227,5.27644966100007,0],[96.1435269230001,5.27644730900005,0],[96.1435395300001,5.27644497200004,0],[96.1435644540001,5.27643930800002,0],[96.1435898990001,5.27643209600006,0],[96.1436095480001,5.27642564900003,0],[96.1437135630001,5.27638810900004,0],[96.1437785900001,5.27636542900007,0],[96.1438275930001,5.27634928400005,0],[96.1438612370001,5.27633918000004,0],[96.1438792390001,5.27633426800003,0],[96.1439060160001,5.27632757300006,0],[96.1439480940001,5.27631832200007,0],[96.1439851900001,5.27631131600003,0],[96.1440498870001,5.27630052800004,0],[96.1440985280001,5.27629317600002,0],[96.1441452450001,5.27628709600003,0],[96.1441928730001,5.27628236300006,0],[96.144243509,5.27627865900007,0],[96.1442941990001,5.27627608200004,0],[96.144323951,5.27627532000002,0],[96.1443496470001,5.27627518700007,0],[96.1444074130001,5.27627559300004,0],[96.1444391580001,5.27627526700007,0],[96.1444708320001,5.27627441800007,0],[96.144502426,5.27627308500007,0],[96.1445340000001,5.27627133400006,0],[96.1445655370001,5.27626909700007,0],[96.1445780450001,5.27626800200005,0],[96.144583745,5.27626750300004,0],[96.1446105510001,5.27626466100003,0],[96.144640344,5.27626093300006,0],[96.1447058730001,5.27625148800007,0],[96.1447876460001,5.27623860100005,0],[96.1449029980001,5.27621938900006,0],[96.1449416900001,5.27621353700005,0],[96.144958509,5.27621127700007,0],[96.1449867480001,5.27620802900003,0],[96.1450204220001,5.27620503300005,0],[96.1450541570001,5.27620263900008,0],[96.1450879270001,5.27620064200005,0],[96.1451339060001,5.27619852400005,0],[96.145166778,5.27619761400007,0],[96.145202526,5.27619734700005,0],[96.1452740440001,5.27619798200004,0],[96.1454170860001,5.27620041300003,0],[96.1454697300001,5.27620174000003,0],[96.145537275,5.27620407900002,0],[96.1456047940001,5.27620693700004,0],[96.1456553900001,5.27620973800003,0],[96.1457950400001,5.27622007900004,0],[96.1459156750001,5.27622860900004,0],[96.1461482190001,5.27624367900006,0],[96.146202057,5.27624685100005,0],[96.1462379610001,5.27624863400007,0],[96.1462878200001,5.27625018000003,0],[96.146335691,5.27625082800006,0],[96.146401385,5.27625112100003,0],[96.146615152,5.27625096100007,0],[96.146686409,5.27625043200004,0],[96.1467204670001,5.27624959900004,0],[96.1467691660001,5.27624738200007,0],[96.146801549,5.27624509500004,0],[96.1468338000001,5.27624174300007,0],[96.1468628050001,5.27623737200003,0],[96.146895869,5.27623093600005,0],[96.1469297960001,5.27622319800003,0],[96.1469636240001,5.27621488700004,0],[96.1470480240001,5.27619319400003,0],[96.1471153260001,5.27617508200007,0],[96.1471487490001,5.27616529800002,0],[96.147185129,5.27615346300007,0],[96.1472122590001,5.27614389700005,0],[96.147254703,5.27612787000004,0],[96.14730165,5.27610905300003,0],[96.147348261,5.27608944100007,0],[96.1473790380001,5.27607571200002,0],[96.1474052520001,5.27606326000006,0],[96.1474643880001,5.27603346300003,0],[96.1474880210001,5.27602193300004,0],[96.1475095010001,5.27601214900005,0],[96.1475243150001,5.27600581900003,0],[96.1475392400001,5.27599975900006,0],[96.1475685250001,5.27598878400005,0],[96.147582862,5.27598382500003,0],[96.1476087180001,5.27597547300007,0],[96.147631732,5.27596865100003,0],[96.1476610030001,5.27596080700005,0],[96.1476952120001,5.27595249700005,0],[96.147729558,5.27594467200004,0],[96.1477812190001,5.27593346000003,0],[96.1478157270001,5.27592629300005,0],[96.1479283070001,5.27590441800004,0],[96.147958084,5.27589821600003,0],[96.1479697660001,5.27589527500004,0],[96.1479833070001,5.27589125800006,0],[96.1479966050001,5.27588657000007,0],[96.1480037000001,5.27588372200006,0],[96.148018204,5.27587709400007,0],[96.1480323860001,5.27586968700007,0],[96.1480475380001,5.27586093400004,0],[96.1480624660001,5.27585165400006,0],[96.1480918880001,5.27583209100004,0],[96.1481354950001,5.27580153500003,0],[96.1482657490001,5.27570860100008,0],[96.1484397440001,5.27558543400005,0],[96.1484830790001,5.27555443900008,0],[96.1485118910001,5.27553337200004,0],[96.1485406090001,5.27551188100006,0],[96.1485690820001,5.27549008100004,0],[96.1485972040001,5.27546784900005,0],[96.148611062,5.27545648700004,0],[96.1486353210001,5.27543577600005,0],[96.148695086,5.27538291000008,0],[96.1487341440001,5.27534922900003,0],[96.1487889220001,5.27530369000004,0],[96.148830504,5.27527014800006,0],[96.148885319,5.27522761600005,0],[96.1489683410001,5.27516485800004,0],[96.149010301,5.27513410400007,0],[96.149053957,5.27510347900005,0],[96.149127379,5.27505337100007,0],[96.149215858,5.27499378300007,0],[96.1492660070001,5.27496078300004,0],[96.1493136070001,5.27493009400007,0],[96.1495394820001,5.27478638500003,0],[96.1500575760001,5.27445895400007,0],[96.1501339330001,5.27441108200003,0],[96.1501738440001,5.27438679900007,0],[96.1502217920001,5.27435889400004,0],[96.1502842300001,5.27432368300003,0],[96.1509570480001,5.27394793100007,0],[96.1510810820001,5.27387924100003,0],[96.1511890690001,5.27381987800004,0],[96.151250927,5.27378624400006,0],[96.1514166010001,5.27369894200007,0],[96.1516670230001,5.27356390900007,0],[96.1517607550001,5.27351295100004,0],[96.1518082690001,5.27348629400007,0],[96.1518383470001,5.27346879700002,0],[96.1518662020001,5.27345215700007,0],[96.1519412280001,5.27340623700007,0],[96.1521806690001,5.27325821700003,0],[96.1524403750001,5.27309632900005,0],[96.1525168160001,5.27304910800007,0],[96.152837327,5.27285490900005,0],[96.1529139290001,5.27280918500003,0],[96.152960433,5.27278280200005,0],[96.153007502,5.27275758500002,0],[96.1530620650001,5.27272919400002,0],[96.1531022670001,5.27270827500007,0],[96.1534041560001,5.27255263800004,0],[96.1534516280001,5.27252769000006,0],[96.153498315,5.27250210500006,0],[96.1535286660001,5.27248470500007,0],[96.1535739550001,5.27245817400006,0],[96.1538599780001,5.27228867300005,0],[96.1539663890001,5.27222615500006,0],[96.154732058,5.27177930100004,0],[96.154911272,5.27167516600002,0],[96.1549861860001,5.27163220500006,0],[96.155063097,5.27158946000003,0],[96.155294542,5.27146249300006,0],[96.155938796,5.27111023400005,0],[96.1567879790001,5.27064995800004,0],[96.1568981820001,5.27059053300007,0],[96.15703288,5.27051942300005,0],[96.1573338110001,5.27036171500004,0],[96.1577224910001,5.27016121000003,0],[96.1582456130001,5.26988980300007,0],[96.1583380340001,5.26984117400002,0],[96.158556993,5.26972466000007,0],[96.158619764,5.26969178200005,0],[96.1587145810001,5.26964387800007,0],[96.159142402,5.26943053400004,0],[96.1592059920001,5.26939922600008,0],[96.1592699440001,5.26936825600006,0],[96.159974822,5.26902916400007,0],[96.160493279,5.26878120900005,0],[96.1607875730001,5.26864238000007,0],[96.1609220890001,5.26857807500005,0],[96.161238052,5.26842703000005,0],[96.161286224,5.26840376300004,0],[96.1613328760001,5.26838082900002,0],[96.1615161450001,5.26828913300005,0],[96.16159401,5.26825085000007,0],[96.161665048,5.26821684800007,0],[96.1617703100001,5.26816646300006,0],[96.161943443,5.26808504600007,0],[96.1620065150001,5.26805568900005,0],[96.162070252,5.26802665500003,0],[96.162422711,5.26786908900004,0],[96.1631398480001,5.26755677200003,0],[96.1632394630001,5.26751338800005,0],[96.1633539380001,5.26746389700003,0],[96.163434792,5.26743018800005,0],[96.163790986,5.26728456500007,0],[96.16456336,5.26696626800003,0],[96.1646290210001,5.26693900200007,0],[96.1648435010001,5.26684907800006,0],[96.164975665,5.26679402200006,0],[96.1652212880001,5.26669170200006,0],[96.165287075,5.26666454900004,0],[96.165338584,5.26664407300007,0],[96.1653878100001,5.26662584800005,0],[96.165438651,5.26660876200003,0],[96.1655259840001,5.26658177700006,0],[96.1655766210001,5.26656520700004,0],[96.1656102110001,5.26655363900005,0],[96.165643263,5.26654183000005,0],[96.1657082520001,5.26651762700004,0],[96.165774007,5.26649235200006,0],[96.1658565690001,5.26646005800006,0],[96.165989768,5.26640730300005,0],[96.1660692630001,5.26637540700006,0],[96.1661153730001,5.26635650600002,0],[96.1661459890001,5.26634361900005,0],[96.1661774450001,5.26632991000002,0],[96.1662389860001,5.26630243000005,0],[96.1662710880001,5.26628883200004,0],[96.1663033940001,5.26627570000005,0],[96.1663849970001,5.26624355400003,0],[96.166667712,5.26613373300006,0],[96.1668079,5.26607968800005,0],[96.1669061910001,5.26604253200003,0],[96.1670055330001,5.26600616600007,0],[96.167370137,5.26587375600008,0],[96.1674501670001,5.26584577300002,0],[96.1675455650001,5.26581345200003,0],[96.167609778,5.26579286500004,0],[96.1676582430001,5.26577850500007,0],[96.167692049,5.26576953300003,0],[96.1677430780001,5.26575737600007,0],[96.167777286,5.26575017000005,0],[96.1678449600001,5.26573728800003,0],[96.1678823290001,5.26572909300006,0],[96.167911469,5.26572165900006,0],[96.1679285280001,5.26571685000005,0],[96.1679523780001,5.26570965400003,0],[96.167985296,5.26569910800004,0],[96.1680345030001,5.26568267100004,0],[96.168116351,5.26565471300006,0],[96.1681653850001,5.26563772000003,0],[96.168188667,5.26562945000006,0],[96.1682152970001,5.26561999000006,0],[96.168751468,5.26542441900006,0],[96.168952591,5.26534974700007,0],[96.1690363070001,5.26531838300002,0],[96.1690979430001,5.26529441000002,0],[96.1691353730001,5.26527901100008,0],[96.169176086,5.26526104100003,0],[96.1691975150001,5.26525087900006,0],[96.169215233,5.26524202600007,0],[96.1692364570001,5.26523083900003,0],[96.169250903,5.26522287300003,0],[96.1693187100001,5.26518393000003,0],[96.1693315300001,5.26517704400004,0],[96.1693445270001,5.26517053900005,0],[96.169360656,5.26516325000006,0],[96.1693770570001,5.26515653500007,0],[96.169393658,5.26515024300005,0],[96.169427253,5.26513848600007,0],[96.1694672120001,5.26512555700003,0],[96.169495177,5.26511650900005,0],[96.169665738,5.26506319800006,0],[96.16993991,5.26498014200007,0],[96.170060172,5.26494430800005,0],[96.1702878500001,5.26487825400005,0],[96.170371075,5.26485410800007,0],[96.1704227800001,5.26483871400006,0],[96.1704571710001,5.26482806000007,0],[96.1705428940001,5.26480026200005,0],[96.1707653720001,5.26472669200007,0],[96.1711556720001,5.26459627700007,0],[96.1712121740001,5.26457739700004,0],[96.171808227,5.26437885700005,0],[96.171908493,5.26434591100002,0],[96.1721071690001,5.26428128300006,0],[96.1721740070001,5.26425988400007,0],[96.1722425150001,5.26423839300003,0],[96.1730305450001,5.26399283100005,0],[96.1737535970001,5.26376249300006,0],[96.1740571300001,5.26366469500005,0],[96.174157882,5.26363375700004,0],[96.1743762620001,5.26356844400004,0],[96.174444813,5.26354871900003,0],[96.1746519470001,5.26349034700007,0],[96.1747036100001,5.26347534500007,0],[96.174736561,5.26346541300006,0],[96.1748680210001,5.26342451200003,0],[96.1749828590001,5.26338812500006,0],[96.175030914,5.26337223700006,0],[96.1751704850001,5.26332429900003,0],[96.175238806,5.26330181700007,0],[96.1752901730001,5.26328535500005,0],[96.175324511,5.26327468200003,0],[96.1753759210001,5.26325940500004,0],[96.175461833,5.26323469200003,0],[96.175565039,5.26320542900004,0],[96.17561419,5.26319186400002,0],[96.1756648080001,5.26317841600007,0],[96.175969051,5.26309971600006,0],[96.1760196750001,5.26308629500005,0],[96.1760535160001,5.26307699300003,0],[96.1761721820001,5.26304282800004,0],[96.1767647060001,5.26286972200006,0],[96.176846519,5.26284666500004,0],[96.1769611830001,5.26281482800005,0],[96.177010372,5.26280136200006,0],[96.1770602160001,5.26278811300006,0],[96.1771453900001,5.26276642500005,0],[96.1773670620001,5.26271087100002,0],[96.1774182710001,5.26269827700003,0],[96.1774695080001,5.26268622700007,0],[96.17757198,5.26266384700006,0],[96.1776575210001,5.26264611000005,0],[96.1777089430001,5.26263641100007,0],[96.1777627920001,5.26262768800007,0],[96.1777904890001,5.26262256000007,0],[96.177824322,5.26261533700006,0],[96.1778731630001,5.26260377200003,0],[96.1779380610001,5.26258717400003,0],[96.1780101260001,5.26256720800006,0],[96.1783281830001,5.26247592200002,0],[96.1784994720001,5.26242577700003,0],[96.1785227070001,5.26241922500003,0],[96.178551574,5.26241151200003,0],[96.1786034390001,5.26239862200003,0],[96.1787074870001,5.26237403800008,0],[96.1790024270001,5.26230503800002,0],[96.1794008830001,5.26221264700007,0],[96.1794875880001,5.26219297300003,0],[96.1795371960001,5.26218254000003,0],[96.1795966640001,5.26217127100006,0],[96.179733991,5.26214643500003,0],[96.1798751440001,5.26211905500003,0],[96.1805629400001,5.26198385400005,0],[96.180643165,5.26196731400006,0],[96.1807285850001,5.26194858000002,0],[96.181138698,5.26185670500007,0],[96.1817095070001,5.26172678900002,0],[96.181829824,5.26169895700002,0],[96.18206193,5.26164271500005,0],[96.182231142,5.26160054800005,0],[96.1824802890001,5.26153758900006,0],[96.182758284,5.26146575700005,0],[96.1828611980001,5.26144065300002,0],[96.182981436,5.26141207900002,0],[96.1830669110001,5.26139265600006,0],[96.183130421,5.26137863000002,0],[96.1832207050001,5.26135869100005,0],[96.183700995,5.26125504700002,0],[96.1837696470001,5.26124046300004,0],[96.183821251,5.26123017300006,0],[96.1838385010001,5.26122702300006,0],[96.1838732180001,5.26122128900005,0],[96.1839428760001,5.26121109100006,0],[96.1840998430001,5.26118947400005,0],[96.184187066,5.26117765800007,0],[96.1842394340001,5.26117097200006,0],[96.18429188,5.26116522900003,0],[96.184351909,5.26116001600008,0],[96.18437936,5.26115723900006,0],[96.1844178740001,5.26115240700005,0],[96.184456395,5.26114642700003,0],[96.184517322,5.26113553700003,0],[96.1845932730001,5.26112100200004,0],[96.1846629060001,5.26110743900006,0],[96.18469702,5.26110079500006,0],[96.1849741,5.26104682600004,0],[96.185024807,5.26103670200007,0],[96.1850744960001,5.26102630500003,0],[96.1851864590001,5.26100128200005,0],[96.1855030300001,5.26092918700004,0],[96.1860109670001,5.26081351200003,0],[96.186098659,5.26079344500005,0],[96.1861676940001,5.26077727900002,0],[96.1866090400001,5.26067099700003,0],[96.187008469,5.26057248200004,0],[96.187060268,5.26055934400006,0],[96.187094669,5.26054999300004,0],[96.1871117730001,5.26054496300003,0],[96.1871445410001,5.26053435600005,0],[96.1871769890001,5.26052286300006,0],[96.1872090100001,5.26051059500003,0],[96.187224755,5.26050409400005,0],[96.1872402160001,5.26049724800004,0],[96.1872552780001,5.26048993500007,0],[96.187269777,5.26048198000007,0],[96.187283494,5.26047315100004,0],[96.1872961450001,5.26046314200005,0],[96.187301441,5.26045811200004,0],[96.1873073940001,5.26045133900004,0],[96.1873145650001,5.26043142100002,0],[96.1873286110001,5.26038068300005,0],[96.1873417580001,5.26034046500007,0],[96.187350194,5.26031174300005,0],[96.1873614720001,5.26027918200003,0],[96.1873765590001,5.26024564600004,0],[96.1873926050001,5.26021306200005,0],[96.18741914,5.26018042400005,0],[96.1874846420001,5.26012177400003,0],[96.1875444170001,5.26006219800007,0],[96.187612857,5.26001883000004,0],[96.1876299940001,5.26001300600007,0],[96.1877109870001,5.26000016500006,0],[96.1877338680001,5.25999909200004,0],[96.1877385640001,5.25998472900005,0],[96.1877356300001,5.25997040400006,0],[96.1876650190001,5.25996216200002,0],[96.187599274,5.25997301300004,0],[96.1874564660001,5.26001963000004,0],[96.187387996,5.26005726300002,0],[96.1873489960001,5.26007658200007,0],[96.187326129,5.26008052300006,0],[96.1873108510001,5.26007677800004,0],[96.1873031690001,5.26006630100005,0],[96.1873030620001,5.26004527100002,0],[96.1873067600001,5.26002230900002,0],[96.1873273180001,5.25996761200003,0],[96.1873334220001,5.25995930600004,0],[96.187361347,5.25992360700008,0],[96.187372608,5.25990865200004,0],[96.187381938,5.25989541200005,0],[96.187390759,5.25988186900003,0],[96.1873966030001,5.25987186100002,0],[96.1874004420001,5.25986528600004,0],[96.1874068500001,5.25985294600002,0],[96.1874115800001,5.25984289500008,0],[96.1874159500001,5.25983269100004,0],[96.1874203580001,5.25982123000006,0],[96.187425191,5.25980688400006,0],[96.1874294120001,5.25979233400005,0],[96.1874318100001,5.25978291400003,0],[96.187436501,5.25976089900007,0],[96.1874386480001,5.25974828400007,0],[96.1874409110001,5.25973155300005,0],[96.187429314,5.25970762300005,0],[96.1874050440001,5.25969620200004,0],[96.1873793460001,5.25968478100003,0],[96.1873422260001,5.25967478700005,0],[96.1873165280001,5.25966907600002,0],[96.187286547,5.25966336500005,0],[96.1872560890001,5.25966717300003,0],[96.187257742,5.25929172700006,0],[96.187261473,5.25927545600007,0],[96.1872666790001,5.25926778100006,0],[96.1872762080001,5.25926629900005,0],[96.1872891130001,5.25927244700006,0],[96.1872986860001,5.25927956700002,0],[96.1873082810001,5.25929098900002,0],[96.1873255070001,5.25930285100003,0],[96.1873384140001,5.25930947700004,0],[96.1873517860001,5.25931371000007,0],[96.1874197020001,5.25935446900007,0],[96.1874479210001,5.25937153200005,0],[96.1874918620001,5.25938612400006,0],[96.1875313500001,5.25940300300005,0],[96.18754634,5.25941136700004,0],[96.1875613930001,5.25942003500006,0],[96.1875882960001,5.25943622900007,0],[96.1876524410001,5.25947754700007,0],[96.187665973,5.25948591800005,0],[96.187679642,5.25949384100005,0],[96.18769323,5.25950096400004,0],[96.1877071470001,5.25950720200007,0],[96.1877230270001,5.25951282800003,0],[96.1877393380001,5.25951735000007,0],[96.187755967,5.25952105900006,0],[96.1877728270001,5.25952417700006,0],[96.1877898530001,5.25952687300003,0],[96.1878069950001,5.25952927200007,0],[96.1878414940001,5.25953352200003,0],[96.187925094,5.25954250800004,0],[96.1879455540001,5.25954470700003,0],[96.188175577,5.25956782800006,0],[96.188246259,5.25957521200007,0],[96.1882990650001,5.25958168100004,0],[96.1883165720001,5.25958427700004,0],[96.1883339950001,5.25958724700007,0],[96.1883513080001,5.25959072800003,0],[96.1883684420001,5.25959481900003,0],[96.1883854650001,5.25959941600007,0],[96.1883921360001,5.25960142100007,0],[96.1884051540001,5.25961064200004,0],[96.1884538900001,5.25963046800007,0],[96.1884811480001,5.25964610200003,0],[96.1885384670001,5.25966588300003,0],[96.1885757300001,5.25968003200006,0],[96.1886459070001,5.25969688000004,0],[96.1887591660001,5.25970812000003,0],[96.1887675290001,5.25971022600004,0],[96.1887995960001,5.25971745400005,0],[96.1888478990001,5.25972728500005,0],[96.188880205,5.25973315900006,0],[96.1888963960001,5.25973580900006,0],[96.1889288770001,5.25974023100002,0],[96.1889464120001,5.25974196200002,0],[96.1889816010001,5.25974437100007,0],[96.1890168830001,5.25974596600003,0],[96.18912291,5.25974920800007,0],[96.189157767,5.25975003100007,0],[96.189211281,5.25975129400007,0],[96.1892466090001,5.25975160000007,0],[96.189264263,5.25975147300005,0],[96.1892963880001,5.25975045600006,0],[96.1893271910001,5.25974841100003,0],[96.1893439940001,5.25974690300006,0],[96.1893775600001,5.25974331600003,0],[96.1894110870001,5.25973923700008,0],[96.1894766280001,5.25973024100006,0],[96.189507222,5.25972546600002,0],[96.1895419570001,5.25971945600003,0],[96.1895635220001,5.25971537600003,0],[96.1896458890001,5.25969979300004,0],[96.1898505140001,5.25965968700007,0],[96.1900197590001,5.25962596600004,0],[96.1900287570001,5.25962412900003,0],[96.190341442,5.25956027000007,0],[96.190390359,5.25955076100007,0],[96.190442105,5.25954157400002,0],[96.190513072,5.25953002100005,0],[96.1906018750001,5.25951612100005,0],[96.1908235860001,5.25948264900006,0],[96.1909027610001,5.25947138500004,0],[96.191000946,5.25945886900007,0],[96.1910500860001,5.25945300400002,0],[96.1910984180001,5.25944766500004,0],[96.1912874980001,5.25942864200005,0],[96.191553721,5.25940053800002,0],[96.1916539730001,5.25938938300004,0],[96.1917733180001,5.25937530100003,0],[96.1919016990001,5.25935903100003,0],[96.192236397,5.25931531000003,0],[96.1923061000001,5.25930557500004,0],[96.1924970520001,5.25927803400003,0],[96.192600552,5.25926397900002,0],[96.1927223980001,5.25924888100008,0],[96.192914247,5.25922581000003,0],[96.1929840380001,5.25921769100006,0],[96.1930358440001,5.25921224100006,0],[96.193086523,5.25920755700002,0],[96.19318795,5.25919890100005,0],[96.1932555960001,5.25919353800003,0],[96.1932894380001,5.25919117500007,0],[96.1933226450001,5.25918928200002,0],[96.1934203640001,5.25918508400002,0],[96.1934529110001,5.25918336500007,0],[96.19348089,5.25918138000003,0],[96.193534528,5.25917625300002,0],[96.193659514,5.25916200600005,0],[96.1942479900001,5.25909264800003,0],[96.19446113,5.25906833700003,0],[96.1945321790001,5.25906052200003,0],[96.194584396,5.25905518000008,0],[96.194894613,5.25902588200006,0],[96.194946294,5.25902079900004,0],[96.1949986120001,5.25901524100004,0],[96.1952791790001,5.25898287000007,0],[96.1955469700001,5.25895063000007,0],[96.195838586,5.25891709000007,0],[96.19596276,5.25890432500006,0],[96.196801265,5.25882140800007,0],[96.1969254970001,5.25880779300007,0],[96.1973864380001,5.25875554600003,0],[96.1974751450001,5.25874615600003,0],[96.1975263840001,5.25874158400006,0],[96.1975947590001,5.25873609500007,0],[96.1976631810001,5.25873104300007,0],[96.197714519,5.25872771200005,0],[96.197765883,5.25872534800004,0],[96.1978534570001,5.25872385500003,0],[96.197904248,5.25872189300003,0],[96.1979550230001,5.25871912200006,0],[96.1980227110001,5.25871492300007,0],[96.1980734620001,5.25871152300004,0],[96.1981250360001,5.25870767000004,0],[96.1982315010001,5.25869854500007,0],[96.198748461,5.25865254000007,0],[96.19883731,5.25864398300007,0],[96.1988881080001,5.25863872400004,0],[96.1989339200001,5.25863358900006,0],[96.199033683,5.25862146400004,0],[96.1990691270001,5.25861748700004,0],[96.199122489,5.25861255200005,0],[96.199229378,5.25860426700007,0],[96.1994610550001,5.25858711100005,0],[96.1995501970001,5.25858098300006,0],[96.1996572690001,5.25857467900005,0],[96.200139167,5.25854749800004,0],[96.2001925930001,5.25854498900003,0],[96.200281202,5.25854169700006,0],[96.200830662,5.25852311100004,0],[96.200937088,5.25851999000002,0],[96.2010438680001,5.25851789600006,0],[96.2021117250001,5.25849910900007,0],[96.202499049,5.25849309600005,0],[96.2026396520001,5.25849129000005,0],[96.2027287860001,5.25849135500005,0],[96.2041778500001,5.25850307300004,0],[96.2043035040001,5.25850455200003,0],[96.205202253,5.25851682200005,0],[96.205292123,5.25851824100005,0],[96.2053633900001,5.25851988400007,0],[96.206304849,5.25854666000004,0],[96.206375892,5.25854889100003,0],[96.2064291460001,5.25855111700002,0],[96.2064826880001,5.25855430600006,0],[96.206536204,5.25855801500006,0],[96.206839411,5.25858007700003,0],[96.20691071,5.25858562700006,0],[96.2069463070001,5.25858883300003,0],[96.2069818250001,5.25859269900008,0],[96.207007348,5.25859607700005,0],[96.207088889,5.25860765500005,0],[96.2071174420001,5.25861121400004,0],[96.2071510320001,5.25861487600002,0],[96.2071763230001,5.25861725800007,0],[96.207207521,5.25861975600003,0],[96.2072375550001,5.25862168200007,0],[96.207273071,5.25862330900003,0],[96.2073126280001,5.25862433200007,0],[96.2073426570001,5.25862467900004,0],[96.2075453130001,5.25862453700006,0],[96.207652409,5.25862485400006,0],[96.207973694,5.25862640500003,0],[96.2080323490001,5.25862701000005,0],[96.208077997,5.25862784600002,0],[96.2081391120001,5.25862958500005,0],[96.2081886270001,5.25863152200003,0],[96.208525663,5.25864738800004,0],[96.2086860060001,5.25865370500003,0],[96.208792707,5.25865742400003,0],[96.209307482,5.25867314900006,0],[96.209395477,5.25867479600004,0],[96.2095894660001,5.25867667100005,0],[96.2096242480001,5.25867754700005,0],[96.2096590250001,5.25867879100002,0],[96.2097459570001,5.25868255100005,0],[96.2099577580001,5.25869240300005,0],[96.2100288720001,5.25869597300004,0],[96.2100821640001,5.25869917100005,0],[96.2101886230001,5.25870702500004,0],[96.2105966060001,5.25873882500002,0],[96.2106660300001,5.25874470800005,0],[96.2108527620001,5.25876157200003,0],[96.2109211650001,5.25876707400005,0],[96.210976486,5.25877073200007,0],[96.211008447,5.25877284500007,0],[96.2111830740001,5.25878354400004,0],[96.2115153390001,5.25880280300004,0],[96.2116027220001,5.25880827100002,0],[96.2117073260001,5.25881573600003,0],[96.2121431130001,5.25884780300004,0],[96.212452532,5.25887203500002,0],[96.2125384330001,5.25887847400003,0],[96.2126616290001,5.25888642000007,0],[96.213031329,5.25890893000008,0],[96.2131016500001,5.25891385100005,0],[96.213136697,5.25891706900006,0],[96.2131541620001,5.25891906200007,0],[96.2131715690001,5.25892143800007,0],[96.2132028060001,5.25892679800006,0],[96.2132495020001,5.25893598000005,0],[96.2132807040001,5.25894176000003,0],[96.213315198,5.25894701500005,0],[96.213349839,5.25895142800005,0],[96.2133845610001,5.25895537200006,0],[96.2134715220001,5.25896418100007,0],[96.2135521650001,5.25897113900004,0],[96.2136766980001,5.25898077600004,0],[96.2137834650001,5.25898859100005,0],[96.213912179,5.25899698900002,0],[96.214122466,5.25901348800005,0],[96.2142624860001,5.25902511700002,0],[96.21470078,5.25906302400006,0],[96.2149333670001,5.25908372300006,0],[96.2150227220001,5.25909206700004,0],[96.2158969970001,5.25917866500004,0],[96.216018148,5.25919136400006,0],[96.2161026690001,5.25920068000005,0],[96.216170241,5.25920846200006,0],[96.216220836,5.25921491000003,0],[96.2163425990001,5.25923266000007,0],[96.2163771660001,5.25923697200005,0],[96.216411785,5.25924088600004,0],[96.216498427,5.25924996800006,0],[96.2166717950001,5.25926746600004,0],[96.2170431000001,5.25930274400002,0],[96.217131463,5.25931155300003,0],[96.217256476,5.25932575600007,0],[96.2175064040001,5.25935509600004,0],[96.2175956290001,5.25936584400006,0],[96.2176483570001,5.25937268000007,0],[96.2177355330001,5.25938462300007,0],[96.218101586,5.25943550000005,0],[96.2182061010001,5.25945050900003,0],[96.2183111020001,5.25946716100003,0],[96.2183482,5.25947323300005,0],[96.2185335760001,5.25949009800007,0],[96.2187783830001,5.25953041700006,0],[96.2188503690001,5.25955317000006,0],[96.218853698,5.25955358600004,0],[96.218907153,5.25955905000006,0],[96.2191392010001,5.25957944200007,0],[96.2192103070001,5.25958626200003,0],[96.2192806130001,5.25959383000003,0],[96.21936845,5.25960373300006,0],[96.2194211140001,5.25960995900004,0],[96.2194730740001,5.25961671900006,0],[96.2195236910001,5.25962404100005,0],[96.21969226,5.25964961200003,0],[96.219795289,5.25966485600003,0],[96.220826829,5.25981535100004,0],[96.2209143970001,5.25982866800007,0],[96.2212108740001,5.25987460900006,0],[96.2213272180001,5.25989205900004,0],[96.2213604990001,5.25989676000006,0],[96.2214130350001,5.25990366700006,0],[96.221623391,5.25992971300008,0],[96.221693686,5.25993882700004,0],[96.2217823110001,5.25995111700007,0],[96.2221544000001,5.26000375100006,0],[96.222207477,5.26001172400004,0],[96.222255153,5.26001972900002,0],[96.222307216,5.26002952500005,0],[96.2224497440001,5.26005722200006,0],[96.2224759870001,5.26006232200007,0],[96.222526879,5.26007169800005,0],[96.2225609450001,5.26007743600007,0],[96.2225949480001,5.26008236300004,0],[96.2226288860001,5.26008649400006,0],[96.2226628870001,5.26009019500003,0],[96.222782028,5.26010219200003,0],[96.222833048,5.26010762200002,0],[96.2228669960001,5.26011169900005,0],[96.222901118,5.26011653500007,0],[96.2229525340001,5.26012511300007,0],[96.223055135,5.26014388400006,0],[96.2231576170001,5.26016329300006,0],[96.223254307,5.26018264100003,0],[96.2232992930001,5.26019082800002,0],[96.2233499980001,5.26019914800003,0],[96.2234177190001,5.26020962700005,0],[96.2235363080001,5.26022753100006,0],[96.2236030480001,5.26023721800004,0],[96.2236666140001,5.26024591100003,0],[96.2237302300001,5.26025423900006,0],[96.2237835980001,5.26026079900004,0],[96.223837012,5.26026686100005,0],[96.2238905080001,5.26027189300004,0],[96.2239957950001,5.26027872500003,0],[96.2240455290001,5.26028258800005,0],[96.2240887180001,5.26028630300004,0],[96.2241687310001,5.26029408300008,0],[96.2242006480001,5.26029780600004,0],[96.2242305680001,5.26030196700003,0],[96.2242620200001,5.26030734900007,0],[96.2243114360001,5.26031757900006,0],[96.224528337,5.26036745800008,0],[96.2245286260001,5.26036752300007,0],[96.224613473,5.26038649000003,0],[96.2246476170001,5.26039356800004,0],[96.224664729,5.26039683200003,0],[96.2246808900001,5.26039966100006,0],[96.224703231,5.26040312800006,0],[96.2247286360001,5.26040636900007,0],[96.2247587950001,5.26040906800006,0],[96.2247827910001,5.26041008200002,0],[96.224804846,5.26040987100004,0],[96.224818064,5.26040916200003,0],[96.224835366,5.26040751700003,0],[96.2248491820001,5.26040563300006,0],[96.224872625,5.26040186200004,0],[96.2248912150001,5.26039887200005,0],[96.2249052610001,5.26039700800004,0],[96.224922641,5.26039548500006,0],[96.224941931,5.26039513300003,0],[96.2249544640001,5.26039559200007,0],[96.224967001,5.26039652400004,0],[96.2249839390001,5.26039844400003,0],[96.2250008670001,5.26040095400003,0],[96.2250346970001,5.26040715200003,0],[96.225068498,5.26041427000007,0],[96.225126253,5.26042730200004,0],[96.2251347120001,5.26042909200004,0],[96.2251604030001,5.26043452800008,0],[96.225211825,5.26044451400003,0],[96.22526335,5.26045400400005,0],[96.2253321110001,5.26046630500002,0],[96.225383734,5.26047516300002,0],[96.2254182130001,5.26048063200005,0],[96.225462027,5.26048661300007,0],[96.2254876330001,5.26048957600005,0],[96.2255233670001,5.26049306300007,0],[96.225553484,5.26049541500004,0],[96.22558345,5.26049720600003,0],[96.2256294570001,5.26049894900007,0],[96.225673472,5.26049960000006,0],[96.2257090740001,5.26049937000005,0],[96.2257539190001,5.26049846900003,0],[96.2257675850001,5.26049852900007,0],[96.2257808750001,5.26049858800008,0],[96.2257984170001,5.26049957200007,0],[96.2258159420001,5.26050122200007,0],[96.2258509590001,5.26050587000003,0],[96.2258859510001,5.26051157500007,0],[96.225938424,5.26052100400005,0],[96.2259564290001,5.26052436800006,0],[96.2261658050001,5.26056348300006,0],[96.2262356860001,5.26057691400007,0],[96.2263232550001,5.26059493800005,0],[96.2266556490001,5.26066523800006,0],[96.2267429670001,5.26068298400003,0],[96.226829346,5.26069935200007,0],[96.2270022530001,5.26073132500005,0],[96.2270541870001,5.26074054300005,0],[96.227106512,5.26074910300002,0],[96.2271941270001,5.26076232600008,0],[96.2278901070001,5.26086511700004,0],[96.2280181530001,5.26088402800002,0],[96.2281058670001,5.26089655200008,0],[96.2281541830001,5.26090255600008,0],[96.228194763,5.26090662800004,0],[96.2282365390001,5.26090980400005,0],[96.228315874,5.26091441300002,0],[96.2283453580001,5.26091680000007,0],[96.2283625150001,5.26091853700007,0],[96.2284139130001,5.26092466000006,0],[96.2284652590001,5.26093145800007,0],[96.228550785,5.26094332300005,0],[96.228619118,5.26095341000007,0],[96.228671778,5.26096199600005,0],[96.228741905,5.26097400200007,0],[96.2292116740001,5.26105548300006,0],[96.2293148850001,5.26107377800002,0],[96.2293492060001,5.26108027400005,0],[96.2293760350001,5.26108570500003,0],[96.229598401,5.26113329400005,0],[96.2297238040001,5.26115940000005,0],[96.2297739370001,5.26116910000007,0],[96.229811909,5.26117595400007,0],[96.229850314,5.26118237900005,0],[96.229899431,5.26118988300004,0],[96.2306897060001,5.26130065400002,0],[96.2308123670001,5.26131731100003,0],[96.2309504440001,5.26133426600006,0],[96.231002264,5.26134023200007,0],[96.231036842,5.26134388400004,0],[96.2310873910001,5.26134829200004,0],[96.2312038570001,5.26135658000004,0],[96.231253645,5.26136106400003,0],[96.2312879070001,5.26136539500004,0],[96.23130559,5.26136809500002,0],[96.2313408850001,5.26137407000004,0],[96.2313937330001,5.26138377600006,0],[96.231464142,5.26139716300003,0],[96.231587328,5.26142077900005,0],[96.2316572920001,5.26143456300002,0],[96.2320870600001,5.26152376600004,0],[96.232286044,5.26156566500003,0],[96.232368212,5.26158363400003,0],[96.232529959,5.26162167700005,0],[96.2326826610001,5.26165581400005,0],[96.2334893550001,5.26183276900002,0],[96.2335772760001,5.26185184600007,0],[96.233647778,5.26186675700006,0],[96.2345471880001,5.26205446600005,0],[96.235210921,5.26218733100006,0],[96.2353332590001,5.26221143800007,0],[96.2354383360001,5.26223097500002,0],[96.2357888130001,5.26229495800004,0],[96.236017163,5.26233645300005,0],[96.2361050440001,5.26235210400006,0],[96.2362115780001,5.26237007500004,0],[96.2369221450001,5.26248795500004,0],[96.2370110210001,5.26250230500006,0],[96.2370466390001,5.26250756100006,0],[96.237099775,5.26251441800002,0],[96.2371707500001,5.26252261000008,0],[96.2372418020001,5.26253006200005,0],[96.2372773740001,5.26253323200007,0],[96.2373123070001,5.26253572900004,0],[96.2374172170001,5.26254176600003,0],[96.2374696130001,5.26254532300004,0],[96.237511204,5.26254934100007,0],[96.2375435380001,5.26255360400006,0],[96.237564063,5.26255679900004,0],[96.2375991310001,5.26256284500005,0],[96.2376691310001,5.26257592600007,0],[96.237948965,5.26262956500005,0],[96.2380187620001,5.26264359300006,0],[96.2380534740001,5.26265129400002,0],[96.238087906,5.26266000800007,0],[96.2381176310001,5.26266876500006,0],[96.2381619990001,5.26268255500003,0],[96.2381798540001,5.26268777900003,0],[96.2381967260001,5.26269225000004,0],[96.2382137160001,5.26269617500003,0],[96.238224927,5.26269840300006,0],[96.2382404750001,5.26270100300007,0],[96.2382549930001,5.26270295000006,0],[96.238269571,5.26270446400002,0],[96.2382868330001,5.26270571800006,0],[96.2383214970001,5.26270700100002,0],[96.2383736770001,5.26270731100004,0],[96.2384607720001,5.26270667400007,0],[96.2385130100001,5.26270667000006,0],[96.2385478030001,5.26270729700002,0],[96.2385651810001,5.26270795300007,0],[96.2386001190001,5.26271014200006,0],[96.2386350190001,5.26271309000003,0],[96.238687332,5.26271820700003,0],[96.2387412720001,5.26272408500006,0],[96.2387918680001,5.26272959900007,0],[96.2388601750001,5.26273827600005,0],[96.2390127620001,5.26275924600003,0],[96.2390636760001,5.26276537700005,0],[96.2390950210001,5.26276817700005,0],[96.2391237520001,5.26276965100004,0],[96.239139933,5.26276989300004,0],[96.239168426,5.26276925200006,0],[96.2391871560001,5.26276808600005,0],[96.2392156270001,5.26276543900002,0],[96.2392499900001,5.26276133800008,0],[96.2392843330001,5.26275672400004,0],[96.2395079410001,5.26272480100005,0],[96.2395597970001,5.26271677800003,0],[96.23959146,5.26271118500006,0],[96.2396227660001,5.26270481400007,0],[96.2396599090001,5.26269603400004,0],[96.2397093320001,5.26268298300005,0],[96.239741763,5.26267373800005,0],[96.2397729250001,5.26266404100005,0],[96.2397875780001,5.26265896600006,0],[96.239801227,5.26265368600002,0],[96.239813612,5.26264806600005,0],[96.2398229930001,5.26264276100005,0],[96.2398302170001,5.26263715300007,0],[96.239832253,5.26263494500006,0],[96.2398351560001,5.26262977000005,0],[96.2398350030001,5.26262323100002,0],[96.2398330400001,5.26261964900004,0],[96.239829866,5.26261629700002,0],[96.2398223880001,5.26261136000005,0],[96.2398110620001,5.26260668000003,0],[96.239797583,5.26260287800005,0],[96.2397825790001,5.26259975100004,0],[96.239766516,5.26259715600003,0],[96.2397497330001,5.26259499100007,0],[96.239732474,5.26259319900004,0],[96.2397149120001,5.26259175600006,0],[96.2396825960001,5.26258994900007,0],[96.2396057190001,5.26258763600003,0],[96.239576599,5.26258622300003,0],[96.2395550800001,5.26258458900003,0],[96.2395373210001,5.26258273700006,0],[96.2395107040001,5.26257888300006,0],[96.23949851,5.26257665000003,0],[96.239474391,5.26257131500006,0],[96.2394514840001,5.26256518700006,0],[96.2394241710001,5.26255677200004,0],[96.239408456,5.26255142500003,0],[96.239392884,5.26254573000006,0],[96.239377485,5.26253964000006,0],[96.239362305,5.26253306900003,0],[96.2393418870001,5.26252307200002,0],[96.2393186890001,5.26251007300004,0],[96.239304851,5.26250161500008,0],[96.239291194,5.26249282900005,0],[96.2392777100001,5.26248375000006,0],[96.2392489330001,5.26246319100005,0],[96.2392064460001,5.26243124500007,0],[96.2391447620001,5.26238398500004,0],[96.239745009,5.26204461900005,0],[96.2403412030001,5.26170754500004,0],[96.2404459790001,5.26179960400003,0],[96.240586497,5.26188848900006,0],[96.240786799,5.26201291000007,0],[96.2409033380001,5.26207503500007,0],[96.240906339,5.26207610000006,0],[96.240923874,5.26207730100003,0],[96.2409336050001,5.26207796800003,0],[96.2409514330001,5.26207880900006,0],[96.2409692580001,5.26207925000006,0],[96.2409877750001,5.26207915200007,0],[96.241000936,5.26207871400004,0],[96.2410140790001,5.26207795500005,0],[96.2410333820001,5.26207621400005,0],[96.2410589200001,5.26207282100006,0],[96.2410724950001,5.26207052200004,0],[96.2410882350001,5.26206746400004,0],[96.241103921,5.26206403700007,0],[96.241134091,5.26205652800007,0],[96.241211809,5.26203475300002,0],[96.2412290980001,5.26203025100006,0],[96.241252988,5.26202486300002,0],[96.2412649610001,5.26202264800003,0],[96.241284684,5.26201993300003,0],[96.241293818,5.26201914300003,0],[96.2413029470001,5.26201868900006,0],[96.2413157710001,5.26201867400005,0],[96.24132854,5.26201946500004,0],[96.2413423990001,5.26202132500003,0],[96.2413561610001,5.26202408800003,0],[96.241369821,5.26202760500007,0],[96.2413833750001,5.26203177300005,0],[96.2414052610001,5.26203976400006,0],[96.241421426,5.26204647600002,0],[96.2414374780001,5.26205363300005,0],[96.2414693470001,5.26206879000006,0],[96.241516688,5.26209272600005,0],[96.2415478140001,5.26210939500004,0],[96.2415631430001,5.26211806500004,0],[96.241578233,5.26212707700006,0],[96.2415929900001,5.26213656200002,0],[96.2416084160001,5.26214748600006,0],[96.2416187490001,5.26215541700003,0],[96.2416303240001,5.26216485500004,0],[96.241644384,5.26217705500005,0],[96.2416671920001,5.26219840600004,0],[96.2416893220001,5.26222054500005,0],[96.2417109200001,5.26224325400005,0],[96.2417217280001,5.26225502200003,0],[96.2417786450001,5.26231934100002,0],[96.2417985280001,5.26234129200003,0],[96.241818246,5.26236184100003,0],[96.2418396450001,5.26238242000005,0],[96.241851232,5.26239292900004,0],[96.241874878,5.26241342900005,0],[96.2418990370001,5.26243333600007,0],[96.2419113050001,5.26244305500006,0],[96.2419350360001,5.26246104500007,0],[96.2419470890001,5.26246977900007,0],[96.2419716270001,5.26248661200003,0],[96.241986539,5.26249614100004,0],[96.242001649,5.26250536800006,0],[96.2420169060001,5.26251436600006,0],[96.2420477360001,5.26253184800004,0],[96.242078898,5.26254873500005,0],[96.2420946120001,5.26255691500006,0],[96.24211044,5.26256485700003,0],[96.2421325450001,5.26257532000005,0],[96.242159729,5.26258705800007,0],[96.242175875,5.26259352200003,0],[96.2422247920001,5.26261178600004,0],[96.2422741280001,5.26262890800007,0],[96.242307247,5.26263951900006,0],[96.2423239130001,5.26264441700005,0],[96.2423539470001,5.26265219900006,0],[96.2423690800001,5.26265557700003,0],[96.2423832640001,5.26265838600006,0],[96.2424118060001,5.26266311200004,0],[96.2424281280001,5.26266531800007,0],[96.242456652,5.26266855000006,0],[96.2425181200001,5.26267406300002,0],[96.242560181,5.26267723400002,0],[96.242609175,5.26268034500004,0],[96.242639119,5.26268186000004,0],[96.24272061,5.26268521800006,0],[96.2427745620001,5.26268795800007,0],[96.243118929,5.26270813200006,0],[96.2431847300001,5.26271240100004,0],[96.2432359300001,5.26271616300005,0],[96.243269996,5.26271919300007,0],[96.2433004520001,5.26272258200004,0],[96.2433149080001,5.26272448400005,0],[96.2433402030001,5.26272836800007,0],[96.2433687640001,5.26273375500006,0],[96.243391337,5.26273880200006,0],[96.2434395400001,5.26275097100006,0],[96.2434466230001,5.26275275900002,0],[96.2434631390001,5.26275662200004,0],[96.2434797230001,5.26276022800005,0],[96.2435130380001,5.26276689800005,0],[96.2435464750001,5.26277311000007,0],[96.2435967440001,5.26278198400007,0],[96.2436974670001,5.26279883900003,0],[96.2437315830001,5.26280412000006,0],[96.2437835430001,5.26281168600002,0],[96.244147561,5.26286278200007,0],[96.2442169490001,5.26287208700006,0],[96.2442621320001,5.26287725300006,0],[96.2443059730001,5.26288095700005,0],[96.2443423560001,5.26288320300006,0],[96.244393685,5.26288535800006,0],[96.244437497,5.26288605200006,0],[96.244482965,5.26288540900003,0],[96.244517059,5.26288403400002,0],[96.2445625290001,5.26288110300004,0],[96.2446076910001,5.26287710600008,0],[96.24468053,5.26286911100004,0],[96.244767682,5.26285850900007,0],[96.2448318960001,5.26284982600004,0],[96.2448722380001,5.26284337500005,0],[96.2449093330001,5.26283643900007,0],[96.2449372140001,5.26283051800004,0],[96.2449717850001,5.26282230100003,0],[96.2450418210001,5.26280427000006,0],[96.245075672,5.26279639500007,0],[96.245109674,5.26278912800007,0],[96.2451778960001,5.26277551400005,0],[96.2452291720001,5.26276588200005,0],[96.2452634220001,5.26275992900003,0],[96.245297775,5.26275472200007,0],[96.2453153580001,5.26275250200007,0],[96.2453506190001,5.26274875600006,0],[96.2454036350001,5.26274406100003,0],[96.24566903,5.26272286800003,0],[96.2457398110001,5.26271747100003,0],[96.2457752190001,5.26271516900005,0],[96.2458115640001,5.26271345900005,0],[96.2458550970001,5.26271251300005,0],[96.245889414,5.26271243600007,0],[96.245975232,5.26271322600007,0],[96.246164042,5.26271579000007,0],[96.2462184840001,5.26271731000003,0],[96.2462614680001,5.26271959600007,0],[96.2462883650001,5.26272171600004,0],[96.246318091,5.26272467500007,0],[96.2464306840001,5.26273794400004,0],[96.246517344,5.26274769500003,0],[96.2465867210001,5.26275503200003,0],[96.246639315,5.26275997300007,0],[96.2467627450001,5.26277028700002,0],[96.2469743950001,5.26278730400003,0],[96.2470431730001,5.26279201200003,0],[96.247160427,5.26279859700003,0],[96.2472283430001,5.26280193100007,0],[96.2473166010001,5.26280565400003,0],[96.2487700070001,5.26286413500003,0],[96.248895137,5.26286995900006,0],[96.2492533750001,5.26288790600006,0],[96.2493429510001,5.26289184800004,0],[96.2493967030001,5.26289326500006,0],[96.2494504640001,5.26289401800005,0],[96.2499519080001,5.26289854300006,0],[96.250389763,5.26290519300005,0],[96.250442289,5.26290629600004,0],[96.2504947770001,5.26290803200004,0],[96.2505242240001,5.26290957600003,0],[96.2505948030001,5.26291390300003,0],[96.250636065,5.26291573800006,0],[96.2506705500001,5.26291665300005,0],[96.2507045030001,5.26291698000006,0],[96.250749543,5.26291662100004,0],[96.250805142,5.26291511000005,0],[96.2508493450001,5.26291316300006,0],[96.2509018050001,5.26291002700003,0],[96.2509441010001,5.26290683700006,0],[96.2509743430001,5.26290419800006,0],[96.2510196370001,5.26289970400006,0],[96.2510923550001,5.26289158700007,0],[96.2511212080001,5.26288946600005,0],[96.2511539000001,5.26288852400006,0],[96.2511866520001,5.26288858600003,0],[96.2512194190001,5.26288937500004,0],[96.2512521580001,5.26289090000006,0],[96.2512848170001,5.26289345600003,0],[96.2513201130001,5.26289777100004,0],[96.2513553080001,5.26290313200008,0],[96.25140801,5.26291206200005,0],[96.2514957270001,5.26292782400003,0],[96.2515482360001,5.26293786500003,0],[96.2515830780001,5.26294513700003,0],[96.251687142,5.26296835800002,0],[96.2517219380001,5.26297534900004,0],[96.2517394070001,5.26297840300003,0],[96.2517569600001,5.26298106000007,0],[96.2517922110001,5.26298547000005,0],[96.251862998,5.26299251900002,0],[96.2520334010001,5.26300772700006,0],[96.2522506640001,5.26302711800002,0],[96.2523026570001,5.26303200400002,0],[96.2523546070001,5.26303726600003,0],[96.252407577,5.26304353200004,0],[96.252550103,5.26306239900003,0],[96.252618436,5.26307080700008,0],[96.252806488,5.26309286100008,0],[96.2528578060001,5.26309849700004,0],[96.2528920500001,5.26310184400006,0],[96.2529091910001,5.26310329200004,0],[96.2529445960001,5.26310569000003,0],[96.2529977730001,5.26310839300004,0],[96.2532733580001,5.26311935300004,0],[96.2533025970001,5.26312119300007,0],[96.2533557610001,5.26312591900006,0],[96.2534265800001,5.26313338000006,0],[96.2538867920001,5.26318399200005,0],[96.2545307730001,5.26325570900002,0],[96.2546381650001,5.26326738400007,0],[96.25480602,5.26328390600003,0],[96.2551717300001,5.26331852300007,0],[96.25527623,5.26332828500006,0],[96.2554724400001,5.26334606400007,0],[96.2558266090001,5.26338123500005,0],[96.2559328310001,5.26339205100004,0],[96.255995435,5.26339901300003,0],[96.2560655830001,5.26340743300005,0],[96.256573958,5.26347020000003,0],[96.2566597470001,5.26348178300003,0],[96.2568964580001,5.26351567400008,0],[96.25698099,5.26352716300005,0],[96.257032608,5.26353379000005,0],[96.2571393630001,5.26354656700005,0],[96.2572461780001,5.26355880900007,0],[96.25742511,5.26357727600003,0],[96.2575089030001,5.26358662700005,0],[96.2576359980001,5.26360160800004,0],[96.2577209780001,5.26361257500002,0],[96.2578237050001,5.26362723600005,0],[96.258297095,5.26369700700008,0],[96.2583321070001,5.26370248200004,0],[96.2583670500001,5.26370834900007,0],[96.2584018680001,5.26371479700003,0],[96.258453977,5.26372514300004,0],[96.2585407010001,5.26374307300006,0],[96.2586100820001,5.26375788300004,0],[96.2587665070001,5.26379270500007,0],[96.2588532720001,5.26381261700004,0],[96.258887858,5.26382106100004,0],[96.2589394170001,5.26383465400005,0],[96.2591449110001,5.26389201900002,0],[96.259194247,5.26390540200003,0],[96.259224368,5.26391323500008,0],[96.2592851470001,5.26392812400007,0],[96.2593595540001,5.26394516700003,0],[96.2594047730001,5.26395478300003,0],[96.25944995,5.26396330600005,0],[96.259501791,5.26397154900008,0],[96.259588448,5.26398383300005,0],[96.2598312430001,5.26401724300007,0],[96.2598833150001,5.26402401900003,0],[96.2599181570001,5.26402813600004,0],[96.2600231160001,5.26403894500004,0],[96.260180716,5.26405394500006,0],[96.260279805,5.26406229500003,0],[96.26039674,5.26407102800005,0],[96.2604136320001,5.26407254000003,0],[96.2604417190001,5.26407564900006,0],[96.2604703530001,5.26407991600007,0],[96.2604864850001,5.26408296300002,0],[96.2605075390001,5.26408779900004,0],[96.2605194210001,5.26409099200004,0],[96.2605421320001,5.26409813900005,0],[96.260555416,5.26410300000003,0],[96.2605685380001,5.26410828900003,0],[96.2605825540001,5.26411448400006,0],[96.2606040840001,5.26412514000003,0],[96.2606211610001,5.26413461900006,0],[96.2606440540001,5.26414882000006,0],[96.2606666230001,5.26416439200005,0],[96.2606852150001,5.26417840800002,0],[96.260698785,5.26418927200007,0],[96.2607121130001,5.26420044700006,0],[96.2607339350001,5.26421985400003,0],[96.2607572800001,5.26424208200007,0],[96.2607793880001,5.26426463000007,0],[96.260802486,5.26428969500006,0],[96.2608259990001,5.26431678600005,0],[96.2608604640001,5.26435813100005,0],[96.2609058340001,5.26441371400006,0],[96.260939297,5.26445575100007,0],[96.2609608430001,5.26448425600006,0],[96.260971167,5.26449879500007,0],[96.2609810370001,5.26451362400007,0],[96.2609903580001,5.26452882900003,0],[96.2609992220001,5.26454432800006,0],[96.261007754,5.26456003900006,0],[96.2610321960001,5.26460791200003,0],[96.261189524,5.26493065600005,0],[96.261220682,5.26499535600004,0],[96.2612429550001,5.26504353600006,0],[96.2612704800001,5.26510650500006,0],[96.261303754,5.26518580900006,0],[96.2613333420001,5.26525910500004,0],[96.2613442300001,5.26528420800003,0],[96.2613514450001,5.26529897100005,0],[96.2613591830001,5.26531343800002,0],[96.261367422,5.26532758800005,0],[96.2613761810001,5.26534136900005,0],[96.2613784270001,5.26534457100007,0],[96.261394179,5.26537351400003,0],[96.2614162450001,5.26539920800008,0],[96.26143777,5.26541247800003,0],[96.2614832040001,5.26543900400003,0],[96.26151473,5.26545031000006,0],[96.2615704560001,5.26547462200006,0],[96.2615808190001,5.26547889400007,0],[96.2615965520001,5.26548492500007,0],[96.2616461320001,5.26550506300003,0],[96.2617421950001,5.26554900800005,0],[96.2617517360001,5.26554991400008,0],[96.261760784,5.26554795500005,0],[96.2617698180001,5.26554312800005,0],[96.2617740590001,5.26553354700008,0],[96.261769224,5.26552066800002,0],[96.2617538950001,5.26550688800006,0],[96.2617227700001,5.26548124200002,0],[96.261697359,5.26545413200006,0],[96.2616343050001,5.26543152100004,0],[96.2615602490001,5.26540179800003,0],[96.2615000330001,5.26537487100006,0],[96.2614703980001,5.26536068800004,0],[96.261434449,5.26532407500002,0],[96.261425752,5.26530213500007,0],[96.2614064510001,5.26525826500006,0],[96.2613784120001,5.26518433000007,0],[96.2613422410001,5.26510518100002,0],[96.261306001,5.26501312700003,0],[96.261270783,5.26493397300004,0],[96.261231229,5.26484623800008,0],[96.261186405,5.26475375000007,0],[96.2611569410001,5.26468078000005,0],[96.2611241320001,5.26460639200008,0],[96.2610879520001,5.26452580800003,0],[96.2610426000001,5.26442328700006,0],[96.2610268710001,5.26439702200003,0],[96.260959783,5.26424177700005,0],[96.260909208,5.26412718300003,0],[96.2605423670001,5.26330150600006,0],[96.2605201750001,5.26325983400005,0],[96.26047529,5.26315539800004,0],[96.2604687670001,5.26313600500004,0],[96.260450673,5.26309538700002,0],[96.260415283,5.26301728900006,0],[96.260117312,5.26237054100005,0],[96.260074005,5.26227802400007,0],[96.2600447040001,5.26221652000004,0],[96.2600222350001,5.26217064700006,0],[96.2600044110001,5.26213572800003,0],[96.2600663630001,5.26211015000007,0],[96.2606134490001,5.26188428200004,0],[96.260792532,5.26181034600006,0],[96.2612870440001,5.26160618200004,0],[96.261507888,5.26210744200006,0],[96.2615436950001,5.26217429200005,0],[96.2615745450001,5.26223353600005,0],[96.2615986540001,5.26228184500008,0],[96.2616773290001,5.26244373900005,0],[96.261739908,5.26257342900004,0],[96.2618540720001,5.26281578800007,0],[96.2619069580001,5.26292906700007,0],[96.2619360190001,5.26299380300003,0],[96.2620266260001,5.26320424700003,0],[96.262047872,5.26325266000003,0],[96.2620625480001,5.26328521100004,0],[96.26209987,5.26336630700007,0],[96.2623625780001,5.26393334900007,0],[96.2625411400001,5.26432338800004,0],[96.262646234,5.26455082100006,0],[96.2626607500001,5.26458346600003,0],[96.2626742840001,5.26461635500004,0],[96.262680376,5.26463296000003,0],[96.2626857660001,5.26464972900004,0],[96.2626901850001,5.26466672100003,0],[96.2626932960001,5.26468322800002,0],[96.2626954940001,5.26469994300004,0],[96.2626970050001,5.26471681100003,0],[96.2626979920001,5.26473379400005,0],[96.262698571,5.26475085700002,0],[96.2626987420001,5.26478511500005,0],[96.2626976190001,5.26481939100006,0],[96.262696437,5.26483646900004,0],[96.26269469,5.26485345900005,0],[96.2626922000001,5.26487031600004,0],[96.2626887330001,5.26488697700006,0],[96.262684629,5.26490185600005,0],[96.262679415,5.26491812300003,0],[96.2626737290001,5.26493433800005,0],[96.26265858,5.26497465600005,0],[96.2626548740001,5.26499179700005,0],[96.2626313040001,5.26504329900007,0],[96.2626194900001,5.26506367400003,0],[96.2626047410001,5.26509242800006,0],[96.262600638,5.26510559300004,0],[96.2626042480001,5.26511214600004,0],[96.2626144100001,5.26511806700006,0],[96.2626311160001,5.26512156300004,0],[96.2626442270001,5.26512149500007,0],[96.2626614610001,5.26511184600002,0],[96.2626833530001,5.26508126200002,0],[96.26272821,5.26499738600006,0],[96.262772844,5.26487109300007,0],[96.262782723,5.26482265000004,0],[96.2627833670001,5.26478614700005,0],[96.262783847,5.26478176200004,0],[96.262784922,5.26476531900005,0],[96.262785072,5.26474922600005,0],[96.262784116,5.26473325600006,0],[96.2627832250001,5.26472590000003,0],[96.2627801450001,5.26470925800004,0],[96.2627779590001,5.26470081700006,0],[96.2627758840001,5.26469280400005,0],[96.2627707140001,5.26467652000002,0],[96.2627679230001,5.26466888000004,0],[96.2627648260001,5.26466040300005,0],[96.2627583390001,5.26464446100005,0],[96.2627513130001,5.26462871900003,0],[96.2627467330001,5.26461945200003,0],[96.2627289480001,5.26456782800005,0],[96.2626740790001,5.26444624000004,0],[96.262605379,5.26430082600007,0],[96.2625595270001,5.26419412600006,0],[96.262508257,5.26407670100002,0],[96.2624726390001,5.26398966200003,0],[96.2624279760001,5.26388235800005,0],[96.2623592420001,5.26373037300004,0],[96.2623031940001,5.26361118100004,0],[96.262254979,5.26350807800003,0],[96.2621995040001,5.26338469900003,0],[96.2621476750001,5.26327444600003,0],[96.2621012560001,5.26317312600003,0],[96.2620969010001,5.26316672700005,0],[96.262010499,5.26297566800002,0],[96.2619957350001,5.26293829000002,0],[96.2619432600001,5.26281848100007,0],[96.2618829250001,5.26267720600003,0],[96.2618512380001,5.26261657400005,0],[96.2618197090001,5.26254424600006,0],[96.261791153,5.26248006700007,0],[96.2617765310001,5.26244844200005,0],[96.2617616680001,5.26241723400005,0],[96.261723782,5.26233954700007,0],[96.2616775370001,5.26224675200007,0],[96.2616618180001,5.26221605700005,0],[96.261657755,5.26220835200007,0],[96.261637684,5.26217028600007,0],[96.2616298760001,5.26215476500005,0],[96.261615191,5.26212311600005,0],[96.2616081890001,5.26210706800003,0],[96.26159513,5.26207565200002,0],[96.261577194,5.26202951000005,0],[96.261566068,5.26199850000006,0],[96.2615609280001,5.26198292600003,0],[96.2615562230001,5.26196730200007,0],[96.2615517720001,5.26195024800006,0],[96.2615509280001,5.26194619600005,0],[96.261549517,5.26194231700003,0],[96.261543062,5.26193037000007,0],[96.261531501,5.26191612500003,0],[96.2615200720001,5.26189587200003,0],[96.261518219,5.26188333600004,0],[96.2615163830001,5.26187438400007,0],[96.2615157230001,5.26186184100004,0],[96.2615132390001,5.26184273600006,0],[96.2615149740001,5.26183257000002,0],[96.2615196570001,5.26181641500006,0],[96.26152039,5.26181523500003,0],[96.2615367980001,5.26178884400002,0],[96.2615711760001,5.26175281700006,0],[96.2615907680001,5.26173837600004,0],[96.2616382830001,5.26170706100004,0],[96.2616750650001,5.26167460700003,0],[96.26172081,5.26164688500006,0],[96.261745395,5.26163718700008,0],[96.261747498,5.26163608800005,0],[96.261808811,5.26160405500002,0],[96.261860514,5.26156554300007,0],[96.2618889660001,5.26154470200004,0],[96.261917623,5.26152417600002,0],[96.2619564060001,5.26149748300003,0],[96.261995599,5.26147140300003,0],[96.2620504700001,5.26143602100007,0],[96.2621062640001,5.26140090600006,0],[96.2621335320001,5.26138309100003,0],[96.2621469260001,5.26137397700006,0],[96.262171977,5.26135626800004,0],[96.2621898360001,5.26134311800007,0],[96.2622118900001,5.26132631700006,0],[96.2622371260001,5.26130651900007,0],[96.2622768690001,5.26127464900003,0],[96.2624219030001,5.26115688100003,0],[96.262488675,5.26110223200004,0],[96.262587996,5.26101996300002,0],[96.2626390730001,5.26097709400005,0],[96.2626769870001,5.26094449100003,0],[96.2627063530001,5.26091829200004,0],[96.2627677780001,5.26086239000006,0],[96.2628013300001,5.26083305200007,0],[96.262842762,5.26079858000003,0],[96.262898712,5.26075340400007,0],[96.2630533010001,5.26063003600007,0],[96.263095128,5.26059727400008,0],[96.26314963,5.26055546200007,0],[96.2632044360001,5.26051404700007,0],[96.2632620970001,5.26047126100002,0],[96.2633778160001,5.26038622100003,0],[96.263436003,5.26034416400006,0],[96.263479874,5.26031342000005,0],[96.2635240120001,5.26028305700004,0],[96.263568374,5.26025302300008,0],[96.2636124700001,5.26022379900007,0],[96.2641291410001,5.25988618200006,0],[96.2641862980001,5.25984912400003,0],[96.264241638,5.25981371300003,0],[96.264298554,5.25977832000007,0],[96.2643901230001,5.25972384700003,0],[96.2646350670001,5.25957982100005,0],[96.264681227,5.25955322900006,0],[96.2647275720001,5.25952751000005,0],[96.2647725090001,5.25950341800007,0],[96.264803392,5.25948736500004,0],[96.264851159,5.25946377200006,0],[96.2648992790001,5.25944106600002,0],[96.2650758350001,5.25935886400003,0],[96.265488002,5.25916301600006,0],[96.2655674370001,5.25912469800005,0],[96.265744865,5.25903702500005,0],[96.265825061,5.25899824900006,0],[96.266017016,5.25890734800004,0],[96.266113111,5.25886214500002,0],[96.2663110560001,5.25877090600005,0],[96.2663892520001,5.25873486300003,0],[96.2664669420001,5.25869905300004,0],[96.2665150500001,5.25867651300007,0],[96.2665637960001,5.25865312500002,0],[96.267243281,5.25832137900005,0],[96.2673040540001,5.25829170800006,0],[96.267616547,5.25813913900004,0],[96.2676967450001,5.25809941700004,0],[96.2679197950001,5.25798775500004,0],[96.2679836900001,5.25795619900003,0],[96.268031539,5.25793333700005,0],[96.2680794230001,5.25791102700003,0],[96.26811639,5.25789398000006,0],[96.2681680470001,5.25787015900005,0],[96.2681720720001,5.25786830300007,0],[96.2684312330001,5.25774879300008,0],[96.2684782870001,5.25772647200006,0],[96.268538929,5.25769693100005,0],[96.2689581670001,5.25749020800004,0],[96.2690366950001,5.25745121100005,0],[96.2690679900001,5.25743538000006,0],[96.269115985,5.25741050600004,0],[96.2692912730001,5.25731792800002,0],[96.2693551550001,5.25728454000006,0],[96.2694190710001,5.25725227700002,0],[96.2695473250001,5.25718928900005,0],[96.2696116700001,5.25715825600003,0],[96.2696597490001,5.25713588100007,0],[96.2698380310001,5.25705584500002,0],[96.2698683390001,5.25704223800005,0],[96.2699323790001,5.25701312600006,0],[96.269987122,5.25698719300004,0],[96.2700833650001,5.25693989800004,0],[96.2705149480001,5.25672589900006,0],[96.2706263330001,5.25667041200006,0],[96.2706474180001,5.25665976600004,0],[96.2706899940001,5.25663826900006,0],[96.2707859230001,5.25658884400002,0],[96.2709726840001,5.25649214500004,0],[96.271017294,5.25650183700003,0],[96.271049674,5.25653966300007,0],[96.2710685870001,5.25656209200002,0],[96.2710719340001,5.25656606100006,0],[96.2710827760001,5.25657891900005,0],[96.271096603,5.25656849900002,0],[96.2711068990001,5.25656074100004,0],[96.271110558,5.25655798400004,0],[96.2711085640001,5.25655531900003,0],[96.27107743,5.25651370900005,0],[96.2710522120001,5.25647799500007,0],[96.2710356970001,5.25643407400003,0],[96.2710490410001,5.25641850800002,0],[96.2710494620001,5.25641826200007,0],[96.2711367380001,5.25636714700005,0],[96.2711781260001,5.25634972400007,0],[96.2712439190001,5.25634937900003,0],[96.271266182,5.25636718400006,0],[96.2713123520001,5.25644365200003,0],[96.2713346930001,5.25647651200006,0],[96.2713882130001,5.25645400700006,0],[96.2713677190001,5.25643040000006,0],[96.2713659090001,5.25642831500005,0],[96.2713270410001,5.25638048700006,0],[96.2713118390001,5.25634543700005,0],[96.271321244,5.25632699500005,0],[96.271331864,5.25630617200005,0],[96.2713449400001,5.25629940100004,0],[96.271950459,5.25598542700004,0],[96.2720124670001,5.25595327500002,0],[96.2721379070001,5.25588861400007,0],[96.2721851840001,5.25586484000007,0],[96.2722326990001,5.25584153000005,0],[96.2722815720001,5.25581788000005,0],[96.2726773570001,5.25562635900008,0],[96.2727407250001,5.25559530700002,0],[96.2727889440001,5.25557116000004,0],[96.273397946,5.25526173700007,0],[96.2738779040001,5.25501548600005,0],[96.274120139,5.25489120300006,0],[96.275074197,5.25440598300003,0],[96.2751207540001,5.25438198400008,0],[96.2751671770001,5.25435736700007,0],[96.2752597670001,5.25430619700006,0],[96.275737216,5.25403909900007,0],[96.2757851710001,5.25401214700003,0],[96.2764845660001,5.25361906600006,0],[96.2767338150001,5.25347925800003,0],[96.2767959330001,5.25344399800002,0],[96.2768419650001,5.25341667800006,0],[96.276857066,5.25340718900003,0],[96.276886301,5.25338773400006,0],[96.276929415,5.25335738600006,0],[96.276951201,5.25334155800005,0],[96.2769735400001,5.25337515100006,0],[96.2769826900001,5.25338241000003,0],[96.276994599,5.25338055500004,0],[96.2770035200001,5.25337692300008,0],[96.277009019,5.25337395700006,0],[96.2770225370001,5.25336666700002,0],[96.2770266590001,5.25335708700004,0],[96.2770261700001,5.25335509200005,0],[96.277023005,5.25334217000005,0],[96.277016356,5.25332428300004,0],[96.27699498,5.25329363300006,0],[96.2769827290001,5.25327606800005,0],[96.2769789800001,5.25327017200004,0],[96.2769550880001,5.25323260100004,0],[96.2769759560001,5.25322175200006,0],[96.2770793060001,5.25316802400005,0],[96.2771021060001,5.25319717800005,0],[96.277106959,5.25320541900004,0],[96.2771147320001,5.25321861900005,0],[96.277127878,5.25322512200006,0],[96.27714337,5.25322444200003,0],[96.2771650760001,5.25322015700004,0],[96.2771695750001,5.25322119900005,0],[96.277175345,5.25323048800004,0],[96.2772001850001,5.25326261800006,0],[96.2772091960001,5.25327619200004,0],[96.2772108360001,5.25327680600003,0],[96.2772195860001,5.25328008000002,0],[96.2772282060001,5.25327579600003,0],[96.2772363490001,5.25327174800003,0],[96.2772265780001,5.25324957500004,0],[96.277215299,5.25321325500005,0],[96.2772145750001,5.25321092500008,0],[96.2772177510001,5.25320266400007,0],[96.2772275990001,5.25319642100004,0],[96.2772377090001,5.25319001300005,0],[96.277267276,5.25316870900002,0],[96.277284626,5.25315979600003,0],[96.2773036620001,5.25315001600006,0],[96.2773279020001,5.25313756300005,0],[96.277343542,5.25312784100004,0],[96.277361048,5.25311695800002,0],[96.2773843310001,5.25310264300003,0],[96.277432156,5.25307791500006,0],[96.277495473,5.25304397900004,0],[96.277985313,5.25277921800006,0],[96.27806408,5.25273603100004,0],[96.278284312,5.25261449000004,0],[96.278362256,5.25257215700003,0],[96.2787002800001,5.25239252900008,0],[96.2790223310001,5.25222339300007,0],[96.2792239180001,5.25211583100003,0],[96.279270549,5.25209045400004,0],[96.2794279830001,5.25200335200003,0],[96.2794596320001,5.25198566800003,0],[96.2794908530001,5.25196762800005,0],[96.279506064,5.25195836500006,0],[96.279520791,5.25194885000008,0],[96.279534787,5.25193898500004,0],[96.2795477130001,5.25192864300004,0],[96.2795591020001,5.25191765800002,0],[96.2795683320001,5.25190581800007,0],[96.2795733250001,5.25189641700007,0],[96.2795769160001,5.25188505800003,0],[96.279578256,5.25187342900006,0],[96.279577407,5.25186280300005,0],[96.2795773340001,5.25186188600003,0],[96.279573681,5.25185021600004,0],[96.2795732640001,5.25184888300004,0],[96.2795688560001,5.25184077300003,0],[96.2795633150001,5.25183324200003,0],[96.2795600460001,5.25182982200005,0],[96.2795560060001,5.25182559700005,0],[96.2795477280001,5.25181889600003,0],[96.2795386390001,5.25181330700002,0],[96.2795306560001,5.25180969800005,0],[96.2795222620001,5.25180711500008,0],[96.2795128180001,5.25180556500004,0],[96.279503063,5.25180504500003,0],[96.2794666560001,5.25180602200004,0],[96.2794626470001,5.25180588000006,0],[96.279457768,5.25180570800006,0],[96.2794473700001,5.25180476200006,0],[96.2794344760001,5.25180249800007,0],[96.2794213440001,5.25179862400006,0],[96.2794088840001,5.25179321800005,0],[96.279397352,5.25178624600005,0],[96.2793905280001,5.25178086300002,0],[96.2793842680001,5.25177480100007,0],[96.2793754130001,5.25176369300004,0],[96.279367246,5.25175009700007,0],[96.279360281,5.25173535300007,0],[96.2793542640001,5.25171978200007,0],[96.27934903,5.25170362200004,0],[96.2793445,5.25168704600003,0],[96.2793406770001,5.25167017500007,0],[96.2793376380001,5.25165309600004,0],[96.27933555,5.25163585900003,0],[96.27933483,5.25162524700005,0],[96.279334561,5.25160813800005,0],[96.2793353440001,5.25159101600002,0],[96.2793371060001,5.25157419300007,0],[96.2793396450001,5.25155741800006,0],[96.2793427650001,5.25154069300004,0],[96.279346327,5.25152402700007,0],[96.2793544720001,5.25149091700007,0],[96.2793590090001,5.25147451900006,0],[96.2793638950001,5.25145827000006,0],[96.2793692120001,5.25144222500006,0],[96.2793750900001,5.25142645800003,0],[96.2793817140001,5.25141106400002,0],[96.279389972,5.25139489000003,0],[96.279398874,5.25138002300002,0],[96.279408613,5.25136565200006,0],[96.279419052,5.25135173300004,0],[96.279425195,5.25134411100004,0],[96.2794397360001,5.25132739700007,0],[96.279448185,5.25131835500002,0],[96.2794660630001,5.25130036400003,0],[96.2794862270001,5.25128153600002,0],[96.2794973750001,5.25127165500004,0],[96.2795201260001,5.25125239900007,0],[96.2795461860001,5.25123164800004,0],[96.2795774100001,5.25120820300003,0],[96.2796148360001,5.25118163200005,0],[96.2796468830001,5.25115987400005,0],[96.279683043,5.25113615400005,0],[96.2797556180001,5.25109025200004,0],[96.279843096,5.25103587400002,0],[96.2798872020001,5.25100941300008,0],[96.2799020670001,5.25100091300004,0],[96.2799257460001,5.25098812500005,0],[96.279947366,5.25097745900007,0],[96.279978714,5.25096331300006,0],[96.280010501,5.25095014700003,0],[96.2800428250001,5.25093793100007,0],[96.2800601340001,5.25093195900007,0],[96.2800757030001,5.25092697100007,0],[96.2801044860001,5.25091840700003,0],[96.280166207,5.25090064300002,0],[96.2801939510001,5.25089213500007,0],[96.2802172150001,5.25088452700004,0],[96.2802390690001,5.25087698900006,0],[96.2802805320001,5.25086176500002,0],[96.280347884,5.25083538700005,0],[96.2803680120001,5.25082722000008,0],[96.280476428,5.25078323100007,0],[96.2805381810001,5.25075751700007,0],[96.2805853690001,5.25073687000003,0],[96.280610433,5.25072525100006,0],[96.280643544,5.25070896200003,0],[96.2806759150001,5.25069183400007,0],[96.2807067310001,5.25067439100008,0],[96.280748853,5.25064894200005,0],[96.280845737,5.25058799800007,0],[96.280901531,5.25055346000005,0],[96.280959313,5.25051834900006,0],[96.2810328040001,5.25047430900003,0],[96.2810512840001,5.25046331800007,0],[96.2811423810001,5.25040913600003,0],[96.281151337,5.25040380900003,0],[96.2812108300001,5.25036901000004,0],[96.281240854,5.25035217700002,0],[96.2812560120001,5.25034406200007,0],[96.2812737020001,5.25033506400007,0],[96.281285827,5.25032925200003,0],[96.2813151710001,5.25031631000007,0],[96.281335013,5.25030829900004,0],[96.281419273,5.25027670200006,0],[96.2814864690001,5.25025082800005,0],[96.281804793,5.25012561800003,0],[96.2818716,5.25009877500003,0],[96.2819211510001,5.25007776700005,0],[96.2819537070001,5.25006320700004,0],[96.282002344,5.25004090600004,0],[96.282886471,5.24963062900002,0],[96.2829661750001,5.24959380900003,0],[96.2830141150001,5.24957198300007,0],[96.283111132,5.24952913700002,0],[96.283467612,5.24937373300003,0],[96.2835327600001,5.24934632900005,0],[96.283619361,5.24931230900006,0],[96.283654385,5.24929800400002,0],[96.2836892330001,5.24928283500003,0],[96.283731555,5.24926323600005,0],[96.2837905220001,5.24923469000004,0],[96.283844044,5.24920816900004,0],[96.283893403,5.24918320500007,0],[96.283957495,5.24915006900005,0],[96.2840315760001,5.24911095100003,0],[96.2843736460001,5.24892891300004,0],[96.2846719780001,5.24876957700008,0],[96.2847173590001,5.24874582700005,0],[96.284762228,5.24872281000006,0],[96.2848847400001,5.24866113800005,0],[96.2849141180001,5.24864654600003,0],[96.2852177080001,5.24849575100006,0],[96.2852984140001,5.24845643500004,0],[96.285571437,5.24832449300004,0],[96.2859381550001,5.24814535000007,0],[96.286216353,5.24800838700003,0],[96.28640584,5.24791427200006,0],[96.2864696140001,5.24788287800004,0],[96.2865174060001,5.24785999400007,0],[96.2865812000001,5.24783012900002,0],[96.2869006370001,5.24768176300006,0],[96.286980611,5.24764492900005,0],[96.2870291610001,5.24762311900002,0],[96.287094342,5.24759439100006,0],[96.2878447950001,5.24726596300007,0],[96.2885992380001,5.24694271100003,0],[96.2886813380001,5.24690781400005,0],[96.2887308410001,5.24688748800003,0],[96.288796457,5.24686222400004,0],[96.289060276,5.24676459100004,0],[96.2892405850001,5.24669912500002,0],[96.28930446,5.24667496300003,0],[96.2893728720001,5.24664780000006,0],[96.2894827540001,5.24660230800004,0],[96.290232545,5.24628821900006,0],[96.2911187010001,5.24591632100004,0],[96.291200642,5.24588161300005,0],[96.291233252,5.24586736400005,0],[96.2912655200001,5.24585265700006,0],[96.291313362,5.24582980100007,0],[96.291360996,5.24580649100005,0],[96.291789065,5.24559528800006,0],[96.2921876070001,5.24539629300006,0],[96.2922515110001,5.24536475000002,0],[96.292283646,5.24534937600004,0],[96.2923087390001,5.24533782500004,0],[96.292344975,5.24532190800005,0],[96.292377936,5.24530799100006,0],[96.293333767,5.24491634300006,0],[96.2934303330001,5.24487735900004,0],[96.2934973930001,5.24485133800005,0],[96.2935814730001,5.24481948100004,0],[96.2936321110001,5.24480089300005,0],[96.2936978000001,5.24477803000002,0],[96.2938290610001,5.24473347800006,0],[96.293862479,5.24472213600006,0],[96.293963454,5.24468659400003,0],[96.2942100400001,5.24459830300003,0],[96.2950101810001,5.24431181100005,0],[96.2952593370001,5.24422148600007,0],[96.2953420710001,5.24419115100005,0],[96.2953914010001,5.24417226800006,0],[96.295429357,5.24415649600007,0],[96.295454727,5.24414486500007,0],[96.2955004400001,5.24412248200002,0],[96.295515988,5.24411514200006,0],[96.2955474090001,5.24410108300003,0],[96.295579106,5.24408754800004,0],[96.2956428730001,5.24406119700006,0],[96.2957548040001,5.24401575000007,0],[96.2957975830001,5.24399865000004,0],[96.2958028740001,5.24399653500006,0],[96.2958511620001,5.24397790900002,0],[96.295884593,5.24396574000002,0],[96.2959349710001,5.24394811000008,0],[96.296153614,5.24387332200007,0],[96.2963726870001,5.24379838700003,0],[96.29682605,5.24364168400007,0],[96.2969433440001,5.24360080200006,0],[96.297082989,5.24355162800003,0],[96.297221968,5.24350268800004,0],[96.2973109820001,5.24347134300007,0],[96.2976515590001,5.24335096600004,0],[96.2976801390001,5.24334884900003,0],[96.2977646100001,5.24333338200006,0],[96.2979930380001,5.24326080900005,0],[96.2982119480001,5.24318585600003,0],[96.298359475,5.24312874800006,0],[96.2985450730001,5.24305260600005,0],[96.298658097,5.24298479100003,0],[96.2987223430001,5.24294672000002,0],[96.2987925370001,5.24290388900005,0],[96.2988615410001,5.24286581800004,0],[96.2989579090001,5.24282298800006,0],[96.2991351790001,5.24275398300006,0],[96.2992505830001,5.24271353300003,0],[96.2994195250001,5.24265523600008,0],[96.299519462,5.24261954400004,0],[96.299605123,5.24259218000003,0],[96.2997229060001,5.24255172900007,0],[96.2998192740001,5.24251841700004,0],[96.2999227810001,5.24248272500006,0],[96.3000179590001,5.24244346400008,0],[96.300133363,5.24239468500002,0],[96.3002190240001,5.24236613100004,0],[96.3003308580001,5.24232092100004,0],[96.300431985,5.24228523000005,0],[96.3005616660001,5.24223407100004,0],[96.3006794490001,5.24219124100006,0],[96.3007772400001,5.24215393900005,0],[96.3007948530001,5.24214722100004,0],[96.300900739,5.24210558000004,0],[96.3009408450001,5.24208414500004,0],[96.300969744,5.24206869900007,0],[96.3010661120001,5.24203062700008,0],[96.3010910960001,5.24202705800008,0],[96.3011035060001,5.24202651800005,0],[96.3011184600001,5.24202586800004,0],[96.3011517720001,5.24201754000006,0],[96.3011838950001,5.24200564300003,0],[96.3012350540001,5.24199493500004,0],[96.301282643,5.24197233000007,0],[96.30129573,5.24195805400007,0],[96.301302546,5.24195228700006,0],[96.3013111960001,5.24194496700005,0],[96.3013361810001,5.24193188000004,0],[96.301361054,5.24193010300007,0],[96.301369493,5.24192950000003,0],[96.3013909080001,5.24192950000003,0],[96.301414703,5.24192236200003,0],[96.3015307250001,5.24188297900002,0],[96.3015443840001,5.24187834200006,0],[96.3015955420001,5.24185811600006,0],[96.301671647,5.24182825200006,0],[96.301826196,5.24177348400002,0],[96.3018542300001,5.24176343500005,0],[96.301948892,5.24174152300003,0],[96.3020833310001,5.24169036400002,0],[96.3022391860001,5.24163682600005,0],[96.3023010520001,5.24161303200003,0],[96.3023153290001,5.24160232400004,0],[96.3023260360001,5.24159399600006,0],[96.3023444760001,5.24158315000005,0],[96.3023462620001,5.24158209900003,0],[96.3024093180001,5.24155711400005,0],[96.3025485160001,5.24150952500003,0],[96.302591728,5.24149695400007,0],[96.3026793860001,5.24147145400002,0],[96.3026922210001,5.24146305400006,0],[96.3027614750001,5.24143823000003,0],[96.302990687,5.24135646800005,0],[96.303317651,5.24124067100007,0],[96.3033666250001,5.24122311100007,0],[96.3034160670001,5.24120489200004,0],[96.303516964,5.24116620200004,0],[96.3035418410001,5.24115656000004,0],[96.304138337,5.24092536300003,0],[96.3042053190001,5.24089884600005,0],[96.3042849460001,5.24086586100003,0],[96.3043642850001,5.24083217300006,0],[96.3044117850001,5.24081149900007,0],[96.3045069770001,5.24076887500007,0],[96.3045860810001,5.24073285600002,0],[96.3046667450001,5.24069492500007,0],[96.3049098060001,5.24057900000003,0],[96.3049584020001,5.24055551600003,0],[96.3049906000001,5.24053936800004,0],[96.3050106750001,5.24052878900005,0],[96.3050328910001,5.24051641800003,0],[96.30506295,5.24049882000003,0],[96.3050927250001,5.24048068300004,0],[96.3051221000001,5.24046202000005,0],[96.3051233130001,5.24046121200007,0],[96.305167113,5.24043853000006,0],[96.3052670500001,5.24038237500002,0],[96.3053013140001,5.24033859200006,0],[96.3053414520001,5.24030453600005,0],[96.3053641320001,5.24028529300006,0],[96.3054402750001,5.24024246200003,0],[96.3055306950001,5.24018154800007,0],[96.3056115960001,5.24009303200006,0],[96.305647499,5.24007159800004,0],[96.3056753660001,5.24005496100006,0],[96.3057477010001,5.24001879300005,0],[96.305795291,5.23997977000005,0],[96.3058485910001,5.23991504800006,0],[96.3058809510001,5.23986079700006,0],[96.3059028420001,5.23978179900007,0],[96.3059209260001,5.23966663300007,0],[96.3059304440001,5.23955241900006,0],[96.305921878,5.23948293800004,0],[96.3059076010001,5.23939537400003,0],[96.3058581080001,5.23926878700007,0],[96.3058190850001,5.23916789800006,0],[96.3057667370001,5.23904226200005,0],[96.3057648330001,5.23890742600003,0],[96.3057743510001,5.23880510900005,0],[96.3058124230001,5.23865758300008,0],[96.3058481150001,5.23854574800004,0],[96.3058481150001,5.23848864100006,0],[96.3058243200001,5.23840773900002,0],[96.3057824900001,5.23828623200006,0],[96.3057834290001,5.23828578200005,0],[96.305815775,5.23827141100003,0],[96.3060928670001,5.23815388400004,0],[96.3061905000001,5.23811193200004,0],[96.306337027,5.23804820300006,0],[96.30636975,5.23803443500003,0],[96.3064026790001,5.23802160100007,0],[96.3064192730001,5.23801585000007,0],[96.3064314170001,5.23801218800003,0],[96.3064359910001,5.23801080800007,0],[96.3064528100001,5.23800672500005,0],[96.306469748,5.23800371600004,0],[96.306480369,5.23800246000008,0],[96.30649227,5.23800169100002,0],[96.3065041680001,5.23800159800004,0],[96.306516032,5.23800218900004,0],[96.3065237980001,5.23800296800005,0],[96.3065384080001,5.23800531000006,0],[96.3065528370001,5.23800872800007,0],[96.3065675330001,5.23801335700006,0],[96.306572288,5.23801515500003,0],[96.306602404,5.23804844100005,0],[96.3066404750001,5.23808651200005,0],[96.3066975820001,5.23812458300006,0],[96.3067546890001,5.23815075700003,0],[96.3067778440001,5.23815972000006,0],[96.306828453,5.23817931100007,0],[96.3068831800001,5.23820548500004,0],[96.306950063,5.23823414900005,0],[96.306971543,5.23824623700006,0],[96.3072002050001,5.23837308700007,0],[96.3072462210001,5.23839810900006,0],[96.307277592,5.23841415800007,0],[96.3072936520001,5.23842175800007,0],[96.3073074600001,5.23842782800006,0],[96.307321404,5.23843351100004,0],[96.307345776,5.23844229600007,0],[96.3073584250001,5.23844620600005,0],[96.307371178,5.23844964800003,0],[96.3073840340001,5.23845255000003,0],[96.307398688,5.23845509700004,0],[96.3074134440001,5.23845688500006,0],[96.307428267,5.23845792200007,0],[96.307440177,5.23845819900004,0],[96.307452094,5.23845800300006,0],[96.307462361,5.23845747000007,0],[96.3074726130001,5.23845659800003,0],[96.3074925060001,5.23845393100004,0],[96.3075048470001,5.23845165800003,0],[96.3075171130001,5.23844893600005,0],[96.307529151,5.23844580700006,0],[96.30754547,5.23844090300003,0],[96.3075616340001,5.23843538100004,0],[96.3075776420001,5.23842933200007,0],[96.3076079140001,5.23841669500007,0],[96.3076435830001,5.23840040700003,0],[96.3076726350001,5.23838633200006,0],[96.307707329,5.23836850000004,0],[96.307731383,5.23835523800005,0],[96.3077598570001,5.23833858900002,0],[96.3077878980001,5.23832135000004,0],[96.3078270680001,5.23829592800007,0],[96.3078600680001,5.23827347900004,0],[96.307879954,5.23825266900008,0],[96.3078920720001,5.23823998700004,0],[96.3079586970001,5.23819715700006,0],[96.3079682140001,5.23818882900002,0],[96.307988407,5.23817562500005,0],[96.307999147,5.23816860300008,0],[96.3080472840001,5.23813197800007,0],[96.308084185,5.23809862500002,0],[96.308108099,5.23807743000003,0],[96.3081398680001,5.23805074400002,0],[96.3081792410001,5.23801923600007,0],[96.308219094,5.23798831900007,0],[96.3082594480001,5.23795806800007,0],[96.3082919870001,5.23793485500005,0],[96.3083379930001,5.23790359500003,0],[96.3084037930001,5.23786033400006,0],[96.3084898430001,5.23780452200003,0],[96.308517356,5.23778696100004,0],[96.3085505990001,5.23776623000003,0],[96.308601406,5.23773568200005,0],[96.308644459,5.23771098200007,0],[96.308688261,5.23768701200004,0],[96.3087327550001,5.23766363900006,0],[96.3087925710001,5.23763317700002,0],[96.3088226990001,5.23761827300007,0],[96.308853001,5.23760373700003,0],[96.3088819310001,5.23759044200006,0],[96.3089110240001,5.23757750000004,0],[96.308940234,5.23756481900006,0],[96.3089787630001,5.23754858100006,0],[96.309027191,5.23752903800005,0],[96.3090758740001,5.23751013800006,0],[96.3091229410001,5.23749256700006,0],[96.3092449910001,5.23744791900003,0],[96.309325969,5.23741709900003,0],[96.309371749,5.23739901300007,0],[96.3094180910001,5.23738007600002,0],[96.309464657,5.23736047000006,0],[96.3095104870001,5.23734059800006,0],[96.3095391270001,5.23732781200005,0],[96.3095877980001,5.23730554400004,0],[96.3098951490001,5.23716251000008,0],[96.3100089480001,5.23711003300002,0],[96.310403029,5.23692962300004,0],[96.3107226970001,5.23678328000005,0],[96.3108575350001,5.23672155100007,0],[96.310934246,5.23668684900002,0],[96.3109894200001,5.23666260300007,0],[96.3113478660001,5.23650888700007,0],[96.3114552280001,5.23646340100004,0],[96.311531185,5.23643209600004,0],[96.311723799,5.23635472400002,0],[96.3117881860001,5.23632854700003,0],[96.3119020540001,5.23628128700005,0],[96.3119032590001,5.23628078400003,0],[96.3119149350001,5.23627590700005,0],[96.3120361730001,5.23622527000003,0],[96.3121458310001,5.23617947000002,0],[96.312908232,5.23585536300004,0],[96.3129168990001,5.23585167800007,0],[96.313330078,5.23567409300006,0],[96.313462294,5.23561697800005,0],[96.3136065320001,5.23555339200004,0],[96.3138487570001,5.23544551400005,0],[96.313977778,5.23538899500005,0],[96.3140592760001,5.23535409300007,0],[96.314373608,5.23522327100005,0],[96.314484135,5.23517765500003,0],[96.314665221,5.23510490500007,0],[96.3148360820001,5.23503736200007,0],[96.314875155,5.23502191600005,0],[96.314939886,5.23499574600004,0],[96.3150847470001,5.23493552300005,0],[96.3154822220001,5.23476947300003,0],[96.315564942,5.23473467300005,0],[96.3156613230001,5.23469330100005,0],[96.3157530990001,5.23465339800003,0],[96.3160023670001,5.23454306100007,0],[96.3166060710001,5.23427780100008,0],[96.316756087,5.23421258000008,0],[96.3168791100001,5.23416003700004,0],[96.3169745380001,5.23411997400007,0],[96.317414967,5.23393711900007,0],[96.3175521890001,5.23387993500006,0],[96.3176249270001,5.23384962400007,0],[96.317792512,5.23377978700006,0],[96.3193489600001,5.23312323700003,0],[96.31961298,5.23301160300002,0],[96.319729722,5.23296224200004,0],[96.3198227660001,5.23292290100005,0],[96.319904502,5.23288869800007,0],[96.3199664090001,5.23286349500006,0],[96.3200326200001,5.23283704100004,0],[96.320341124,5.23271521000004,0],[96.3204228720001,5.23268268100003,0],[96.3204590440001,5.23266813500004,0],[96.3213679260001,5.23230263400006,0],[96.3225007250001,5.23184853400005,0],[96.322871019,5.23169849600004,0],[96.323526659,5.23143209900007,0],[96.3238986310001,5.23128181900006,0],[96.3239957740001,5.23124288800005,0],[96.3240770560001,5.23121138300007,0],[96.3243051900001,5.23112462600005,0],[96.3243867350001,5.23109382900003,0],[96.324435807,5.23107575300003,0],[96.3244865280001,5.23105783100004,0],[96.324554344,5.23103446100004,0],[96.3247240370001,5.23097645700005,0],[96.3248064590001,5.23094863900008,0],[96.324855615,5.23093253400003,0],[96.3249060630001,5.23091648700006,0],[96.3252535070001,5.23080776700004,0],[96.325293419,5.23079527800007,0],[96.3253776650001,5.23076937400003,0],[96.3254954330001,5.23073429400006,0],[96.3258152550001,5.23063962400005,0],[96.325916523,5.23061023700006,0],[96.326001669,5.23058656900002,0],[96.3261033050001,5.23055883400002,0],[96.326201702,5.23053253000006,0],[96.326286209,5.23051049800006,0],[96.3269351260001,5.23034650000005,0],[96.327194729,5.23028233100007,0],[96.3272467140001,5.23026978300004,0],[96.3272814380001,5.23026171100003,0],[96.327334088,5.23025020100005,0],[96.3274044280001,5.23023547700006,0],[96.3274053920001,5.23023527800007,0],[96.327503984,5.23021490200006,0],[96.3283897530001,5.23003183900005,0],[96.3284948310001,5.23001094100005,0],[96.3288623720001,5.22993901400002,0],[96.3289317730001,5.22992575800004,0],[96.3290330120001,5.22990718800003,0],[96.3291751030001,5.22988216000005,0],[96.3294762820001,5.22982997400004,0],[96.3298661330001,5.22976242400006,0],[96.329879507,5.22976010700006,0],[96.329976414,5.22974384100007,0],[96.3300634030001,5.22973027500007,0],[96.3300923200001,5.22972594400005,0],[96.3301234950001,5.22972127500003,0],[96.33023489,5.22970459100003,0],[96.330511545,5.22966472100006,0],[96.3305987100001,5.22965294300008,0],[96.3307075220001,5.22963855400008,0],[96.3307615960001,5.22963140400003,0],[96.3308428660001,5.22962065700005,0],[96.3309788050001,5.22960341800007,0],[96.331112648,5.22958735000003,0],[96.3311934690001,5.22957860900004,0],[96.3312173950001,5.22957602100007,0],[96.3312921240001,5.22956823700002,0],[96.3314444470001,5.22955237000002,0],[96.3316455140001,5.22953278900007,0],[96.3317655910001,5.22952047700005,0],[96.3318272370001,5.22951346000002,0],[96.3319440600001,5.22949867500006,0],[96.332021335,5.22948814600005,0],[96.332050608,5.22948362700004,0],[96.3320840380001,5.22947785500003,0],[96.332118634,5.22947125400003,0],[96.3321530090001,5.22946398400006,0],[96.33217002,5.22945997500005,0],[96.3321868240001,5.22945558700007,0],[96.332203318,5.22945066500006,0],[96.3322193600001,5.22944499300007,0],[96.3322280360001,5.22944121400008,0],[96.332234757,5.22943828600006,0],[96.332242841,5.22943403900007,0],[96.3322525010001,5.22942809100005,0],[96.3322616190001,5.22942141900006,0],[96.3322717570001,5.22941246200003,0],[96.3322809950001,5.22940253700006,0],[96.3322881220001,5.22939339100003,0],[96.332290045,5.22939052200007,0],[96.3322946220001,5.22938369100007,0],[96.332300536,5.22937352000002,0],[96.3323065550001,5.22936151200003,0],[96.3323130890001,5.22934606400003,0],[96.332318801,5.22933013000005,0],[96.332323838,5.22931385200008,0],[96.332328277,5.22929733600006,0],[96.3323321220001,5.22928065500003,0],[96.3323353090001,5.22926386300003,0],[96.3323361490001,5.22925824100003,0],[96.3323371290001,5.22925168700004,0],[96.332338473,5.22923948800008,0],[96.3323392520001,5.22922727900004,0],[96.332339404,5.22921773500002,0],[96.3323389230001,5.22920455900004,0],[96.3323376930001,5.22919144100007,0],[96.332337131,5.22918766000004,0],[96.3323357580001,5.22917841200007,0],[96.3323337350001,5.22916817800007,0],[96.3323312890001,5.22915804000007,0],[96.3323269260001,5.22914325200003,0],[96.332326703,5.22914262800003,0],[96.332324595,5.22913673100004,0],[96.3323220230001,5.22910672200004,0],[96.3323219980001,5.22910642600004,0],[96.332319618,5.22908501100005,0],[96.3323101000001,5.22904575000007,0],[96.3322997010001,5.22902495000005,0],[96.3322993930001,5.22902433500008,0],[96.3322934440001,5.22901124800006,0],[96.3322791670001,5.22899221200004,0],[96.3322684600001,5.22897793500005,0],[96.3322684600001,5.22895890000007,0],[96.3322684600001,5.22894224300006,0],[96.332270839,5.22893510500006,0],[96.332277978,5.22891963800004,0],[96.332287496,5.22891131000006,0],[96.3322922550001,5.22890179200004,0],[96.3322958240001,5.22889941300002,0],[96.332336275,5.22885583900006,0],[96.3323570950001,5.22883263900007,0],[96.3323826740001,5.22880230100003,0],[96.3324159860001,5.22878207600007,0],[96.3324707140001,5.22877374800004,0],[96.3325052160001,5.22877791200006,0],[96.3325444770001,5.22878445500004,0],[96.332580169,5.22878802400004,0],[96.3326105070001,5.22878861900006,0],[96.3326426300001,5.22878624000003,0],[96.3326896250001,5.22878624000003,0],[96.332714609,5.22878802400004,0],[96.3327259110001,5.22879040400005,0],[96.3327604130001,5.22879278300007,0],[96.3327788540001,5.22879337800003,0],[96.332790979,5.22880101200008,0],[96.3327949160001,5.22880349100006,0],[96.3328109770001,5.22880706000007,0],[96.3328710580001,5.22881122400003,0],[96.332890094,5.22881598300006,0],[96.332902586,5.22882371600002,0],[96.3329195370001,5.22882775200003,0],[96.332988636,5.22884741300004,0],[96.3330215270001,5.22885639700007,0],[96.3330544490001,5.22886477900005,0],[96.333065161,5.22886722900006,0],[96.3330709400001,5.22886855100006,0],[96.333077239,5.22886982200004,0],[96.3330874630001,5.22887188600004,0],[96.3331040360001,5.22887461700003,0],[96.3331206770001,5.22887652600002,0],[96.3331376790001,5.22887744700006,0],[96.3331547510001,5.22887752300005,0],[96.3331682300001,5.22887709500003,0],[96.3331718750001,5.22887697900006,0],[96.333192776,5.22887557900003,0],[96.333206223,5.22887467800007,0],[96.3332138040001,5.22887394600002,0],[96.3332578740001,5.22886969000007,0],[96.333333333,5.22886136200003,0],[96.333355113,5.22885525800007,0],[96.3333931990001,5.22884328400005,0],[96.3334421070001,5.22883990600008,0],[96.3334499410001,5.22883921000005,0],[96.3335261130001,5.22882759100003,0],[96.333583859,5.22882114200007,0],[96.3336326610001,5.22881723100005,0],[96.333652783,5.22881441300007,0],[96.33366434,5.22881246000003,0],[96.3336814660001,5.22880895900005,0],[96.3336908030001,5.22880747700003,0],[96.3337094510001,5.22880318700004,0],[96.3337273450001,5.22879904400003,0],[96.3337411620001,5.22879461300005,0],[96.3337545750001,5.22879101900003,0],[96.333762494,5.22878920500006,0],[96.3337933320001,5.22878140400007,0],[96.3337986020001,5.22878033500007,0],[96.3337996930001,5.22878000900005,0],[96.3338015210001,5.22877960800002,0],[96.3338353410001,5.22877210200005,0],[96.333844807,5.22877006300007,0],[96.3338595820001,5.22876688800005,0],[96.3338726160001,5.22876441200003,0],[96.33388992,5.22876043700006,0],[96.3339085100001,5.22875532600005,0],[96.3339931930001,5.22873151800007,0],[96.334097322,5.22870510400003,0],[96.334170095,5.22868925700004,0],[96.334220825,5.22867178400003,0],[96.334271341,5.22865478300002,0],[96.3343215040001,5.22863670600003,0],[96.3343334090001,5.22863480100006,0],[96.334410291,5.22861547900004,0],[96.3344178410001,5.22861308600005,0],[96.334435049,5.22861125700007,0],[96.334480043,5.22860560400005,0],[96.334484047,5.22860527700004,0],[96.3345196450001,5.22860569800002,0],[96.3345767590001,5.22859582900003,0],[96.3346439360001,5.22858011900007,0],[96.3346569190001,5.22857681700003,0],[96.3347612030001,5.22854891200006,0],[96.334777015,5.22854437200004,0],[96.3347922890001,5.22854028900002,0],[96.334811518,5.22853387900005,0],[96.334891197,5.22852014700004,0],[96.334996345,5.22849335500007,0],[96.335010986,5.22849085500008,0],[96.3350673520001,5.22848122800002,0],[96.3350725930001,5.22848019700007,0],[96.3350928840001,5.22847542800002,0],[96.3351278640001,5.22846960700002,0],[96.3351494330001,5.22846713100006,0],[96.3351531760001,5.22846666700002,0],[96.335158247,5.22846584000007,0],[96.3351871630001,5.22845990100006,0],[96.3351982840001,5.22845826000002,0],[96.3352165840001,5.22845284400006,0],[96.3352235400001,5.22845130200005,0],[96.3353516190001,5.22841959600004,0],[96.3353683780001,5.22841623100004,0],[96.3353787560001,5.22841462600007,0],[96.3353934900001,5.22841197500003,0],[96.3354065790001,5.22840947700007,0],[96.3354238630001,5.22840645600007,0],[96.3354437340001,5.22840166500004,0],[96.335450855,5.22839994700007,0],[96.3354689800001,5.22839557800006,0],[96.335479552,5.22839250100003,0],[96.3355123640001,5.22838379900003,0],[96.3355141040001,5.22838331600002,0],[96.335515156,5.22838312200003,0],[96.3355195230001,5.22838208700006,0],[96.3355466020001,5.22837586100007,0],[96.335558059,5.22837273000005,0],[96.3356976850001,5.22833456500007,0],[96.335710126,5.22833244500004,0],[96.3358082010001,5.22830878600007,0],[96.335815713,5.22830723000004,0],[96.3358299400001,5.22830466500005,0],[96.335839681,5.22830283600007,0],[96.3358610210001,5.22829674000008,0],[96.3360190010001,5.22825849200007,0],[96.3361457760001,5.22822621700004,0],[96.3362810280001,5.22819564600007,0],[96.336442166,5.22815655800002,0],[96.3365251580001,5.22814186200003,0],[96.3366770120001,5.22809823300003,0],[96.3367899410001,5.22806964500006,0],[96.3368519030001,5.22805572900006,0],[96.3368998860001,5.22804190400007,0],[96.3369206770001,5.22803218900003,0],[96.336934779,5.22802507600005,0],[96.3369455310001,5.22802034000006,0],[96.3369600950001,5.22801681500005,0],[96.3369698770001,5.22801613900003,0],[96.3370149780001,5.22801059200003,0],[96.3370395320001,5.22801088800003,0],[96.3370987310001,5.22800186200004,0],[96.3371449040001,5.22798889300003,0],[96.337199792,5.22797677400007,0],[96.3372221480001,5.22797183800003,0],[96.3372285820001,5.22797084300004,0],[96.337235192,5.22797059000004,0],[96.3373075150001,5.22795206000006,0],[96.337399088,5.22793326600004,0],[96.337474075,5.22791330300004,0],[96.337519908,5.22790348800004,0],[96.3375995440001,5.22788169600005,0],[96.337685046,5.22786407700005,0],[96.3377722640001,5.22784944600005,0],[96.3378206460001,5.22784269900006,0],[96.3378686190001,5.22783501200007,0],[96.3379225770001,5.22782223100006,0],[96.3379387430001,5.22781503300007,0],[96.3379998890001,5.22779272000002,0],[96.3380520410001,5.22777589600003,0],[96.3381277330001,5.22775738800004,0],[96.3381574350001,5.22775266000002,0],[96.3382213150001,5.22773501100005,0],[96.3382645170001,5.22772730400004,0],[96.338301275,5.22772076600006,0],[96.338354016,5.22771333800006,0],[96.3384018670001,5.22770406200004,0],[96.338452143,5.22768936700004,0],[96.3384617140001,5.22768223400004,0],[96.3384724740001,5.22767582400007,0],[96.338484425,5.22766965800002,0],[96.338537907,5.22765625700004,0],[96.3385798800001,5.22764687000006,0],[96.33860093,5.22764265600006,0],[96.3386379720001,5.22763383100005,0],[96.338648096,5.22763031000005,0],[96.3386796920001,5.22762425900004,0],[96.3387195720001,5.22761805400006,0],[96.3387474840001,5.22761649900002,0],[96.3387801700001,5.22761400800005,0],[96.338828617,5.22760680100004,0],[96.3388407670001,5.22760477900005,0],[96.3388852140001,5.22759006500007,0],[96.3389148370001,5.22757847500003,0],[96.3389236820001,5.22757373100006,0],[96.3389306170001,5.22756945600003,0],[96.338937075,5.22756518000006,0],[96.3389409000001,5.22756304400002,0],[96.338948787,5.22755901300008,0],[96.3389609660001,5.22755547800006,0],[96.3389726670001,5.22755218000003,0],[96.338983645,5.22755055300007,0],[96.3390041630001,5.22754896700008,0],[96.339023006,5.22754880700006,0],[96.3390435190001,5.22754841600005,0],[96.339074038,5.22755069800007,0],[96.3390754870001,5.22755099400007,0],[96.3390769260001,5.22755128900008,0],[96.3391355640001,5.22754446000005,0],[96.33916501,5.22754255500007,0],[96.339168488,5.22754220500002,0],[96.3391714000001,5.22754201400005,0],[96.3391967040001,5.22753920300005,0],[96.3392121590001,5.22753784600008,0],[96.33921358,5.22753758200002,0],[96.3392160870001,5.22753677600002,0],[96.339248624,5.22752933600003,0],[96.3392587050001,5.22752503200007,0],[96.339279844,5.22751839300003,0],[96.339282037,5.22751774000005,0],[96.339303838,5.22751058500006,0],[96.339315652,5.22750634900007,0],[96.3394257900001,5.22748157200004,0],[96.339539087,5.22744698900004,0],[96.3396088060001,5.22742911300003,0],[96.3396338220001,5.22742482300004,0],[96.33963901,5.22742488200004,0],[96.3397415050001,5.22740815700007,0],[96.3398403310001,5.22738801400004,0],[96.339901469,5.22736914500007,0],[96.3399758800001,5.22734953200006,0],[96.3400285910001,5.22734195200007,0],[96.34008829,5.22733459300002,0],[96.3401010380001,5.22733200600004,0],[96.3401159000001,5.22732922800003,0],[96.340125894,5.22732723500008,0],[96.340158967,5.22731941600006,0],[96.340161015,5.22731898400002,0],[96.34016232,5.22731868600005,0],[96.340167217,5.22731740000006,0],[96.3401995850001,5.22731098400004,0],[96.3402061310001,5.22730869500003,0],[96.3402171430001,5.22730658000006,0],[96.3402361860001,5.22730261200007,0],[96.34025124,5.22729984700004,0],[96.3402727000001,5.22729415200007,0],[96.3402762650001,5.22729280400006,0],[96.340296369,5.22728642000004,0],[96.340307964,5.22728442800008,0],[96.340332812,5.22728158800004,0],[96.3403414670001,5.22728024100007,0],[96.3403471620001,5.22727868200008,0],[96.3405136970001,5.22723676300006,0],[96.340602216,5.22721890900004,0],[96.340612165,5.22721731300004,0],[96.340627569,5.22721355600004,0],[96.3406395790001,5.22721130700006,0],[96.340776727,5.22717757300006,0],[96.340784006,5.22717582000007,0],[96.340792638,5.22717334700008,0],[96.3408072440001,5.22716993400007,0],[96.3408133680001,5.22716893600006,0],[96.3409771660001,5.22713600500003,0],[96.3410075260001,5.22712954200006,0],[96.3410181950001,5.22712680800004,0],[96.3410352940001,5.22712321800003,0],[96.3410444780001,5.22712152500003,0],[96.3410633070001,5.22711730200007,0],[96.3410810680001,5.22711314200006,0],[96.341094388,5.22710947000007,0],[96.3411084270001,5.22710594900008,0],[96.341117012,5.22710410500002,0],[96.3411484810001,5.22709563900003,0],[96.3411525340001,5.22709464200005,0],[96.3411535480001,5.22709440300002,0],[96.3411551560001,5.22709405700004,0],[96.3411903410001,5.22708748800005,0],[96.3411986570001,5.22708552700004,0],[96.341212134,5.22708241300006,0],[96.3412270140001,5.22707918800006,0],[96.3412437730001,5.22707515600007,0],[96.341263719,5.22707092100006,0],[96.3412703770001,5.22706951000004,0],[96.341498399,5.22702282200004,0],[96.341604681,5.22699653200004,0],[96.3416183720001,5.22699355100002,0],[96.341632905,5.22699040800006,0],[96.3416497950001,5.22698671200004,0],[96.341670026,5.22698256200005,0],[96.3416759790001,5.22698128000008,0],[96.341694906,5.22697732800003,0],[96.3417069400001,5.22697450600003,0],[96.3417362120001,5.22696640100003,0],[96.3417400280001,5.22696544000007,0],[96.341742341,5.22696492100005,0],[96.341751677,5.22696264400003,0],[96.3417795450001,5.22695715800006,0],[96.341785142,5.22695562600006,0],[96.3417945040001,5.22695344900006,0],[96.3418054140001,5.22695077900005,0],[96.341935301,5.22691554300008,0],[96.3419435340001,5.22691380900005,0],[96.3420491420001,5.22688457300006,0],[96.3420558820001,5.22688259900002,0],[96.3420632950001,5.22688102000006,0],[96.3420985100001,5.22687374500003,0],[96.342100712,5.22687347300007,0],[96.3421013120001,5.22687343700005,0],[96.3421141910001,5.22687182700002,0],[96.3421912380001,5.22684948300002,0],[96.3422718290001,5.22682441000006,0],[96.3423456940001,5.22678442400007,0],[96.342360334,5.22677294100004,0],[96.342371895,5.22676200300003,0],[96.3423852550001,5.22675276000007,0],[96.342390913,5.22674832700005,0],[96.3424022070001,5.22673947900006,0],[96.3424097590001,5.22673215800006,0],[96.342417126,5.22672447900004,0],[96.3424346040001,5.22671190000005,0],[96.3424571580001,5.22669452700006,0],[96.34245982,5.22669201800005,0],[96.3424623440001,5.22668980500003,0],[96.3424739710001,5.22668297100006,0],[96.3424876290001,5.22667475500003,0],[96.3425075260001,5.22666380300006,0],[96.3425183240001,5.22666041200006,0],[96.342550685,5.22665170800008,0],[96.3425526510001,5.22665113200003,0],[96.3425537860001,5.22665088800005,0],[96.3425603320001,5.22664978000006,0],[96.3425921840001,5.22664433300002,0],[96.342597755,5.22664354000005,0],[96.3426049610001,5.22664274900006,0],[96.342632226,5.22663943900005,0],[96.3426428490001,5.22663830900007,0],[96.342655844,5.22663716200003,0],[96.3426733850001,5.22663567500007,0],[96.342687938,5.22663438000006,0],[96.342706584,5.22663171800002,0],[96.342713384,5.22663073700005,0],[96.3427330370001,5.22662794100006,0],[96.3427499900001,5.22662237100008,0],[96.342765236,5.22661840900003,0],[96.3427781660001,5.22661458100004,0],[96.3427849540001,5.22661234200007,0],[96.34280935,5.22660565100006,0],[96.3428202890001,5.22660269100004,0],[96.3428232910001,5.22660199200004,0],[96.3428283970001,5.22660061800002,0],[96.3428554830001,5.22659289500007,0],[96.3428684150001,5.22658955800006,0],[96.342890616,5.22658303900005,0],[96.3428916130001,5.22658277300008,0],[96.3429135420001,5.22657657200006,0],[96.342925343,5.22657277200005,0],[96.34295553,5.22656422900008,0],[96.3429586700001,5.22656327700003,0],[96.3429603500001,5.22656278800002,0],[96.342966624,5.22656113200003,0],[96.3429959440001,5.22655339700003,0],[96.343003792,5.22655145000004,0],[96.343016343,5.22654877300005,0],[96.3430327040001,5.22654518500002,0],[96.343048905,5.22654177900006,0],[96.3430674830001,5.22653846700007,0],[96.3430704230001,5.22653794300004,0],[96.3430729610001,5.22653748500005,0],[96.3430940110001,5.22653371900003,0],[96.3431086190001,5.22653118300002,0],[96.3431282210001,5.22652754800004,0],[96.3431391170001,5.22652562000007,0],[96.3431463270001,5.22652392900005,0],[96.3431758360001,5.22651683400005,0],[96.343182627,5.22651525300006,0],[96.3431842350001,5.22651489000003,0],[96.3431869780001,5.22651413500006,0],[96.343217639,5.22650527400003,0],[96.3432293600001,5.22650216300002,0],[96.3432500170001,5.22649646500003,0],[96.343252969,5.22649561700007,0],[96.343266197,5.22649208800004,0],[96.343253615,5.22647102700006,0],[96.3432054100001,5.22639033600007,0],[96.3429722220001,5.22600000000006,0],[96.3420382310001,5.22537294900008,0],[96.3413327820001,5.22483082800005,0],[96.3408360830001,5.22442933300005,0],[96.3406083,5.22391504600006,0],[96.3403359710001,5.22181617800004,0],[96.3400439210001,5.21956532200005,0],[96.3400020700001,5.21924277400007,0],[96.3402601050001,5.21742614000004,0],[96.3403197230001,5.21713403600006,0],[96.340483792,5.21633016800007,0],[96.3408371660001,5.21416919600006,0],[96.341166667,5.21169444400005,0],[96.3411974750001,5.21159070600004,0],[96.3416796610001,5.20996708300004,0],[96.3417018530001,5.20989235700006,0],[96.3421470930001,5.20820186500004,0],[96.3423917260001,5.20743218000007,0],[96.342391008,5.20742434100003,0],[96.3423337120001,5.20679853200005,0],[96.3421657110001,5.20496356100006,0],[96.341725081,5.20339708600005,0],[96.3416169980001,5.20304800400004,0],[96.341558987,5.20297752100004,0],[96.3412834530001,5.20261277300006,0],[96.3408195260001,5.20191143900007,0],[96.3408019680001,5.20188598400006,0],[96.3405714340001,5.20155177200007,0],[96.3402694540001,5.20110494100004,0],[96.340021806,5.20064747100002,0],[96.339640181,5.20004367700005,0],[96.3393921840001,5.19947850600005,0],[96.3390749540001,5.19875552100007,0],[96.3390202040001,5.19863074300002,0],[96.3383230780001,5.19722222400003,0],[96.3379799740001,5.19544347800007,0],[96.3378935420001,5.19515819400004,0],[96.3375910490001,5.19415976400006,0],[96.3373542800001,5.19314943600006,0],[96.3369231650001,5.19145809200006,0],[96.3368921300001,5.19124475900003,0],[96.336731522,5.19014076100007,0],[96.3365829960001,5.18870469400002,0],[96.336569335,5.18854669900003,0],[96.3364989820001,5.18773301600004,0],[96.3362461990001,5.18687603000006,0],[96.3362397750001,5.18685425100006,0],[96.3359366610001,5.18609088800002,0],[96.3351274670001,5.18486004400006,0],[96.335120009,5.18475655700007,0],[96.335068849,5.18404662600005,0],[96.3350384060001,5.18359318900002,0],[96.3350307520001,5.18347918700005,0],[96.33502759,5.18343209000005,0],[96.335270317,5.18292256200004,0],[96.3353221020001,5.18274194700007,0],[96.335559355,5.18191445300005,0],[96.335528745,5.18175376500005,0],[96.335504545,5.18162672600005,0],[96.335387847,5.18101412300007,0],[96.335063953,5.18002135700004,0],[96.335040463,5.17994935800004,0],[96.3347816820001,5.17896087700007,0],[96.3347423610001,5.17848490000006,0],[96.3346982730001,5.17795121400007,0],[96.334635769,5.17718298500006,0],[96.3346323920001,5.17715569900002,0],[96.3345749370001,5.17669150300003,0],[96.3345297970001,5.17632680300005,0],[96.334402491,5.17533887600007,0],[96.3346937520001,5.17426773100004,0],[96.334697664,5.17425334600006,0],[96.3347813180001,5.17394569800007,0],[96.3351581090001,5.17291600800007,0],[96.335380091,5.17170396100005,0],[96.335427145,5.17144704100002,0],[96.3358873830001,5.16928485100004,0],[96.335888889,5.16927777800004,0],[96.3350270640001,5.16769491600007,0],[96.335022414,5.16768637600006,0],[96.334884817,5.16743366100008,0],[96.3348031780001,5.16728371900007,0],[96.3347097430001,5.16711211200004,0],[96.334720158,5.16622918400003,0],[96.3347289490001,5.16548391300006,0],[96.3347531040001,5.16343614000004,0],[96.3347732080001,5.16173180300007,0],[96.3348217280001,5.15761846800007,0],[96.3348165360001,5.15667770400006,0],[96.334806036,5.15477506300005,0],[96.3349000150001,5.15208636100004,0],[96.334942799,5.15134461900004,0],[96.3349891610001,5.15054085100007,0],[96.3353782670001,5.14976952600006,0],[96.3357495050001,5.14946427500007,0],[96.335737281,5.14913721200003,0],[96.3355617130001,5.14882310800004,0],[96.335426854,5.14853641900004,0],[96.3353874260001,5.14820924200006,0],[96.33547968,5.14799679900005,0],[96.3355403900001,5.14758813400005,0],[96.3356640710001,5.14728889900005,0],[96.3358564580001,5.14682645100004,0],[96.3359806890001,5.14655574600005,0],[96.3361997050001,5.14607849700008,0],[96.3366049100001,5.14522874200003,0],[96.3373362830001,5.14459501700003,0],[96.33765586,5.14329342600007,0],[96.337402733,5.14123876700006,0],[96.3378459240001,5.13953656600006,0],[96.33815817,5.13908371400004,0],[96.3384192520001,5.13870506500007,0],[96.3384280210001,5.13869234700007,0],[96.338822672,5.13811998100005,0],[96.340871452,5.13608432800004,0],[96.3411867560001,5.13593212200004,0],[96.3414592920001,5.13397060400007,0],[96.3414670390001,5.13391484600004,0],[96.3417648910001,5.13308324200005,0],[96.341905683,5.13269015100008,0],[96.3422229620001,5.13190943400002,0],[96.3430198840001,5.13056728100003,0],[96.3437060990001,5.12989740000006,0],[96.344428146,5.12910446400002,0],[96.3446432330001,5.12878087600006,0],[96.3446797710001,5.12872590700005,0],[96.3449343600001,5.12834289000006,0],[96.345323223,5.12775786500004,0],[96.3459874010001,5.12684240700003,0],[96.3466206100001,5.12689904900003,0],[96.3468055160001,5.12693327000005,0],[96.347405284,5.12704426900007,0],[96.347721547,5.12668730800004,0],[96.3478845270001,5.12650335500007,0],[96.3481899380001,5.12604858400005,0],[96.348192731,5.12564502800006,0],[96.3482008440001,5.12550156200007,0],[96.3474980280001,5.12521655700004,0],[96.346755283,5.12505156000003,0],[96.346446761,5.12496181100005,0],[96.3463035570001,5.12492015300006,0],[96.3458315980001,5.12436252300006,0],[96.3456643550001,5.12416492100004,0],[96.3462054700001,5.12347927000008,0],[96.3466162490001,5.12309258800002,0],[96.3470081570001,5.12205851800007,0],[96.346840506,5.12093581800002,0],[96.3470167660001,5.12020367900004,0],[96.3472349020001,5.11929760200007,0],[96.3472378820001,5.11848697900007,0],[96.3467490670001,5.11690983200003,0],[96.346343898,5.11593718600005,0],[96.3460889470001,5.11509462900005,0],[96.346483328,5.11455899900005,0],[96.3467101530001,5.11351760900004,0],[96.3467383820001,5.11320290300006,0],[96.3467808490001,5.11272947000003,0],[96.3466946280001,5.11182805100003,0],[96.3461133230001,5.11117551000007,0],[96.3460903760001,5.11114975100003,0],[96.3458010720001,5.11042769900007,0],[96.3459834860001,5.10993969200007,0],[96.346075231,5.10969424700005,0],[96.3463682890001,5.10924038400003,0],[96.3469801730001,5.10878202800006,0],[96.347240947,5.10869860800005,0],[96.3477409650001,5.10853865600006,0],[96.3480579490001,5.10844109400006,0],[96.3487374540001,5.10823195500006,0],[96.349101025,5.10798546900003,0],[96.3491774510001,5.10793365500007,0],[96.3493710480001,5.10769865100002,0],[96.3494475900001,5.10730238100007,0],[96.349691168,5.10627410900003,0],[96.3496939620001,5.10559417100006,0],[96.349612328,5.10488433600005,0],[96.3495454520001,5.10478495200005,0],[96.3495351510001,5.10476964400004,0],[96.349526982,5.10467533600007,0],[96.3494319710001,5.10357844100002,0],[96.3495018460001,5.10301041900004,0],[96.3495859080001,5.10228005600004,0],[96.3498203340001,5.10167682100007,0],[96.349888041,5.10150259500006,0],[96.350187411,5.10097610200006,0],[96.350554688,5.10036869600003,0],[96.350851972,5.09991077900003,0],[96.3508542760001,5.09990723000004,0],[96.3509489410001,5.09976141400006,0],[96.3515864110001,5.09915512100002,0],[96.3522522200001,5.09822418400006,0],[96.352582027,5.09775710200006,0],[96.352895678,5.09731290100007,0],[96.3534659900001,5.09661160100006,0],[96.3537934170001,5.09582812100007,0],[96.3540275330001,5.09481940600006,0],[96.354274617,5.09385968900006,0],[96.3546829670001,5.09311713700004,0],[96.3550637760001,5.09249624700004,0],[96.3552275590001,5.09209096600006,0],[96.3551758310001,5.09152242600004,0],[96.3545284080001,5.09074236400005,0],[96.354378002,5.09054276800003,0],[96.3538430990001,5.08983292700003,0],[96.3535493300001,5.08899276200003,0],[96.3538419810001,5.08778152000002,0],[96.3540309040001,5.08699959300003,0],[96.3540129250001,5.08696450800005,0],[96.353036268,5.08541927100003,0],[96.35212663,5.08455002400007,0],[96.3511855090001,5.08384280800004,0],[96.3504396170001,5.08274834400004,0],[96.3491842340001,5.08194282200003,0],[96.3482668300001,5.08135697200004,0],[96.3479345090001,5.07975488900007,0],[96.3482287360001,5.07883447600005,0],[96.3487869200001,5.07804878300004,0],[96.349273988,5.07732318500007,0],[96.3499305870001,5.07657403100006,0],[96.350099829,5.07609162600005,0],[96.3503469190001,5.07538732600005,0],[96.350524964,5.07327802200007,0],[96.3502924970001,5.07115615500004,0],[96.3501522180001,5.06994291200004,0],[96.350205868,5.06865770800005,0],[96.3509603570001,5.06764216200003,0],[96.351398508,5.06703762400002,0],[96.351887434,5.06644487300002,0],[96.3518923170001,5.06643877900007,0],[96.3523155560001,5.06591055600006,0],[96.3530791860001,5.06560233400006,0],[96.3541465470001,5.06502462000003,0],[96.3547296840001,5.06471415300007,0],[96.3551410960001,5.06449511400007,0],[96.355821086,5.06394006700003,0],[96.3565985820001,5.06321564100006,0],[96.357370346,5.06268771300006,0],[96.3582883670001,5.06201555800004,0],[96.35889159,5.06151814300006,0],[96.3595464840001,5.06118126600006,0],[96.359812849,5.06088345000006,0],[96.3601300440001,5.06052880200002,0],[96.3605454520001,5.05956035500003,0],[96.3609853560001,5.05851924700005,0],[96.360917854,5.05725778900006,0],[96.3611446890001,5.05523453200004,0],[96.361441819,5.05436489800007,0],[96.3617570590001,5.05344226200003,0],[96.3621716690001,5.05266783600007,0],[96.3624670230001,5.05145635900004,0],[96.3635077630001,5.04951297700006,0],[96.3644032240001,5.04828963800003,0],[96.3646111030001,5.04737196900004,0],[96.364817294,5.04636422300007,0],[96.3647229910001,5.04469315400007,0],[96.3644560590001,5.04391179600003,0],[96.3643927190001,5.04291587700004,0],[96.3643847980001,5.04282029800004,0],[96.3642797260001,5.04155251000003,0],[96.3643608200001,5.04023654000002,0],[96.364371212,5.03847651100006,0],[96.364304422,5.03722874500005,0],[96.36418926,5.03610073600004,0],[96.364061308,5.03517658900006,0],[96.363693889,5.03414750000007,0],[96.3636457520001,5.03400615100003,0],[96.363026871,5.03311600300003,0],[96.3622764630001,5.03218933900007,0],[96.361417723,5.03117354300002,0],[96.360381778,5.02981389500007,0],[96.3597915010001,5.02887593700007,0],[96.3594403810001,5.02831800400003,0],[96.3585079380001,5.02708534700002,0],[96.3576504420001,5.02600231300005,0],[96.3566476570001,5.02532652300005,0],[96.355923826,5.02517234600003,0],[96.3552124560001,5.02502082300003,0],[96.3538210250001,5.02487017400006,0],[96.3527242810001,5.02375018200007,0],[96.351831131,5.02260702900003,0],[96.350984753,5.02152043900003,0],[96.3501143710001,5.02035814200002,0],[96.3496196410001,5.01981357600005,0],[96.3493159210001,5.01947926200006,0],[96.3481351190001,5.01843090000006,0],[96.3469548410001,5.01690816500007,0],[96.3462066530001,5.01544173800005,0],[96.3462487670001,5.01390655100005,0],[96.3463047770001,5.01361000200006,0],[96.34654478,5.01233928900007,0],[96.3466255580001,5.01191160500002,0],[96.3466708330001,5.01158583300003,0],[96.3466127900001,5.01111696500004,0],[96.346614877,5.01110241000003,0],[96.3466160390001,5.01109431000003,0],[96.3466169230001,5.01108814700007,0],[96.3466739620001,5.01069046300006,0],[96.3467696480001,5.01002332500002,0],[96.346793157,5.00993082800005,0],[96.3469934700001,5.00914267300004,0],[96.347179495,5.00841073700008,0],[96.34725854,5.00809972500002,0],[96.3472802420001,5.00771608000002,0],[96.3473288810001,5.00685623000004,0],[96.347340881,5.00664409600006,0],[96.347316956,5.00642008400007,0],[96.3472470900001,5.00576591600003,0],[96.3471999380001,5.00532442600007,0],[96.3471750800001,5.00509167400003,0],[96.347095987,5.00478452300007,0],[96.3467971730001,5.00362410200006,0],[96.34678876,5.00332528600006,0],[96.346763728,5.00243620700007,0],[96.3467207200001,5.00123755900006,0],[96.3467121670001,5.00099919300004,0],[96.3470825570001,4.99921905400004,0],[96.3470791840001,4.99915928600007,0],[96.347011179,4.99795437700004,0],[96.3470056800001,4.99723287300003,0],[96.3469986960001,4.99631638700004,0],[96.3471174790001,4.99530152600005,0],[96.3470183760001,4.99504506500006,0],[96.3465688050001,4.99388165700003,0],[96.3463620750001,4.99343974200002,0],[96.34565747,4.99193355000006,0],[96.3454292330001,4.99152423600003,0],[96.3452399180001,4.99118472300006,0],[96.3447288550001,4.98991826700006,0],[96.344540862,4.98956954200003,0],[96.3441596040001,4.98886230900007,0],[96.3434754200001,4.98786336000006,0],[96.343251341,4.98770776900005,0],[96.342271107,4.98702713600005,0],[96.3416808150001,4.98645002600006,0],[96.341678705,4.98644754500003,0],[96.340551781,4.98512275800005,0],[96.3399869670001,4.98421378500007,0],[96.3392565,4.98329114600006,0],[96.339226173,4.98325284100002,0],[96.3392063890001,4.98311250000006,0],[96.3388100120001,4.98215918900007,0],[96.338508861,4.98098937800006,0],[96.3379438890001,4.97936590500007,0],[96.3374201890001,4.97843828700007,0],[96.3373274480001,4.97831727500005,0],[96.3366936530001,4.97749027300006,0],[96.334841629,4.97570591900006,0],[96.3326550340001,4.97370677000004,0],[96.331961219,4.97307243300003,0],[96.3296665430001,4.97114099400005,0],[96.329595559,4.97108124700003,0],[96.3284667880001,4.97010798900004,0],[96.3283521960001,4.97000918400005,0],[96.3276804100001,4.96935111300007,0],[96.327138296,4.96794656200007,0],[96.326778403,4.96663420000004,0],[96.3265379010001,4.96590155000007,0],[96.3265707890001,4.96529196300003,0],[96.3266336720001,4.96494323100006,0],[96.3266641720001,4.96477408400006,0],[96.3268486110001,4.96388277800003,0],[96.3269122880001,4.96361662000004,0],[96.3273128050001,4.96239878800003,0],[96.3280500120001,4.96129727700003,0],[96.3282469800001,4.96113816900004,0],[96.3287039450001,4.96076903900007,0],[96.3291832640001,4.96004252200004,0],[96.329220094,4.95997855400003,0],[96.3296376120001,4.95925338500007,0],[96.3302865050001,4.95812635400006,0],[96.3314218500001,4.95578351600005,0],[96.3318419450001,4.95500801100007,0],[96.332740136,4.95334993100005,0],[96.3342743000001,4.95087123400003,0],[96.3348379390001,4.95016095000005,0],[96.3351343200001,4.94978745700007,0],[96.335432703,4.94941144200004,0],[96.3355282810001,4.94929099700005,0],[96.3370825580001,4.94786872000003,0],[96.3384720180001,4.94677169200003,0],[96.3399869570001,4.94534569000007,0],[96.3415958950001,4.94442907700005,0],[96.3419040210001,4.94425353700007,0],[96.3436453950001,4.94365313300005,0],[96.3445553320001,4.94340657700008,0],[96.3455341170001,4.94361277600007,0],[96.3463039590001,4.94382586400008,0],[96.3464875000001,4.94387666700004,0],[96.3445176660001,4.94264471500003,0],[96.3442512730001,4.94237118600006,0],[96.3439683980001,4.94208073400006,0],[96.3437728660001,4.94187996300008,0],[96.342707842,4.94078640500004,0],[96.341415112,4.93945904000003,0],[96.3405863620001,4.93860808500006,0],[96.3401292830001,4.93755333300004,0],[96.3398492920001,4.93690722500003,0],[96.339674873,4.93650473700006,0],[96.3395827480001,4.93634621500007,0],[96.3393855130001,4.93600682600004,0],[96.339117634,4.93554587800003,0],[96.3387869920001,4.93497693200004,0],[96.3387866670001,4.93497637300004,0],[96.3384572520001,4.93440953600003,0],[96.338368658,4.93425708900003,0],[96.3383568070001,4.93423669700007,0],[96.33831932,4.93417805000007,0],[96.3364955040001,4.93132475200002,0],[96.3363160330001,4.93104397300004,0],[96.3349116580001,4.92922181100005,0],[96.3341643040001,4.92825211900004,0],[96.3256884530001,4.91761608100006,0],[96.3253898630001,4.91724138100005,0],[96.3251611250001,4.91713012700006,0],[96.3221173300001,4.91564966600004,0],[96.320112081,4.91534509600007,0],[96.319311697,4.91522352700002,0],[96.318881822,4.91515823400005,0],[96.316022939,4.91457276800003,0],[96.3146797300001,4.91441759500003,0],[96.3145771200001,4.91440574100005,0],[96.313682256,4.91430236100007,0],[96.311268645,4.91562750300005,0],[96.311213346,4.91565786300004,0],[96.3111800090001,4.91566394500006,0],[96.3111789050001,4.91566414700003,0],[96.3109441130001,4.91570697900005,0],[96.3083914700001,4.91617265000002,0],[96.3052806480001,4.91622507000005,0],[96.3052435660001,4.91622569400005,0],[96.3051143110001,4.91614606400003,0],[96.302383638,4.91446376600004,0],[96.3022345000001,4.91437188500004,0],[96.2997411520001,4.91210795900002,0],[96.2990329690001,4.91146493500003,0],[96.2976802250001,4.91122445600007,0],[96.297580903,4.91120679900007,0],[96.293880454,4.91054895200006,0],[96.2937562650001,4.91052687400003,0],[96.293534278,4.91048740900004,0],[96.2927285120001,4.91034416100007,0],[96.2907695050001,4.90999588600005,0],[96.2888105040001,4.90964760600002,0],[96.285661883,4.90989788500002,0],[96.2829148390001,4.90987635700003,0],[96.2827745060001,4.90987525700007,0],[96.2814904990001,4.90966382900007,0],[96.2802598360001,4.90946118500005,0],[96.2795656470001,4.90934687700008,0],[96.276670225,4.90972595700003,0],[96.276628443,4.90973866600007,0],[96.2757303710001,4.91001181100006,0],[96.27325613,4.91076434300004,0],[96.2696442420001,4.91206497700006,0],[96.2696008190001,4.91207696100003,0],[96.268332189,4.91242709200003,0],[96.265230924,4.91328301300007,0],[96.2635379170001,4.91375060400003,0],[96.262596762,4.91432217700003,0],[96.2612890340001,4.91511636700005,0],[96.2605795220001,4.91554725800006,0],[96.260505192,4.91559240000004,0],[96.2599891360001,4.91590580100006,0],[96.259773641,4.91610917900005,0],[96.2594699580001,4.91640433600003,0],[96.2589125360001,4.91694610700006,0],[96.2584457710001,4.91739976600007,0],[96.2580609120001,4.91777381600002,0],[96.2570615110001,4.91874514400007,0],[96.2560715380001,4.91970730700007,0],[96.2545247340001,4.92121066100003,0],[96.254265645,4.92149415600005,0],[96.2532704880001,4.92270489800006,0],[96.2530814450001,4.92377335000003,0],[96.253012416,4.92421101700006,0],[96.2527825320001,4.92566854900002,0],[96.252739605,4.92583223100007,0],[96.252296636,4.92752129200005,0],[96.2518123310001,4.92879817300008,0],[96.2510329020001,4.93123321400003,0],[96.2506308550001,4.93291957900004,0],[96.2502091040001,4.93390491900004,0],[96.2496646650001,4.93481961600003,0],[96.2491386350001,4.93551344200006,0],[96.247990025,4.93669654800004,0],[96.247350764,4.93711669500004,0],[96.2465721090001,4.93762845400005,0],[96.2441246640001,4.93933615500003,0],[96.24242617,4.94036939500006,0],[96.2405180260001,4.94153015900002,0],[96.2367245630001,4.94363999500007,0],[96.2330777760001,4.94547949300005,0],[96.2303005570001,4.94649689500005,0],[96.227981276,4.94730704800003,0],[96.2262531410001,4.94782079400005,0],[96.225439367,4.94848424400004,0],[96.2247301740001,4.94900225600003,0],[96.2228946690001,4.95032827500006,0],[96.221037584,4.95184175000003,0],[96.219298198,4.95342949100007,0],[96.2176695730001,4.95500642600007,0],[96.2158669900001,4.95618200000007,0],[96.214860979,4.95682397600007,0],[96.2139579700001,4.95740813800006,0],[96.2127894380001,4.95836181400006,0],[96.2116430950001,4.95913010800007,0],[96.2115743320001,4.95917619400007,0],[96.2104243140001,4.96067175800005,0],[96.209084418,4.96281252500006,0],[96.2086167840001,4.96371948600006,0],[96.2081409340001,4.96464237600003,0],[96.206982946,4.96710379700005,0],[96.2051416930001,4.97133715400003,0],[96.2044171080001,4.97300307200004,0],[96.202508612,4.98128478800004,0],[96.2018928520001,4.98225971200003,0],[96.2008546590001,4.98390345900003,0],[96.1989374920001,4.98586291900006,0],[96.1984704800001,4.98634023100004,0],[96.1966789100001,4.98854472500005,0],[96.196359413,4.98893785900003,0],[96.195595703,4.98969196100006,0],[96.1944990200001,4.99077484500003,0],[96.1929076640001,4.99235594200007,0],[96.1925150230001,4.99274604900006,0],[96.191324089,4.99405379400002,0],[96.190843838,4.99451019200006,0],[96.1904239310001,4.99544613800003,0],[96.190191005,4.99642456300006,0],[96.1899970840001,4.99743303500003,0],[96.1898223650001,4.99939113200003,0],[96.1899667120001,5.00022543000006,0],[96.190615779,5.00091650700006,0],[96.191004417,5.00133029900007,0],[96.1920141520001,5.00268513100002,0],[96.192523027,5.00328508000007,0],[96.193368632,5.00428202000006,0],[96.194238248,5.00530726900007,0],[96.1947803690001,5.00594641000004,0],[96.1952182750001,5.00646268700007,0],[96.1953022710001,5.00643780900003,0],[96.1967207970001,5.00823168000005,0],[96.1993957670001,5.01215251500003,0],[96.200500844,5.01377228100006,0],[96.2005763210001,5.01404455400007,0],[96.20218013,5.01983002600002,0],[96.202195245,5.01989133100005,0],[96.202416499,5.02078869600007,0],[96.2030404170001,5.02277993700005,0],[96.2038276950001,5.02557649000005,0],[96.2044422340001,5.02706035900007,0],[96.2047017530001,5.02887709200007,0],[96.2049013720001,5.03059617700006,0],[96.205426458,5.03225741200004,0],[96.2058016930001,5.03342912600004,0],[96.206038198,5.03416764100007,0],[96.2060721880001,5.03460619600003,0],[96.206178304,5.03597534600004,0],[96.2063496200001,5.03739806600004,0],[96.2064658740001,5.03811590700008,0],[96.2065512630001,5.03864316900007,0],[96.206646289,5.03946642600005,0],[96.2067223230001,5.04012513700008,0],[96.2066959800001,5.04021024000002,0],[96.2064802610001,5.04090714000006,0],[96.205884138,5.04203031500003,0],[96.2057058330001,5.04236186900005,0],[96.2054158930001,5.04290100600002,0],[96.205393385,5.04294285900005,0],[96.2051688670001,5.04336034500005,0],[96.2043949660001,5.04457162300002,0],[96.204310144,5.04472525100005,0],[96.2038829890001,5.04549891400006,0],[96.2037096290001,5.04581290400006,0],[96.202994597,5.04708368000007,0],[96.2022999060001,5.04884615900005,0],[96.2020462200001,5.04926839900003,0],[96.2018033460001,5.04967264200008,0],[96.2013767620001,5.05038265300004,0],[96.200337259,5.05147427200006,0],[96.198971763,5.05274222700007,0],[96.198021462,5.05371572700005,0],[96.1974274720001,5.05433527000002,0],[96.196565477,5.05539802200008,0],[96.1959700790001,5.05634342400003,0],[96.195758018,5.05752748400005,0],[96.1961605660001,5.05842257400008,0],[96.196484147,5.05934290000005,0],[96.1968835490001,5.06047887400007,0],[96.1967617390001,5.06104870300004,0],[96.1967103010001,5.06128932800004,0],[96.1966408120001,5.06161439700003,0],[96.1963008490001,5.06191455000004,0],[96.1959796350001,5.06219815100008,0],[96.195581965,5.06269150200006,0],[96.1951498380001,5.06322760100005,0],[96.195124955,5.06324827100002,0],[96.1941399350001,5.06406648600006,0],[96.1937706200001,5.06485315100002,0],[96.193474327,5.06567679600005,0],[96.1933631790001,5.06625179200006,0],[96.1933433250001,5.06635450400006,0],[96.1933567770001,5.06664968000007,0],[96.1933767500001,5.06708792000006,0],[96.1935267740001,5.06785488700007,0],[96.193590564,5.06818099800006,0],[96.1938446930001,5.06880268500004,0],[96.1938983470001,5.06893394000002,0],[96.1940236460001,5.06957609800003,0],[96.1942585640001,5.07025539500006,0],[96.194364695,5.07109911800006,0],[96.1941404730001,5.07217972200004,0],[96.19393303,5.07358029000005,0],[96.1939157140001,5.07476524700007,0],[96.193907046,5.07535836100004,0],[96.1935560920001,5.07612677300006,0],[96.1933859710001,5.07637135400006,0],[96.193022173,5.07689438500006,0],[96.1923806190001,5.07716656900004,0],[96.1913026570001,5.07681357300004,0],[96.1904387550001,5.07658718200003,0],[96.1898741970001,5.07597977500006,0],[96.1893470300001,5.07518921500002,0],[96.1888011670001,5.07449023300006,0],[96.188637772,5.07419621200006,0],[96.188466184,5.07375935500005,0],[96.1884661020001,5.07375907600004,0],[96.1884491180001,5.07370144000004,0],[96.1884471660001,5.07369481400002,0],[96.1883710490001,5.07364510100007,0],[96.1883755570001,5.07363467900007,0],[96.1883730550001,5.07363304500007,0],[96.1884063090001,5.07355616300003,0],[96.1883812340001,5.07347106400005,0],[96.1883605720001,5.07340094500006,0],[96.1883603570001,5.07340008000006,0],[96.1881148910001,5.07241575900002,0],[96.1878076710001,5.07153450000004,0],[96.1871853320001,5.07073673200006,0],[96.1864567520001,5.06998196000006,0],[96.1855814130001,5.06931820700004,0],[96.1846328930001,5.06865413400004,0],[96.183636881,5.06828283100003,0],[96.1815873640001,5.06836555400002,0],[96.179756286,5.06870586400004,0],[96.1788217740001,5.06903175400004,0],[96.1774867510001,5.06889760300004,0],[96.1763705580001,5.06892938900006,0],[96.1754747100001,5.06877882300006,0],[96.1742309250001,5.06870005700006,0],[96.1728772150001,5.06865747500007,0],[96.1708379290001,5.06888540000006,0],[96.1697225400001,5.06873386500007,0],[96.1683405790001,5.06865714800006,0],[96.16679738,5.06838608500004,0],[96.1653625500001,5.06938387900004,0],[96.164140563,5.07077706500007,0],[96.1627039250001,5.07199337900005,0],[96.162202246,5.07241811900008,0],[96.1598044740001,5.07383256200006,0],[96.1597282860001,5.07387750500004,0],[96.156931994,5.07544303400005,0],[96.1560020380001,5.07598380500002,0],[96.153706943,5.07731840000002,0],[96.1533555660001,5.07752272400006,0],[96.153223245,5.07759966800006,0],[96.1510556570001,5.07803488500002,0],[96.148870753,5.07881414400003,0],[96.1480378830001,5.07897734700003,0],[96.1460818520001,5.07869423000005,0],[96.144521866,5.07766183400003,0],[96.1443264980001,5.07741475400007,0],[96.1443259050001,5.07741400400005,0],[96.143710926,5.07715449900007,0],[96.1429241480001,5.07675598700007,0],[96.142772645,5.07665603000004,0],[96.1426454020001,5.07660098100007,0],[96.141657954,5.07606726700004,0],[96.1413243970001,5.07588698100005,0],[96.1387197340001,5.07447916100006,0],[96.1375157360001,5.07436987500006,0],[96.135439471,5.07472766400002,0],[96.135307357,5.07477824700004,0],[96.1336897850001,5.07539757100005,0],[96.131392136,5.07627727000005,0],[96.131214658,5.07634522100005,0],[96.1306424270001,5.07656430900005,0],[96.129845994,5.07686923400007,0]]]]}}]}