{"type":"FeatureCollection","name":"Kabupaten Aceh Tamiang","crs":{"type":"name","properties":{"name":"urn:ogc:def:crs:OGC:1.3:CRS84"}},"features":[{"type":"Feature","properties":{"kode_kk":"11.16","kode_prov":"11","kab_kota":"Aceh Tamiang","provinsi":"Aceh","fid":"11.16","nama":"Kabupaten Aceh Tamiang","label":"Kabupaten Aceh Tamiang, Provinsi Aceh, 11.16"},"geometry":{"type":"MultiPolygon","coordinates":[[[[98.0644825570001,4.01304705200005,0],[98.0646299890001,4.01282929200005,0],[98.065424416,4.01165590500005,0],[98.0669636740001,4.01080015700006,0],[98.0680608270001,4.01003554300007,0],[98.0681995730001,4.00962976400007,0],[98.068682525,4.00821731400004,0],[98.0694460220001,4.00745231600007,0],[98.071496348,4.00678451400006,0],[98.072545882,4.00597197100006,0],[98.0732612780001,4.00558984800006,0],[98.0733082420001,4.00621217000003,0],[98.073402602,4.00707388100005,0],[98.0745466560001,4.00697944500007,0],[98.0755953820001,4.00688490000005,0],[98.076988596,4.00756323200005,0],[98.0778358810001,4.00664809900007,0],[98.079075479,4.00636229600002,0],[98.0796958120001,4.00574072500007,0],[98.0802200150001,4.00583705000003,0],[98.0816036720001,4.00459406500005,0],[98.0825572800001,4.00430793500004,0],[98.0825610400001,4.00430110900004,0],[98.083321455,4.00292064900003,0],[98.0836559040001,4.00220301900004,0],[98.0845143930001,4.00172531100003,0],[98.0849437970001,4.00134285500008,0],[98.0851263530001,3.99952065400004,0],[98.085946762,3.99952502900004,0],[98.0867565240001,4.00000460400003,0],[98.087329077,3.99947870600005,0],[98.087520898,3.99842584400005,0],[98.0879982810001,3.99775623700003,0],[98.0877130370001,3.99708578000002,0],[98.0867598610001,3.99698898300005,0],[98.0864740360001,3.99684506300002,0],[98.0865223360001,3.99627071200007,0],[98.0877146760001,3.99560190300002,0],[98.0878583030001,3.99502765800003,0],[98.0871440320001,3.99440459000004,0],[98.085952805,3.99406819200004,0],[98.0859538110001,3.99315871900006,0],[98.08666988,3.99215430900006,0],[98.087194868,3.99153262200002,0],[98.08719582,3.99067101500003,0],[98.087934117,3.99009798800006,0],[98.088673869,3.99024185600007,0],[98.0896740160001,3.99096097400007,0],[98.090770493,3.99077072200004,0],[98.0912960570001,3.98962249400006,0],[98.092058991,3.98933613600002,0],[98.0929648630001,3.98909780300005,0],[98.093251265,3.98871518300007,0],[98.0930616080001,3.98780549700007,0],[98.0933486910001,3.98680060400005,0],[98.093540708,3.98555627000007,0],[98.094160909,3.98503041500004,0],[98.0950249110001,3.98453005000005,0],[98.0957348490001,3.98407480700007,0],[98.0953550580001,3.98268624000002,0],[98.0952610900001,3.98144158900004,0],[98.0945945890001,3.98072284700004,0],[98.094929225,3.97981373900006,0],[98.09581596,3.97974051100005,0],[98.093758317,3.97879596300004,0],[98.0937404110001,3.97869644000002,0],[98.093695563,3.97852452200004,0],[98.0936237230001,3.97832543600003,0],[98.0934707790001,3.97816244400002,0],[98.0932547850001,3.97799938200006,0],[98.0928407910001,3.97769137000006,0],[98.092498301,3.97788999900007,0],[98.0922645510001,3.97749172800007,0],[98.0925439010001,3.97737444200004,0],[98.092490076,3.97717537600005,0],[98.0924362310001,3.97699440200006,0],[98.092409467,3.97675918300007,0],[98.0923828410001,3.97639732400006,0],[98.0920945430001,3.97646032600005,0],[98.092032384,3.97564614000004,0],[98.092311625,3.97562835700006,0],[98.091592549,3.97426165600007,0],[98.0916197780001,3.97407172500004,0],[98.091160959,3.97357370300006,0],[98.0907831850001,3.97309386200004,0],[98.0906035780001,3.97260519300005,0],[98.090585752,3.97243330400005,0],[98.090703132,3.97217110700007,0],[98.0907862060001,3.97200470400003,0],[98.09202795,3.97146412800004,0],[98.0921723110001,3.97123814300005,0],[98.09237977,3.97096699900004,0],[98.0926323050001,3.97065972200005,0],[98.0933536620001,3.96993685700005,0],[98.093633276,3.96957533400007,0],[98.093805032,3.96900564100002,0],[98.093805209,3.96884281700005,0],[98.093787481,3.96858047100005,0],[98.093706684,3.96833614700006,0],[98.0935988850001,3.96807370200003,0],[98.0933558520001,3.96792870300004,0],[98.093013672,3.96784691500005,0],[98.092419206,3.96784626000004,0],[98.0921019520001,3.96803289100006,0],[98.091687677,3.96798720600003,0],[98.0915703480001,3.96820417500004,0],[98.091299662,3.96863807200003,0],[98.091092163,3.96894539900006,0],[98.0907947220001,3.96913503100006,0],[98.0904343700001,3.96919795400004,0],[98.0899930530001,3.96917032900006,0],[98.0896149050001,3.96903422600008,0],[98.08938084,3.96892541800003,0],[98.0891289400001,3.96865376800002,0],[98.0883644510001,3.96763980000003,0],[98.0878339290001,3.96684643500004,0],[98.0879633710001,3.96591329900002,0],[98.08797336,3.96580428500005,0],[98.0880089520001,3.96541583400005,0],[98.087919298,3.96503581400003,0],[98.087622562,3.96458319900006,0],[98.087406731,3.96427540500002,0],[98.0871818830001,3.96397664700004,0],[98.086407599,3.96368632700006,0],[98.0852820430001,3.96339561700006,0],[98.084481075,3.96322486900004,0],[98.0839196580001,3.96296018800007,0],[98.083291413,3.96282355300002,0],[98.082597191,3.96265452800003,0],[98.082035638,3.96258790300004,0],[98.0815502280001,3.96253079600007,0],[98.0810553000001,3.96234044000005,0],[98.0807005550001,3.96192517000003,0],[98.080484229,3.96139817300002,0],[98.080265319,3.96096987000004,0],[98.0797703910001,3.96055108500002,0],[98.0794134720001,3.96030838000007,0],[98.0792278740001,3.96009422800006,0],[98.0792278740001,3.95978013900003,0],[98.0793991950001,3.95936611300004,0],[98.079713284,3.95863799800003,0],[98.0800273730001,3.95798126700004,0],[98.0805556130001,3.95776711500002,0],[98.0810553000001,3.95748158000004,0],[98.081152037,3.95739228400004,0],[98.081612094,3.95696761700003,0],[98.082271,3.95626205300005,0],[98.082640021,3.95591113600005,0],[98.082739958,3.95572553800002,0],[98.0828541720001,3.95535434200002,0],[98.083011217,3.95488320900006,0],[98.0830826010001,3.95449773600006,0],[98.0828970030001,3.95405515600004,0],[98.0826542980001,3.95389811200005,0],[98.0822688250001,3.95382672800002,0],[98.0818262450001,3.95372679100007,0],[98.0811837910001,3.95362685300006,0],[98.0806555500001,3.95356974600003,0],[98.080113033,3.95342697900003,0],[98.0794705790001,3.95316999700003,0],[98.078760743,3.95292093200004,0],[98.0786568030001,3.95288446100005,0],[98.0780000720001,3.95272741700006,0],[98.0776288760001,3.95269886400007,0],[98.077158173,3.95287003600004,0],[98.076961935,3.95292093200004,0],[98.07677227,3.95297012200007,0],[98.0766528080001,3.95292093200004,0],[98.076529565,3.95287018500005,0],[98.0764439040001,3.95254181900003,0],[98.076401074,3.95197074800006,0],[98.076543842,3.95144250800007,0],[98.0769578680001,3.95097137500005,0],[98.0775003850001,3.95042885800007,0],[98.0777002600001,3.95004338500007,0],[98.0777145370001,3.94960080500005,0],[98.0776003230001,3.94937237700003,0],[98.0772741310001,3.94940920500005,0],[98.0764748140001,3.94973890800003,0],[98.075685332,3.95008029000007,0],[98.0750035010001,3.95040922500004,0],[98.074487988,3.95052879500003,0],[98.0739740240001,3.95078577700002,0],[98.0735599980001,3.95117125000007,0],[98.0734164090001,3.95207482100005,0],[98.0734413530001,3.95292093200004,0],[98.0734600600001,3.95355546900004,0],[98.073651581,3.95489923300005,0],[98.0738920060001,3.95535925300004,0],[98.0743166660001,3.95572553800002,0],[98.0747021390001,3.95591113600005,0],[98.075287486,3.95611101100008,0],[98.0754971150001,3.95667615200006,0],[98.0758014500001,3.95699617000002,0],[98.075703687,3.95749937300008,0],[98.075130442,3.95749585700003,0],[98.0743452200001,3.95736736600003,0],[98.0737027650001,3.95721032200004,0],[98.0720752140001,3.95676774200007,0],[98.0702335110001,3.95623950100003,0],[98.068413224,3.95544000300004,0],[98.0680134740001,3.95524726600007,0],[98.0675780330001,3.95500456100007,0],[98.0668570560001,3.95468333400004,0],[98.066402,3.95456168000004,0],[98.0659669140001,3.95421495200003,0],[98.065717582,3.95401625500006,0],[98.065650669,3.95367682200003,0],[98.065622116,3.95327707300004,0],[98.065610323,3.95292093200004,0],[98.0655864240001,3.95219917700007,0],[98.0655792860001,3.95196361000006,0],[98.0655364550001,3.95153530700003,0],[98.0655578700001,3.95101420500004,0],[98.0656720840001,3.95064300900003,0],[98.065643531,3.95030750500007,0],[98.065507902,3.95007907700005,0],[98.065236643,3.94997914000004,0],[98.064886862,3.94995772400006,0],[98.0645870500001,3.95000055500003,0],[98.0642943770001,3.95007907700005,0],[98.063987426,3.95019329100006,0],[98.06383752,3.95035033500005,0],[98.0637090290001,3.95057876400006,0],[98.0635305700001,3.95117838800007,0],[98.0634966010001,3.95135064400006,0],[98.0630925440001,3.95159830900008,0],[98.062723932,3.95182798100006,0],[98.0625311960001,3.95187794900005,0],[98.0624098430001,3.95181370400007,0],[98.06233846,3.95164952100004,0],[98.0623670130001,3.95138540100004,0],[98.062452674,3.95104989700008,0],[98.062566888,3.95068583900007,0],[98.0626454100001,3.95047168800005,0],[98.062581165,3.95025753700003,0],[98.062474089,3.95004338500007,0],[98.0623099060001,3.94992917100006,0],[98.061845911,3.94969360400006,0],[98.0615318220001,3.94948659100004,0],[98.0611534880001,3.94919391700006,0],[98.060810846,3.94897976600004,0],[98.0604896180001,3.94886555200003,0],[98.0602183600001,3.94877275300007,0],[98.0598543020001,3.94865853900006,0],[98.0594616910001,3.94851577100007,0],[98.0591404640001,3.94840869500007,0],[98.0588834820001,3.94829448100006,0],[98.058669331,3.94813029800002,0],[98.0584765940001,3.94799466900002,0],[98.0581625060001,3.94758064300004,0],[98.0578484170001,3.94725227700008,0],[98.057512913,3.94665265300006,0],[98.0573772830001,3.94650274700007,0],[98.0572273770001,3.94647419400007,0],[98.0570631950001,3.94650274700007,0],[98.05690615,3.94658126900003,0],[98.056665335,3.94686100800004,0],[98.0564635700001,3.94714520200006,0],[98.0561066510001,3.94758778100004,0],[98.055856808,3.94768058000005,0],[98.0555427190001,3.94767344200005,0],[98.055262649,3.94750696200003,0],[98.0548094690001,3.94713840200006,0],[98.0547867450001,3.94688415300004,0],[98.0547558480001,3.94653846600005,0],[98.0551501080001,3.94601733700006,0],[98.055349983,3.94567469500004,0],[98.05549275,3.94537488300006,0],[98.055635518,3.94500368700005,0],[98.0556497950001,3.94478953500004,0],[98.0555213040001,3.94454683000004,0],[98.0553214290001,3.94430412500003,0],[98.0551643850001,3.94410425000007,0],[98.0549074030001,3.94397575900007,0],[98.0546789750001,3.94391865200004,0],[98.0544219930001,3.94381871500002,0],[98.0540507970001,3.94381871500002,0],[98.0536796010001,3.94377588500004,0],[98.0533797890001,3.94370450100007,0],[98.053077875,3.94387092600005,0],[98.0529127180001,3.94396355600003,0],[98.05149764,3.94486650400006,0],[98.0493523590001,3.94634753200006,0],[98.0483513570001,3.94744995100007,0],[98.048394536,3.94907821600003,0],[98.048249614,3.94979265500007,0],[98.0474297630001,3.94999976200006,0],[98.0468246900001,3.95141923000006,0],[98.0458241740001,3.95208745400004,0],[98.0449148740001,3.95175171700004,0],[98.0439610270001,3.95099078300007,0],[98.043150751,3.95070038700004,0],[98.0424389490001,3.95093475100003,0],[98.042438067,3.95170362800008,0],[98.0420139400001,3.95240869500003,0],[98.041193213,3.95337562600002,0],[98.0403829260001,3.95309427300003,0],[98.0394384860001,3.95198961200003,0],[98.0389622320001,3.95103022400002,0],[98.0378634620001,3.95098372000007,0],[98.0369542830001,3.95054847300003,0],[98.036144784,3.94958869700002,0],[98.0350556920001,3.94896328200002,0],[98.0338569640001,3.94968553300004,0],[98.0341890510001,3.95068998200003,0],[98.0353865060001,3.95107129300004,0],[98.0366818270001,3.95250200800007,0],[98.036606356,3.95283633900004,0],[98.0364736060001,3.95342441700006,0],[98.0356176930001,3.95365860500004,0],[98.034240099,3.95327708300005,0],[98.032952417,3.95303134800002,0],[98.0321421350001,3.95274998700006,0],[98.031810218,3.95160080900007,0],[98.031189037,3.95135585100007,0],[98.030591143,3.95151722800006,0],[98.0302880820001,3.95159902700004,0],[98.0292784980001,3.95231244500008,0],[98.0286385260001,3.95273683700003,0],[98.0277554130001,3.95312476000004,0],[98.026989841,3.95312386000006,0],[98.0263771090001,3.95335832400002,0],[98.025986581,3.95378018500003,0],[98.0257999500001,3.95398179000006,0],[98.0249438660001,3.95436069500005,0],[98.0240955930001,3.95458736700004,0],[98.0240339000001,3.95460385200005,0],[98.0240037730001,3.95458736700004,0],[98.0228907760001,3.95397835900008,0],[98.02270208,3.95359822200004,0],[98.0221105250001,3.95398010100007,0],[98.02189086,3.95412190600007,0],[98.0218054030001,3.95425913900004,0],[98.0216170690001,3.95456157800004,0],[98.0213378540001,3.95500996000004,0],[98.0213223640001,3.95503483600004,0],[98.0202586350001,3.95582958600005,0],[98.0201128570001,3.95574713000002,0],[98.019601579,3.95545793900004,0],[98.0193145440001,3.95445354100002,0],[98.018126561,3.95368326000005,0],[98.017559809,3.95311271700007,0],[98.016272363,3.95267700100004,0],[98.0147416200001,3.95234049500004,0],[98.0143472350001,3.95225122300008,0],[98.0136971220001,3.95210406600006,0],[98.0130757790001,3.95200382500002,0],[98.0126981510001,3.95145159600003,0],[98.012661409,3.95137934000007,0],[98.01234012,3.95074750800006,0],[98.012320748,3.95070941100005,0],[98.0116459230001,3.95013873700003,0],[98.010646131,3.95018277100007,0],[98.0101555350001,3.94977666800003,0],[98.009836325,3.94951243300005,0],[98.010269887,3.94846366900003,0],[98.0109376840001,3.94736091100003,0],[98.0112819290001,3.94708773200006,0],[98.0115689470001,3.94685996600003,0],[98.011848209,3.94663835400007,0],[98.0129924980001,3.94625980500007,0],[98.013803883,3.94559140000007,0],[98.0137078120001,3.94479412300007,0],[98.013705771,3.94477718400003,0],[98.0128970440001,3.94319325100003,0],[98.012700705,3.94293963600006,0],[98.0124204210001,3.94257758700007,0],[98.012708794,3.94231122700006,0],[98.0129974720001,3.94204458600007,0],[98.0134982480001,3.94197722800004,0],[98.0136640650001,3.94195492400007,0],[98.0140877150001,3.94166597000003,0],[98.0140798480001,3.94069808600005,0],[98.013089564,3.94032604200004,0],[98.0113798460001,3.93903049500005,0],[98.0109038560001,3.93788114500006,0],[98.010284212,3.93635171100004,0],[98.010284712,3.93592763400005,0],[98.0102863580001,3.93453356000003,0],[98.0103214710001,3.93331599100003,0],[98.0103333120001,3.93290541800008,0],[98.0112442120001,3.93184817300005,0],[98.012145305,3.93146933100007,0],[98.013245327,3.93042135200005,0],[98.0133351700001,3.92984282100002,0],[98.0133633030001,3.92966166600007,0],[98.012392193,3.92831272800004,0],[98.0123625260001,3.92826206800004,0],[98.0117719950001,3.92725366300004,0],[98.0118177510001,3.92663862100005,0],[98.0119177780001,3.92582464000003,0],[98.0122526520001,3.92443202300007,0],[98.0123982730001,3.92313868200006,0],[98.0121554680001,3.92244002200005,0],[98.011967423,3.92189893200003,0],[98.010878559,3.92112877000005,0],[98.0095902580001,3.92146192600006,0],[98.0080595750001,3.92112542200005,0],[98.0078716260001,3.92012114400006,0],[98.0073955390001,3.91906225000002,0],[98.006973309,3.91815719500005,0],[98.0064430150001,3.91724296500007,0],[98.005795972,3.91604818400003,0],[98.005501134,3.91403972600006,0],[98.0056961510001,3.91354166500003,0],[98.0060250750001,3.91270161000006,0],[98.0075486520001,3.91140990800005,0],[98.008215964,3.91068705700008,0],[98.008649942,3.90925837600003,0],[98.0081297180001,3.90743960600003,0],[98.0081767250001,3.90575719100002,0],[98.0085568310001,3.90418371700002,0],[98.0085583480001,3.90289020700004,0],[98.007803074,3.90183098400007,0],[98.0065153580001,3.90169377600006,0],[98.0044160370001,3.90245111000007,0],[98.0026051880001,3.90297359800007,0],[98.000794957,3.90297144100003,0],[98.0001279910001,3.90340483000006,0],[97.9987397940001,3.90446149800005,0],[97.9975504270001,3.90493044200002,0],[97.997082527,3.90457710700002,0],[97.9955537330001,3.90268476500006,0],[97.9949332260001,3.90191515300006,0],[97.9937455630001,3.90095490500005,0],[97.9908370000001,3.90061672600007,0],[97.9897826630001,3.90114009500007,0],[97.9885938620001,3.90113866100006,0],[97.987116976,3.90104642300003,0],[97.9855952990001,3.90075512800007,0],[97.9841645970001,3.89970412100007,0],[97.982832225,3.89926832400005,0],[97.981141172,3.89753858700004,0],[97.9803629020001,3.89796862600002,0],[97.980357127,3.89797181700004,0],[97.979780513,3.89816107100006,0],[97.977826668,3.89777878400002,0],[97.9767283960001,3.89739753600003,0],[97.9756832950001,3.89773094300006,0],[97.9735402210001,3.89743887000003,0],[97.9703432190001,3.89733545300004,0],[97.9683434190001,3.89772195100005,0],[97.966866097,3.89800054100004,0],[97.965100518,3.89833304600006,0],[97.963433938,3.89871994200007,0],[97.9619212790001,3.89843766300004,0],[97.9608158450001,3.89656389500004,0],[97.9589633900001,3.89430929400004,0],[97.9589099500001,3.89426134700005,0],[97.9571462000001,3.89267886700003,0],[97.9569280810001,3.89252626500007,0],[97.9554365530001,3.89148275100007,0],[97.953361365,3.89013332600007,0],[97.9529934590001,3.88991258700003,0],[97.95119822,3.88898621200002,0],[97.950259863,3.88881543100007,0],[97.9500715070001,3.88878115000006,0],[97.950068146,3.88878053900004,0],[97.9485761350001,3.88979664700003,0],[97.9485163990001,3.88992186700006,0],[97.947047162,3.89300170100006,0],[97.9462830580001,3.89429310200006,0],[97.9454715320001,3.89539298200003,0],[97.9454727510001,3.89539388000003,0],[97.9454711920001,3.89539599600005,0],[97.943884375,3.89682316800003,0],[97.9421363850001,3.89749936900006,0],[97.9411416,3.89722636400006,0],[97.9407519860001,3.89711944000004,0],[97.940182774,3.89696322800006,0],[97.939184631,3.89682180500006,0],[97.9385120520001,3.89672443400002,0],[97.937544797,3.89655173200003,0],[97.9368921020001,3.89643519400005,0],[97.9368515340001,3.89641475600007,0],[97.9359395810001,3.89595533700003,0],[97.9352734180001,3.89514078700006,0],[97.9347677640001,3.89465075600003,0],[97.93455406,3.89444365600002,0],[97.933939411,3.89485190400006,0],[97.9331941890001,3.89590377000007,0],[97.9328891090001,3.89633438400006,0],[97.931009884,3.89914768000006,0],[97.9284486700001,3.90298194700006,0],[97.926301945,3.90470233400004,0],[97.9252383510001,3.90541252400004,0],[97.9249433210001,3.90561234700004,0],[97.923469197,3.90659383600007,0],[97.923156872,3.90680238400006,0],[97.922057834,3.90804776800007,0],[97.9187677210001,3.91034102600003,0],[97.914089333,3.91367267000004,0],[97.9134945040001,3.91399693100004,0],[97.9132787,3.91411457400005,0],[97.912964462,3.91401201400004,0],[97.912962855,3.91401231900005,0],[97.911657823,3.91358810000003,0],[97.9098483010001,3.91306111700004,0],[97.9076598890001,3.91291303600002,0],[97.906849574,3.91285820500002,0],[97.9053193600001,3.91224112500004,0],[97.9033661300001,3.91142449400007,0],[97.9020879120001,3.91094341900003,0],[97.901533085,3.91092901500002,0],[97.901411179,3.91092585000007,0],[97.9006205580001,3.91090532500004,0],[97.9006203330001,3.91090531900005,0],[97.9006202350001,3.91090516200006,0],[97.9005797310001,3.91083996600003,0],[97.9004597370001,3.91064523100005,0],[97.900458228,3.91064439600007,0],[97.899860328,3.91309265700005,0],[97.899697399,3.91371575100004,0],[97.8995150270001,3.91475788400004,0],[97.899285525,3.91533195500006,0],[97.8988462830001,3.91594404000006,0],[97.898497079,3.91656173300004,0],[97.897103364,3.91794919100005,0],[97.8969542460001,3.91828954100004,0],[97.8964238130001,3.91950020900003,0],[97.8963059640001,3.92011351400004,0],[97.8960408290001,3.92149332000002,0],[97.8958958000001,3.92330768100004,0],[97.8955858940001,3.92396385000006,0],[97.8955050700001,3.92401136800004,0],[97.894289294,3.92472614300004,0],[97.893265678,3.92578724500004,0],[97.8928616590001,3.92644343400002,0],[97.8922889080001,3.92737367100005,0],[97.8914080160001,3.92836333300005,0],[97.88977035,3.92926035700003,0],[97.8886966310001,3.92936247500006,0],[97.887044454,3.92965204600006,0],[97.8854282950001,3.92908351200003,0],[97.884038107,3.92871156700005,0],[97.8825756780001,3.92903191600004,0],[97.8799832780001,3.92993568400004,0],[97.8785331980001,3.92990984600004,0],[97.878136124,3.92981012600006,0],[97.876445678,3.92938559000004,0],[97.876382526,3.92936973000008,0],[97.87554054,3.92942216000006,0],[97.875347612,3.92997715000007,0],[97.8751801270001,3.93034481200004,0],[97.874608482,3.93159968100002,0],[97.874348581,3.93181960000004,0],[97.873447678,3.93258191000007,0],[97.873228107,3.93276770300002,0],[97.8721202550001,3.93456879400003,0],[97.870161839,3.93671249900007,0],[97.8687515700001,3.93816938800006,0],[97.8704366000001,3.94024886100004,0],[97.8709307390001,3.94110543200003,0],[97.8720493490001,3.94304449900005,0],[97.8718567400001,3.94483489700002,0],[97.870833265,3.94732515100003,0],[97.8701622770001,3.94969123800007,0],[97.8688637000001,3.95186212300007,0],[97.8670417000001,3.95392291200005,0],[97.8660412570001,3.95453728500007,0],[97.864555899,3.95544944500006,0],[97.8618612530001,3.95833086600004,0],[97.861831554,3.95836262400007,0],[97.861389446,3.95883537500004,0],[97.858923931,3.96277594500003,0],[97.857242404,3.96646973500003,0],[97.855860405,3.96874790500004,0],[97.855799474,3.96908280000002,0],[97.8554890940001,3.97078872900005,0],[97.8553110180001,3.97118691800006,0],[97.8545689960001,3.97284612800007,0],[97.8537600650001,3.97472574100004,0],[97.850521298,3.97873225000006,0],[97.8470088350001,3.98292935300003,0],[97.8450907280001,3.98601848900006,0],[97.844956117,3.98624184100004,0],[97.8429659440001,3.98954401500004,0],[97.8429341790001,3.98959672000007,0],[97.8429334720001,3.98962517100006,0],[97.842888949,3.99141758300004,0],[97.8428505370001,3.99296399100007,0],[97.842889088,3.99398455100004,0],[97.8429609840001,3.99588788000005,0],[97.842023522,3.99816805500006,0],[97.8414140090001,4.00000002300004,0],[97.8413458090001,4.00051987800003,0],[97.841102317,4.00082107200006,0],[97.840137112,4.00110067600002,0],[97.8394723060001,4.00083311900005,0],[97.837900645,4.00063467200005,0],[97.8369419790001,4.00051362600004,0],[97.834926125,4.00038152500002,0],[97.83237009,4.00040121200004,0],[97.8289698550001,4.00036115800003,0],[97.8266737440001,4.00077993000002,0],[97.8238228500001,4.00132498100004,0],[97.820984567,4.00258484900007,0],[97.8183369650001,4.00387339300005,0],[97.81658144,4.00434960400003,0],[97.813707574,4.00533565900002,0],[97.8126356340001,4.00665892800004,0],[97.8118588760001,4.00808187000007,0],[97.8113029,4.01001374000003,0],[97.8112377520001,4.01013250100004,0],[97.8107943350001,4.01094082500003,0],[97.810439741,4.01303071400002,0],[97.8100797700001,4.01564012400007,0],[97.8104262040001,4.01890602400005,0],[97.8109248250001,4.02231428900006,0],[97.8112606540001,4.02405347900003,0],[97.812223648,4.02818743000006,0],[97.812445284,4.03100241600004,0],[97.8129006670001,4.03356528500007,0],[97.8131976720001,4.03442383200007,0],[97.8134277350001,4.03543309500003,0],[97.8134664780001,4.03715382000007,0],[97.813487648,4.03777501100006,0],[97.8133992940001,4.03992406900005,0],[97.812866677,4.04146365400004,0],[97.811922097,4.04303727200005,0],[97.8113360350001,4.04454409000004,0],[97.8106802140001,4.04681899000002,0],[97.81019353,4.04910744500006,0],[97.8086016400001,4.05307964400004,0],[97.8075028870001,4.05469563900004,0],[97.805725952,4.05699002600005,0],[97.8050405110001,4.05974270700005,0],[97.8047297160001,4.06167186900007,0],[97.8046867780001,4.06193839100007,0],[97.8050383030001,4.06410651900006,0],[97.805643767,4.06901531500006,0],[97.8054767610001,4.07292969800005,0],[97.804625134,4.07584296200002,0],[97.8016823630001,4.08731024600007,0],[97.801048231,4.08937581400005,0],[97.7997943840001,4.09325480200005,0],[97.7981459690001,4.09577579700004,0],[97.796502896,4.09699724300003,0],[97.7934981710001,4.09848637200002,0],[97.7909156920001,4.10022948000005,0],[97.7889545670001,4.10209557300004,0],[97.784956423,4.10584245900003,0],[97.7827896040001,4.10754009800007,0],[97.7803539000001,4.10791214800003,0],[97.7778401570001,4.10825436600004,0],[97.7775790030001,4.10828991900007,0],[97.777109925,4.10835377900003,0],[97.775447903,4.10882935300003,0],[97.7731738950001,4.10948004100004,0],[97.769957871,4.11096404100005,0],[97.7672687690001,4.11186495500004,0],[97.764606277,4.11258001300007,0],[97.761892607,4.11346390100005,0],[97.759428557,4.11508835500007,0],[97.7554985510001,4.11823561600005,0],[97.7523593180001,4.12143187600003,0],[97.750560648,4.12423574100006,0],[97.7485662540001,4.12824403300004,0],[97.7464536470001,4.13152696000003,0],[97.7431102800001,4.13672245000004,0],[97.7386792550001,4.14575859600006,0],[97.7384744190001,4.14703523100007,0],[97.737343352,4.15408458600007,0],[97.73731539,4.15425885600007,0],[97.7367652440001,4.16167775800005,0],[97.734929444,4.17049888900004,0],[97.7333416100001,4.17815081700007,0],[97.733337642,4.18269124200003,0],[97.7333412350001,4.18311509100005,0],[97.7333886750001,4.18871195300005,0],[97.7330702520001,4.18937684500003,0],[97.7311125260001,4.19262991500005,0],[97.7286955500001,4.19746207600002,0],[97.728272937,4.19944739100004,0],[97.7283604260001,4.20077879300004,0],[97.7282474470001,4.20144587600004,0],[97.7290079380001,4.20275273100003,0],[97.7295677070001,4.20373805600002,0],[97.729982454,4.20449720000005,0],[97.730919794,4.20632915200002,0],[97.7324260080001,4.20830544400008,0],[97.7338585790001,4.21005703400004,0],[97.7349319840001,4.21135224400007,0],[97.7353557960001,4.21182057700003,0],[97.736255692,4.21249688500006,0],[97.7368630590001,4.21282068600004,0],[97.7386781230001,4.21368928400005,0],[97.739626904,4.21448232200004,0],[97.740029372,4.21487291300002,0],[97.7404240150001,4.21564694900007,0],[97.7405588720001,4.21591145000002,0],[97.7410308340001,4.21795952600007,0],[97.741035293,4.21807529100005,0],[97.7411148900001,4.22014175500004,0],[97.74105511,4.22106273500003,0],[97.740885543,4.22367509600002,0],[97.740798705,4.22462938000007,0],[97.740778091,4.22485591800006,0],[97.740676534,4.22597195400004,0],[97.740515546,4.22774106900005,0],[97.7404224890001,4.22844024400007,0],[97.7402613530001,4.22965091200007,0],[97.7401759410001,4.23029264100006,0],[97.7401612420001,4.23059522000005,0],[97.740080666,4.23225382400005,0],[97.7400604760001,4.23266941000003,0],[97.7400401680001,4.23291897600006,0],[97.7400034290001,4.23337045000005,0],[97.7399056240001,4.23362153600004,0],[97.7397062320001,4.23413341700007,0],[97.7396103980001,4.23437944100004,0],[97.739592632,4.23440723700003,0],[97.7395513770001,4.23447178300006,0],[97.7394510280001,4.23462878300006,0],[97.7393086850001,4.23486444200006,0],[97.7383211040001,4.23639659900005,0],[97.7375220100001,4.23775186500006,0],[97.7353926910001,4.24141250300005,0],[97.7353728350001,4.24144663900006,0],[97.7351811610001,4.24177615600007,0],[97.7340717650001,4.24475052700006,0],[97.7332577980001,4.24758418200003,0],[97.7332466450001,4.24762300900005,0],[97.733055661,4.24828787800004,0],[97.732966821,4.24882440900006,0],[97.732966263,4.24882777700003,0],[97.732914431,4.24914080500002,0],[97.7329143140001,4.24914151100006,0],[97.732905063,4.24919738100004,0],[97.7329050580001,4.24919741200006,0],[97.7329024740001,4.24921302100006,0],[97.7329008880001,4.24922259900006,0],[97.7329002820001,4.24922625800002,0],[97.7329001880001,4.24922682500005,0],[97.73289886,4.24922817000004,0],[97.732894005,4.24924981700002,0],[97.732690334,4.25015776800007,0],[97.7326180300001,4.25048009600005,0],[97.7325543250001,4.25076408600006,0],[97.7327242430001,4.25102106600002,0],[97.732771588,4.25109267000005,0],[97.7327844440001,4.25111211300003,0],[97.733003507,4.25144341900005,0],[97.7332387860001,4.25179925000003,0],[97.7333557310001,4.25197611500005,0],[97.733468169,4.25214616500006,0],[97.7338926790001,4.25278818200007,0],[97.7344416820001,4.25361847900007,0],[97.7344645410001,4.25365305100007,0],[97.734466061,4.25365535000003,0],[97.735069722,4.25456830800005,0],[97.7354812350001,4.25519066600003,0],[97.735756832,4.25560747000003,0],[97.735762321,4.25561577100007,0],[97.7358736320001,4.25578411200007,0],[97.7360398340001,4.25603547100008,0],[97.736448769,4.25665392800005,0],[97.7365494760001,4.25680623300002,0],[97.736868384,4.25728853700002,0],[97.7370894410001,4.25762285400003,0],[97.737243735,4.25807790600004,0],[97.7372882980001,4.25820933700004,0],[97.7374234430001,4.25860791400004,0],[97.7375494340001,4.25897949600005,0],[97.737715833,4.25947025000005,0],[97.7377840930001,4.25967156500008,0],[97.7378264440001,4.25979647100007,0],[97.738207141,4.26091924500003,0],[97.7383898150001,4.26145799600005,0],[97.7384916830001,4.26175843000004,0],[97.7385828010001,4.26202716200004,0],[97.7386486870001,4.26222147400006,0],[97.7387505450001,4.26252187800003,0],[97.7387582680001,4.26254465600005,0],[97.7390162570001,4.26330553000003,0],[97.7393032150001,4.26415184000007,0],[97.7393320630001,4.26423692000003,0],[97.7394720720001,4.26464984000006,0],[97.739688669,4.26528863500005,0],[97.7397506010001,4.26547128600004,0],[97.7404479610001,4.26752796200003,0],[97.7406071600001,4.26799747600006,0],[97.7407237240001,4.26834125100004,0],[97.74092261,4.26892781000004,0],[97.741293951,4.27002297500007,0],[97.7412993390001,4.27003886400007,0],[97.74162705,4.27100535200003,0],[97.741669259,4.27112983600006,0],[97.7418213650001,4.27157843000003,0],[97.742099937,4.27239999700004,0],[97.7422314510001,4.27278785800007,0],[97.7427146840001,4.27421300800006,0],[97.7428028300001,4.27447296900004,0],[97.7433866710001,4.27619482700004,0],[97.7435272260001,4.27660935100005,0],[97.7435943450001,4.27680729600007,0],[97.7438806120001,4.27765155100008,0],[97.7442101890001,4.27862353400008,0],[97.7443754330001,4.27911086700004,0],[97.7443998150001,4.27918277400005,0],[97.7444675980001,4.27938267600007,0],[97.7446671160001,4.27997108800002,0],[97.7449098170001,4.28068685600005,0],[97.7451330530001,4.28134521600003,0],[97.7463599120001,4.28496341400006,0],[97.746584435,4.28562556500003,0],[97.7474608460001,4.28821022300002,0],[97.747822361,4.28927637700002,0],[97.7481563950001,4.29026148700007,0],[97.7485603520001,4.29145280400007,0],[97.7492890770001,4.29360189700003,0],[97.749407514,4.29395118200006,0],[97.7494532590001,4.29408608700004,0],[97.7494954790001,4.29421059800006,0],[97.7495542610001,4.29438395500006,0],[97.749615346,4.29456409900007,0],[97.749719224,4.29487045100007,0],[97.749785794,4.29494006700003,0],[97.750395327,4.29557749900005,0],[97.751145567,4.29636207800007,0],[97.7516353940001,4.29687432400004,0],[97.7517806260001,4.29702620200004,0],[97.752381325,4.29765439300007,0],[97.7537568970001,4.29909291500007,0],[97.7542106640001,4.29956744600003,0],[97.7543730120001,4.29973722300002,0],[97.7544828260001,4.29985206200007,0],[97.755155432,4.30055544400005,0],[97.756441914,4.30190078700002,0],[97.7569718940001,4.30245501300004,0],[97.757144628,4.30263564900002,0],[97.7573213370001,4.30282044300003,0],[97.7574040480001,4.30290693700005,0],[97.7577462190001,4.30326476200003,0],[97.7582514260001,4.30379308000005,0],[97.758405054,4.30397494800008,0],[97.7590226330001,4.30470605200003,0],[97.7597984450001,4.30562447300002,0],[97.7601881210001,4.30608577800007,0],[97.7602622110001,4.30617348700002,0],[97.760824213,4.30683879400004,0],[97.761204825,4.30728936700007,0],[97.7615664090001,4.30771741500007,0],[97.7618244660001,4.30802290500003,0],[97.7623900940001,4.30869250000006,0],[97.763174602,4.30962120500004,0],[97.763583182,4.31010488400005,0],[97.764007969,4.31060774800005,0],[97.7640471720001,4.31065415600006,0],[97.7644138680001,4.31108825100006,0],[97.764455452,4.31113747800003,0],[97.764932435,4.31170213000007,0],[97.765051622,4.31184322300004,0],[97.765202172,4.31202144300005,0],[97.7654544370001,4.31232007300002,0],[97.76575955,4.31268126500004,0],[97.766291397,4.31331086100005,0],[97.7663053430001,4.31332737100007,0],[97.7668900510001,4.31401954200004,0],[97.7675782640001,4.31483424100003,0],[97.768104179,4.31545681300003,0],[97.7683264820001,4.31571997100002,0],[97.768623656,4.31607176100005,0],[97.7689645340001,4.31647528600007,0],[97.7692367980001,4.31679758700005,0],[97.7708273540001,4.31868045100003,0],[97.771110267,4.31901535700007,0],[97.7712834120001,4.31922032000006,0],[97.7713714230001,4.31932450600004,0],[97.7715697730001,4.31955930700002,0],[97.7719918160001,4.32005890800002,0],[97.7722621170001,4.32037888200006,0],[97.7723870780001,4.32052680700002,0],[97.7722504210001,4.32072501700003,0],[97.7721187240001,4.32091603200007,0],[97.7714603220001,4.32187098600002,0],[97.7705776980001,4.32315114800002,0],[97.770457449,4.32332555800002,0],[97.77023954,4.32364161300006,0],[97.769674406,4.32446128000004,0],[97.7693914330001,4.32487170300004,0],[97.769255075,4.32506947400003,0],[97.7686912920001,4.32588717900006,0],[97.7685530100001,4.32608774000005,0],[97.7680785320001,4.32677591400005,0],[97.7679197680001,4.32700618300004,0],[97.767265518,4.32795509100004,0],[97.7667089710001,4.32876229100003,0],[97.766655267,4.32884018000004,0],[97.766649929,4.32884792300007,0],[97.766586685,4.32893965000005,0],[97.766243161,4.32943788600005,0],[97.76603908,4.32973387700002,0],[97.765819622,4.33005217000004,0],[97.7654950360001,4.33052293600002,0],[97.7653082250001,4.33079388000004,0],[97.765305642,4.33079762600005,0],[97.7642176690001,4.33237556800003,0],[97.7638301480001,4.33293760800007,0],[97.763462244,4.33347119400003,0],[97.7631662490001,4.33390048600006,0],[97.7628002770001,4.33443126900005,0],[97.7620128570001,4.33557328900002,0],[97.761766288,4.33593089400006,0],[97.7617431630001,4.33595594500002,0],[97.7656175980001,4.33806685100006,0],[97.76953826,4.34020291500002,0],[97.771988164,4.34076768100005,0],[97.7722709450001,4.34085540900003,0],[97.774527778,4.34155555600006,0],[97.7748738170001,4.34227380600004,0],[97.7754887140001,4.34355010800004,0],[97.776692374,4.34586751700004,0],[97.7775679000001,4.34665698800006,0],[97.778132428,4.34730211100003,0],[97.778576371,4.34780943300007,0],[97.7790233140001,4.34822895100007,0],[97.780742423,4.34984256900003,0],[97.7817439250001,4.35057591800006,0],[97.782709132,4.35128268700004,0],[97.7833956690001,4.35178540000004,0],[97.7837464710001,4.35216505200003,0],[97.7849021600001,4.35398227400003,0],[97.7849323920001,4.35432866800005,0],[97.7849476970001,4.35507168000004,0],[97.7849165750001,4.35595502200005,0],[97.784919899,4.35649939200005,0],[97.7872424910001,4.35701873100004,0],[97.7875681660001,4.35709507200005,0],[97.788151504,4.35729096900008,0],[97.7899537950001,4.35789621500004,0],[97.7903666120001,4.35806374400005,0],[97.7918135400001,4.35840964700003,0],[97.792551652,4.35863702500006,0],[97.79326961,4.35879922100003,0],[97.79449478,4.35906826800004,0],[97.7952883250001,4.35926555300006,0],[97.7959043990001,4.35946395700006,0],[97.7981662970001,4.36014769300004,0],[97.8007433480001,4.36101791600004,0],[97.802009372,4.36138342800007,0],[97.8034086820001,4.36159335400004,0],[97.8040398160001,4.36188922100007,0],[97.8049134760001,4.36212755400004,0],[97.8053966580001,4.36216969600002,0],[97.807846021,4.36238331800007,0],[97.8082607160001,4.36241948500003,0],[97.8095609800001,4.36253288300003,0],[97.8103144330001,4.36259859300003,0],[97.816722827,4.36315744400002,0],[97.8174716220001,4.36322274000003,0],[97.8183927790001,4.36330306500003,0],[97.8184066190001,4.36330427200005,0],[97.8187847060001,4.36333724100007,0],[97.8195667460001,4.36340543300003,0],[97.820187036,4.36345952100004,0],[97.820481842,4.36348522700007,0],[97.820492754,4.36348617800007,0],[97.8205029630001,4.36348974200007,0],[97.8263709340001,4.36556877500004,0],[97.828658633,4.36637931100006,0],[97.8307084240001,4.36710555600007,0],[97.8384028040001,4.36983169000007,0],[97.8388796680001,4.37027864900006,0],[97.8395099050001,4.37086936200006,0],[97.841879566,4.37309041500004,0],[97.8428606790001,4.37400999300007,0],[97.843693811,4.37479087000003,0],[97.8442599360001,4.37532148500003,0],[97.844955644,4.37597355400004,0],[97.8453638330001,4.37635613800006,0],[97.8486740230001,4.37945866700005,0],[97.849703338,4.38042340300007,0],[97.850558613,4.38122501500004,0],[97.8517294750001,4.38232240900004,0],[97.8547656550001,4.38516806100006,0],[97.8553694980001,4.38573400800004,0],[97.85600995,4.38633426500007,0],[97.8564467090001,4.38674361200003,0],[97.8565086680001,4.38680168200005,0],[97.8565334050001,4.38680312400004,0],[97.8573772490001,4.38685232500006,0],[97.8580466390001,4.38689135400006,0],[97.8579916260001,4.38696012300005,0],[97.859255299,4.38696182300004,0],[97.8612005590001,4.38707523300008,0],[97.8616925850001,4.38710391700005,0],[97.862465694,4.38714898900002,0],[97.863647196,4.38721786700006,0],[97.8646289160001,4.38727509600005,0],[97.8647552720001,4.38728246200003,0],[97.865038208,4.38729895600005,0],[97.867471526,4.38744080100003,0],[97.8683425010001,4.38749157100006,0],[97.8684831840001,4.38749977100002,0],[97.8688748580001,4.38752260200005,0],[97.8695301870001,4.38756080000007,0],[97.869885502,4.38758151100006,0],[97.8703288340001,4.38760735200003,0],[97.8703638730001,4.38760939400004,0],[97.870457001,4.38761482300004,0],[97.8707374150001,4.38763116700005,0],[97.870963137,4.38762760500003,0],[97.871827792,4.38761395600005,0],[97.8718365890001,4.38761954700004,0],[97.871981072,4.38762976100003,0],[97.87222059,4.38764669300002,0],[97.872461306,4.38760395400004,0],[97.8734377900001,4.38758853800005,0],[97.8734490510001,4.38758836000005,0],[97.873574993,4.38758637200004,0],[97.8744610850001,4.38757238200003,0],[97.8773220400001,4.38752720300005,0],[97.8787931130001,4.38750396800003,0],[97.8797019670001,4.38752145900003,0],[97.882088927,4.38756739200005,0],[97.8841143450001,4.38760636100005,0],[97.8855823760001,4.38763460300004,0],[97.891037113,4.38753996700007,0],[97.8950533810001,4.38747026200002,0],[97.8952114510001,4.38746751800005,0],[97.8952983360001,4.38748744000003,0],[97.8956434780001,4.38756657800008,0],[97.9054947500001,4.38982531300007,0],[97.9066268450001,4.39008487600006,0],[97.9074307660001,4.39026919400004,0],[97.9075139390001,4.39026282900005,0],[97.9074854250001,4.38956484900007,0],[97.9075401810001,4.38868874700006,0],[97.907542532,4.38865113600002,0],[97.9079232460001,4.38817524400002,0],[97.9086656380001,4.38748995900005,0],[97.909427065,4.38651913900003,0],[97.9101123500001,4.38566253300007,0],[97.910892813,4.38514856900002,0],[97.9113687060001,4.38465364200005,0],[97.9120011590001,4.38419782400007,0],[97.9127773470001,4.38303560800006,0],[97.9138052740001,4.38120818200002,0],[97.9146047730001,4.38012314800005,0],[97.915175843,4.37964725600006,0],[97.9154423430001,4.37911425600004,0],[97.915620802,4.37870261000006,0],[97.9160676010001,4.37843497700004,0],[97.9169889920001,4.37792928500005,0],[97.9175039620001,4.37767369300008,0],[97.91854218,4.37722558300004,0],[97.918868767,4.37690611700003,0],[97.9189657050001,4.37629065000004,0],[97.9190353290001,4.37590674300003,0],[97.9193089670001,4.37516911000006,0],[97.919570708,4.37460993700006,0],[97.920296443,4.37412214700004,0],[97.9210340760001,4.37361056300006,0],[97.9215337630001,4.37296810900006,0],[97.9220929360001,4.37206391300003,0],[97.922854364,4.37102884800004,0],[97.923496818,4.37005326900004,0],[97.9242701430001,4.36925614900002,0],[97.924865008,4.36866128400004,0],[97.9256770520001,4.36795217600007,0],[97.9257097170001,4.36792365100007,0],[97.9264116580001,4.36767380800006,0],[97.9273500730001,4.36761114800004,0],[97.928291432,4.36680530500007,0],[97.9283822580001,4.36594724500003,0],[97.9286602490001,4.36459240600004,0],[97.9289219890001,4.36370010800005,0],[97.9290432230001,4.36338037500008,0],[97.929651451,4.36274506800004,0],[97.930463682,4.36189667500003,0],[97.9308503440001,4.36043925500007,0],[97.9320698180001,4.35990387600003,0],[97.9334677510001,4.36011207900003,0],[97.934925171,4.36106386300003,0],[97.9362483580001,4.36172972300005,0],[97.936276911,4.36207593500006,0],[97.936386208,4.36222291600006,0],[97.9364839240001,4.36234362400006,0],[97.9366081410001,4.36255669700006,0],[97.9367243520001,4.36269329500004,0],[97.936914841,4.36285512800004,0],[97.937044449,4.36293119500004,0],[97.9373440990001,4.36304318600003,0],[97.9377182370001,4.36313376900006,0],[97.937958,4.36319309200007,0],[97.9382775710001,4.36308758400003,0],[97.9386043490001,4.36291412400004,0],[97.938939528,4.36281118800002,0],[97.9392331800001,4.36284153300005,0],[97.939409196,4.36290289400006,0],[97.9396512870001,4.36305561400007,0],[97.9397859950001,4.36314451200008,0],[97.9398570050001,4.36319137400005,0],[97.9400507730001,4.36332055900004,0],[97.9401602350001,4.36341800900004,0],[97.9401784840001,4.36344234100005,0],[97.9402565600001,4.36354644200003,0],[97.940356497,4.36369634800008,0],[97.940463573,4.36386053100006,0],[97.9406513580001,4.36403826700007,0],[97.940800837,4.36414442000006,0],[97.9409686050001,4.36423488100007,0],[97.9411952570001,4.36434594100007,0],[97.9413498930001,4.36446875200005,0],[97.941573454,4.36466845800004,0],[97.9417870290001,4.36488203300007,0],[97.9418965080001,4.36503015200003,0],[97.9420297340001,4.36521039900003,0],[97.9421636710001,4.36534433600002,0],[97.9423366840001,4.36551734900007,0],[97.942502893,4.36566440000007,0],[97.9425766720001,4.36572967600006,0],[97.9425912740001,4.36664906700003,0],[97.9433320050001,4.36666693900003,0],[97.943388397,4.36681277100007,0],[97.9433939960001,4.36681288100004,0],[97.9436855690001,4.36681861800002,0],[97.944162797,4.36654406900004,0],[97.944913892,4.36649726100006,0],[97.945486121,4.36648610000003,0],[97.945902591,4.36703712900004,0],[97.945954004,4.36702171000007,0],[97.946287296,4.36682398300007,0],[97.9464062690001,4.36671928700002,0],[97.946702352,4.36679727200004,0],[97.9468345720001,4.36702861700007,0],[97.9470839240001,4.36689892900006,0],[97.9470848500001,4.36690406900004,0],[97.9471688940001,4.36737094900008,0],[97.9474353940001,4.36783732400005,0],[97.9476352680001,4.36800864500003,0],[97.9482905200001,4.36819034900003,0],[97.948387327,4.36821719400007,0],[97.9484549630001,4.36822958500005,0],[97.9490153560001,4.36833225200007,0],[97.9491224970001,4.36841893100006,0],[97.9494517810001,4.36854405100007,0],[97.949797839,4.36872974800002,0],[97.95014819,4.36904006800006,0],[97.9501577170001,4.36984521900007,0],[97.950234321,4.37075584900003,0],[97.951116186,4.37092359000007,0],[97.951798796,4.37087606700004,0],[97.951897525,4.37087831300005,0],[97.951996206,4.37088055800007,0],[97.9521242800001,4.37091024500006,0],[97.952433151,4.37078843000006,0],[97.9529599350001,4.37108424200005,0],[97.953058952,4.37082724200008,0],[97.953445506,4.37072450400007,0],[97.9538530080001,4.37066605700005,0],[97.9536727290001,4.37038759000006,0],[97.9535616140001,4.37022725000003,0],[97.953650382,4.36976157400005,0],[97.9546267010001,4.36997370300003,0],[97.9552353890001,4.37027173600006,0],[97.9563962400001,4.37072018300006,0],[97.960363149,4.37097439700005,0],[97.9612494980001,4.37067930500007,0],[97.9617313690001,4.37035089200003,0],[97.9622527960001,4.36991839500007,0],[97.962632774,4.36975854500002,0],[97.962890121,4.36975265300003,0],[97.9631142210001,4.36978420400004,0],[97.963554044,4.36990977900007,0],[97.9636411910001,4.36992447800003,0],[97.9638585900001,4.36984919900004,0],[97.9636830410001,4.37015272900004,0],[97.963641673,4.37027383700007,0],[97.9635848680001,4.37042333300008,0],[97.9634878320001,4.37057645700003,0],[97.9634109040001,4.37074364200004,0],[97.9632322630001,4.37109154900003,0],[97.9631967120001,4.37136969600004,0],[97.963263354,4.37162078000006,0],[97.9632788430001,4.37167913500002,0],[97.9633862910001,4.37207873400007,0],[97.9634244640001,4.37250044000007,0],[97.9634827940001,4.37303704200002,0],[97.9635345920001,4.37353832900004,0],[97.9635462900001,4.37386131500006,0],[97.9635216040001,4.37415378200006,0],[97.9635029890001,4.37444625700005,0],[97.96377191,4.37555375100004,0],[97.9639982190001,4.37600921300003,0],[97.9642901000001,4.37630109300005,0],[97.964556599,4.37645972400003,0],[97.9648167540001,4.37673256900007,0],[97.964930968,4.37679602100008,0],[97.9651788340001,4.37665944000003,0],[97.965346975,4.37652105500007,0],[97.9654005360001,4.37649984800004,0],[97.9655879840001,4.37603272500007,0],[97.9660221840001,4.37578030700007,0],[97.966179228,4.37574699500004,0],[97.966307719,4.37556139700007,0],[97.966540906,4.37547573600006,0],[97.9667788520001,4.37539007600003,0],[97.9671072180001,4.37537579900004,0],[97.9673166100001,4.37558995100005,0],[97.9672214320001,4.37596590500004,0],[97.967207155,4.37607060200003,0],[97.9670367860001,4.37614777500005,0],[97.967028854,4.37623898800007,0],[97.9671835190001,4.37633416700004,0],[97.9672350740001,4.37650866000007,0],[97.9672668000001,4.37717490900008,0],[97.9672162420001,4.37816388100003,0],[97.9671781710001,4.37850652300006,0],[97.9673939080001,4.37891896300005,0],[97.9674954320001,4.37919815300006,0],[97.967489087,4.37961059300005,0],[97.9676477180001,4.37994054500007,0],[97.967850765,4.38025780700002,0],[97.9681363000001,4.38032125900003,0],[97.9683330020001,4.38045450900006,0],[97.968466252,4.38039740200003,0],[97.9687644780001,4.38046085400003,0],[97.968954835,4.38050527100006,0],[97.9691769180001,4.38049892500004,0],[97.96951956,4.38058141300007,0],[97.9697162620001,4.38093040100006,0],[97.9697670240001,4.38119690100007,0],[97.9698177860001,4.38145071000002,0],[97.970096976,4.38158396000006,0],[97.970223881,4.38164741200006,0],[97.970388857,4.38218675600007,0],[97.9703698210001,4.38245325600008,0],[97.9703317500001,4.38279589800004,0],[97.970363476,4.38304336200002,0],[97.970204515,4.38330976300006,0],[97.9702378270001,4.38354295000005,0],[97.9703853540001,4.38389035100005,0],[97.9705566750001,4.38405215500006,0],[97.970628059,4.38432817200004,0],[97.9706613710001,4.38446142200007,0],[97.9707864860001,4.38470988900002,0],[97.9707933400001,4.38471584100006,0],[97.9708429890001,4.38475895700003,0],[97.9709673770001,4.38485409100002,0],[97.9710255470001,4.38487622000002,0],[97.9711769240001,4.38496842000006,0],[97.9712421070001,4.38500116800003,0],[97.9712543370001,4.38500731300007,0],[97.9712626770001,4.38501150400003,0],[97.9714815230001,4.38528182000005,0],[97.971711633,4.38540760700005,0],[97.971914681,4.38550119900003,0],[97.9722652550001,4.38552340700005,0],[97.9726646600001,4.38554007700003,0],[97.9728569470001,4.38555037400005,0],[97.9730663400001,4.38550278500003,0],[97.9733344260001,4.38535843100004,0],[97.9734978150001,4.38520931800002,0],[97.9736802410001,4.38504434200007,0],[97.9739879840001,4.38500468500007,0],[97.974443255,4.38498247600006,0],[97.9747303760001,4.38496661300007,0],[97.9749746680001,4.38495709500006,0],[97.975455319,4.38492854200007,0],[97.976038869,4.38506080600007,0],[97.9769633320001,4.38571029600007,0],[97.9775573970001,4.38629980200005,0],[97.9775778530001,4.38631572200006,0],[97.9775750780001,4.38633062100007,0],[97.976997307,4.38892361900002,0],[97.9785106950001,4.38933273400005,0],[97.9788678200001,4.39065860300002,0],[97.978075833,4.39100527800002,0],[97.978281301,4.39134731000007,0],[97.9782849630001,4.39136022800005,0],[97.9782945330001,4.39137626700006,0],[97.9786187490001,4.39191963000007,0],[97.978619155,4.39192031000005,0],[97.9787268430001,4.39210078700006,0],[97.979414794,4.39282524100003,0],[97.97987348,4.39326984100006,0],[97.9804691670001,4.39368611100002,0],[97.980753371,4.39350857600004,0],[97.9809956190001,4.39323790800006,0],[97.981158963,4.39305540000004,0],[97.9814103200001,4.39277455400003,0],[97.982055298,4.39317397600007,0],[97.9819623130001,4.39334515700006,0],[97.981876045,4.39350397400005,0],[97.9818116770001,4.39358675500006,0],[97.9821151250001,4.39374819900007,0],[97.9828100720001,4.39406822600006,0],[97.9837836010001,4.39406955400005,0],[97.985466091,4.39422915600005,0],[97.9859639700001,4.39436024700007,0],[97.986833759,4.39458926200007,0],[97.9870587030001,4.39464849000007,0],[97.988564459,4.39538381100004,0],[97.9904852500001,4.39632180900003,0],[97.990935343,4.39656391400007,0],[97.9960573870001,4.39931904200006,0],[97.9965959900001,4.39958018800007,0],[97.9971264320001,4.39983737700004,0],[97.9977077950001,4.39982280500004,0],[97.9984118130001,4.39960877300007,0],[97.9986087070001,4.39940478900007,0],[97.9986664350001,4.39932224800003,0],[97.9991667290001,4.39931207800004,0],[97.9997838130001,4.39929953400002,0],[97.9997856100001,4.39930062700006,0],[98.000000002,4.39943109100005,0],[98.0006438950001,4.39977389800003,0],[98.0006440080001,4.39977395800003,0],[98.0011927420001,4.40027030500005,0],[98.002655008,4.40159296900003,0],[98.0025495310001,4.40179365600005,0],[98.0024748660001,4.40193571900005,0],[98.0022972790001,4.40227360700004,0],[98.002172612,4.40251080700006,0],[98.0021110180001,4.40262800000005,0],[98.0021006170001,4.40269848700007,0],[98.0018780330001,4.40420696600006,0],[98.0018925740001,4.40457318000006,0],[98.0021839620001,4.40507792400007,0],[98.0022678390001,4.40522321700007,0],[98.0023270450001,4.40521871900006,0],[98.002373693,4.40531465400005,0],[98.0024395720001,4.40539685800007,0],[98.0024672220001,4.40543136100007,0],[98.0025454710001,4.40551553500006,0],[98.002643343,4.40588707400002,0],[98.002440805,4.40589324600006,0],[98.002425852,4.40591955200006,0],[98.002384588,4.40597398900007,0],[98.002181953,4.40624131200002,0],[98.0020331000001,4.40649569600004,0],[98.0020271010001,4.40660913900007,0],[98.0020003820001,4.40711438400007,0],[98.0019292010001,4.40743810600003,0],[98.0019436920001,4.40771805600002,0],[98.0020582610001,4.40792615400005,0],[98.0022228930001,4.40813421800004,0],[98.0023160360001,4.40838540100003,0],[98.0023830540001,4.40850141000004,0],[98.0023947980001,4.40852173900004,0],[98.0025664950001,4.40860058600003,0],[98.002947996,4.40870321900007,0],[98.003219905,4.40890881700005,0],[98.0037301990001,4.40909989700003,0],[98.0038208670001,4.40921469100005,0],[98.0040876790001,4.40893215700004,0],[98.0043308450001,4.40893677700006,0],[98.0045173780001,4.40917685800002,0],[98.0047507850001,4.40947727000002,0],[98.004812975,4.40978350800003,0],[98.0050847260001,4.40975461000005,0],[98.0053231410001,4.40978316100006,0],[98.0055568390001,4.40988828600007,0],[98.005838081,4.40979238200003,0],[98.006043058,4.40973002900006,0],[98.006314939,4.40989255500006,0],[98.0064151490001,4.41001691300005,0],[98.006558258,4.41012210000002,0],[98.0068015250001,4.41027507400003,0],[98.007044798,4.41043762000004,0],[98.0071974400001,4.41053801400005,0],[98.007278403,4.41040396100004,0],[98.007383131,4.41015982200003,0],[98.007549468,4.41022295900007,0],[98.0078361990001,4.41033179500005,0],[98.0081223550001,4.41045124000004,0],[98.0086135600001,4.41061361500005,0],[98.008861553,4.41070437200005,0],[98.0090948910001,4.41073026500004,0],[98.0094528290001,4.41078532300003,0],[98.00969596,4.41073729900006,0],[98.0097724620001,4.41069837700007,0],[98.010091559,4.41053603100005,0],[98.0102536160001,4.41045934900006,0],[98.0104776810001,4.41042091000003,0],[98.010887724,4.41042541400003,0],[98.0112691960001,4.41048257900007,0],[98.0116173120001,4.41056848000005,0],[98.011857127,4.41063246800007,0],[98.012447088,4.41080240400004,0],[98.0130432170001,4.41100777400004,0],[98.0129717250001,4.41104610900004,0],[98.012862135,4.41115146900006,0],[98.0128526880001,4.41128068700004,0],[98.0129004790001,4.41144336600007,0],[98.012952968,4.41150554300003,0],[98.0129959550001,4.41161558300007,0],[98.013062758,4.41169210700002,0],[98.0132726780001,4.41188338700005,0],[98.013401494,4.41200293900005,0],[98.013413841,4.41211803700003,0],[98.0134038960001,4.41216578000007,0],[98.01336803,4.41233795600004,0],[98.0133968840001,4.41269685900005,0],[98.0135377670001,4.41274200000004,0],[98.0138887270001,4.41280301300003,0],[98.0141023190001,4.41278755100006,0],[98.0143873420001,4.41274480700002,0],[98.0149302870001,4.41266013000006,0],[98.0153256720001,4.41259734900007,0],[98.0155668620001,4.41255682500002,0],[98.015495414,4.41294066700004,0],[98.0154813330001,4.41326370700006,0],[98.0154064610001,4.41358679000007,0],[98.0153995740001,4.41397084100004,0],[98.015667878,4.41412858100006,0],[98.0158753380001,4.41420739900002,0],[98.016433572,4.41476663100002,0],[98.0169403340001,4.41501154100007,0],[98.017295039,4.41514289900005,0],[98.0176050170001,4.41523241300007,0],[98.0179567200001,4.41533087100004,0],[98.0181564520001,4.41543840800006,0],[98.0184515030001,4.41548904900003,0],[98.0186064550001,4.41547996800006,0],[98.0187316190001,4.41548885300006,0],[98.0188926280001,4.41562034600003,0],[98.0190059230001,4.41570102400004,0],[98.019151949,4.41571288600005,0],[98.019277097,4.41569784300003,0],[98.0195487410001,4.41566864400005,0],[98.019557192,4.41566773600005,0],[98.0197282190001,4.41568080500002,0],[98.019870085,4.41566452600006,0],[98.02025187,4.41616674900007,0],[98.0205083710001,4.41648959900004,0],[98.0206038090001,4.41660319100004,0],[98.0208419100001,4.41617829900002,0],[98.020871668,4.41611845800003,0],[98.0207761840001,4.41593906400004,0],[98.0206031960001,4.41572383200003,0],[98.020460008,4.41550857900006,0],[98.0204599460001,4.41541884900005,0],[98.0206105650001,4.41529278700006,0],[98.020617701,4.41528681400007,0],[98.0209788860001,4.41545333600004,0],[98.020990403,4.41545474300005,0],[98.022171266,4.41559899800006,0],[98.022435854,4.41563132100003,0],[98.0225211360001,4.41564173900002,0],[98.0240419340001,4.41582751800007,0],[98.0244987,4.41589812200004,0],[98.0255412980001,4.41605851800006,0],[98.0257074350001,4.41482380100007,0],[98.025823292,4.41374697400005,0],[98.025852027,4.41365367300006,0],[98.026057301,4.41166033500002,0],[98.0260683100001,4.41053071800008,0],[98.025834069,4.40839475500007,0],[98.0258200540001,4.40826696100004,0],[98.02596714,4.40836609200005,0],[98.026239946,4.40854995100005,0],[98.0265630090001,4.40880112000002,0],[98.0271213350001,4.40923519800003,0],[98.0272124200001,4.40930601300005,0],[98.027246383,4.40933206500006,0],[98.0273940060001,4.40944530600007,0],[98.027439803,4.40948043500003,0],[98.0273338430001,4.40958429600005,0],[98.0273010780001,4.40961818500006,0],[98.0273248460001,4.40964851800004,0],[98.027360974,4.40969591300006,0],[98.0273799880001,4.40973951600006,0],[98.0273942490001,4.40978122400003,0],[98.027454156,4.40988072900007,0],[98.0274756620001,4.40995249800005,0],[98.027497177,4.41003575300005,0],[98.0275043710001,4.41009604600004,0],[98.0274898480001,4.41015203700005,0],[98.027473725,4.41019080000007,0],[98.0274707450001,4.41019796200004,0],[98.0274570750001,4.41023082700002,0],[98.0273710770001,4.41043970400005,0],[98.027370745,4.41045747400005,0],[98.0273743330001,4.41047469900008,0],[98.027382211,4.41049012700006,0],[98.027395384,4.41050206500006,0],[98.0274413170001,4.41051271000003,0],[98.0274832270001,4.41051472200007,0],[98.0275551430001,4.41050214900002,0],[98.0276454560001,4.41055633600007,0],[98.0276599170001,4.41056501300005,0],[98.027693904,4.41063247400007,0],[98.0276959560001,4.41063993500006,0],[98.02770825,4.41068462300007,0],[98.027711534,4.41069656000008,0],[98.0277302330001,4.41076453100004,0],[98.0277325690001,4.41077520200002,0],[98.0277516990001,4.41086257100005,0],[98.027790355,4.41099994100006,0],[98.0278547600001,4.41119779900004,0],[98.027858215,4.41120841200006,0],[98.02786875,4.41124464200004,0],[98.027903612,4.41136452500007,0],[98.027909003,4.41138608600005,0],[98.0280178360001,4.41182135200006,0],[98.028036768,4.41189706500006,0],[98.028069282,4.41203248400006,0],[98.028092675,4.41212991400005,0],[98.0281057350001,4.41216272500003,0],[98.0281209010001,4.41223502200006,0],[98.0281439810001,4.41232121200005,0],[98.028157444,4.41237148700003,0],[98.028166727,4.41241662500005,0],[98.0281801900001,4.41248208700006,0],[98.028190995,4.41252143300005,0],[98.0282045420001,4.41258239100006,0],[98.0282696240001,4.41258234500003,0],[98.028301109,4.41260672900006,0],[98.0283127000001,4.41263425300002,0],[98.0283402760001,4.41274707400004,0],[98.0283673500001,4.41287229900007,0],[98.02838009,4.41294371300006,0],[98.0283828560001,4.41297958800004,0],[98.028388137,4.41299564900004,0],[98.0283929980001,4.41301043300007,0],[98.028410384,4.41303667600005,0],[98.0284194600001,4.41305037700005,0],[98.028443522,4.41306720000006,0],[98.028477373,4.41309008900004,0],[98.028518395,4.41309621900007,0],[98.0285310880001,4.41308774200007,0],[98.02860716,4.41303693300006,0],[98.0286079900001,4.41303637900006,0],[98.0286546940001,4.41300667500008,0],[98.0287252310001,4.41296642600003,0],[98.028766508,4.41299098000007,0],[98.028774373,4.41299565800006,0],[98.0288108930001,4.41301738300007,0],[98.0288436740001,4.41303724300008,0],[98.0289805200001,4.41312015100004,0],[98.028989703,4.41314063900006,0],[98.029004779,4.41317427700005,0],[98.0291038490001,4.41339531300002,0],[98.0291169450001,4.41342453100003,0],[98.0291449870001,4.41348709700003,0],[98.029159452,4.41351937000007,0],[98.0291749730001,4.41355399900004,0],[98.0291802720001,4.41355498300004,0],[98.0293470220001,4.41358594000008,0],[98.029350885,4.41365485000006,0],[98.0293760370001,4.41372534700002,0],[98.0293802570001,4.41373935600006,0],[98.0293869340001,4.41376152300006,0],[98.0294149680001,4.41385458600007,0],[98.0294346900001,4.41388676200006,0],[98.0294557020001,4.41390586100005,0],[98.0294791960001,4.41394199700005,0],[98.029523483,4.41398294100003,0],[98.0295372840001,4.41399985500004,0],[98.029552444,4.41401843300002,0],[98.0295691170001,4.41403886700004,0],[98.0296052450001,4.41409953200002,0],[98.0296556330001,4.41415166700006,0],[98.02968121,4.41416802600003,0],[98.029706021,4.41418389500006,0],[98.0297084920001,4.41418626300003,0],[98.029738175,4.41420523900007,0],[98.0297415100001,4.41420873700002,0],[98.0297792100001,4.41424828000004,0],[98.0298077850001,4.41429465900006,0],[98.0298168020001,4.41430929400002,0],[98.0298211910001,4.41431641800006,0],[98.0298484320001,4.41435572900002,0],[98.0298759040001,4.41440625600006,0],[98.0299197940001,4.41448698200003,0],[98.029927833,4.41450252000004,0],[98.0299574810001,4.41455982800005,0],[98.030012131,4.41466032700004,0],[98.0300420570001,4.41468730900004,0],[98.030059409,4.41470295300007,0],[98.030081598,4.41472889900007,0],[98.0301233690001,4.41477774300006,0],[98.0301435910001,4.41479978000007,0],[98.030201123,4.41485359900003,0],[98.0302089100001,4.41487239100007,0],[98.0302133320001,4.41487737000006,0],[98.0302390020001,4.41492713500003,0],[98.030269413,4.41499114500004,0],[98.0302903410001,4.41503519500003,0],[98.0303058200001,4.41506962300002,0],[98.0303274190001,4.41511766200006,0],[98.0303773310001,4.41518306700004,0],[98.0304400790001,4.41525700300002,0],[98.0304914180001,4.41531018000006,0],[98.0305684260001,4.41539406900006,0],[98.0305864900001,4.41541149800003,0],[98.030588084,4.41541303600007,0],[98.030609107,4.41543332100002,0],[98.0306126340001,4.41543672400007,0],[98.0306981990001,4.41551066000005,0],[98.0307733110001,4.41557987600004,0],[98.03079232,4.41559739300004,0],[98.0308807370001,4.41567132900002,0],[98.0310252780001,4.41579142300003,0],[98.0310261970001,4.41579218600003,0],[98.031124596,4.41588744900002,0],[98.0312215700001,4.41599977500005,0],[98.0313514760001,4.41613384800007,0],[98.0313919860001,4.41617565700005,0],[98.031489155,4.41627960200003,0],[98.0315078460001,4.41629816000005,0],[98.0315390410001,4.41633202000003,0],[98.031555182,4.41634954100005,0],[98.031594634,4.41639236400005,0],[98.031683925,4.41649831200004,0],[98.0317012740001,4.41651584100003,0],[98.031772672,4.41658797900004,0],[98.031824923,4.41664680500003,0],[98.0318957760001,4.41671638500003,0],[98.031937295,4.41676947500002,0],[98.0319914990001,4.41683520200007,0],[98.031995276,4.41683978200007,0],[98.032010853,4.41686251100003,0],[98.032049005,4.41691818100003,0],[98.0320869500001,4.41697342800006,0],[98.0321134340001,4.41700427600006,0],[98.032124852,4.41701144600006,0],[98.032137133,4.41701271100004,0],[98.03213881,4.41701286300002,0],[98.0321476560001,4.41701366200004,0],[98.0321570250001,4.41701257500006,0],[98.0321845810001,4.41701910500007,0],[98.032198098,4.41702840000005,0],[98.0322019990001,4.41702904800007,0],[98.0322290940001,4.41703757900007,0],[98.0322633200001,4.41706885900004,0],[98.0322818590001,4.41710582700006,0],[98.0323232150001,4.41723521500006,0],[98.032351078,4.41733614700007,0],[98.032365998,4.41739019600004,0],[98.03237598,4.41743910700006,0],[98.0324230410001,4.41748034100004,0],[98.0324715280001,4.41750877700002,0],[98.0324832410001,4.41751567000006,0],[98.0324867560001,4.41751773800007,0],[98.0325066620001,4.41752945100006,0],[98.0325585180001,4.41755996400002,0],[98.0326184140001,4.41761115000003,0],[98.0326694240001,4.41763547400006,0],[98.0326840130001,4.41764243100005,0],[98.0327595950001,4.41764811800005,0],[98.0328223430001,4.41765807100006,0],[98.0328964990001,4.41765522700007,0],[98.032966377,4.41764100900002,0],[98.03303055,4.41761968100008,0],[98.0330947240001,4.41761541600005,0],[98.033162716,4.41762043700004,0],[98.0331717320001,4.41762110300004,0],[98.03321594,4.41762963400004,0],[98.033243714,4.41763678000007,0],[98.0332739,4.41763675800007,0],[98.0333239460001,4.41763183800003,0],[98.0333495150001,4.41762587200003,0],[98.0333800000001,4.41761200000008,0],[98.0334018120001,4.41767946900006,0],[98.0334303320001,4.41767432200004,0],[98.033476615,4.41766420500005,0],[98.0335354480001,4.41765112800005,0],[98.033714397,4.41761135300004,0],[98.0337368250001,4.41753105600003,0],[98.0337378850001,4.41752726100003,0],[98.0337380430001,4.41752674900005,0],[98.033820598,4.41725853300005,0],[98.03387051,4.41708933400002,0],[98.033883012,4.41707429800005,0],[98.0339175300001,4.41698310000004,0],[98.033957861,4.41687653900004,0],[98.03403008,4.41668573000004,0],[98.0340355280001,4.41668799300004,0],[98.0340663740001,4.41669989600007,0],[98.034157904,4.41673535100006,0],[98.034177119,4.41668038700004,0],[98.034207935,4.41659223800002,0],[98.034227398,4.41653656400007,0],[98.034243819,4.41648959400004,0],[98.034282239,4.41639691100005,0],[98.0342901450001,4.41637784000005,0],[98.034305857,4.41633993800002,0],[98.0343068070001,4.41633764700003,0],[98.03434702,4.41624063800003,0],[98.0343589700001,4.41623056200007,0],[98.034366838,4.41621403400006,0],[98.0343690060001,4.41618760300003,0],[98.0344190000001,4.41606700000006,0],[98.0344340710001,4.41602724100005,0],[98.034362838,4.41599671600005,0],[98.034334669,4.41598464500004,0],[98.034364677,4.41591860100004,0],[98.0344486870001,4.41573370200007,0],[98.034458634,4.41571181000006,0],[98.034479876,4.41566505800006,0],[98.0348117600001,4.41579511100002,0],[98.0348181080001,4.41579759800004,0],[98.035062382,4.41589331900002,0],[98.0352793230001,4.41597503200006,0],[98.0353014330001,4.41598336000004,0],[98.0356350000001,4.41610900000006,0],[98.0356675090001,4.41611914100002,0],[98.0358427400001,4.41617380000002,0],[98.0358354420001,4.41619410100003,0],[98.0357992340001,4.41629483000003,0],[98.0357757620001,4.41636012600003,0],[98.0358165110001,4.41637507300004,0],[98.0359846010001,4.41642918100007,0],[98.0360120000001,4.41643800000003,0],[98.0360229410001,4.41641290000007,0],[98.036029,4.41639900000007,0],[98.036364,4.41658900000004,0],[98.0363690470001,4.41659196800003,0],[98.036680828,4.41677531100004,0],[98.036682,4.41677600000003,0],[98.036779735,4.41663204500003,0],[98.0368810040001,4.41648288600004,0],[98.0369161560001,4.41644593200004,0],[98.036930162,4.41643073600005,0],[98.0369479130001,4.41641117000006,0],[98.036993361,4.41641092500004,0],[98.037030557,4.41641241000002,0],[98.0370334830001,4.41636215400007,0],[98.0370357960001,4.41631255600004,0],[98.0370574560001,4.41628187200007,0],[98.0371169780001,4.41619755400006,0],[98.0372167350001,4.41604906300006,0],[98.0372182290001,4.41604683800006,0],[98.0372569990001,4.41599302900005,0],[98.0372766990001,4.41596337600004,0],[98.0373514330001,4.41598713600007,0],[98.0373518170001,4.41598721600008,0],[98.037452209,4.41600799000003,0],[98.0375700980001,4.41605348900003,0],[98.0376784800001,4.41609709200003,0],[98.0377960120001,4.41619256500007,0],[98.0378451280001,4.41619346900006,0],[98.0379177740001,4.41623422500004,0],[98.0379516030001,4.41632947300008,0],[98.037974273,4.41640707600004,0],[98.0380305020001,4.41647414200003,0],[98.0380898400001,4.41649181600008,0],[98.038147198,4.41652645400006,0],[98.0381837420001,4.41659710200003,0],[98.0382344050001,4.41661183200006,0],[98.0382524240001,4.41662116300006,0],[98.0382761390001,4.41666104000006,0],[98.038291106,4.41670560100005,0],[98.0382901510001,4.41675163300005,0],[98.038303194,4.41676806000004,0],[98.038271389,4.41681749300005,0],[98.0382105740001,4.41682846700007,0],[98.0378088130001,4.41693333400002,0],[98.0378257260001,4.41699501300008,0],[98.037829715,4.41700955800007,0],[98.0378709560001,4.41715995900006,0],[98.037877,4.41718200000003,0],[98.0377531280001,4.41721621000005,0],[98.0378250000001,4.41752700000006,0],[98.0378329340001,4.41756079700002,0],[98.0379102850001,4.41789030200005,0],[98.037919931,4.41793139200007,0],[98.0379520000001,4.41806800000006,0],[98.0380075890001,4.41829768000002,0],[98.0381100180001,4.41872089000003,0],[98.038133788,4.41881910300003,0],[98.0381386280001,4.41883909900002,0],[98.0381783380001,4.41881916100004,0],[98.038575,4.41862000000003,0],[98.038584255,4.41865315300004,0],[98.038618725,4.41867209800006,0],[98.0386550170001,4.41870600000004,0],[98.038660082,4.41875883000006,0],[98.0386629340001,4.41880006300005,0],[98.0386682120001,4.41881979700003,0],[98.0386743430001,4.41884271900005,0],[98.0386720320001,4.41888998300004,0],[98.038695734,4.41896073100003,0],[98.0387171250001,4.41902329200002,0],[98.0387164100001,4.41905795900004,0],[98.0387317030001,4.41908951400006,0],[98.0387437110001,4.41914081100003,0],[98.0387523300001,4.41918486500003,0],[98.0387578780001,4.41922741100007,0],[98.0387516260001,4.41927672600002,0],[98.0387499190001,4.41930181800006,0],[98.0387595590001,4.41932528100006,0],[98.038769196,4.41934837000002,0],[98.0387634900001,4.41937281500003,0],[98.0387648110001,4.41937600400007,0],[98.0387683770001,4.41939431800006,0],[98.0387711340001,4.41940848000007,0],[98.038729979,4.41941199500008,0],[98.038713499,4.41941128400003,0],[98.0386952520001,4.41941049700006,0],[98.0386683950001,4.41941211900007,0],[98.038660609,4.41941624600003,0],[98.038576666,4.41941777200003,0],[98.038576703,4.41946897700007,0],[98.0385747230001,4.41947588500005,0],[98.0385761490001,4.41956403900002,0],[98.038576613,4.41959223400005,0],[98.0385768,4.41960360700006,0],[98.0385769010001,4.41974437800008,0],[98.0385689030001,4.41979222200007,0],[98.0385661670001,4.41980859500006,0],[98.038544775,4.41986689000004,0],[98.0385292570001,4.41989267800005,0],[98.0385216700001,4.41990528500003,0],[98.0385019930001,4.41993798200002,0],[98.0384620630001,4.42004888600007,0],[98.0384378190001,4.42011855600003,0],[98.0384283170001,4.42014843700002,0],[98.0384224090001,4.42016701500006,0],[98.0385724530001,4.42018706300007,0],[98.0387929650001,4.42017972400004,0],[98.0387852740001,4.42019718700004,0],[98.038708855,4.42037070500004,0],[98.0386476900001,4.42050958800007,0],[98.03864064,4.42052559500007,0],[98.0385097000001,4.42077215000006,0],[98.038448653,4.42089019100007,0],[98.0383394830001,4.42110128400003,0],[98.0382575230001,4.42125687500004,0],[98.038179975,4.42140409100006,0],[98.038098656,4.42156608200003,0],[98.0379907210001,4.42178109500003,0],[98.0379563600001,4.42184941400006,0],[98.03776036,4.42223911500002,0],[98.0377276680001,4.42230411500003,0],[98.0376767010001,4.42240617700003,0],[98.037657713,4.42244420300005,0],[98.0374021200001,4.42295603700006,0],[98.0373564290001,4.42304753400003,0],[98.0374463730001,4.42311357000006,0],[98.0374899220001,4.42314255900004,0],[98.03760908,4.42322187700006,0],[98.0377265530001,4.42330468300003,0],[98.0377512920001,4.42333186600007,0],[98.0378791830001,4.42347238500003,0],[98.0380795410001,4.42366327700006,0],[98.0382433330001,4.42381933200005,0],[98.0383749010001,4.42394652300004,0],[98.0387210210001,4.42428112900006,0],[98.0387705410001,4.42432900200004,0],[98.038999081,4.42454376100005,0],[98.0392432960001,4.42477324900005,0],[98.039300804,4.42482729000005,0],[98.0393622390001,4.42488502000003,0],[98.0397012600001,4.42516629300007,0],[98.0399319960001,4.42535772600007,0],[98.0400362650001,4.42544423500004,0],[98.0400843480001,4.42548434700007,0],[98.0401934490001,4.42555642200006,0],[98.040269848,4.42562088800003,0],[98.0403134690001,4.42567003200003,0],[98.040343002,4.42572721800002,0],[98.0403645590001,4.42576895800005,0],[98.0403822100001,4.42583764000005,0],[98.040400816,4.42590867900003,0],[98.0404179290001,4.42604090900005,0],[98.0404193250001,4.42608171400002,0],[98.0404222080001,4.42616603000005,0],[98.0404451910001,4.42632669400007,0],[98.04046499,4.42652148600007,0],[98.040463564,4.42661959200007,0],[98.0404835290001,4.42676063700003,0],[98.040519181,4.42692983400002,0],[98.0405534070001,4.42713599800004,0],[98.0405904850001,4.42728813300005,0],[98.040627563,4.42746586100003,0],[98.0406388960001,4.42757593300007,0],[98.0406879830001,4.42781133900007,0],[98.0407094010001,4.42791405500003,0],[98.0407101170001,4.42791748800005,0],[98.040746771,4.42809327200007,0],[98.040752287,4.42817908600006,0],[98.0407633120001,4.42823086100003,0],[98.040765535,4.42824129900004,0],[98.0407635810001,4.42825217500007,0],[98.040748599,4.42833555600004,0],[98.0407519880001,4.42838142000005,0],[98.0407605450001,4.42850127900005,0],[98.0408365700001,4.42878186500008,0],[98.0408418310001,4.42880128300004,0],[98.040863222,4.42893777800003,0],[98.0408803350001,4.42911408400005,0],[98.0408831870001,4.42925342200004,0],[98.040897525,4.42933015700004,0],[98.0409145610001,4.42942133900004,0],[98.0409416570001,4.42964740800005,0],[98.0410072560001,4.42995309900004,0],[98.041039809,4.43013784700003,0],[98.041044334,4.43016352800004,0],[98.0411126600001,4.43040753600008,0],[98.0411177120001,4.43063000300003,0],[98.0410387510001,4.43084170700007,0],[98.0410171610001,4.43094219800003,0],[98.0410527800001,4.43105712200003,0],[98.0411814230001,4.43115062800007,0],[98.0413092510001,4.43187596200005,0],[98.0414091950001,4.43259049100004,0],[98.0423229310001,4.43427609100007,0],[98.0423995740001,4.43566476900003,0],[98.0424778270001,4.43733899100005,0],[98.0421373840001,4.43928309300003,0],[98.0428276100001,4.44196574900008,0],[98.042829462,4.44197294600002,0],[98.042848479,4.44210765500003,0],[98.042848485,4.44210769700004,0],[98.04291362,4.44256909200004,0],[98.0429495810001,4.44282382900008,0],[98.0430773320001,4.44372878500008,0],[98.0431565910001,4.44429023200007,0],[98.0432030910001,4.44461962400004,0],[98.0432043270001,4.44467952500003,0],[98.0432166310001,4.44527586400005,0],[98.043218208,4.44535227800003,0],[98.043223288,4.44559848400007,0],[98.0432537890001,4.44707677200006,0],[98.043254871,4.44712920800004,0],[98.043257752,4.44726884200003,0],[98.0432633190001,4.44728311200004,0],[98.0434861000001,4.44785414100005,0],[98.043532714,4.44797362200006,0],[98.0435510550001,4.44802063400004,0],[98.0436097720001,4.44806552600005,0],[98.0437223790001,4.44815161900004,0],[98.0437571890001,4.44818148500002,0],[98.04382947,4.44824349900006,0],[98.0438482010001,4.44825957000006,0],[98.0438612400001,4.44827075700005,0],[98.0439360980001,4.44838252500006,0],[98.0439401040001,4.44841107600007,0],[98.0439567650001,4.44852983600003,0],[98.0439443750001,4.44867485900005,0],[98.0439419400001,4.44870335900004,0],[98.0439291640001,4.44885289500007,0],[98.043943078,4.44888860300006,0],[98.0439834220001,4.44899213400004,0],[98.043986223,4.44899932300007,0],[98.0439845230001,4.44902614100005,0],[98.0439803890001,4.44909135600005,0],[98.0439741010001,4.44919054400003,0],[98.043968679,4.44927608100005,0],[98.0439403650001,4.44933549800004,0],[98.0438767620001,4.44946897100004,0],[98.0438578310001,4.44964028900006,0],[98.0438508070001,4.44970384900006,0],[98.0438479250001,4.44984765100003,0],[98.043878749,4.44998651500003,0],[98.0438838520001,4.45000950300005,0],[98.0438895130001,4.45003500700005,0],[98.0438265390001,4.45027254500008,0],[98.0438244470001,4.45044474100007,0],[98.0438432870001,4.45070721600007,0],[98.0438525980001,4.45083694300007,0],[98.0438532150001,4.45084553600003,0],[98.043859577,4.45085279100005,0],[98.0439347370001,4.45093850800004,0],[98.0441740050001,4.45110269900005,0],[98.0441894510001,4.45111118100004,0],[98.0442497380001,4.45114428700003,0],[98.0443152990001,4.45116687800004,0],[98.0446066800001,4.45126728400004,0],[98.0446908330001,4.45128363900005,0],[98.0447872500001,4.45133171800006,0],[98.0448353950001,4.45135572600003,0],[98.0448687430001,4.45137235500005,0],[98.0448925190001,4.45141320800008,0],[98.044937743,4.45149091300004,0],[98.0449507480001,4.45157589200005,0],[98.044941506,4.45169286100003,0],[98.0449399770001,4.45171220800006,0],[98.044968338,4.45180447500007,0],[98.0450166370001,4.45183308300005,0],[98.0450375120001,4.45184544800003,0],[98.0450647650001,4.45187217600005,0],[98.045136272,4.45194230700002,0],[98.0452506680001,4.45199151900005,0],[98.0453388070001,4.45206103900006,0],[98.0453397080001,4.45206477200003,0],[98.045365561,4.45217183400007,0],[98.0453931760001,4.45228619900007,0],[98.0453894830001,4.45233537600006,0],[98.0453335620001,4.45243007800002,0],[98.045291063,4.45248382900007,0],[98.0451829420001,4.45262057400004,0],[98.0451542200001,4.45265690000002,0],[98.0451352650001,4.45273729000007,0],[98.04511418,4.45280171200005,0],[98.045116368,4.45285260800006,0],[98.0451197360001,4.45293095700004,0],[98.0451649880001,4.45303999800007,0],[98.045190995,4.45310266600006,0],[98.045192478,4.45310624100006,0],[98.045208212,4.45327323400005,0],[98.045210738,4.45330004500005,0],[98.0451754700001,4.45336598100005,0],[98.045155219,4.45340384100007,0],[98.0450975560001,4.45351164700003,0],[98.0450817500001,4.45354119900003,0],[98.04508645,4.45358926700004,0],[98.0450922510001,4.45364859300003,0],[98.0450928970001,4.45365520200005,0],[98.0451071680001,4.45380114400007,0],[98.0452781690001,4.45412152700004,0],[98.045328441,4.45418470600004,0],[98.045346452,4.45419772100007,0],[98.0454254080001,4.45425477900005,0],[98.0454361210001,4.45426252000004,0],[98.0454990430001,4.45428653500005,0],[98.045536197,4.45432200400006,0],[98.0455475810001,4.45436988500006,0],[98.0455482190001,4.45455034000003,0],[98.0455489810001,4.45462993100006,0],[98.0455508110001,4.45482093600003,0],[98.0455519550001,4.45494035700005,0],[98.04565087,4.45526635700003,0],[98.0457019780001,4.45534886400003,0],[98.0457234140001,4.45538346900003,0],[98.0458175240001,4.45547498000008,0],[98.0458737770001,4.45549065900002,0],[98.045896068,4.45550357000008,0],[98.045908737,4.45551090800006,0],[98.04591106,4.45551225400004,0],[98.0459272160001,4.45553673900002,0],[98.045949486,4.45557049100006,0],[98.0459889830001,4.45563035000004,0],[98.0459872170001,4.45563504100005,0],[98.045972695,4.45567361700006,0],[98.0459152020001,4.45582633800007,0],[98.045811363,4.45593194800006,0],[98.045808176,4.45593518900006,0],[98.0458001110001,4.45594996500006,0],[98.045673692,4.45618158200006,0],[98.0456720620001,4.45618568400005,0],[98.045654707,4.45622936500007,0],[98.045650241,4.45626972800005,0],[98.0456461410001,4.45630678100002,0],[98.0456415460001,4.45634830000006,0],[98.0456431920001,4.45638156800004,0],[98.0456457440001,4.45643314400007,0],[98.0456475160001,4.45646896800002,0],[98.0455985080001,4.45653946400006,0],[98.045586191,4.45655138300003,0],[98.045555532,4.45658105100006,0],[98.0453658360001,4.45668386600005,0],[98.0452902280001,4.45673200400006,0],[98.0452889460001,4.45673282000007,0],[98.045229163,4.45677088300005,0],[98.0451604840001,4.45682908200007,0],[98.0451365440001,4.45690204600004,0],[98.0451353000001,4.45694812100004,0],[98.0451348750001,4.45696388000005,0],[98.0451339110001,4.45699957300008,0],[98.0451357330001,4.45703616000003,0],[98.0451364830001,4.45705122700002,0],[98.045138578,4.45709328400005,0],[98.045139841,4.45711864400005,0],[98.0451927120001,4.45726011100004,0],[98.0452177860001,4.45732720100006,0],[98.045224966,4.45734212300005,0],[98.0452640300001,4.45742330500002,0],[98.0452848520001,4.45746657800004,0],[98.0452962730001,4.45761708200007,0],[98.0452873360001,4.45765214200003,0],[98.0452230690001,4.45790427500003,0],[98.0451566890001,4.45810685800006,0],[98.0451546140001,4.45819820000003,0],[98.045153971,4.45822650900004,0],[98.045153655,4.45824040000002,0],[98.0451737640001,4.45830753700005,0],[98.0451824690001,4.45833660100004,0],[98.0452360770001,4.45842028600003,0],[98.045288999,4.45850290200002,0],[98.0453049440001,4.45852779300003,0],[98.0453338300001,4.45855515000005,0],[98.045416634,4.45863357100006,0],[98.0454651730001,4.45867954100004,0],[98.045523582,4.45873485800007,0],[98.0455305020001,4.45874306100006,0],[98.0457254950001,4.45897421000006,0],[98.045763041,4.45901871800004,0],[98.045765035,4.45902068200007,0],[98.0458573210001,4.45911160700007,0],[98.0459290490001,4.45918227700002,0],[98.0460697230001,4.45932010000007,0],[98.0461876160001,4.45943560300003,0],[98.046226559,4.45947375700007,0],[98.0462545390001,4.45952096400003,0],[98.0463247420001,4.45963940500008,0],[98.046429275,4.45981576600008,0],[98.046479967,4.45990129000006,0],[98.0464793500001,4.46000316900006,0],[98.046478542,4.46013674500006,0],[98.0464768320001,4.46041923000007,0],[98.0464766590001,4.46044777700007,0],[98.0464750940001,4.46070628500007,0],[98.0464730310001,4.46104709000002,0],[98.046472926,4.46106446800007,0],[98.046470748,4.46142433000006,0],[98.0464690850001,4.46169903800006,0],[98.0465706360001,4.46198113700007,0],[98.046600658,4.46208026200003,0],[98.0466082250001,4.46210524700007,0],[98.04664024,4.46221095600004,0],[98.046718802,4.46245370800006,0],[98.0467745810001,4.46262606500005,0],[98.046779138,4.46264014500002,0],[98.0468367460001,4.46281815100002,0],[98.0468354290001,4.46284642300003,0],[98.0468311480001,4.46293832300006,0],[98.0467929220001,4.46303660200005,0],[98.046632742,4.46319535600003,0],[98.0465368270001,4.46325477600004,0],[98.046433371,4.46328741800005,0],[98.046340565,4.46329138400006,0],[98.0463332960001,4.46329245500004,0],[98.0462399150001,4.46330621600003,0],[98.046057009,4.46337288100005,0],[98.045972787,4.46347358500003,0],[98.0459646340001,4.46348333300006,0],[98.045881996,4.46358214300005,0],[98.0458778140001,4.46358714300004,0],[98.0458766780001,4.46359783800006,0],[98.045874515,4.46361820900006,0],[98.0458667940001,4.46369091900004,0],[98.0458993460001,4.46377290200007,0],[98.045957748,4.46382557800007,0],[98.0459702810001,4.46383373000003,0],[98.0461384980001,4.46394314100007,0],[98.046264003,4.46402202200005,0],[98.046267706,4.46402434900006,0],[98.046399647,4.46410727600005,0],[98.0464606830001,4.46414823000003,0],[98.046486568,4.46419339600004,0],[98.0465241110001,4.46425890500007,0],[98.0465368930001,4.46428120700006,0],[98.0465616820001,4.46432446000006,0],[98.0465692960001,4.46433774500002,0],[98.046607017,4.46446878200004,0],[98.0466343180001,4.46456362000004,0],[98.0466339850001,4.46462248700004,0],[98.046710138,4.46499890500007,0],[98.046742738,4.46516004200004,0],[98.046772408,4.46527229400004,0],[98.0467971450001,4.46536588200007,0],[98.0468281670001,4.46548324800006,0],[98.0469382470001,4.46561882500004,0],[98.0472191120001,4.46577932600007,0],[98.047444527,4.46593456900007,0],[98.0474565330001,4.46594283800005,0],[98.0474858520001,4.46596617100005,0],[98.047553909,4.46602033400006,0],[98.0476643260001,4.46610821000007,0],[98.047757087,4.46618203400004,0],[98.0480860000001,4.46668725900003,0],[98.048231205,4.46691548900003,0],[98.0484020260001,4.46718398000007,0],[98.0484286010001,4.46722601100004,0],[98.0485822380001,4.46740126800006,0],[98.0486324650001,4.46745856300004,0],[98.048681866,4.46751491600003,0],[98.048775451,4.46752571200005,0],[98.0492047390001,4.46744443500006,0],[98.049213002,4.46744287100006,0],[98.0492167990001,4.46747646400007,0],[98.0492315070001,4.46760659300003,0],[98.0492850360001,4.46769893700002,0],[98.0494221310001,4.46782308400003,0],[98.0494458090001,4.46784452600002,0],[98.0495045390001,4.46790530600003,0],[98.049559581,4.46797552800007,0],[98.049605338,4.46803390400004,0],[98.049606135,4.46803492100003,0],[98.0497825260001,4.46809067500004,0],[98.0498135230001,4.46812248300006,0],[98.0498787370001,4.46818940300005,0],[98.0498929,4.46830238600006,0],[98.0498720130001,4.46844240800004,0],[98.04987077,4.46845074200007,0],[98.0498730620001,4.46846273300002,0],[98.049876784,4.46848220600003,0],[98.0498868770001,4.46853500700007,0],[98.0498971810001,4.46854288200007,0],[98.049962157,4.46859254300006,0],[98.0500171770001,4.46867972500007,0],[98.0500521600001,4.46876683300007,0],[98.0500611510001,4.46878922200005,0],[98.050137304,4.46887326500007,0],[98.0501728610001,4.46903844900004,0],[98.0501609760001,4.46921182100004,0],[98.0501391620001,4.46928252200007,0],[98.0501259230001,4.46939328900004,0],[98.0501222880001,4.46942370500005,0],[98.050125177,4.46943888700002,0],[98.050139953,4.46951654200006,0],[98.0501840630001,4.46959849600006,0],[98.0502199350001,4.46968526700005,0],[98.0502736440001,4.46977812400007,0],[98.0503469640001,4.46987162200003,0],[98.0503779060001,4.46995027800006,0],[98.0503895430001,4.46997985900003,0],[98.0504295800001,4.47005865700004,0],[98.0504766970001,4.47012300800003,0],[98.050540234,4.47018694100007,0],[98.050570442,4.47021733700007,0],[98.0505838670001,4.47023084500006,0],[98.0506481840001,4.47028358100005,0],[98.0506569990001,4.47029992700004,0],[98.0506984030001,4.47037670500004,0],[98.050853917,4.47040171500004,0],[98.0509529320001,4.47045999700003,0],[98.0510385530001,4.47052340800008,0],[98.05111587,4.47056831000003,0],[98.051215052,4.47062590900003,0],[98.0512377050001,4.47063906500006,0],[98.0513378110001,4.47069720200005,0],[98.0513785320001,4.47077006500007,0],[98.051402647,4.47081321400003,0],[98.051405356,4.47081806100005,0],[98.0514491870001,4.47085353800003,0],[98.0515025920001,4.47086222300004,0],[98.0515499380001,4.47085128300006,0],[98.0515818050001,4.47082882000007,0],[98.0516237790001,4.47083713100005,0],[98.0518096100001,4.47096972100007,0],[98.0518571480001,4.47101235600007,0],[98.0519134560001,4.47106285700005,0],[98.0519739600001,4.47111712200007,0],[98.052057125,4.47116943900005,0],[98.0521376140001,4.47123246100006,0],[98.05217408,4.47126456900003,0],[98.0522419160001,4.47128823100007,0],[98.0523009250001,4.47128197700005,0],[98.0523020570001,4.47138502300004,0],[98.0523026290001,4.47143705300005,0],[98.052705685,4.47190447100007,0],[98.052792835,4.47200553700003,0],[98.0529546340001,4.47217496900004,0],[98.053134033,4.47236283100005,0],[98.053202442,4.47243446800007,0],[98.0534886190001,4.47283911500006,0],[98.0536289550001,4.47298328000005,0],[98.053864708,4.47321838300007,0],[98.0540995960001,4.47344679800005,0],[98.0541641340001,4.47352051500008,0],[98.0541876980001,4.47354743100004,0],[98.0543326090001,4.47358743600006,0],[98.054414159,4.47360994900004,0],[98.0545182980001,4.47365151700006,0],[98.0545404810001,4.47366037200004,0],[98.0546298150001,4.47384223200004,0],[98.054592739,4.47391207300006,0],[98.0545878390001,4.47392130300005,0],[98.0545953380001,4.47393365700003,0],[98.054672672,4.47406106200003,0],[98.0546854040001,4.47414975500004,0],[98.0547158260001,4.47436167500007,0],[98.0547308150001,4.47446608400003,0],[98.054662007,4.47456794900006,0],[98.0546687630001,4.47487813000004,0],[98.0546362430001,4.47496140700002,0],[98.054628441,4.47508055100008,0],[98.054658438,4.47511936200004,0],[98.0547027630001,4.47514239500003,0],[98.0547508340001,4.47514759500007,0],[98.0548009380001,4.47515301400006,0],[98.0548966320001,4.47514440800006,0],[98.054900209,4.47514408600006,0],[98.0549018660001,4.47514452200005,0],[98.0549670620001,4.47516168100003,0],[98.055014321,4.47518400000007,0],[98.055027839,4.47519621900005,0],[98.055083219,4.47524627700005,0],[98.055098866,4.47531809600002,0],[98.0551058710001,4.47543442000006,0],[98.055093135,4.47552408500007,0],[98.055075662,4.47564709800002,0],[98.0550730950001,4.47566517000007,0],[98.0550767760001,4.47574287600003,0],[98.0551034040001,4.47580513700007,0],[98.055131616,4.47583171500003,0],[98.0552227860001,4.47588444300004,0],[98.055410694,4.47599312000006,0],[98.055515713,4.47605385700007,0],[98.0556968690001,4.47620870400004,0],[98.0557516910001,4.47625556400004,0],[98.055914467,4.47639470000007,0],[98.0563164590001,4.47655960300006,0],[98.0564162140001,4.47660547900006,0],[98.056486555,4.47668174900002,0],[98.0566272180001,4.47683426700007,0],[98.0566372040001,4.47684509500004,0],[98.056645088,4.47687644800004,0],[98.05666947,4.47697341800006,0],[98.0567069840001,4.47702255300004,0],[98.0567070070001,4.47702258800007,0],[98.056789456,4.47713057300007,0],[98.056867196,4.47718707500007,0],[98.0569510430001,4.47723944600006,0],[98.056991505,4.47726294400007,0],[98.057092588,4.47728413600004,0],[98.0572605190001,4.47724414500004,0],[98.0575924450001,4.47725797500004,0],[98.0577621150001,4.47735009700006,0],[98.0578248910001,4.47748994600005,0],[98.0577979890001,4.47764116900004,0],[98.0576971290001,4.47792816800006,0],[98.0576824710001,4.47796988000005,0],[98.057664124,4.47807491000003,0],[98.0575892290001,4.47826412200004,0],[98.057581401,4.47828389800003,0],[98.057577704,4.47834164400007,0],[98.0576168320001,4.47845450300002,0],[98.0576261530001,4.47848138700004,0],[98.057632825,4.47850063100003,0],[98.0576696580001,4.47856470200003,0],[98.057687075,4.47859499700007,0],[98.0576903730001,4.47859968700004,0],[98.0577831890001,4.47873165900006,0],[98.0578303130001,4.47878712100004,0],[98.0580407990001,4.47903484900007,0],[98.0580790260001,4.47900742100006,0],[98.0585049210001,4.47870183500004,0],[98.0588601900001,4.47846479100002,0],[98.0590733600001,4.47836896000007,0],[98.0591660170001,4.47832730600004,0],[98.0592371930001,4.47829120700004,0],[98.0592709920001,4.47827406400006,0],[98.0595314990001,4.47814193900007,0],[98.0597956600001,4.47811109300005,0],[98.0598078200001,4.47811042300003,0],[98.060037724,4.47809776400004,0],[98.0602577600001,4.47810776700004,0],[98.0604979000001,4.47812088800003,0],[98.0605299420001,4.47812263900005,0],[98.0606816440001,4.47813437000002,0],[98.0609608660001,4.47820850000005,0],[98.0611569820001,4.47826056600007,0],[98.061285222,4.47842545700007,0],[98.061388836,4.47855868200003,0],[98.061462648,4.47881154400005,0],[98.061509028,4.47897043300003,0],[98.0616022280001,4.47928971300007,0],[98.0616738040001,4.47945879800005,0],[98.0617166110001,4.47955992300007,0],[98.0620266930001,4.48029243800005,0],[98.062096437,4.48045719500004,0],[98.0623018320001,4.48094240300003,0],[98.062806122,4.48163374500007,0],[98.063036186,4.48194914400005,0],[98.0631905130001,4.48216071500002,0],[98.0633624600001,4.48260506900004,0],[98.0634862850001,4.48292506400003,0],[98.0634827210001,4.48300667000007,0],[98.0634597060001,4.48353361600005,0],[98.063148766,4.48441052100003,0],[98.0628499890001,4.48510928100006,0],[98.0627253550001,4.48540076400008,0],[98.0626510060001,4.48562662800003,0],[98.0624240010001,4.48631624300003,0],[98.06233131,4.48679091400004,0],[98.0623068890001,4.48691597500004,0],[98.0623138770001,4.48734727100003,0],[98.062361351,4.48761841800007,0],[98.0623963960001,4.48772760900005,0],[98.0630671950001,4.48841093800007,0],[98.0630891050001,4.48842920000004,0],[98.0637027510001,4.48894068500005,0],[98.0638096160001,4.48902975800007,0],[98.0647099270001,4.48978018000003,0],[98.0648667020001,4.48995827900006,0],[98.0652028760001,4.49039951500004,0],[98.065501892,4.49079721700002,0],[98.0657351980001,4.49110752300004,0],[98.0657574830001,4.49113716300008,0],[98.0659828130001,4.49143685900003,0],[98.0664075930001,4.49218713900007,0],[98.0666349900001,4.49258878700005,0],[98.06674589,4.49309267100006,0],[98.0667632700001,4.49317164000007,0],[98.0667533920001,4.49332993200005,0],[98.066718397,4.49389070400002,0],[98.0667087640001,4.49404506800005,0],[98.0664656120001,4.49505554600006,0],[98.0661136950001,4.49595249100003,0],[98.065997816,4.49622396100006,0],[98.0659206340001,4.49640477400004,0],[98.065722017,4.49672970400007,0],[98.065362668,4.49731758300004,0],[98.064966843,4.49794904500004,0],[98.0644176760001,4.49882513500006,0],[98.064083365,4.49937966300007,0],[98.0640452000001,4.49944650800006,0],[98.063792403,4.49988927400005,0],[98.063520784,4.50042805300006,0],[98.0634141990001,4.50063947300004,0],[98.0633576120001,4.50075171700007,0],[98.0632583380001,4.50094863500004,0],[98.0629293420001,4.50168699700004,0],[98.06250305,4.50264371700007,0],[98.062427046,4.50282933300002,0],[98.0622216570001,4.50333093100005,0],[98.0620622470001,4.50373456300002,0],[98.0617200180001,4.50468920700007,0],[98.061492124,4.50541773800006,0],[98.0612876170001,4.50607150000008,0],[98.0613075090001,4.50671063100003,0],[98.061326459,4.50731947000003,0],[98.0613759970001,4.50813171300007,0],[98.061541199,4.50886582000004,0],[98.0617048890001,4.50959321000005,0],[98.061801184,4.51002111100007,0],[98.0619256840001,4.51079770400003,0],[98.0619612850001,4.51093057800006,0],[98.062032544,4.51099444300007,0],[98.0624027320001,4.51110430400007,0],[98.0627138630001,4.51119663900005,0],[98.0628639000001,4.51123665700004,0],[98.06322535,4.51132936500005,0],[98.0632403710001,4.51133321800006,0],[98.0639729250001,4.51152196600003,0],[98.064375877,4.51164321200002,0],[98.0646922700001,4.51175804200005,0],[98.0652025300001,4.51194323300007,0],[98.0655017110001,4.51205181600005,0],[98.0655823500001,4.51208108300006,0],[98.066627672,4.51227522100004,0],[98.0674950220001,4.51243630600004,0],[98.0681428220001,4.51255661400006,0],[98.0687243560001,4.51266411000006,0],[98.069322808,4.51277418700005,0],[98.0698070820001,4.51285478900007,0],[98.070525516,4.51296930100006,0],[98.0713232840001,4.51297003600007,0],[98.0719014860001,4.51297056900006,0],[98.0728366220001,4.51297142900006,0],[98.073909444,4.51285670500005,0],[98.0742618260001,4.51281902200003,0],[98.0746748380001,4.51277485500003,0],[98.0748657770001,4.51275443600002,0],[98.075219378,4.51272240400004,0],[98.075433446,4.51271542400002,0],[98.0762223180001,4.51269769100003,0],[98.0763126050001,4.51115773500004,0],[98.0763492400001,4.51053287600007,0],[98.0763576410001,4.51038957700007,0],[98.0767637490001,4.51022032100008,0],[98.0768724530001,4.51020401500006,0],[98.0769615120001,4.51018384800005,0],[98.077040186,4.51015709100005,0],[98.077119436,4.51011772600003,0],[98.0772292870001,4.51005647400007,0],[98.077291588,4.51002640400003,0],[98.0773363920001,4.51001330900004,0],[98.0774161470001,4.51000244700003,0],[98.0774997120001,4.51000036400006,0],[98.077597466,4.51001035700006,0],[98.0777126770001,4.51002968000006,0],[98.0778027870001,4.51004130900003,0],[98.0778863400001,4.51004854300004,0],[98.0779573410001,4.51004589300004,0],[98.0780518440001,4.51003285100006,0],[98.0781867800001,4.51000616600004,0],[98.078281438,4.50998219400003,0],[98.0782965970001,4.50997835500004,0],[98.078408047,4.50994944200005,0],[98.0785539300001,4.50990468000003,0],[98.078648457,4.50987246200003,0],[98.0786943630001,4.50985005100006,0],[98.0787097410001,4.50983968000003,0],[98.0787965820001,4.50978111200004,0],[98.078858929,4.50971378000003,0],[98.0789157980001,4.50966068200006,0],[98.0789578900001,4.50963223200006,0],[98.078991763,4.50962405300004,0],[98.0790234460001,4.50962299900004,0],[98.0790654930001,4.50963017100003,0],[98.0791140760001,4.50965106500007,0],[98.0791784630001,4.50969718800008,0],[98.079264127,4.50975978400004,0],[98.079448772,4.50989974900006,0],[98.0795036850001,4.50993055200007,0],[98.079544076,4.50994978900007,0],[98.0795741000001,4.50996353100004,0],[98.079578558,4.50996458900005,0],[98.0796019430001,4.50997014200004,0],[98.0796254250001,4.50996852600002,0],[98.0796576690001,4.50995870700007,0],[98.0796767890001,4.50994886200004,0],[98.0797117870001,4.50992094700007,0],[98.079740772,4.50988645700005,0],[98.0797730460001,4.50984593700002,0],[98.0798036940001,4.50980102800003,0],[98.079818478,4.50977035500006,0],[98.079827245,4.50974405300002,0],[98.0798285320001,4.50973320900005,0],[98.0798305610001,4.50971610600004,0],[98.0798252310001,4.50964146800004,0],[98.079820327,4.50959715300007,0],[98.0798154570001,4.50956370500006,0],[98.0798158650001,4.50954392700004,0],[98.079819484,4.50936841900005,0],[98.079826622,4.50923279000006,0],[98.079826622,4.50910429900006,0],[98.079826622,4.50893654700008,0],[98.0798279740001,4.50886625000004,0],[98.0799070030001,4.50883221900006,0],[98.0799070560001,4.50883219600007,0],[98.0799931020001,4.50879514400003,0],[98.0799937680001,4.50879485700005,0],[98.0815239900001,4.50813591800005,0],[98.0827110130001,4.50762476600005,0],[98.0828230720001,4.50757896300007,0],[98.083056829,4.50748341700006,0],[98.0832569870001,4.50743778400005,0],[98.0834497230001,4.50740209200006,0],[98.0836495980001,4.50736996900002,0],[98.0839030110001,4.50734498500003,0],[98.084095747,4.50733784700003,0],[98.0842547990001,4.50734109300004,0],[98.084270637,4.50734141600003,0],[98.084381282,4.50736640000002,0],[98.0844782830001,4.50740885800008,0],[98.084558466,4.50749501900003,0],[98.0846097340001,4.50755208900006,0],[98.0846468080001,4.50760091900003,0],[98.0846909590001,4.50767003800007,0],[98.0847454760001,4.50775287300007,0],[98.0847818600001,4.50781480400002,0],[98.084802713,4.50783680700005,0],[98.0848409110001,4.50786645300008,0],[98.0849074490001,4.50791069800005,0],[98.0849342290001,4.50792850600004,0],[98.0850646600001,4.50800814500008,0],[98.08518582,4.50807791200003,0],[98.0853101440001,4.50813426400003,0],[98.0854014480001,4.50816917400005,0],[98.0855406540001,4.50821593400002,0],[98.085685341,4.50825503900006,0],[98.085885197,4.50829764600007,0],[98.0859081240001,4.50829739100004,0],[98.0859272590001,4.50828371100005,0],[98.085942033,4.50826070800002,0],[98.085950268,4.50822728600002,0],[98.0859662000001,4.50815111500003,0],[98.085985958,4.50807824100002,0],[98.0860078570001,4.50803002800006,0],[98.0860253910001,4.50799168800006,0],[98.0860505480001,4.50796212300003,0],[98.086067487,4.50795227500004,0],[98.086094259,4.50795066300003,0],[98.0861248300001,4.50795947500006,0],[98.0861570260001,4.50798089000006,0],[98.0861875680001,4.50801271500006,0],[98.0862159210001,4.50805167400006,0],[98.0862382710001,4.50809006500003,0],[98.0862546060001,4.50813064600004,0],[98.0862709210001,4.50818055300005,0],[98.086283397,4.50825182100004,0],[98.086298572,4.50834775900006,0],[98.0863170250001,4.50843932400005,0],[98.0863623720001,4.50862453700006,0],[98.0863746260001,4.50867458600004,0],[98.0863898790001,4.50870689500005,0],[98.0864116850001,4.50874090600007,0],[98.0864678600001,4.50880237000007,0],[98.086528409,4.50886273500004,0],[98.086582971,4.50890939700002,0],[98.0866451740001,4.50895825800006,0],[98.086780075,4.50906239300002,0],[98.0868863380001,4.50915040100006,0],[98.0869654520001,4.50921244500006,0],[98.0870849400001,4.50930742000003,0],[98.0872005020001,4.50940177900003,0],[98.087247001,4.50942875400006,0],[98.0872901260001,4.50944689900007,0],[98.0874080470001,4.50949034900003,0],[98.087418568,4.50949428900003,0],[98.08749321,4.50952224200006,0],[98.0875385130001,4.50954258800004,0],[98.087590391,4.50956813900007,0],[98.0876236490001,4.50959585600003,0],[98.0876678280001,4.50964250600003,0],[98.08777746,4.50976323100002,0],[98.087864729,4.50985597600004,0],[98.08796261,4.50995485400006,0],[98.0880147490001,4.50999866900003,0],[98.088032893,4.51001084300003,0],[98.0881047890001,4.51005908100007,0],[98.088189383,4.51011399400005,0],[98.0882890180001,4.51016481500005,0],[98.0883389570001,4.51017338600008,0],[98.088433443,4.51017459900004,0],[98.0885437680001,4.51017309100007,0],[98.08867466,4.51016004300004,0],[98.0887114720001,4.51015028000006,0],[98.0887546390001,4.51013334700002,0],[98.0888114850001,4.51009888200002,0],[98.0888527530001,4.51006561000003,0],[98.0889014190001,4.51001962900006,0],[98.08895284,4.50995501700004,0],[98.088993337,4.50988928800007,0],[98.0890223530001,4.50983013000007,0],[98.089068921,4.50971782400006,0],[98.0891144080001,4.50958961400005,0],[98.0891263920001,4.50954624000002,0],[98.089145138,4.50947839200006,0],[98.0891699260001,4.50941514600004,0],[98.090389766,4.50953243400005,0],[98.0903932560001,4.50958716200006,0],[98.0904003940001,4.50961333600003,0],[98.0904432240001,4.50963713000004,0],[98.0904765370001,4.50964426900003,0],[98.0905098490001,4.50965616600007,0],[98.0905288850001,4.50968234000004,0],[98.090531265,4.50972517100007,0],[98.0905265060001,4.50979655400005,0],[98.0905244910001,4.50980172900006,0],[98.0904999000001,4.50986489900004,0],[98.0904812960001,4.50993694300007,0],[98.090455122,4.51009160700005,0],[98.0904693990001,4.51016299100007,0],[98.0904955730001,4.51019868300006,0],[98.0905503000001,4.51024151400003,0],[98.090590751,4.51028196400006,0],[98.0906240640001,4.51034858900005,0],[98.090673113,4.51038778300006,0],[98.090703617,4.51040720700007,0],[98.0907311390001,4.51042473200005,0],[98.090778728,4.51043187000005,0],[98.0908310770001,4.51043425000006,0],[98.0908762860001,4.51043425000006,0],[98.0909500500001,4.51041045500006,0],[98.091045228,4.51038428100003,0],[98.0911404070001,4.51033669200007,0],[98.0912546210001,4.51060081200006,0],[98.091149924,4.51065078100004,0],[98.091052366,4.51069123200006,0],[98.091016675,4.51072930300006,0],[98.0909500500001,4.51077213300005,0],[98.0908905630001,4.51079592800005,0],[98.0908191790001,4.51080782500003,0],[98.0907525540001,4.51079116900007,0],[98.0906635430001,4.51077806200004,0],[98.090545541,4.51075547700003,0],[98.090395635,4.51071978500005,0],[98.0903147340001,4.51070550800006,0],[98.090236211,4.51069837000006,0],[98.0901695860001,4.51070550800006,0],[98.0901124790001,4.51073644100006,0],[98.0900529930001,4.51078879000005,0],[98.0899126050001,4.51101245900003,0],[98.0898388410001,4.51114332900005,0],[98.0897793550001,4.51127182000005,0],[98.089722248,4.51143600300003,0],[98.0897174890001,4.51152642200003,0],[98.0897270070001,4.51162398000002,0],[98.0897460420001,4.51169536400005,0],[98.089767458,4.51171677900004,0],[98.089812667,4.51172391800003,0],[98.0898459800001,4.51172391800003,0],[98.089865015,4.51174057400004,0],[98.089872154,4.51176912800003,0],[98.089857877,4.51180006100003,0],[98.089829324,4.51181909600007,0],[98.0898245650001,4.51184289100007,0],[98.0898406860001,4.51187191000002,0],[98.0898483590001,4.51188572100006,0],[98.089872154,4.51190951600006,0],[98.089872154,4.51195234600004,0],[98.0898459800001,4.51196186400006,0],[98.089826944,4.51195948400004,0],[98.089788873,4.51193093100005,0],[98.089778326,4.51192200700007,0],[98.0897579400001,4.51190475700002,0],[98.089719868,4.51191665400006,0],[98.0897103500001,4.51194044900006,0],[98.0897114580001,4.51199757600006,0],[98.0897008330001,4.51204276600004,0],[98.0896794170001,4.51210463200005,0],[98.0896699,4.51213080600007,0],[98.0896508640001,4.51221170700006,0],[98.089653243,4.51224739900005,0],[98.089684176,4.51227119400005,0],[98.0897151090001,4.51228785000006,0],[98.0897460420001,4.51233306000006,0],[98.0897341450001,4.51234495700004,0],[98.0896817970001,4.51235685400007,0],[98.0896365870001,4.51237351100002,0],[98.0896175510001,4.51243775600005,0],[98.0896127930001,4.51249248400006,0],[98.0895961360001,4.51254959100004,0],[98.089615172,4.51261145700005,0],[98.0896056540001,4.51266856400002,0],[98.0895961360001,4.51273280900006,0],[98.089615172,4.51279705500002,0],[98.0896437260001,4.51285178200004,0],[98.0896794170001,4.51293982200002,0],[98.089719868,4.51300882700002,0],[98.0897698370001,4.51307307200005,0],[98.0895985160001,4.51328008500008,0],[98.0895223730001,4.51318728600006,0],[98.0894605070001,4.51312066100007,0],[98.0894034,4.51303976000003,0],[98.0893439130001,4.51296599600005,0],[98.0893106010001,4.51291126900003,0],[98.0892653910001,4.51285416200005,0],[98.0892011460001,4.51274708600005,0],[98.0891821100001,4.51267570200002,0],[98.0891654540001,4.51263287200004,0],[98.0891345210001,4.51260669800007,0],[98.0891107260001,4.51259480000004,0],[98.089086932,4.51259480000004,0],[98.0890607580001,4.51259242100002,0],[98.0890369630001,4.51259955900002,0],[98.0889873930001,4.51264329400004,0],[98.088943585,4.51273203100004,0],[98.0889185380001,4.51281123900003,0],[98.0888949550001,4.51289342500007,0],[98.0888746250001,4.51298438900005,0],[98.088859793,4.51305343400003,0],[98.088844651,4.51315845100004,0],[98.0888085350001,4.51325391100005,0],[98.0887894990001,4.51335384900005,0],[98.088775222,4.51344426800006,0],[98.0887704630001,4.51351327200007,0],[98.0887704630001,4.51359655400006,0],[98.088796383,4.51366026500006,0],[98.088813294,4.51370838800005,0],[98.0888323290001,4.51374170100007,0],[98.0888347090001,4.51377025400006,0],[98.088822812,4.51379404900007,0],[98.0888109140001,4.51380118700007,0],[98.0887677680001,4.51380694000005,0],[98.0887395300001,4.51381070500003,0],[98.0887252540001,4.51384639700007,0],[98.0887252540001,4.51387019200007,0],[98.0887462520001,4.51389280500007,0],[98.0887561870001,4.51390350400004,0],[98.0887585660001,4.51393681600007,0],[98.088753807,4.51394633400002,0],[98.0887395300001,4.51395585200004,0],[98.088722761,4.51396214000005,0],[98.088701459,4.51397012900003,0],[98.0886871820001,4.51399154400002,0],[98.0886800440001,4.51402247700003,0],[98.0886256780001,4.51421762700005,0],[98.088611971,4.51425899400004,0],[98.0885793160001,4.51437415700002,0],[98.0885527600001,4.51448412800005,0],[98.08850434,4.51459182300005,0],[98.0884894690001,4.51465428300003,0],[98.0884805460001,4.51471674400005,0],[98.0884916960001,4.51473439900008,0],[98.0885162380001,4.51477325700006,0],[98.088560853,4.51479407700003,0],[98.088611416,4.51484166600005,0],[98.0886590050001,4.51487438400005,0],[98.0886738770001,4.51494576700003,0],[98.088653057,4.51499335700004,0],[98.088611416,4.51502904900002,0],[98.0885757240001,4.51505284300003,0],[98.088495418,4.51507068900003,0],[98.0884478280001,4.51510935500005,0],[98.088435931,4.51514504700003,0],[98.0883942900001,4.51516289300002,0],[98.0883645470001,4.51513017600007,0],[98.088337778,4.51508853500007,0],[98.088309225,4.51507568600005,0],[98.088278292,4.51506176600003,0],[98.0882426000001,4.51508556100003,0],[98.0882069080001,4.51513017600007,0],[98.088203934,4.51519561100002,0],[98.0882120680001,4.51522408100004,0],[98.088221779,4.51525807200005,0],[98.0882515230001,4.51529376400003,0],[98.088319932,4.51532945600007,0],[98.0881682420001,4.51545735200006,0],[98.0881355240001,4.51542760800004,0],[98.0880968580001,4.51540083900005,0],[98.088028723,4.51537704000003,0],[98.0879838330001,4.51536514700007,0],[98.0879392190001,4.51536812200004,0],[98.0879065010001,4.51538894200007,0],[98.087861886,4.51541273700008,0],[98.0878410660001,4.51543950600006,0],[98.087833426,4.51547540000007,0],[98.0878212420001,4.51548775000003,0],[98.087807007,4.51551184800007,0],[98.0877976940001,4.51553540900005,0],[98.087768623,4.51563841100005,0],[98.087743946,4.51571676900005,0],[98.087723112,4.51577758400003,0],[98.087692421,4.51586469100005,0],[98.0876443490001,4.51599723900006,0],[98.0876140600001,4.51607233400006,0],[98.0875757150001,4.51616053400005,0],[98.0875467000001,4.51621859800002,0],[98.087496528,4.51630758900006,0],[98.087452032,4.51636318100003,0],[98.0873809320001,4.51643654200006,0],[98.0873290790001,4.51648781500006,0],[98.087319402,4.51650123300004,0],[98.0873174930001,4.51650387900003,0],[98.087309276,4.51652305400006,0],[98.0873020970001,4.51658388600003,0],[98.0872942890001,4.51671542700007,0],[98.0872842690001,4.51686505600003,0],[98.0872659570001,4.51709980200008,0],[98.087247205,4.51729831200004,0],[98.0872361070001,4.51743696700004,0],[98.087218309,4.51766451400005,0],[98.087209531,4.51772196100006,0],[98.0871979990001,4.51777511600005,0],[98.0871705330001,4.51789895200005,0],[98.0871228230001,4.51813120100007,0],[98.0871172020001,4.51817952500005,0],[98.0871082850001,4.51832586300003,0],[98.0870973460001,4.51870498600005,0],[98.087100101,4.51875010000003,0],[98.087127136,4.51888407300004,0],[98.0871823520001,4.51908622100007,0],[98.0872157260001,4.51918230000007,0],[98.087276149,4.51932161600007,0],[98.0873222660001,4.51943371300007,0],[98.0873413100001,4.51950735900004,0],[98.0873523670001,4.51959540500008,0],[98.087349046,4.51969943400007,0],[98.087332862,4.51988347400004,0],[98.087296328,4.51989518500005,0],[98.087278482,4.52009149100007,0],[98.087296328,4.52023068900007,0],[98.087319962,4.52032834100004,0],[98.0873926960001,4.52038416400006,0],[98.0874640800001,4.52041628700005,0],[98.087431957,4.52054477800004,0],[98.0873891270001,4.52051265500006,0],[98.0873401870001,4.52050144700007,0],[98.087289189,4.52054120900004,0],[98.0872392210001,4.52059117700003,0],[98.08719639,4.52063757700006,0],[98.087146422,4.52070539200002,0],[98.0870893150001,4.52080176000004,0],[98.0870679000001,4.52089812800006,0],[98.087057192,4.52098378900007,0],[98.087054612,4.52099540000006,0],[98.0870587090001,4.52108603800002,0],[98.0870673640001,4.52115616400005,0],[98.0870738730001,4.52119125100006,0],[98.0870985750001,4.52127821800002,0],[98.087147611,4.52135855400007,0],[98.0872070980001,4.52142101500004,0],[98.087254687,4.52146562900003,0],[98.087305251,4.52152214200004,0],[98.0873320200001,4.52156378200004,0],[98.0873439170001,4.52160542300004,0],[98.0873439170001,4.52165598600004,0],[98.0873260710001,4.52170655000003,0],[98.0873201220001,4.52175711300004,0],[98.0873320200001,4.52181957400006,0],[98.087355814,4.52187608600002,0],[98.0873825830001,4.52189988100002,0],[98.0874242240001,4.52193259900002,0],[98.087471813,4.52196531600003,0],[98.0875669910001,4.52200695700003,0],[98.087638375,4.52202777700006,0],[98.0877484250001,4.52204562300005,0],[98.087888219,4.52204562300005,0],[98.0879952940001,4.52204562300005,0],[98.0880934470001,4.52204264900007,0],[98.0882094460001,4.52202182800005,0],[98.0882867780001,4.52201588000003,0],[98.0884117000001,4.52199803400003,0],[98.0886318000001,4.52199208500002,0],[98.0888162090001,4.52199208500002,0],[98.0889678990001,4.52201290500005,0],[98.089072001,4.52203967400004,0],[98.089122564,4.52208428900002,0],[98.0891582560001,4.52210511000004,0],[98.0892088200001,4.52211700700002,0],[98.089296721,4.52213129200004,0],[98.0893196530001,4.52213680300002,0],[98.0893535000001,4.52215000700005,0],[98.08936687,4.52215906500004,0],[98.089437843,4.52218839100004,0],[98.0894646120001,4.52220028800002,0],[98.0894854320001,4.52220326200006,0],[98.089521124,4.52219731400004,0],[98.0895538410001,4.52217946800005,0],[98.089598456,4.52214675000005,0],[98.089631174,4.52211403300004,0],[98.089663892,4.52208131500004,0],[98.0897233780001,4.52205752000003,0],[98.0898185560001,4.52202182800005,0],[98.0899672730001,4.52198018800004,0],[98.090038657,4.52194449600006,0],[98.0901011170001,4.52192070100006,0],[98.090196296,4.52187906100005,0],[98.0902704160001,4.52184229800002,0],[98.0904238910001,4.52178876000005,0],[98.0907558260001,4.52166383800005,0],[98.091077053,4.52157817800003,0],[98.0913768650001,4.52149965600006,0],[98.0915711390001,4.52142688400005,0],[98.0916276510001,4.52139714100002,0],[98.0916960600001,4.52136739700006,0],[98.0917763670001,4.52135847400007,0],[98.0919756470001,4.52132278200003,0],[98.0922463110001,4.52123950100003,0],[98.0923801550001,4.52118001500003,0],[98.0924931800001,4.52113242600007,0],[98.0928114330001,4.52107888800003,0],[98.0929512260001,4.52105211900005,0],[98.092998815,4.52104468300007,0],[98.0930585470001,4.52102880800004,0],[98.0931222,4.52102899800008,0],[98.093134891,4.52102289100003,0],[98.093145043,4.52100996300004,0],[98.0932369240001,4.52107232700007,0],[98.0939049930001,4.52152578000005,0],[98.0938544300001,4.52156147200003,0],[98.0938127890001,4.52160906100005,0],[98.093717611,4.52171613700006,0],[98.0935629460001,4.52190649400006,0],[98.0934915620001,4.52198382600005,0],[98.093426127,4.52206710800004,0],[98.093351769,4.52214444000003,0],[98.0933131020001,4.52220392700002,0],[98.0933120110001,4.52225213400004,0],[98.0933309480001,4.52229910500006,0],[98.0933666400001,4.52236156600003,0],[98.0933874600001,4.52241807800004,0],[98.0934201780001,4.52245377000003,0],[98.093485613,4.52247756500003,0],[98.0935748430001,4.52250135900005,0],[98.093661098,4.52250730800006,0],[98.09374438,4.52250433400008,0],[98.093818738,4.52250433400008,0],[98.093925814,4.52250433400008,0],[98.094101299,4.52250135900005,0],[98.09429463,4.52250730800006,0],[98.0944730900001,4.52252515400005,0],[98.0946218060001,4.52253705100003,0],[98.094752676,4.52254894800006,0],[98.0950203660001,4.52257571700005,0],[98.0951155440001,4.52259951200006,0],[98.0951809790001,4.52260843500005,0],[98.0952731830001,4.52260546100007,0],[98.095377285,4.52259356300004,0],[98.0955646670001,4.52259356300004,0],[98.0956895890001,4.52257869200002,0],[98.0957966650001,4.52256084600003,0],[98.095894817,4.52254002500007,0],[98.0960137910001,4.52252515400005,0],[98.09626066,4.52250433400008,0],[98.0964569650001,4.52250433400008,0],[98.096745475,4.52247161600008,0],[98.0969001400001,4.52245674400007,0],[98.0970012670001,4.52244187300005,0],[98.097144035,4.52240915500005,0],[98.0972927510001,4.52237941200002,0],[98.097503928,4.52236454000007,0],[98.097854898,4.52233479700004,0],[98.0982296640001,4.52231695100005,0],[98.0985092500001,4.52231397700007,0],[98.098753145,4.52231992500003,0],[98.098952425,4.52233182300006,0],[98.09908627,4.52235264300003,0],[98.0991933450001,4.52238238600006,0],[98.099279601,4.52240618100006,0],[98.099362882,4.52243889800008,0],[98.0994342660001,4.52250135900005,0],[98.0995056500001,4.52254894800006,0],[98.099603802,4.52256679400006,0],[98.0996781600001,4.52256084600003,0],[98.09974657,4.52256084600003,0],[98.0998744660001,4.52258166600006,0],[98.100046977,4.52260248600004,0],[98.1002522050001,4.52263520400004,0],[98.100394973,4.52265305000003,0],[98.1004961,4.52267387000006,0],[98.100570458,4.52268576700004,0],[98.1006180480001,4.52270956200005,0],[98.100635894,4.52274822800007,0],[98.100689431,4.52277797200003,0],[98.1007518920001,4.52277202300007,0],[98.1008173270001,4.52275715100006,0],[98.100879788,4.52275417700002,0],[98.1009690180001,4.52274822800007,0],[98.1010582480001,4.52273633100003,0],[98.101162349,4.52271253600003,0],[98.1012902450001,4.52268576700004,0],[98.101373526,4.52267684400005,0],[98.1015311660001,4.52267684400005,0],[98.101730446,4.52267981900007,0],[98.1019237770001,4.52271848500004,0],[98.1020070580001,4.52273038200002,0],[98.1020427500001,4.52273633100003,0],[98.102087365,4.52272740800004,0],[98.102170646,4.52272740800004,0],[98.1022598760001,4.52270956200005,0],[98.1023491050001,4.52269171600005,0],[98.102581103,4.52264412700004,0],[98.102729819,4.52261438400006,0],[98.1029618170001,4.52260248600004,0],[98.1032205830001,4.52261438400006,0],[98.1034198630001,4.52264115300005,0],[98.103544437,4.52268200700007,0],[98.103628621,4.52268463700005,0],[98.1036910820001,4.52266084300004,0],[98.1037267740001,4.52262217600003,0],[98.103795183,4.52253294700006,0],[98.1038635930001,4.52244371700004,0],[98.103911182,4.52240505100002,0],[98.1039676940001,4.52236638400007,0],[98.1040420520001,4.52230689800007,0],[98.10409559,4.52228607700005,0],[98.1041312820001,4.52225038600005,0],[98.1041610250001,4.52219982200006,0],[98.104187794,4.52215223300004,0],[98.1042502550001,4.52211654100006,0],[98.1043186650001,4.52210166900005,0],[98.1043722030001,4.52209572100003,0],[98.1044227660001,4.52213736100003,0],[98.1044554840001,4.52214331000005,0],[98.1044644070001,4.52211059200005,0],[98.1044644070001,4.52206300300003,0],[98.1044852270001,4.52200351600004,0],[98.1046339430001,4.52201838800005,0],[98.1046398920001,4.52208977200007,0],[98.104622046,4.52217305300007,0],[98.1046101490001,4.52222064200004,0],[98.1046101490001,4.52228607700005,0],[98.1046166450001,4.52231855900004,0],[98.104622046,4.52234556400003,0],[98.1046398920001,4.52240802500006,0],[98.1046845070001,4.52245858800006,0],[98.1047499420001,4.52246453700008,0],[98.1047675900001,4.52245571300006,0],[98.1047856340001,4.52244669100003,0],[98.104812403,4.52239017900007,0],[98.1048332230001,4.52234556400003,0],[98.1048689150001,4.52230987200005,0],[98.104895684,4.52232176900003,0],[98.104895684,4.52235746100007,0],[98.104886761,4.52240505100002,0],[98.1048927100001,4.52243479400005,0],[98.1049343500001,4.52244074200007,0],[98.104978965,4.52240802500006,0],[98.105029529,4.52238720500003,0],[98.1050608580001,4.52236436200008,0],[98.1050787040001,4.52235246400005,0],[98.1050906010001,4.52233461800006,0],[98.105114396,4.52228108100007,0],[98.1050935760001,4.52217995400002,0],[98.1050846530001,4.52214426200004,0],[98.1050787040001,4.52206692900006,0],[98.1052274200001,4.52207882600004,0],[98.105228808,4.52211951500004,0],[98.105237731,4.52217007900003,0],[98.105246654,4.52223551400004,0],[98.105255577,4.52230987200005,0],[98.105261526,4.52237233300002,0],[98.105288295,4.52241397300003,0],[98.1053239870001,4.52244669100003,0],[98.1053923960001,4.52246156300004,0],[98.1054429600001,4.52246156300004,0],[98.1054905490001,4.52247643400005,0],[98.105529215,4.52249130600006,0],[98.1056065480001,4.52250320300004,0],[98.1056422400001,4.52250320300004,0],[98.1057163040001,4.52249750600004,0],[98.1057582390001,4.52249428000005,0],[98.1058772120001,4.52249428000005,0],[98.106002032,4.52247441400004,0],[98.1060040340001,4.52247409500006,0],[98.1060827220001,4.52247393200003,0],[98.106165962,4.52245502600005,0],[98.1062896940001,4.52243837000003,0],[98.1064062870001,4.52239316000004,0],[98.10652645,4.52234676000006,0],[98.1067227550001,4.52228132500005,0],[98.107210545,4.52210286600007,0],[98.1074663370001,4.52204337900002,0],[98.1076626430001,4.52197199500006,0],[98.1079422290001,4.52185897100003,0],[98.1082396620001,4.52176379200006,0],[98.1087988350001,4.52162102500006,0],[98.10926283,4.52152584600003,0],[98.109637595,4.52143066800005,0],[98.1099945140001,4.52125220800002,0],[98.1101670250001,4.52116892700008,0],[98.110238409,4.52110349200007,0],[98.110327639,4.52107374900004,0],[98.1103811770001,4.52105590300005,0],[98.1104644580001,4.52105590300005,0],[98.110535842,4.52107969700006,0],[98.1106429170001,4.52112133800006,0],[98.110744045,4.52112133800006,0],[98.1107678390001,4.52109159500003,0],[98.1107559420001,4.52104400500002,0],[98.1106667120001,4.52098451900002,0],[98.1105715340001,4.52093098100005,0],[98.1105715340001,4.52087149500005,0],[98.1105715340001,4.52081200800006,0],[98.110636969,4.52077631600002,0],[98.1107559420001,4.52075252100002,0],[98.110821377,4.52068708600007,0],[98.1108987100001,4.52059785600005,0],[98.1109522470001,4.52050862700003,0],[98.110970093,4.52043724300006,0],[98.111035529,4.52034206400003,0],[98.111035529,4.52025878300003,0],[98.111053375,4.52020524500006,0],[98.1111663990001,4.52018739900006,0],[98.111303218,4.52022309100005,0],[98.111404345,4.52027662900002,0],[98.1114995230001,4.52032421800004,0],[98.1115768560001,4.52040750000003,0],[98.1116065990001,4.52049672900006,0],[98.1116839320001,4.52053242100004,0],[98.111713675,4.52048483200002,0],[98.1117315210001,4.52038965400004,0],[98.11173747,4.52028257800004,0],[98.11173747,4.52019334800002,0],[98.1117612640001,4.52005058000003,0],[98.1117731610001,4.51991376100005,0],[98.111802905,4.51973530200007,0],[98.1118266990001,4.51955089400008,0],[98.1118266990001,4.51942597200002,0],[98.1118088530001,4.51933674200006,0],[98.1117850590001,4.51925941000007,0],[98.1117910070001,4.51921776900002,0],[98.1118385970001,4.51919397400007,0],[98.1118683400001,4.51917018000006,0],[98.1118980830001,4.51911664200003,0],[98.111945672,4.51899469500006,0],[98.1140118380001,4.51953566500003,0],[98.11400001,4.51957225700005,0],[98.1140189760001,4.51970341700007,0],[98.1140154070001,4.51976409300005,0],[98.1140046990001,4.51983904600007,0],[98.1139797150001,4.51991756900003,0],[98.1139725770001,4.52001750600004,0],[98.1140189760001,4.52015670400004,0],[98.114076083,4.52027805700004,0],[98.1141224830001,4.52033873300007,0],[98.1141688820001,4.52036014800007,0],[98.114215282,4.52039227100005,0],[98.1142545430001,4.52043510100003,0],[98.1142759580001,4.52053147000004,0],[98.11431165,4.52061713000006,0],[98.1143723260001,4.52068851400003,0],[98.1144222950001,4.52073134400007,0],[98.1145293700001,4.52077417500004,0],[98.1146078930001,4.52081700500003,0],[98.1146650000001,4.52086697400006,0],[98.114714968,4.52091337300004,0],[98.1147377720001,4.52095106800004,0],[98.114785361,4.52100460600008,0],[98.114835924,4.52102840000003,0],[98.114868642,4.52103434900005,0],[98.1149073080001,4.52102840000003,0],[98.1149489490001,4.52104624600003,0],[98.114984641,4.52108193800007,0],[98.1150322300001,4.52111763000005,0],[98.115067922,4.52113547600004,0],[98.1151155110001,4.52114737300008,0],[98.1151541770001,4.52115332200003,0],[98.115183921,4.52116819300005,0],[98.115225561,4.52118901400007,0],[98.1152612530001,4.52121875700004,0],[98.1152880220001,4.52124255200005,0],[98.115335611,4.52131691000005,0],[98.1152790990001,4.52133475600004,0],[98.1151958180001,4.52129311500005,0],[98.115118485,4.52125742300007,0],[98.115041153,4.52122768000004,0],[98.114966795,4.52119198800006,0],[98.1149102830001,4.52118009100008,0],[98.114859719,4.52118009100008,0],[98.1148151040001,4.52119198800006,0],[98.1148121300001,4.52124850000007,0],[98.114859719,4.52127526900006,0],[98.1148894620001,4.52129608900003,0],[98.1149132570001,4.52132880700003,0],[98.1149043340001,4.52136449900007,0],[98.1148567450001,4.52138531900005,0],[98.1148032070001,4.52140019100005,0],[98.1147288490001,4.52140019100005,0],[98.1146693620001,4.52137937100002,0],[98.1146158240001,4.52136152500003,0],[98.1145533630001,4.52136152500003,0],[98.1145057740001,4.52137639600005,0],[98.1144819800001,4.52141208800003,0],[98.1145057740001,4.52148347200006,0],[98.114550389,4.52154295900004,0],[98.1146069010001,4.52159649600003,0],[98.1147139770001,4.52172141800003,0],[98.114785361,4.52176603300006,0],[98.114574184,4.52200695300007,0],[98.114425467,4.52189987800006,0],[98.114351109,4.52182849400003,0],[98.114291623,4.52176900700005,0],[98.114258905,4.52173629000004,0],[98.114199419,4.52174521300003,0],[98.1141548040001,4.52178982800007,0],[98.1141458810001,4.52181659700005,0],[98.1141042400001,4.52184336600004,0],[98.114041779,4.52181064800004,0],[98.1140328560001,4.52176603300006,0],[98.114050702,4.52171249500003,0],[98.1140804450001,4.52165598300007,0],[98.1141072140001,4.52161731700005,0],[98.1141161370001,4.52158162500007,0],[98.1141161370001,4.52154890700007,0],[98.1141101890001,4.52152808700004,0],[98.1140871870001,4.52150022700005,0],[98.1139777320001,4.52135746000005,0],[98.1139015890001,4.52122896900005,0],[98.113858759,4.52115758500003,0],[98.113820688,4.52106716600002,0],[98.113779245,4.52100470500005,0],[98.1137405790001,4.52097793600007,0],[98.1137316560001,4.52095116700002,0],[98.1137405790001,4.52091547500004,0],[98.113746528,4.52088275700004,0],[98.113728682,4.52086491100005,0],[98.1136929900001,4.52087383400004,0],[98.1136662210001,4.52092142400005,0],[98.113630529,4.52097198700005,0],[98.1135918630001,4.52102552500003,0],[98.1135740170001,4.52107906300006,0],[98.113553197,4.52112070300007,0],[98.113529402,4.52117424100004,0],[98.113505607,4.52122183000006,0],[98.1134015060001,4.52131106000007,0],[98.113336071,4.52140029000003,0],[98.113312276,4.52149844300004,0],[98.1132765840001,4.52164715900005,0],[98.1132622600001,4.52174456800003,0],[98.113261713,4.52174828600005,0],[98.1132258160001,4.52197571200003,0],[98.1132098940001,4.52203818000004,0],[98.1131939670001,4.52211215400007,0],[98.1131911890001,4.52215106500006,0],[98.1131917050001,4.52217847400004,0],[98.1132045460001,4.52224778900006,0],[98.1132373720001,4.52235338300005,0],[98.113255338,4.52239615500002,0],[98.113301435,4.52249459100005,0],[98.113340329,4.52257221500003,0],[98.1133909230001,4.52265973100003,0],[98.1134193720001,4.52269563200002,0],[98.1134450120001,4.52272088300003,0],[98.1135831540001,4.52282865700005,0],[98.1137045070001,4.52288219500002,0],[98.113832997,4.52292502500006,0],[98.1139721960001,4.52295357800006,0],[98.1140971180001,4.52296785500005,0],[98.114197055,4.52297142400005,0],[98.114286285,4.52297856300004,0],[98.1144504680001,4.52297856300004,0],[98.114553974,4.52299640900003,0],[98.1146681880001,4.52301068500003,0],[98.1147609870001,4.52301068500003,0],[98.114839509,4.52299997800003,0],[98.1150108310001,4.52298213200004,0],[98.1151714440001,4.52297499400004,0],[98.1152892280001,4.52297142400005,0],[98.1156708490001,4.52296640700007,0],[98.115707693,4.52296753000007,0],[98.115801489,4.52296658700004,0],[98.115943697,4.52296347900005,0],[98.116072946,4.52296362600003,0],[98.1161712520001,4.52296703800005,0],[98.1163359010001,4.52296872300008,0],[98.1164082830001,4.52297390400003,0],[98.116482009,4.52298495700006,0],[98.1166283530001,4.52300760500003,0],[98.1167894320001,4.52303225200006,0],[98.116883924,4.52304464200006,0],[98.1170128940001,4.52306409400006,0],[98.1171012620001,4.52307998700007,0],[98.117315305,4.52312629000005,0],[98.11741578,4.52314778800007,0],[98.1174610990001,4.52315661700004,0],[98.1175401660001,4.52316417600002,0],[98.1176691840001,4.52316618800006,0],[98.1177833400001,4.52316687900003,0],[98.1178603530001,4.52316628500006,0],[98.1179624820001,4.52316873400002,0],[98.1182510620001,4.52321085800003,0],[98.1183724140001,4.52322156500003,0],[98.118465213,4.52322156500003,0],[98.1186186880001,4.52321085800003,0],[98.1188078480001,4.52317822000003,0],[98.1188436,4.52317205100007,0],[98.119098308,4.52314234900007,0],[98.119389792,4.52307691400006,0],[98.119834983,4.52298907400007,0],[98.1199388080001,4.52296724100006,0],[98.1200415180001,4.52294488700005,0],[98.120064498,4.52294000600006,0],[98.1203505000001,4.52285383900005,0],[98.120540857,4.52281517300003,0],[98.1206390090001,4.52279435300005,0],[98.1207193160001,4.52278543000006,0],[98.1207788030001,4.52277650700006,0],[98.1208531610001,4.52275271200006,0],[98.1209483390001,4.52270214900005,0],[98.1210702870001,4.52266348200004,0],[98.1212219770001,4.52262184200004,0],[98.1213231040001,4.52258615000005,0],[98.1213766420001,4.52256235500005,0],[98.1214718210001,4.52252071500004,0],[98.1215402300001,4.52249692000004,0],[98.1216383830001,4.52246122800005,0],[98.1217157150001,4.52242256200003,0],[98.1218019710001,4.52237497300007,0],[98.121891201,4.52230953800006,0],[98.121974482,4.52225005100007,0],[98.1220934550001,4.52217569300007,0],[98.1221975560001,4.52214000100003,0],[98.1224295540001,4.52206861700006,0],[98.122625859,4.52200615600003,0],[98.1229143690001,4.52190502900004,0],[98.123000624,4.52188123500002,0],[98.123057137,4.52187231200003,0],[98.123140418,4.52187231200003,0],[98.123241545,4.52186041400006,0],[98.123324826,4.52184256800007,0],[98.1234378500001,4.52179497900005,0],[98.123574669,4.52172954400004,0],[98.1236698480001,4.52168195500008,0],[98.1237769240001,4.52162841700004,0],[98.1238958970001,4.52157190500003,0],[98.1239821520001,4.52153323800007,0],[98.1240981510001,4.52147375200002,0],[98.124217124,4.52140534200004,0],[98.1244283010001,4.52131908700005,0],[98.1246573240001,4.52120903700006,0],[98.1248625530001,4.52109601300003,0],[98.124975577,4.52102462900007,0],[98.1251611860001,4.52092503600005,0],[98.125201631,4.52090152100004,0],[98.1252469770001,4.52088122400005,0],[98.1253533170001,4.52078965700002,0],[98.1254187520001,4.52074801600003,0],[98.125484187,4.52070340100005,0],[98.1255496220001,4.52067365800002,0],[98.1255793650001,4.52064688900003,0],[98.1256120830001,4.52059335100006,0],[98.1256358780001,4.52054576200004,0],[98.125674544,4.52049519900004,0],[98.1257310560001,4.52044166100006,0],[98.1257964910001,4.52036432800003,0],[98.1258559780001,4.52026320100003,0],[98.1259024560001,4.52014968100002,0],[98.1259191130001,4.52009495300007,0],[98.125938148,4.52001643100004,0],[98.125923872,4.51992363200003,0],[98.125880539,4.51983883100007,0],[98.1258593760001,4.51973237500005,0],[98.12608427,4.51966812000006,0],[98.1260909490001,4.51975161700005,0],[98.1261206930001,4.51980218100005,0],[98.1261474620001,4.51982300100002,0],[98.1262211550001,4.51984352000005,0],[98.1262813060001,4.51985571800003,0],[98.12634877,4.51988550300007,0],[98.1263756130001,4.51989277500007,0],[98.1265133040001,4.51993007700003,0],[98.12657254,4.51994389800007,0],[98.126650123,4.51995089700006,0],[98.1266620200001,4.51995089700006,0],[98.126736378,4.51995684600007,0],[98.1268077620001,4.51995684600007,0],[98.126941607,4.51995387100004,0],[98.1270070420001,4.51995387100004,0],[98.1270724770001,4.51995684600007,0],[98.127134938,4.51996576900007,0],[98.1271884760001,4.51996874300005,0],[98.1272628340001,4.51995387100004,0],[98.1273550380001,4.51993007700003,0],[98.127444268,4.51990330800004,0],[98.1275305230001,4.51987653900005,0],[98.1276078560001,4.51984084700007,0],[98.1276822140001,4.51980515500003,0],[98.12783618,4.51974033500005,0],[98.1279465600001,4.51967969000003,0],[98.1279892090001,4.51965994900007,0],[98.1280826510001,4.51962333600005,0],[98.1282509480001,4.51955886200005,0],[98.1283769820001,4.51950788700003,0],[98.1284263580001,4.51948562200005,0],[98.1285638130001,4.51941178400006,0],[98.1285937320001,4.51939866700008,0],[98.1286994340001,4.51932628800006,0],[98.1288749190001,4.51924003300007,0],[98.1290979930001,4.51914485400005,0],[98.1292972730001,4.51906752200006,0],[98.1296066030001,4.51893665200004,0],[98.129719627,4.51890988300005,0],[98.1299070100001,4.51883255000007,0],[98.130067624,4.51876711500006,0],[98.1302936720001,4.51867788500005,0],[98.130534593,4.51857973300002,0],[98.1307957020001,4.51848198800008,0],[98.131047616,4.51837181200005,0],[98.1312722260001,4.51823471100005,0],[98.131352533,4.51817819800004,0],[98.1314387880001,4.51811573800006,0],[98.1314566340001,4.51807112300003,0],[98.1314655570001,4.51801758500005,0],[98.1314953,4.51797594400006,0],[98.1315161210001,4.51795215000004,0],[98.1315666840001,4.51794025200007,0],[98.131602376,4.51795215000004,0],[98.131670785,4.51796702100006,0],[98.1317391950001,4.51796107300004,0],[98.1317838100001,4.51795215000004,0],[98.13184771,4.51793143600003,0],[98.1318667460001,4.51791811100003,0],[98.131888637,4.51790954500007,0],[98.1319130030001,4.51789826600003,0],[98.132009859,4.51784507400004,0],[98.1321080110001,4.51778856200002,0],[98.132194267,4.51774097200007,0],[98.1322924200001,4.51771122900004,0],[98.1323905720001,4.51769933200006,0],[98.132453033,4.51769933200006,0],[98.1325006230001,4.51769338300005,0],[98.132545237,4.51767553700006,0],[98.1325987750001,4.51763092200002,0],[98.1326136470001,4.51759225600006,0],[98.1326314930001,4.51755656400007,0],[98.1326757990001,4.51751368400005,0],[98.132720723,4.51748518000005,0],[98.1327742610001,4.51747328300007,0],[98.1328069780001,4.51749112900006,0],[98.1328426700001,4.51749410300005,0],[98.1328813360001,4.51747923200003,0],[98.132896208,4.51745543700002,0],[98.132902157,4.51741082200004,0],[98.1329140540001,4.51736620700007,0],[98.132931963,4.51729559600005,0],[98.1329614640001,4.51728796000003,0],[98.132990422,4.51727483300004,0],[98.1330961510001,4.51720675500007,0],[98.1331751710001,4.51716268800004,0],[98.1332467710001,4.51712002400006,0],[98.1332790220001,4.51709648900004,0],[98.1333010850001,4.51707517700004,0],[98.1333626910001,4.51700889100005,0],[98.133427768,4.51694044800007,0],[98.1335103530001,4.51684682400003,0],[98.1336195640001,4.51671569200005,0],[98.133639395,4.51666889500007,0],[98.1336432370001,4.51665269100005,0],[98.133649269,4.51662725100005,0],[98.1336553340001,4.51658286200006,0],[98.1336560860001,4.51655776700005,0],[98.133657042,4.51652585800002,0],[98.1336560250001,4.51646392000004,0],[98.133651635,4.51630734700007,0],[98.1336487120001,4.51616458000007,0],[98.133645738,4.51610509300002,0],[98.1336219440001,4.51606047800004,0],[98.13357138,4.51599801700007,0],[98.1335029700001,4.51592365900007,0],[98.133452407,4.51584037800006,0],[98.1334107660001,4.51578981400007,0],[98.1333721,4.51574222500005,0],[98.1333304600001,4.51565597000007,0],[98.1333215370001,4.51555186800005,0],[98.1333185620001,4.51544479300003,0],[98.133312614,4.51529905100006,0],[98.1332828700001,4.51521577000005,0],[98.1332501530001,4.51515033400005,0],[98.1332174350001,4.51510869400005,0],[98.1331906660001,4.51506705300005,0],[98.1331857970001,4.51499284100004,0],[98.1332114860001,4.51491238800003,0],[98.1332442040001,4.51483208100007,0],[98.1332739470001,4.51475474900008,0],[98.1333274850001,4.51468931400007,0],[98.133378049,4.51461495600006,0],[98.1334494330001,4.51452275100007,0],[98.133511893,4.51443947000007,0],[98.1335565080001,4.51437701000003,0],[98.1336159950001,4.51429967700005,0],[98.1336665580001,4.51425506200007,0],[98.1337111730001,4.51418962700006,0],[98.133729019,4.51412121700002,0],[98.13375554,4.51405925200004,0],[98.1337585150001,4.51399976600004,0],[98.133737694,4.51394622800007,0],[98.133704977,4.51388674100002,0],[98.1336335930001,4.51382725500002,0],[98.13355626,4.51377966600006,0],[98.1336841560001,4.51355659100005,0],[98.1338150270001,4.51362500100004,0],[98.1338923590001,4.51367259000006,0],[98.1339577950001,4.51368448700003,0],[98.1340202550001,4.51367853900007,0],[98.13406487,4.51366366700006,0],[98.1341154340001,4.51362202600006,0],[98.1341541,4.51357741100003,0],[98.134180869,4.51351792500003,0],[98.134213587,4.51348223300005,0],[98.13426415,4.51342869500007,0],[98.134338508,4.51339002900005,0],[98.134389072,4.51338408000004,0],[98.13446343,4.51339597800006,0],[98.134531839,4.51342572100003,0],[98.1345913260001,4.51349115600004,0],[98.1346775810001,4.51359525700002,0],[98.1345824030001,4.51379156300004,0],[98.1345348140001,4.51369341000003,0],[98.134478302,4.51363392400003,0],[98.134430712,4.51360418000007,0],[98.134371226,4.51357146300006,0],[98.1343266110001,4.51357146300006,0],[98.1342998420001,4.51359823200005,0],[98.134279022,4.51365771800005,0],[98.1342819960001,4.51372612800003,0],[98.134255227,4.51378561400003,0],[98.134237381,4.51383320400004,0],[98.1341838430001,4.51389269000003,0],[98.1341541,4.51393433100003,0],[98.1341362540001,4.51399679100007,0],[98.134121382,4.51408304700004,0],[98.1341184080001,4.51418417400004,0],[98.134111358,4.51429698200008,0],[98.1341065110001,4.51437453100004,0],[98.134097588,4.51445781200005,0],[98.1341124590001,4.51456191300002,0],[98.134166716,4.51464318800004,0],[98.1342254840001,4.51469278400003,0],[98.1342760470001,4.51472550100004,0],[98.134380149,4.51477903900008,0],[98.134448558,4.51484447400003,0],[98.1345199420001,4.51490991000003,0],[98.134439635,4.51498724200007,0],[98.1343950200001,4.51493073000006,0],[98.134329585,4.51488611500002,0],[98.134279022,4.51486232000002,0],[98.1342225100001,4.51485339700002,0],[98.1341462760001,4.51483009400005,0],[98.134121382,4.51478498800003,0],[98.1341124590001,4.51474037300005,0],[98.1341005620001,4.51468980900006,0],[98.134079742,4.51466601500005,0],[98.1340499990001,4.51466601500005,0],[98.1340143070001,4.51470170700003,0],[98.133996461,4.51477309100005,0],[98.1339905120001,4.51485637200005,0],[98.1339815890001,4.51493370400004,0],[98.1339793990001,4.51499723300003,0],[98.133978615,4.51501996000007,0],[98.133963743,4.51511513800006,0],[98.1339815890001,4.51518057300007,0],[98.1340410760001,4.51525195700003,0],[98.1340916390001,4.51529954600005,0],[98.134148151,4.51535903300004,0],[98.1342195350001,4.51537985300007,0],[98.1343444570001,4.51546908300003,0],[98.1344366610001,4.51553749200002,0],[98.1344482430001,4.51555486400002,0],[98.1345080450001,4.51564456800003,0],[98.1345764540001,4.51571297800007,0],[98.1346775810001,4.51577543900004,0],[98.1347668110001,4.51582005300003,0],[98.1349095790001,4.51587359100006,0],[98.1350017830001,4.51588548900003,0],[98.1351415760001,4.51591523200005,0],[98.1352605490001,4.51592118100007,0],[98.1353587020001,4.51591820600004,0],[98.135513367,4.51592118100007,0],[98.1356591090001,4.51591523200005,0],[98.1357423900001,4.51592118100007,0],[98.1358078250001,4.51592712900003,0],[98.1358732610001,4.51594200100004,0],[98.1359238240001,4.51595092400004,0],[98.136008292,4.51594118900005,0],[98.136065665,4.51593905000004,0],[98.136136138,4.51592762800004,0],[98.136278174,4.51589600100004,0],[98.1365286060001,4.51583459900007,0],[98.136597792,4.51581361400002,0],[98.1367516700001,4.51576123200005,0],[98.136903665,4.51570541100006,0],[98.1371849380001,4.51557021000002,0],[98.1373931410001,4.51547205700007,0],[98.1375240120001,4.51542446800005,0],[98.1376370360001,4.51537390500005,0],[98.1377768290001,4.51531144400008,0],[98.137964212,4.51520734200005,0],[98.1383538490001,4.51501698500005,0],[98.138639384,4.51486529500005,0],[98.1388773300001,4.51474929600005,0],[98.139149671,4.51466695300007,0],[98.139226605,4.51462950400003,0],[98.139321394,4.51458082400006,0],[98.1394235970001,4.51452832700005,0],[98.1396313700001,4.51441977100006,0],[98.1396952150001,4.51438667600007,0],[98.1397487780001,4.51435275500006,0],[98.1398412730001,4.51429234800003,0],[98.1399003960001,4.51425938300002,0],[98.1399665230001,4.51422547700002,0],[98.1401797570001,4.51414012100003,0],[98.1402643380001,4.51410305200005,0],[98.1403249950001,4.51407571600004,0],[98.1404179,4.51402759400003,0],[98.1405752890001,4.51394034400005,0],[98.1406463530001,4.51390014800006,0],[98.140725644,4.51385483200005,0],[98.1407879000001,4.51382467500002,0],[98.140867686,4.51378804400002,0],[98.1412680940001,4.51355213000005,0],[98.1414679680001,4.51343077700005,0],[98.141819776,4.51323445900005,0],[98.1420260040001,4.51311178000003,0],[98.142154819,4.51303314400008,0],[98.142227511,4.51298828200004,0],[98.142287083,4.51295601300006,0],[98.142389478,4.51290869000007,0],[98.1424745260001,4.51287292400002,0],[98.1426061660001,4.51282161800003,0],[98.1426417370001,4.51280295300006,0],[98.1426854590001,4.51277395900007,0],[98.142729203,4.51273454400007,0],[98.1428150710001,4.51263763000003,0],[98.14288063,4.51255036200007,0],[98.1429534690001,4.51244923500008,0],[98.1430415560001,4.51232052800003,0],[98.1431100920001,4.51222264300003,0],[98.1432437660001,4.51212709800006,0],[98.143331806,4.51206523200005,0],[98.1434626760001,4.51197243300004,0],[98.1435840290001,4.51189153100006,0],[98.1438174800001,4.51176155700006,0],[98.143902197,4.51170848600003,0],[98.1441130320001,4.51157698400004,0],[98.1441853050001,4.51154438700007,0],[98.1442552560001,4.51151596600005,0],[98.144303892,4.51149354500006,0],[98.1443246960001,4.51148193500006,0],[98.1443323120001,4.51147768500005,0],[98.1443481690001,4.51146016400003,0],[98.1443591140001,4.51144208500006,0],[98.1443646020001,4.51142071600003,0],[98.144364759,4.51139414000005,0],[98.1443614180001,4.51136900900002,0],[98.144358674,4.51134836200004,0],[98.1443445400001,4.51129517400005,0],[98.1443244050001,4.51123321400007,0],[98.1442933540001,4.51116300900003,0],[98.144272576,4.51112751100004,0],[98.1442615660001,4.51110870200006,0],[98.1442379150001,4.51106829800005,0],[98.14419251,4.51099462200006,0],[98.144157067,4.51094250300002,0],[98.144121092,4.51088271400005,0],[98.1440949300001,4.51083280500006,0],[98.144045421,4.51071591100003,0],[98.1440345060001,4.51066117200003,0],[98.1440269570001,4.51058058300003,0],[98.144017783,4.51047971200006,0],[98.1439977510001,4.51028252800006,0],[98.1439887370001,4.51025207800006,0],[98.143976201,4.51022739600006,0],[98.143958201,4.51020435300006,0],[98.1439080160001,4.51015715600005,0],[98.1438534520001,4.51010721400007,0],[98.1437143160001,4.51001092100006,0],[98.143691355,4.51000616300007,0],[98.1436329090001,4.51000828300005,0],[98.1435881180001,4.51001865100005,0],[98.1435323850001,4.51003666700007,0],[98.1434249010001,4.51008137100007,0],[98.1434868000001,4.50985558500003,0],[98.14369571,4.50909355400006,0],[98.143728953,4.50897229600002,0],[98.143823512,4.50901928300004,0],[98.1438966640001,4.50905115600006,0],[98.143933244,4.50906380800006,0],[98.1439725710001,4.50907043100005,0],[98.1440387530001,4.50907395600007,0],[98.1440559210001,4.50907170500005,0],[98.14412278,4.50906293700007,0],[98.14420419,4.50904714000006,0],[98.1442604590001,4.50903404500002,0],[98.144390795,4.50900188200006,0],[98.1445470030001,4.50888217600004,0],[98.1446255260001,4.50881793100007,0],[98.1446683560001,4.50877510000004,0],[98.1447754320001,4.50876796200004,0],[98.144868231,4.50877510000004,0],[98.1449538910001,4.50877510000004,0],[98.1450752440001,4.50876796200004,0],[98.145125212,4.50864660900004,0],[98.145103797,4.50858950200006,0],[98.1451609040001,4.50851098000004,0],[98.145246565,4.50857522600006,0],[98.1453250870001,4.50861805600005,0],[98.1455820690001,4.50862519400005,0],[98.145739113,4.50863233300004,0],[98.1459032960001,4.50860377900005,0],[98.145996095,4.50860377900005,0],[98.146138863,4.50861091800004,0],[98.1462245230001,4.50863947100004,0],[98.14628163,4.50868944000007,0],[98.1463173220001,4.50872513200005,0],[98.1463387370001,4.50878223900003,0],[98.146365953,4.50887739900003,0],[98.1463387370001,4.50898925200005,0],[98.1463173220001,4.50906063600007,0],[98.146343673,4.50911333800002,0],[98.146367291,4.50916057300003,0],[98.1464243980001,4.50917485000002,0],[98.1464886430001,4.50917485000002,0],[98.146645688,4.50913201900005,0],[98.1468312860001,4.50909632800006,0],[98.147024022,4.50906063600007,0],[98.1472524500001,4.50902494400003,0],[98.147409495,4.50896783700006,0],[98.1476165080001,4.50893214500007,0],[98.147787829,4.50892500600003,0],[98.147923458,4.50890359100003,0],[98.148159025,4.50883934600006,0],[98.148523083,4.50865374800003,0],[98.1486158820001,4.50858236400006,0],[98.148680127,4.50844673500006,0],[98.148765788,4.50839676600003,0],[98.1488728630001,4.50841818100002,0],[98.148944247,4.50848956500005,0],[98.1490656000001,4.50853953400002,0],[98.1492226440001,4.50850384200004,0],[98.149415381,4.50850384200004,0],[98.1494867640001,4.50857522600006,0],[98.1495867020001,4.50864660900004,0],[98.149658086,4.50871085500006,0],[98.1497580230001,4.50873227000005,0],[98.1498365450001,4.50871799300006,0],[98.1499150670001,4.50868944000007,0],[98.1499721740001,4.50871085500006,0],[98.1500150050001,4.50876082400003,0],[98.150050697,4.50879651500003,0],[98.1501434960001,4.50882506900007,0],[98.1502220180001,4.50882506900007,0],[98.150314817,4.50882506900007,0],[98.1503576470001,4.50874654700004,0],[98.1504076160001,4.50868230100002,0],[98.1504718610001,4.50856808700007,0],[98.151321329,4.50944610800002,0],[98.151321329,4.50951749200004,0],[98.1513451230001,4.50955556400004,0],[98.151335606,4.50960315300006,0],[98.1512927750001,4.50961743000005,0],[98.1512499450001,4.50962694700007,0],[98.151207115,4.50965074200008,0],[98.151160953,4.50968823800002,0],[98.151078624,4.50969357200006,0],[98.151011999,4.50966977800005,0],[98.1509310970001,4.50966501900007,0],[98.15087399,4.50971736700006,0],[98.150845437,4.50978399200005,0],[98.1508359190001,4.50989344700002,0],[98.1508692310001,4.51014091100006,0],[98.150912062,4.51025512500007,0],[98.1509596510001,4.51035506200003,0],[98.1509786860001,4.51043120500003,0],[98.151011999,4.51051686600005,0],[98.151054829,4.51057873200006,0],[98.1511071770001,4.51064535700004,0],[98.1511738020001,4.51069770500004,0],[98.1512594630001,4.51074529400006,0],[98.151373677,4.51079764200006,0],[98.151487891,4.51080716000007,0],[98.1515878280001,4.51080716000007,0],[98.1516592120001,4.51080716000007,0],[98.151744873,4.51080716000007,0],[98.1518497470001,4.51075579300004,0],[98.15197806,4.51069294600006,0],[98.152168417,4.51059776700004,0],[98.152515818,4.51044072300004,0],[98.1528822550001,4.51027892000008,0],[98.153234415,4.51016470600007,0],[98.1536484420001,4.51005525000005,0],[98.154157646,4.50996007200007,0],[98.1544764940001,4.50985061700004,0],[98.1547382350001,4.50973640300003,0],[98.155247439,4.50941279600005,0],[98.15577568,4.50914629600004,0],[98.1562039830001,4.50891786800003,0],[98.1569244840001,4.50856761100005,0],[98.157359925,4.50838915200006,0],[98.1579024420001,4.50813930800007,0],[98.1586876640001,4.50784663500002,0],[98.1593015650001,4.50763962200006,0],[98.159772698,4.50737550100007,0],[98.1603366310001,4.50710424300007,0],[98.161050469,4.50676160000006,0],[98.161514464,4.50654744900004,0],[98.1623639310001,4.50612628400006,0],[98.1627708190001,4.50594068600003,0],[98.1633775820001,4.50561232100006,0],[98.164043302,4.50521705000006,0],[98.1642912950001,4.50506980400007,0],[98.1646696290001,4.50484851400006,0],[98.16484095,4.50474857600005,0],[98.164948026,4.50467005400003,0],[98.1650051330001,4.50461294700006,0],[98.1650622400001,4.50453442500003,0],[98.1651336240001,4.50445590300006,0],[98.165205008,4.50443448800007,0],[98.165226423,4.50446304100007,0],[98.1652983660001,4.50449290000006,0],[98.1653760180001,4.50446036200003,0],[98.1653947340001,4.50444120600002,0],[98.165414416,4.50442039600006,0],[98.1654444770001,4.50440398600006,0],[98.16549912,4.50438486200005,0],[98.1656062010001,4.50435976600005,0],[98.1656598220001,4.50434906800007,0],[98.1656936160001,4.50434232600003,0],[98.165735146,4.50432976400003,0],[98.1658273100001,4.50429697900006,0],[98.1658548170001,4.50428276400004,0],[98.165918225,4.50424446400007,0],[98.1659894540001,4.50420072800006,0],[98.16608274,4.50414872200002,0],[98.1661871210001,4.50409676500004,0],[98.1664082760001,4.50398442600005,0],[98.1665106720001,4.50392665900006,0],[98.1667265660001,4.50380411900005,0],[98.1669249620001,4.50369251300003,0],[98.167118992,4.50358420400005,0],[98.167372894,4.50343895700007,0],[98.1674578710001,4.50338560200004,0],[98.167578673,4.50330242000007,0],[98.1677560540001,4.50317902100005,0],[98.1678684840001,4.50310285700004,0],[98.167924686,4.50306820400004,0],[98.1680640660001,4.50298449000007,0],[98.1681427730001,4.50293524500006,0],[98.168243348,4.50287775600003,0],[98.1683832590001,4.50280176800004,0],[98.1684849230001,4.50274542100004,0],[98.1685969590001,4.50268250900007,0],[98.1686915120001,4.50263328100004,0],[98.168829503,4.50255807800005,0],[98.1689161370001,4.50251293900004,0],[98.169006869,4.50246316400006,0],[98.1690784690001,4.50241774600005,0],[98.1691216580001,4.50238929200003,0],[98.169161563,4.50235535200005,0],[98.1692251590001,4.50229397700002,0],[98.169285147,4.50223489500007,0],[98.1693201350001,4.50220533700002,0],[98.1693693270001,4.50217688900005,0],[98.1694245350001,4.50214406200007,0],[98.169469361,4.50211011900006,0],[98.1695717300001,4.50202794600006,0],[98.1696371950001,4.50197930000007,0],[98.1696852970001,4.50194262900004,0],[98.1697257480001,4.50191965400006,0],[98.1698192010001,4.50187042500005,0],[98.169972466,4.50179020000007,0],[98.1699995640001,4.50177086400004,0],[98.1700301920001,4.50173910300003,0],[98.170102376,4.50166353500003,0],[98.17018003,4.50158085500004,0],[98.1703157040001,4.50144250000005,0],[98.170375242,4.50139086200005,0],[98.170424993,4.50134597000005,0],[98.1705353510001,4.50126045900004,0],[98.170595011,4.50122063500004,0],[98.1707005050001,4.50114784600004,0],[98.1708790160001,4.50102835600006,0],[98.1709623390001,4.50096998800007,0],[98.1710426910001,4.50091636500002,0],[98.171145461,4.50084631400006,0],[98.171248097,4.50077386500004,0],[98.171324756,4.50071824900004,0],[98.171349035,4.50069700000006,0],[98.1713829610001,4.50065799700008,0],[98.1713900620001,4.50064333300003,0],[98.171455822,4.50054529500005,0],[98.1714900860001,4.50050103700005,0],[98.1715243500001,4.50045249600004,0],[98.1715995960001,4.50034920300004,0],[98.171668438,4.50027138800004,0],[98.171712261,4.50021612200004,0],[98.1717784420001,4.50013287700006,0],[98.1718375140001,4.50006277600005,0],[98.171888913,4.50001076600006,0],[98.1719010800001,4.50000000000006,0],[98.171935938,4.49996915500003,0],[98.172005369,4.49991222700004,0],[98.172089429,4.49984758200003,0],[98.1721540630001,4.49980056300006,0],[98.172216936,4.49974911000004,0],[98.1722828200001,4.49968124100008,0],[98.1723443560001,4.49961604600003,0],[98.1724099850001,4.49954157400003,0],[98.1725948110001,4.49932079500007,0],[98.1726697670001,4.49924092400005,0],[98.1727381250001,4.49916864400006,0],[98.1728010180001,4.49909854700007,0],[98.172921644,4.49897182600006,0],[98.1729842280001,4.49889648200002,0],[98.1730624360001,4.49880119200003,0],[98.1731094630001,4.49875794300004,0],[98.173147181,4.49872893100007,0],[98.173188725,4.49870321500003,0],[98.1732318910001,4.49868681900006,0],[98.173435731,4.49859671000007,0],[98.1734843730001,4.49856815300006,0],[98.1735794830001,4.49850357500003,0],[98.173719422,4.49841054300003,0],[98.1738292430001,4.49833670000004,0],[98.173918395,4.49827263100002,0],[98.1739709390001,4.49823590100004,0],[98.174100965,4.49814949800003,0],[98.174213561,4.49807671600007,0],[98.1743579540001,4.49798201700003,0],[98.174439324,4.49792019900002,0],[98.1745568580001,4.49783262400007,0],[98.1746432250001,4.49776804500004,0],[98.1747135000001,4.49771463600007,0],[98.1747520170001,4.49768813100007,0],[98.174780436,4.49767226900002,0],[98.174820863,4.49766244600005,0],[98.1748942280001,4.49765034500007,0],[98.1749159250001,4.49764062700007,0],[98.174942715,4.49762256600008,0],[98.174997927,4.49757767900007,0],[98.1750728420001,4.49750211400004,0],[98.1751586940001,4.49741396000007,0],[98.1752366430001,4.49732464000004,0],[98.1753134620001,4.49724694200006,0],[98.1754009620001,4.49715220400003,0],[98.1754846330001,4.49706460000004,0],[98.1755065090001,4.49703940500007,0],[98.1755393610001,4.49699295600004,0],[98.1755595930001,4.49694737000004,0],[98.1755711050001,4.49690626900002,0],[98.1755804380001,4.49686188300007,0],[98.175583212,4.49682405600004,0],[98.175582724,4.49677747000004,0],[98.1755855480001,4.49660611800005,0],[98.175592248,4.49656314000003,0],[98.1756021290001,4.49652149500002,0],[98.1756224050001,4.49646066700006,0],[98.1756519990001,4.49636970800003,0],[98.1756925510001,4.49625682600004,0],[98.1757291750001,4.49615783400003,0],[98.1757561090001,4.49607655200003,0],[98.1757813200001,4.49600312800004,0],[98.1758059730001,4.49593792600007,0],[98.17582622,4.49590341200008,0],[98.1758971950001,4.49579395100005,0],[98.1759352670001,4.49575112100007,0],[98.175978097,4.49569401300005,0],[98.1760494810001,4.49561311200006,0],[98.176092311,4.49555124600005,0],[98.1762065250001,4.49546558500003,0],[98.176349293,4.49536088900004,0],[98.1764492300001,4.49528950500007,0],[98.1765539260001,4.49519432700004,0],[98.1766300690001,4.49510866600002,0],[98.1767062120001,4.49504680000007,0],[98.1767680780001,4.49499445200007,0],[98.17680139,4.49493258600006,0],[98.17680139,4.49488499700004,0],[98.1767966310001,4.49483740700003,0],[98.176763319,4.49480885400004,0],[98.176734765,4.49478030000006,0],[98.1766919350001,4.49473747000008,0],[98.176666111,4.49471693400005,0],[98.1765918400001,4.49469486000004,0],[98.1764349530001,4.49468988100006,0],[98.1765396500001,4.49288149100005,0],[98.1766491050001,4.49277679400006,0],[98.1767014530001,4.49271492800005,0],[98.176763319,4.49264354400003,0],[98.176810908,4.49255312500003,0],[98.1768918100001,4.49248174100006,0],[98.1769631940001,4.49242939300007,0],[98.177120238,4.49234849100003,0],[98.1772915590001,4.49223903600006,0],[98.177453363,4.49210578600002,0],[98.1776294430001,4.49195350100007,0],[98.1777579340001,4.49173934900006,0],[98.177838835,4.49152995700007,0],[98.177914978,4.49132056400003,0],[98.1779720850001,4.49120635000003,0],[98.177981603,4.49106358200004,0],[98.178005398,4.49083039500005,0],[98.178005398,4.49068762800005,0],[98.1779578080001,4.49051630600007,0],[98.177914978,4.49036402100006,0],[98.1779102190001,4.49021649400004,0],[98.1779244960001,4.49006420900002,0],[98.1779197370001,4.48990240500007,0],[98.177914978,4.48981198600006,0],[98.1778959420001,4.48974060200004,0],[98.17786263,4.48972632500005,0],[98.1777674520001,4.48960735200006,0],[98.177838835,4.48947410200003,0],[98.17790546,4.48937892400005,0],[98.1779244960001,4.48925995100007,0],[98.177914978,4.48920284400003,0],[98.1779244960001,4.48911242400004,0],[98.17795305,4.48905531700007,0],[98.177991121,4.48900296900007,0],[98.178029952,4.48894216000002,0],[98.178033235,4.48893284700006,0],[98.1780441670001,4.48892574000007,0],[98.1780616390001,4.48892959500006,0],[98.1780922060001,4.48895155700006,0],[98.1781222220001,4.48897406000003,0],[98.1781413320001,4.48898065800006,0],[98.178167553,4.48897905000007,0],[98.178184485,4.48897413100002,0],[98.1781997960001,4.48896099500007,0],[98.1782145610001,4.48894347200007,0],[98.178224421,4.48891991000005,0],[98.17823429,4.48888812500007,0],[98.1782904510001,4.48872755200006,0],[98.1783224790001,4.48865963600002,0],[98.17835697,4.48859005800006,0],[98.1783744780001,4.48856157400007,0],[98.1783941740001,4.48853583400006,0],[98.178411661,4.48852707900005,0],[98.1784291420001,4.48852326300005,0],[98.1785479150001,4.48846045200003,0],[98.178595504,4.48843665700002,0],[98.178671647,4.48837003200003,0],[98.1787573070001,4.48828913100004,0],[98.1790380840001,4.48807497900003,0],[98.179237958,4.48794172900006,0],[98.179404521,4.48778944400004,0],[98.1795139760001,4.48768474800005,0],[98.1796186720001,4.48756577500006,0],[98.1797186100001,4.48746583700006,0],[98.1798328240001,4.48738017700003,0],[98.1799280020001,4.48731355200005,0],[98.179994627,4.48723740900004,0],[98.1800517340001,4.48712795400007,0],[98.1801707070001,4.48687097200008,0],[98.1802087790001,4.48674248100002,0],[98.180237332,4.48669489200006,0],[98.1802658860001,4.48659971300003,0],[98.1803364390001,4.48656074400003,0],[98.1803848590001,4.48646170500007,0],[98.180389618,4.48639983900006,0],[98.1803991350001,4.48638080300003,0],[98.1805942510001,4.48635225000004,0],[98.1806037690001,4.48642839200005,0],[98.180637082,4.48651881200004,0],[98.180675153,4.48657116000004,0],[98.1807417780001,4.48661399000002,0],[98.180812372,4.48662162200003,0],[98.180917858,4.48663302600005,0],[98.1809987600001,4.48663302600005,0],[98.1811462860001,4.48660923100005,0],[98.1812938130001,4.48659495500004,0],[98.1813889910001,4.48659019600007,0],[98.181431822,4.48660447200007,0],[98.1815480490001,4.48661935500007,0],[98.181636455,4.48664254400006,0],[98.1817697050001,4.48662826700007,0],[98.1820582490001,4.48660058700005,0],[98.1821551610001,4.48659105200005,0],[98.182264419,4.48657582400006,0],[98.1823534630001,4.48656550300007,0],[98.182399902,4.48655514300003,0],[98.1824315970001,4.48654312100007,0],[98.1825420630001,4.48648738600002,0],[98.182566589,4.48646982000002,0],[98.1825979610001,4.48644847100007,0],[98.1826427730001,4.48642659400002,0],[98.1826864860001,4.48641129200007,0],[98.1827444040001,4.48639601500003,0],[98.1829313100001,4.48634975600004,0],[98.1829689570001,4.48633487200004,0],[98.1830001050001,4.48631955600007,0],[98.183037819,4.48629328400006,0],[98.183132587,4.48621821900002,0],[98.1832143920001,4.48616137600004,0],[98.1833160580001,4.48609132100006,0],[98.1834417780001,4.48600758900005,0],[98.1835760170001,4.48591398800005,0],[98.183619977,4.48588774100006,0],[98.1836718870001,4.48586094200004,0],[98.183762604,4.48582156700007,0],[98.1838998150001,4.48577127200002,0],[98.1839598640001,4.48574505200003,0],[98.1839937450001,4.48572809300003,0],[98.184015613,4.48571057700002,0],[98.1840329890001,4.48568722200002,0],[98.1840641800001,4.48562590800003,0],[98.1841020050001,4.48551571800004,0],[98.1841162530001,4.48546859600003,0],[98.1841217580001,4.48543022900003,0],[98.184172485,4.48536120400007,0],[98.1842581450001,4.48528268200005,0],[98.184422328,4.48518274400004,0],[98.1844673560001,4.48514414800007,0],[98.1845722340001,4.48505425400003,0],[98.1846079260001,4.48501856200005,0],[98.184686448,4.48494003900004,0],[98.1847435550001,4.48488293200006,0],[98.1848649080001,4.48483296400002,0],[98.184936292,4.48482582500003,0],[98.185057644,4.48478299500005,0],[98.1851218900001,4.48474730300006,0],[98.1852146890001,4.48465450400005,0],[98.185300349,4.48457598200002,0],[98.185421702,4.48445462900003,0],[98.1855216390001,4.48434041500008,0],[98.1856358530001,4.48421906300007,0],[98.1857286520001,4.48406915700002,0],[98.1858642810001,4.48397635800006,0],[98.1859784960001,4.48389069700005,0],[98.186057018,4.48375506800005,0],[98.1861069870001,4.48361230000006,0],[98.1861498170001,4.48341242500004,0],[98.1862497540001,4.48279852500002,0],[98.1862711690001,4.48263434200004,0],[98.1862925840001,4.48249157400005,0],[98.1862783080001,4.48234166800006,0],[98.1862497540001,4.48221317700006,0],[98.186185509,4.48208468600006,0],[98.1860998480001,4.48199188700005,0],[98.1859856340001,4.48187053500004,0],[98.185821451,4.48174204400004,0],[98.1854930860001,4.48143509300007,0],[98.186155752,4.47957246300007,0],[98.1865495660001,4.47846552600004,0],[98.1865641890001,4.47847266100007,0],[98.1868136860001,4.47853691000006,0],[98.1869850080001,4.47861543200003,0],[98.187084945,4.47865112400007,0],[98.187199159,4.47867253900006,0],[98.187341927,4.47868681600005,0],[98.1875132480001,4.47870823100004,0],[98.187720261,4.47871536900004,0],[98.187879261,4.47870476900005,0],[98.1880414880001,4.47869395400005,0],[98.1883998930001,4.47864260100005,0],[98.1885601850001,4.47865338800005,0],[98.1888802390001,4.47867492600005,0],[98.188936213,4.47868485200007,0],[98.1890918390001,4.47871353700003,0],[98.189242564,4.47874056200004,0],[98.189387277,4.47876703700007,0],[98.189545093,4.47879681000006,0],[98.1896526690001,4.47881830400007,0],[98.189743315,4.47883430700006,0],[98.189823097,4.47884498000008,0],[98.1899623090001,4.47885812400006,0],[98.1900720900001,4.47886646800004,0],[98.1902517810001,4.47887108100002,0],[98.190303111,4.47887878200004,0],[98.1903473450001,4.47888979500004,0],[98.1905313560001,4.47894097200003,0],[98.190704559,4.47898540700004,0],[98.190804369,4.47901199500006,0],[98.1909438870001,4.47905139900007,0],[98.1909571040001,4.47905513200004,0],[98.1910249700001,4.47907472800006,0],[98.1911707510001,4.47912257900003,0],[98.1914347330001,4.47921874800005,0],[98.1915512840001,4.47926607800002,0],[98.1916997800001,4.47932873100007,0],[98.1918141180001,4.47938143200003,0],[98.1919171650001,4.47943143400005,0],[98.1920328910001,4.47949241400005,0],[98.192173181,4.47956711600006,0],[98.192176536,4.47956906300004,0],[98.1923227410001,4.47965389500007,0],[98.1924649970001,4.47973565500007,0],[98.1925083140001,4.47977688900005,0],[98.19252413,4.47979554100004,0],[98.19254485,4.47982917800005,0],[98.1925628380001,4.47986483000005,0],[98.1925753550001,4.47989938000006,0],[98.1925966060001,4.47995038600004,0],[98.1926129610001,4.47997946000004,0],[98.1926821170001,4.48006318300003,0],[98.1927133350001,4.48009193900003,0],[98.192783197,4.48014025700007,0],[98.192830857,4.48017357700007,0],[98.192892354,4.48021657100003,0],[98.1929867690001,4.48028026800006,0],[98.1930719690001,4.48033174300002,0],[98.1931429350001,4.48038454900006,0],[98.1931911900001,4.48042720900003,0],[98.193239969,4.48050030000007,0],[98.1933084250001,4.48060287700002,0],[98.193344117,4.48068020900007,0],[98.1933619630001,4.48076349100006,0],[98.1933917060001,4.48086461800006,0],[98.193427398,4.48095384700002,0],[98.1934928330001,4.48101928300002,0],[98.1935701660001,4.48107876900002,0],[98.1936474980001,4.48109661500007,0],[98.1937486260001,4.48109661500007,0],[98.193825958,4.48106092300003,0],[98.1938616500001,4.48104307700004,0],[98.1939211360001,4.48100143700003,0],[98.1939746740001,4.48097764200003,0],[98.1940401100001,4.48095384700002,0],[98.194153134,4.48091815500004,0],[98.1942661580001,4.48087651500003,0],[98.1944386690001,4.48082892600007,0],[98.194551694,4.48081108000002,0],[98.1946468720001,4.48081702800005,0],[98.194736102,4.48084082300005,0],[98.194801537,4.48084082300005,0],[98.1948729210001,4.48082297700006,0],[98.1950216370001,4.48078728500008,0],[98.1952893270001,4.48070995300003,0],[98.1958722940001,4.48053744200007,0],[98.1961340350001,4.48046605800005,0],[98.19637793,4.48044226300004,0],[98.196544492,4.48040657100006,0],[98.1967170030001,4.48034113600005,0],[98.1968478730001,4.48029949600004,0],[98.1969430520001,4.48030544400007,0],[98.197020384,4.48031734200003,0],[98.1970917680001,4.48034708500006,0],[98.197169101,4.48037682800003,0],[98.197246433,4.48038872500007,0],[98.1973059200001,4.48038872500007,0],[98.1973594580001,4.48038277700005,0],[98.1973832520001,4.48036493100005,0],[98.19739515,4.48031139300002,0],[98.1974308410001,4.48024000900006,0],[98.1974903280001,4.48016862500003,0],[98.1975569530001,4.48006868800007,0],[98.1987704780001,4.48029711600003,0],[98.19880498,4.48045416100007,0],[98.19880498,4.48054933900005,0],[98.19880498,4.48063262000005,0],[98.19880498,4.48068615800003,0],[98.1988347230001,4.48074564500007,0],[98.198953696,4.48078728500008,0],[98.1990845670001,4.48079323400003,0],[98.19920354,4.48076349100006,0],[98.1993344100001,4.48073374700004,0],[98.1996080480001,4.48066831200003,0],[98.199786508,4.48063856900006,0],[98.2000304030001,4.48060287700002,0],[98.2003099890001,4.48053744200007,0],[98.200547935,4.48050769800005,0],[98.200711454,4.48049450700006,0],[98.2007486130001,4.48047618400005,0],[98.2008244690001,4.48044269700006,0],[98.200861187,4.48042806500007,0],[98.2009267510001,4.48040950200004,0],[98.2010791750001,4.48037513200006,0],[98.201217775,4.48033904600004,0],[98.2012317780001,4.48033606600006,0],[98.2013840270001,4.48030365900007,0],[98.201538638,4.48027203100003,0],[98.2016313440001,4.48025092900002,0],[98.2017762930001,4.48021911900003,0],[98.201904019,4.48019018700006,0],[98.2019829180001,4.48017231500006,0],[98.202132496,4.48013618700003,0],[98.2022017460001,4.48011826300007,0],[98.202237945,4.48010889300002,0],[98.2023639020001,4.48007760500008,0],[98.2024176950001,4.48005975300003,0],[98.202552659,4.48001001200004,0],[98.202786583,4.47992346300003,0],[98.2028515440001,4.47990399500003,0],[98.2029564480001,4.47987177000005,0],[98.203070294,4.47983933800003,0],[98.203148775,4.47981168000007,0],[98.203281008,4.47976139300005,0],[98.2033762030001,4.47972297000007,0],[98.203529087,4.47966243900004,0],[98.203667882,4.47960448900005,0],[98.2038240690001,4.47954069500003,0],[98.2038554710001,4.47952767400005,0],[98.2039471100001,4.47948967500002,0],[98.203954518,4.47948633000004,0],[98.2040580990001,4.47943954600004,0],[98.2041023090001,4.47941474500004,0],[98.204193048,4.47935344900003,0],[98.2043466370001,4.47925001400006,0],[98.204440456,4.47918323000005,0],[98.204522925,4.47913462600008,0],[98.204633856,4.47907992900002,0],[98.2047872310001,4.47900762900002,0],[98.2048598330001,4.47897576300005,0],[98.2048617340001,4.47897492800007,0],[98.2049076390001,4.47895798000008,0],[98.2049999750001,4.47892848300006,0],[98.2051431250001,4.47888478400006,0],[98.205243609,4.47885602800005,0],[98.205264974,4.47884435500004,0],[98.2052944850001,4.47882520000007,0],[98.205316354,4.47880658000003,0],[98.2053770520001,4.47873648700005,0],[98.2055347850001,4.47855161500007,0],[98.205603845,4.47846108000005,0],[98.2056176980001,4.47844291900003,0],[98.205696254,4.47832891800005,0],[98.2057374290001,4.47829254400006,0],[98.2057953730001,4.47825313900006,0],[98.205873533,4.47820498300007,0],[98.2059276350001,4.47817544300005,0],[98.205979545,4.47815631300006,0],[98.2060216090001,4.47814868800003,0],[98.20606968,4.47814544800002,0],[98.206124845,4.47814167200005,0],[98.2061750980001,4.47813733900006,0],[98.206224267,4.47812807500003,0],[98.206258727,4.47811844400007,0],[98.2062750800001,4.47811387400003,0],[98.2063349000001,4.47811966600005,0],[98.206379515,4.47812858900005,0],[98.2064003350001,4.47815535800004,0],[98.2064062840001,4.47817915300004,0],[98.2064009300001,4.47820592200003,0],[98.2063783250001,4.47822733700002,0],[98.2063617810001,4.47824553200007,0],[98.2063246330001,4.47825755000002,0],[98.2062951180001,4.47827122200005,0],[98.2062699800001,4.47828873500004,0],[98.206258727,4.47830281400007,0],[98.20625247,4.47831064300004,0],[98.2062469910001,4.47832654000007,0],[98.2062431410001,4.47835339300002,0],[98.2062474880001,4.47837587700008,0],[98.206258727,4.47839047800005,0],[98.206260575,4.47839287900007,0],[98.206283511,4.47840332500004,0],[98.2063168170001,4.47840993700004,0],[98.2063665200001,4.47841437900007,0],[98.2064407990001,4.47841390700006,0],[98.2064648370001,4.47841338200004,0],[98.206599801,4.47840561300006,0],[98.206656573,4.47839056800007,0],[98.206757107,4.47835669200003,0],[98.206825413,4.47832881400006,0],[98.2069068360001,4.47828888300006,0],[98.207000609,4.47823956700006,0],[98.207054934,4.47822052100003,0],[98.2071150300001,4.47820743400007,0],[98.2072006590001,4.47819570400003,0],[98.2072734480001,4.47818073900004,0],[98.2073341000001,4.47816217000008,0],[98.2074767020001,4.47811682400004,0],[98.2075898030001,4.47808077200006,0],[98.2077016790001,4.47804392300003,0],[98.207818204,4.47799988700007,0],[98.2079263970001,4.47795066800006,0],[98.2080711130001,4.47788417400005,0],[98.2081761350001,4.47783417400007,0],[98.208243344,4.47779468000004,0],[98.208383256,4.47772805400007,0],[98.208528077,4.47765585300004,0],[98.2087257040001,4.47755985500004,0],[98.208810622,4.47750596100002,0],[98.2089166590001,4.47743316500004,0],[98.2090478470001,4.47734021600007,0],[98.2091227220001,4.47729634300003,0],[98.2092394460001,4.47722641800004,0],[98.20937194,4.47715189600007,0],[98.209498733,4.47708077000004,0],[98.2096341500001,4.47700242500002,0],[98.2098097050001,4.47690568700006,0],[98.209947426,4.47683128900007,0],[98.210032298,4.47678545500003,0],[98.2101234080001,4.47673171200006,0],[98.2101850450001,4.47669362300007,0],[98.210281508,4.47663906200006,0],[98.210417599,4.47656356700003,0],[98.2105684430001,4.47648024600005,0],[98.210721457,4.47639944100007,0],[98.2109278670001,4.47629135700004,0],[98.2109504370001,4.47628182900007,0],[98.210990838,4.47627884200006,0],[98.211021455,4.47627039000002,0],[98.2110602500001,4.47625234900005,0],[98.2110890330001,4.47623587800007,0],[98.211284672,4.47612392200006,0],[98.2113389800001,4.47609532300004,0],[98.2114652170001,4.47602967700004,0],[98.2116434120001,4.47593332300005,0],[98.211741202,4.47588580100006,0],[98.2118548760001,4.47582782200004,0],[98.2120136120001,4.47574734900007,0],[98.2121199140001,4.47569708600003,0],[98.212264578,4.47562765200007,0],[98.2123707330001,4.47558717700002,0],[98.2125472310001,4.47551884500007,0],[98.2126678660001,4.47547435100006,0],[98.2127308240001,4.47544833000006,0],[98.2128472210001,4.47539692100003,0],[98.2129630730001,4.47534222700006,0],[98.2129970430001,4.47532534800007,0],[98.2130539380001,4.47529707700005,0],[98.213159809,4.47524431800002,0],[98.2133176510001,4.47515744800006,0],[98.2133920750001,4.47511300400004,0],[98.21353637,4.47501777900004,0],[98.213673548,4.47492805500002,0],[98.2137648410001,4.47487001500002,0],[98.213868146,4.47479776800003,0],[98.2140651510001,4.47465933300003,0],[98.2141146540001,4.47463138900002,0],[98.214194439,4.47459804100004,0],[98.214286815,4.47455565200005,0],[98.2144042850001,4.47449574900003,0],[98.2144824370001,4.47445472800007,0],[98.2146301020001,4.47436837200007,0],[98.2147251000001,4.47430972000006,0],[98.2147951590001,4.47427679600003,0],[98.2148612700001,4.47425219900003,0],[98.2149202850001,4.47422978300006,0],[98.2149749260001,4.47421011200004,0],[98.2149935030001,4.47420135800007,0],[98.215011545,4.47418657800006,0],[98.2150918120001,4.47412716900004,0],[98.215184611,4.47405935400008,0],[98.2152595640001,4.47398797000005,0],[98.215382043,4.47389679100007,0],[98.215436696,4.47385738300005,0],[98.2156377220001,4.47369154200004,0],[98.2157116690001,4.47363786200003,0],[98.2157289820001,4.47362728200005,0],[98.215785995,4.47359244000006,0],[98.216007205,4.47346627900004,0],[98.2161057160001,4.47341023600006,0],[98.2161816770001,4.47336975600007,0],[98.2162122920001,4.47334676700007,0],[98.2162363450001,4.47332431300003,0],[98.2162692540001,4.47328869900002,0],[98.2163145170001,4.47323936500004,0],[98.2164118540001,4.47313366800006,0],[98.216495518,4.47304550600006,0],[98.21655108,4.47298138500003,0],[98.216602687,4.47293324300006,0],[98.2166846920001,4.47286206700005,0],[98.2167918420001,4.47277611900006,0],[98.2168667980001,4.47270584000006,0],[98.21690392,4.47266660200006,0],[98.2169307250001,4.47263319700005,0],[98.2170056620001,4.47252966600007,0],[98.2170559630001,4.47245447500006,0],[98.2170778600001,4.47243382000005,0],[98.2171396250001,4.47239386700005,0],[98.217308512,4.47228496300005,0],[98.2174774000001,4.47217550600004,0],[98.2175750170001,4.47211171900005,0],[98.2176113200001,4.47207971800003,0],[98.2176556100001,4.47202987700007,0],[98.2177376390001,4.47193647500006,0],[98.2177704470001,4.47190228000005,0],[98.217824562,4.47185957800002,0],[98.217975036,4.47174985800007,0],[98.218085311,4.47165758000006,0],[98.2181782490001,4.47157819300003,0],[98.2182946390001,4.47147348400006,0],[98.2183909180001,4.47138766000006,0],[98.2185051800001,4.47128362700005,0],[98.2186226920001,4.47117508400004,0],[98.2186560700001,4.47115550800004,0],[98.2187090680001,4.47113802400003,0],[98.2188385460001,4.47109198300006,0],[98.2189008620001,4.47105819900003,0],[98.218950056,4.47102426600003,0],[98.2191036440001,4.47092685200005,0],[98.219243497,4.47083790800002,0],[98.219320618,4.47079058900005,0],[98.219428296,4.47072492200004,0],[98.2195693630001,4.47063741700003,0],[98.219623405,4.47060453000006,0],[98.2196977350001,4.47056294300006,0],[98.2198230290001,4.47050996800004,0],[98.219869868,4.47048693300007,0],[98.2199228840001,4.47045190900008,0],[98.2200174430001,4.47038239200003,0],[98.2201822320001,4.47027010000005,0],[98.2202267850001,4.47024338000006,0],[98.2202934540001,4.47021056000006,0],[98.2204218700001,4.47015423200003,0],[98.2205548050001,4.47009493300004,0],[98.2205836190001,4.47007875300005,0],[98.220614776,4.47005411800006,0],[98.2206820270001,4.46999114900007,0],[98.2207467140001,4.46993125200004,0],[98.2207779870001,4.46990841700006,0],[98.2208615970001,4.46986191100007,0],[98.220979872,4.46980629500007,0],[98.2211332240001,4.46972745100004,0],[98.2212804470001,4.46964873600007,0],[98.2214088750001,4.46958035000006,0],[98.2215287700001,4.46951926400004,0],[98.2215771840001,4.46949720700007,0],[98.2216580530001,4.46946934100004,0],[98.2217875810001,4.46942684500004,0],[98.2218339940001,4.46940484000004,0],[98.22189302,4.46937201200006,0],[98.2219662580001,4.46932330500005,0],[98.2220772190001,4.46924612500004,0],[98.2221819540001,4.46916745600004,0],[98.222284388,4.46909066500007,0],[98.2223676780001,4.46902691700006,0],[98.222418856,4.46898774700003,0],[98.2224815490001,4.46893805200006,0],[98.222544569,4.46890401600007,0],[98.2226116310001,4.46887766400005,0],[98.2226642320001,4.46885699500007,0],[98.2227459210001,4.46882002100006,0],[98.222811779,4.46878644000003,0],[98.222882278,4.46874540100004,0],[98.223080538,4.46862768800003,0],[98.2231872410001,4.46857085700003,0],[98.2233194890001,4.46850466400002,0],[98.2234763390001,4.46842398200005,0],[98.2235708680001,4.46837337500006,0],[98.2236888140001,4.46831325400007,0],[98.2237998460001,4.46825466400003,0],[98.2239222600001,4.46818845900003,0],[98.2241134080001,4.46808761000005,0],[98.2242102640001,4.46803527300005,0],[98.2243567230001,4.46796306900006,0],[98.224469593,4.46790405600007,0],[98.2245310470001,4.46787609600005,0],[98.224628312,4.46783727500002,0],[98.224715545,4.46780823900002,0],[98.2247736480001,4.46778645400002,0],[98.2248375820001,4.46775746700007,0],[98.2248895000001,4.46772956000007,0],[98.2249490680001,4.46769454300005,0],[98.2250515570001,4.46762580300003,0],[98.2251359890001,4.46757743300003,0],[98.2252604450001,4.46750541400007,0],[98.2252957600001,4.46748657100005,0],[98.2253223550001,4.46747238100005,0],[98.225524347,4.46738788800008,0],[98.2256529360001,4.46733787300008,0],[98.225745282,4.46729685700006,0],[98.2259367770001,4.46720914200006,0],[98.2260277970001,4.46716997900006,0],[98.22613599,4.46712734200003,0],[98.226303923,4.46705869700003,0],[98.226388978,4.46702564300006,0],[98.2264805520001,4.46699106600005,0],[98.2266512590001,4.46692341100004,0],[98.2267993330001,4.46686545600005,0],[98.2269487060001,4.46680706800004,0],[98.227123356,4.46674410300005,0],[98.227233181,4.46670091600004,0],[98.2273685590001,4.46664873700007,0],[98.227526121,4.46659400300007,0],[98.227606843,4.46656728500005,0],[98.2277031510001,4.46653059600004,0],[98.2278801850001,4.46646281200003,0],[98.228011479,4.46641186700003,0],[98.228194908,4.46634857600003,0],[98.2283233110001,4.46630321000004,0],[98.2284356540001,4.46626539000005,0],[98.2285134520001,4.46623434500003,0],[98.2286544780001,4.46617651700006,0],[98.2287544260001,4.46613976000003,0],[98.2290460250001,4.46603868900007,0],[98.229196442,4.46599002600004,0],[98.2293243010001,4.46594849500002,0],[98.2294615210001,4.46590068700004,0],[98.2294672150001,4.46589894600004,0],[98.2295428450001,4.46587582400002,0],[98.229657574,4.46584962900005,0],[98.2297619460001,4.46582318000003,0],[98.2298804800001,4.46579558800005,0],[98.2300012160001,4.46576392700007,0],[98.230185007,4.46571681900002,0],[98.2302175720001,4.46569891500008,0],[98.230244364,4.46567701600003,0],[98.2303192580001,4.46561241600006,0],[98.2304094570001,4.46553850600003,0],[98.230538644,4.46543296600004,0],[98.230572893,4.46541643000006,0],[98.2306275280001,4.46540168800004,0],[98.2307822870001,4.46538109900007,0],[98.230807256,4.46536953800006,0],[98.230851525,4.46533833900003,0],[98.2309362500001,4.46527593000008,0],[98.2311241240001,4.46513307400005,0],[98.2311660810001,4.46511443800006,0],[98.231233833,4.46508819500002,0],[98.2313627770001,4.46505160300006,0],[98.2315300230001,4.46500952500003,0],[98.2316763690001,4.46497464300006,0],[98.2318551180001,4.46493051400006,0],[98.2319424400001,4.46490146000002,0],[98.232029319,4.46486591900003,0],[98.2322654710001,4.46476238200006,0],[98.2323610780001,4.46471440300007,0],[98.2325048060001,4.46463177400005,0],[98.2326426550001,4.46455050400004,0],[98.2327857110001,4.46447310300005,0],[98.232854424,4.46443229600004,0],[98.2329578650001,4.46437405800003,0],[98.2331130680001,4.46428980300004,0],[98.2332654690001,4.46420479500006,0],[98.2333180130001,4.46417215800005,0],[98.2334065590001,4.46411030400003,0],[98.2335191590001,4.46403313300004,0],[98.2336375290001,4.46395343500006,0],[98.2337383290001,4.46388699800002,0],[98.2338516820001,4.46381336500002,0],[98.2339498520001,4.46374414800005,0],[98.2340881380001,4.46364177500004,0],[98.2341755950001,4.46357883400003,0],[98.234228601,4.46353474500006,0],[98.2342980550001,4.46346603200004,0],[98.2343587600001,4.46339483100007,0],[98.234401974,4.46332909400007,0],[98.2345061970001,4.46315069000002,0],[98.234521822,4.46311049700006,0],[98.2345371640001,4.46305679800003,0],[98.2345678650001,4.46294993400005,0],[98.2346268260001,4.46271803900004,0],[98.2346378030001,4.46267539000007,0],[98.234655344,4.46261346100005,0],[98.2346706750001,4.46256962200005,0],[98.2347018770001,4.46250990600004,0],[98.2347418140001,4.46244087300005,0],[98.2348103040001,4.46234521100007,0],[98.234871443,4.46226395200006,0],[98.234909196,4.46220588000006,0],[98.2349509270001,4.46213595300003,0],[98.2349666710001,4.46208534800007,0],[98.2349929860001,4.46198396100004,0],[98.2350308430001,4.46182502700003,0],[98.2350593360001,4.46170041200003,0],[98.235062709,4.46164635700006,0],[98.2350655560001,4.46153452500005,0],[98.2350673770001,4.46135034200006,0],[98.235072889,4.46118046400005,0],[98.2351065490001,4.46092639500006,0],[98.235125585,4.46082169900006,0],[98.2351446210001,4.46066941300006,0],[98.2351874510001,4.46053140400005,0],[98.2352397990001,4.46036960100002,0],[98.235267444,4.46027354700004,0],[98.2353077170001,4.46013361200005,0],[98.23533746,4.45999456100003,0],[98.2353589940001,4.45987909400003,0],[98.2353826190001,4.45974701100005,0],[98.235397801,4.45964683400007,0],[98.2354089670001,4.45961273300003,0],[98.2354259350001,4.45958204900006,0],[98.2354286010001,4.45957841700005,0],[98.2354729680001,4.45951796200006,0],[98.2355872800001,4.45937007100002,0],[98.2356523670001,4.45927914500004,0],[98.2357211020001,4.45918228900007,0],[98.235738811,4.45914054200006,0],[98.235744842,4.45911313900007,0],[98.2357531210001,4.45902982600006,0],[98.235765675,4.45887393200007,0],[98.235777366,4.45882922100003,0],[98.2357927,4.45878264100003,0],[98.235817878,4.45873442500005,0],[98.235858374,4.45865553200002,0],[98.235966805,4.45846825800004,0],[98.2360247130001,4.45836462400007,0],[98.2360930990001,4.45825561000004,0],[98.2361516390001,4.45815973800006,0],[98.2362057490001,4.45806811400007,0],[98.23622714,4.45803866400007,0],[98.2362818270001,4.45797239600006,0],[98.236311888,4.45794423100006,0],[98.23633505,4.45791076700004,0],[98.2363509140001,4.45788337400006,0],[98.2363585830001,4.45785871400005,0],[98.2363618890001,4.45783404900004,0],[98.2363581020001,4.45780061100004,0],[98.236348853,4.45776661600007,0],[98.2363325050001,4.45773096700003,0],[98.2363025120001,4.45768488200002,0],[98.236231004,4.45758701200003,0],[98.2362021490001,4.45754718900002,0],[98.2361705200001,4.45750604200003,0],[98.236139429,4.45745831900007,0],[98.2361252690001,4.45742431900004,0],[98.2361138380001,4.45738319300006,0],[98.2361095050001,4.45734591000007,0],[98.236105745,4.45728615800004,0],[98.236097795,4.45719986000006,0],[98.2360949950001,4.45711839800003,0],[98.2360935330001,4.45695394100005,0],[98.2360942180001,4.45685772900003,0],[98.2360996570001,4.45683609700006,0],[98.236106781,4.45681581400004,0],[98.2361248290001,4.45679445700006,0],[98.2361423200001,4.45677967600005,0],[98.236178378,4.45676491400008,0],[98.2361839440001,4.45676325500006,0],[98.2362352050001,4.45674797600003,0],[98.2363351800001,4.45671957600007,0],[98.2363909110001,4.45669825800007,0],[98.2364139590001,4.45668713200007,0],[98.2364343850001,4.45667727200004,0],[98.236449818,4.45665645500003,0],[98.2364673330001,4.45661920400005,0],[98.236512286,4.45645753600007,0],[98.2365588970001,4.45627832900004,0],[98.2366071170001,4.45612927500002,0],[98.2366659580001,4.45592444500005,0],[98.2366882580001,4.45582676200007,0],[98.2367184700001,4.45565959700002,0],[98.2367503170001,4.45549846700004,0],[98.2367860050001,4.45531870700006,0],[98.2368218440001,4.45511393400005,0],[98.2368278010001,4.45504465700003,0],[98.2368317180001,4.45495202200004,0],[98.236833446,4.45486759700003,0],[98.2368521100001,4.45445923900007,0],[98.2367664490001,4.45425936400005,0],[98.2366807880001,4.45404521300003,0],[98.2365237440001,4.45378823100003,0],[98.2363415440001,4.45358118500008,0],[98.236209655,4.45343131200002,0],[98.2369109350001,4.45237060700003,0],[98.2370519840001,4.45254615200002,0],[98.2371233680001,4.45257470600006,0],[98.2372804130001,4.45253187600002,0],[98.237366073,4.45250332200004,0],[98.2374231800001,4.45240338500003,0],[98.2374231800001,4.45224634000004,0],[98.2373803500001,4.45194652800006,0],[98.23733752,4.45173237700004,0],[98.23733752,4.45156105600006,0],[98.237237582,4.45097570800004,0],[98.2371804750001,4.45070445000005,0],[98.2370662610001,4.45049743700002,0],[98.2369948770001,4.45029042400006,0],[98.2369948770001,4.45017620900006,0],[98.2369806,4.44993350400006,0],[98.236966324,4.44966224600006,0],[98.2369776,4.44945452600007,0],[98.2369561850001,4.44934745100005,0],[98.236991877,4.44929748200002,0],[98.2370418450001,4.44929034400008,0],[98.2370918140001,4.44932603500007,0],[98.2371846130001,4.44941169600003,0],[98.2373059650001,4.44947594200005,0],[98.237398764,4.44950449500004,0],[98.2374344560001,4.44946166500006,0],[98.2374130410001,4.44934031200006,0],[98.237348796,4.44926179000004,0],[98.237255997,4.44912616100004,0],[98.2371703360001,4.44896911600006,0],[98.2369490460001,4.44865502700003,0],[98.2368205550001,4.44841946100007,0],[98.2366849260001,4.44821244800005,0],[98.2365778500001,4.44806968000006,0],[98.236470775,4.44784125200005,0],[98.236078164,4.44729159600007,0],[98.2355062650001,4.44665027900004,0],[98.235477814,4.44661615000007,0],[98.2354457910001,4.44657956200007,0],[98.2354096220001,4.44653823900006,0],[98.235313052,4.44643891300007,0],[98.2352196180001,4.44634033300002,0],[98.235170112,4.44628637700004,0],[98.2351666100001,4.44628252900003,0],[98.235099188,4.44620846200007,0],[98.235003551,4.44610491300006,0],[98.2349524420001,4.44604111300004,0],[98.234899533,4.44597418200004,0],[98.2348138900001,4.44586807800005,0],[98.2347795410001,4.44582552300005,0],[98.234778518,4.44582425500005,0],[98.2347249790001,4.44575746700002,0],[98.2346344200001,4.44565869900003,0],[98.2344814290001,4.44549829100004,0],[98.2344216380001,4.44543756700006,0],[98.2342743200001,4.44531715600004,0],[98.2341378670001,4.44520210400003,0],[98.2340685770001,4.44513131900004,0],[98.235840167,4.44350743000007,0],[98.2367893270001,4.44263740400004,0],[98.236817591,4.44261149600004,0],[98.237019994,4.44267203300006,0],[98.2371910430001,4.44273906000006,0],[98.237340089,4.44280005800005,0],[98.2375263790001,4.44287571200005,0],[98.2376223460001,4.44290396200006,0],[98.23781181,4.44296116600003,0],[98.2378625570001,4.44297682800004,0],[98.237906271,4.44299031900005,0],[98.2380683860001,4.44302404800004,0],[98.2381821800001,4.44304712200005,0],[98.2382633930001,4.44306359000007,0],[98.2383838630001,4.44308748100002,0],[98.2383884390001,4.44308838800004,0],[98.238485096,4.44310328700004,0],[98.238593753,4.44311441700006,0],[98.23877945,4.44313593900006,0],[98.2388067790001,4.44313949000002,0],[98.2389410920001,4.44315693900006,0],[98.239085275,4.44317024100008,0],[98.2391907470001,4.44317560600007,0],[98.2392457330001,4.44317824500007,0],[98.239358892,4.44318367600005,0],[98.2393972090001,4.44318420100007,0],[98.2394888740001,4.44318545700003,0],[98.239568073,4.44318170300005,0],[98.2396145040001,4.44317626900005,0],[98.23966103,4.44316653900006,0],[98.239756007,4.44313200900007,0],[98.239773315,4.44312151700007,0],[98.2397948130001,4.44310848400005,0],[98.2398035150001,4.44310141700004,0],[98.2398352600001,4.44307563400002,0],[98.2398625980001,4.44304770200006,0],[98.2398822980001,4.44301428800003,0],[98.2398926990001,4.44298798400007,0],[98.2399014700001,4.44296003200003,0],[98.239907497,4.44293592100007,0],[98.239910803,4.44291125700005,0],[98.2399098610001,4.44288962700006,0],[98.239900871,4.44285890600003,0],[98.2398785290001,4.44281338200005,0],[98.2399138490001,4.44279791900004,0],[98.2411837530001,4.44224195100003,0],[98.2412472770001,4.44221414000003,0],[98.2413132010001,4.44228882800007,0],[98.2413819510001,4.44235962000005,0],[98.2414808620001,4.44245266900003,0],[98.241655355,4.44258136500002,0],[98.2417836100001,4.44267687800004,0],[98.241988926,4.44282336300006,0],[98.2420979760001,4.44290031100007,0],[98.2421880300001,4.44296454000005,0],[98.2422914270001,4.44303412800002,0],[98.2423965390001,4.44309193200007,0],[98.2425100710001,4.44315618400003,0],[98.2425990560001,4.44320030300003,0],[98.2427147930001,4.44324980400006,0],[98.242846365,4.44330146500005,0],[98.2430112540001,4.44335591000004,0],[98.2433239840001,4.44346086600007,0],[98.243419653,4.44349885800005,0],[98.2435501300001,4.44355380200005,0],[98.2436775130001,4.44360779200002,0],[98.2439100140001,4.44359912500005,0],[98.243965749,4.44357287200006,0],[98.2440591910001,4.44352307900004,0],[98.244164589,4.44346823300003,0],[98.244172318,4.44345522400005,0],[98.2441734240001,4.44343987400003,0],[98.244169619,4.44342397600008,0],[98.2441483540001,4.44339215800005,0],[98.2440736290001,4.44329395900007,0],[98.243991808,4.44318916800006,0],[98.2439140920001,4.44307240400002,0],[98.2438794760001,4.44300816000003,0],[98.2438315100001,4.44291875500005,0],[98.2437731830001,4.44280905800002,0],[98.2436981980001,4.44266511300003,0],[98.24367778,4.44263354000003,0],[98.243621046,4.44256112300008,0],[98.2435643170001,4.44249199900003,0],[98.2435271750001,4.44244783400006,0],[98.2433797640001,4.44217011600006,0],[98.2432845860001,4.44201783100004,0],[98.2431608540001,4.44176084900005,0],[98.243075193,4.44160856300005,0],[98.2430180860001,4.44140868900007,0],[98.242960979,4.44123736700004,0],[98.242960979,4.44102797500005,0],[98.2429419430001,4.44089472500002,0],[98.2428658010001,4.44071388600003,0],[98.242818211,4.44057111800004,0],[98.24278014,4.44043786900005,0],[98.24278014,4.44030461900007,0],[98.242856283,4.44020944000005,0],[98.2429895330001,4.44024751200004,0],[98.2430561580001,4.44038076200007,0],[98.243151336,4.44050449300005,0],[98.2432369970001,4.44059015400006,0],[98.2433226570001,4.44070436800007,0],[98.2434262780001,4.44084943700005,0],[98.2434654250001,4.44090424300003,0],[98.243598675,4.44103749300007,0],[98.2437509600001,4.44112315300004,0],[98.2438651740001,4.44120881400005,0],[98.2439508350001,4.44128495700005,0],[98.2440650490001,4.44138965300004,0],[98.2441602270001,4.44143724200006,0],[98.2442173350001,4.44144676000008,0],[98.2442458880001,4.44140868900007,0],[98.244255406,4.44134206400003,0],[98.2442173350001,4.44127543900004,0],[98.2442674910001,4.44120929400003,0],[98.244336692,4.44125280300005,0],[98.2444191020001,4.44130990500003,0],[98.2444579990001,4.44133874700003,0],[98.2445582720001,4.44141309900004,0],[98.244663771,4.44149012500003,0],[98.244729647,4.44153333300005,0],[98.2448573710001,4.44161020100006,0],[98.2450467690001,4.44173209100006,0],[98.2451951880001,4.44182537100005,0],[98.245272206,4.44186662800007,0],[98.2454272320001,4.44195066100002,0],[98.245587754,4.44203699700006,0],[98.2456455710001,4.44207258000006,0],[98.245742723,4.44214120300006,0],[98.2458769930001,4.44223398000003,0],[98.2459613250001,4.44229235200004,0],[98.2460108480001,4.44232663000003,0],[98.2461280620001,4.44239595200003,0],[98.2462224970001,4.44245086700005,0],[98.2463076510001,4.44249480900004,0],[98.2463666140001,4.44252118500003,0],[98.246401555,4.44253163200005,0],[98.246426527,4.44253448000006,0],[98.2464397890001,4.44253057700007,0],[98.2464485360001,4.44252619800005,0],[98.246460562,4.44251415200006,0],[98.2464698640001,4.44249607000006,0],[98.2464720680001,4.44248181600005,0],[98.2464715410001,4.44245988800003,0],[98.246463937,4.44242096400006,0],[98.246451983,4.44236229800003,0],[98.2464351140001,4.44229704100007,0],[98.2464157840001,4.44222303400005,0],[98.246419372,4.44220493600005,0],[98.2464226580001,4.44219014100003,0],[98.2464346940001,4.44216932000006,0],[98.2464620310001,4.44214138700005,0],[98.246540757,4.44207184900006,0],[98.2465965920001,4.44201833100004,0],[98.2466253490001,4.44189409900002,0],[98.2466253490001,4.44181795600002,0],[98.2466253490001,4.44167518800003,0],[98.2466348670001,4.44158001000005,0],[98.2467490810001,4.44135158200004,0],[98.246828339,4.44116638400004,0],[98.246994902,4.44078567000003,0],[98.247297093,4.44027646500007,0],[98.2475635930001,4.43982912700005,0],[98.247811057,4.43935323500006,0],[98.248039485,4.43897252100004,0],[98.248182253,4.43856325300004,0],[98.24837261,4.43798266500005,0],[98.248477306,4.43745918400003,0],[98.2485344130001,4.43709750600004,0],[98.248658145,4.43633607800007,0],[98.2487628410001,4.43549850800002,0],[98.248800912,4.43501309800007,0],[98.248848502,4.43407083100004,0],[98.2488199480001,4.43358542100003,0],[98.2487818770001,4.43315711800005,0],[98.2486486270001,4.43269074400007,0],[98.248582002,4.43217678000002,0],[98.2486010380001,4.43172944100007,0],[98.2485629660001,4.43146294200005,0],[98.2485724840001,4.43122499600003,0],[98.248582002,4.43100608500004,0],[98.2485724840001,4.43090138900004,0],[98.248553449,4.43087283600005,0],[98.2484677880001,4.43083476400005,0],[98.2483547640001,4.43077884700006,0],[98.2483845070001,4.43063013000005,0],[98.2484796850001,4.43069556600005,0],[98.2485391720001,4.43071936000007,0],[98.2485867610001,4.43070151400002,0],[98.248616504,4.43064797600005,0],[98.24863435,4.43058254100004,0],[98.2486819390001,4.43038028700005,0],[98.248806861,4.42994603500006,0],[98.2489555770001,4.42963075700004,0],[98.2491637800001,4.42933927300004,0],[98.2494731100001,4.42906563500003,0],[98.2497526970001,4.42889312400007,0],[98.2500977190001,4.42875630500004,0],[98.250508176,4.42860758900002,0],[98.2509364790001,4.42855405100005,0],[98.2513290900001,4.42857784500006,0],[98.251483755,4.42860758900002,0],[98.2516443680001,4.42861948600006,0],[98.251793085,4.42866707500002,0],[98.251918006,4.42873845900004,0],[98.252048877,4.42875035600002,0],[98.2521440550001,4.42876225400005,0],[98.25225708,4.42878010000004,0],[98.2523701040001,4.42879794600003,0],[98.2525366660001,4.42886338100004,0],[98.252709177,4.42897045600006,0],[98.2528459960001,4.42907158400004,0],[98.2529768670001,4.42911917300006,0],[98.2532445560001,4.42917865900006,0],[98.2536312180001,4.42920245400006,0],[98.2540535730001,4.42914891600003,0],[98.2545056700001,4.42905373800005,0],[98.254933973,4.42889907300003,0],[98.2552076110001,4.42875630500004,0],[98.2554158140001,4.42858974300003,0],[98.255528838,4.42849456400006,0],[98.2556061710001,4.42843507800006,0],[98.2557072980001,4.42838154000003,0],[98.255885758,4.42827446400003,0],[98.256111806,4.42810790200002,0],[98.2565222630001,4.42772123900005,0],[98.2567542610001,4.42751898500006,0],[98.2569505660001,4.42731673100008,0],[98.2571825640001,4.42707283600004,0],[98.2573550750001,4.42686463300004,0],[98.2574562020001,4.42674566000005,0],[98.2575454320001,4.42660884100007,0],[98.257587072,4.42650176600006,0],[98.2576406100001,4.42636494700002,0],[98.2577714800001,4.42626382000003,0],[98.2577536350001,4.42635899800007,0],[98.2577238910001,4.42649581700005,0],[98.2577000970001,4.42663263600002,0],[98.2576881990001,4.42672186600004,0],[98.257694148,4.42677540400007,0],[98.2577298400001,4.42680514700004,0],[98.257801224,4.42681704400007,0],[98.2578726080001,4.42679325000006,0],[98.2579499400001,4.42672781400006,0],[98.258110554,4.42659694400004,0],[98.2582414240001,4.42647202200004,0],[98.258360397,4.42638874100004,0],[98.2586161890001,4.42622812800005,0],[98.2589493140001,4.42600802700002,0],[98.2591575170001,4.42588310600007,0],[98.2593181300001,4.42577008100005,0],[98.2595084870001,4.42562136500004,0],[98.259752382,4.42542506000007,0],[98.2599724820001,4.42522280500003,0],[98.2601330960001,4.42505029400007,0],[98.260269915,4.42491942400005,0],[98.2603650930001,4.42481234800005,0],[98.2604186310001,4.42470527300003,0],[98.2604900150001,4.42459819700002,0],[98.260561399,4.42451491600002,0],[98.2606922690001,4.42441378900003,0],[98.260829088,4.42424127800007,0],[98.2610610850001,4.42389625600003,0],[98.261370415,4.42345605600002,0],[98.261638105,4.42301585500007,0],[98.261786821,4.42260539800003,0],[98.2619176910001,4.42224253000006,0],[98.2620247670001,4.42187966300003,0],[98.2620902020001,4.42157628100006,0],[98.2621139970001,4.42119556800003,0],[98.2620842540001,4.42068993200007,0],[98.2620247670001,4.42026757800005,0],[98.261971229,4.41999988800006,0],[98.2619236400001,4.41978573700004,0],[98.2618284610001,4.41956563700006,0],[98.2616975910001,4.41917897400003,0],[98.2614655940001,4.41872687700004,0],[98.261287134,4.41835806000006,0],[98.2611146230001,4.41808442200005,0],[98.2610432390001,4.41792975700002,0],[98.26099565,4.41779293800005,0],[98.26095401,4.41768586300003,0],[98.2609064200001,4.41757283800007,0],[98.2608647800001,4.41749550600002,0],[98.260727961,4.41720402200002,0],[98.2605911420001,4.41688874300007,0],[98.2603769900001,4.41640690200006,0],[98.2602342230001,4.41589531800003,0],[98.2600855060001,4.41544322100003,0],[98.2600319680001,4.41526476100006,0],[98.2600022250001,4.41519337700004,0],[98.2599427390001,4.41492568800004,0],[98.259835663,4.41463420400004,0],[98.2597999710001,4.41444979600004,0],[98.2597583300001,4.41425349000002,0],[98.2597166900001,4.41408097900006,0],[98.2596750490001,4.41390846800005,0],[98.2596572030001,4.41379544400007,0],[98.2596334090001,4.41365267600003,0],[98.2596096140001,4.41352180600006,0],[98.259562025,4.41342067900007,0],[98.2594846920001,4.41330765400005,0],[98.2594073600001,4.41323032200006,0],[98.259330027,4.41318273300004,0],[98.259252695,4.41317678400003,0],[98.2591813110001,4.41317678400003,0],[98.2591158760001,4.41314704100006,0],[98.2590266460001,4.41311134900008,0],[98.2589969030001,4.41305781100004,0],[98.2589136220001,4.41303401600004,0],[98.2588184430001,4.41302806800007,0],[98.258836289,4.41289719700006,0],[98.2589969030001,4.41289719700006,0],[98.2591218250001,4.41286150500002,0],[98.2592467460001,4.41280796800004,0],[98.2592486870001,4.41280614800007,0],[98.2593318620001,4.41272817200007,0],[98.2593419250001,4.41271873800002,0],[98.2594311550001,4.41260571300006,0],[98.259502538,4.41242130500007,0],[98.2595144360001,4.41223689700007,0],[98.2594846920001,4.41207033500007,0],[98.2594430060001,4.41201884100008,0],[98.2593835650001,4.41194541300007,0],[98.2591991570001,4.41179669700006,0],[98.2588660330001,4.41164203200003,0],[98.2590479390001,4.41131957000005,0],[98.259294336,4.41088278500007,0],[98.2595176240001,4.41096739900007,0],[98.25971393,4.41105068000007,0],[98.2598685950001,4.41109826900004,0],[98.260130335,4.41119344800006,0],[98.2602377570001,4.41123212000002,0],[98.260279052,4.41124698600004,0],[98.26046346,4.41127078000005,0],[98.2606121760001,4.41125293400006,0],[98.260796584,4.41118155000004,0],[98.2608858140001,4.41112206400004,0],[98.2609928900001,4.41108042300004,0],[98.261088068,4.41100904000007,0],[98.261153504,4.41092575800008,0],[98.2611940370001,4.41085627300004,0],[98.2612367850001,4.41078299100008,0],[98.2613022200001,4.41071160700005,0],[98.2613438600001,4.41065212000007,0],[98.2613498090001,4.41051530100003,0],[98.2613081690001,4.41047960900005,0],[98.2612605790001,4.41044986600002,0],[98.2613260150001,4.41038443100007,0],[98.2614687820001,4.41036658500008,0],[98.261540166,4.41034279000007,0],[98.2616650880001,4.41029520100005,0],[98.2617364720001,4.41024761200003,0],[98.2618019070001,4.41018812500005,0],[98.2619030340001,4.41007510100007,0],[98.2620279560001,4.40997992300004,0],[98.2622837480001,4.40990259000006,0],[98.2625097960001,4.40981930900006,0],[98.2627834340001,4.40972413100008,0],[98.2629856890001,4.40962300300004,0],[98.2633604540001,4.40953972200003,0],[98.2636995270001,4.40949213300007,0],[98.2639612680001,4.40953377400007,0],[98.2642884430001,4.40958136300003,0],[98.2645263900001,4.40964679800004,0],[98.2647524380001,4.40973602800005,0],[98.2651628950001,4.40988474400007,0],[98.2656268900001,4.41014648500004,0],[98.2659540660001,4.41040822600007,0],[98.266174166,4.41062237700004,0],[98.266483496,4.41093765600004,0],[98.2667928260001,4.41129457500006,0],[98.2670010290001,4.41147898300005,0],[98.2672092320001,4.41166339100005,0],[98.267566151,4.41197272100004,0],[98.267899276,4.41222851300006,0],[98.2683216300001,4.41252594600007,0],[98.2686547540001,4.41280553300004,0],[98.2689878790001,4.41306727300002,0],[98.2693447980001,4.41331116800006,0],[98.269624385,4.41350747400003,0],[98.270100277,4.41381680400002,0],[98.2705226310001,4.41408449300008,0],[98.270826013,4.41433433600002,0],[98.2710401640001,4.41451874500007,0],[98.2712483670001,4.41468530700007,0],[98.2714149290001,4.41480428000006,0],[98.2715695940001,4.41493515000008,0],[98.2718075400001,4.41511955800007,0],[98.272057384,4.41532181300005,0],[98.272158511,4.41541699100003,0],[98.272235843,4.41547052900006,0],[98.2722953300001,4.41550027200003,0],[98.272342919,4.41548837500005,0],[98.272342919,4.41545268300007,0],[98.272366714,4.41542294000004,0],[98.272444046,4.41545268300007,0],[98.2725987110001,4.41558950200005,0],[98.2729318360001,4.41586314000006,0],[98.273217371,4.41617247000005,0],[98.273508855,4.41644610800006,0],[98.2738122360001,4.41670190000002,0],[98.2740501820001,4.41691010300002,0],[98.2742405390001,4.41708261400004,0],[98.274339287,4.41719087900003,0],[98.2743963940001,4.41725155500006,0],[98.274428517,4.41733721600002,0],[98.274442793,4.41739789200005,0],[98.274478485,4.41744786100003,0],[98.2745284540001,4.41751210600006,0],[98.2745570070001,4.41756564400004,0],[98.274578423,4.41762989000006,0],[98.2746141140001,4.41769056600003,0],[98.2746569450001,4.41773696600006,0],[98.27472119,4.41778336500005,0],[98.274838974,4.41781191900003,0],[98.2749067880001,4.41781191900003,0],[98.274960326,4.41779050300005,0],[98.2750281410001,4.41776551900006,0],[98.275095955,4.41776551900006,0],[98.2751744780001,4.41777979600005,0],[98.2751530620001,4.41787616400006,0],[98.275078109,4.41785831800007,0],[98.2750210020001,4.41786188700007,0],[98.274974603,4.41788330200006,0],[98.2749282030001,4.41790828700005,0],[98.2748996500001,4.41792970200004,0],[98.2748925110001,4.41795468600003,0],[98.2749067880001,4.41799751600007,0],[98.274938911,4.41804391600004,0],[98.2749924490001,4.41809745400008,0],[98.275110232,4.41818311400004,0],[98.2752494310001,4.41826520600006,0],[98.2753779210001,4.41830803600004,0],[98.275609919,4.41836514300007,0],[98.2759204390001,4.41842581900005,0],[98.276220251,4.41845080400003,0],[98.2765022170001,4.41849363400007,0],[98.276730645,4.41852932600005,0],[98.2769555040001,4.41856858700004,0],[98.2770875640001,4.41861141700002,0],[98.2772767310001,4.41868994000004,0],[98.2774302070001,4.41876846200006,0],[98.277615805,4.41887196800008,0],[98.2779227550001,4.41904685900005,0],[98.2782189980001,4.41924673400007,0],[98.2784224420001,4.41940734700006,0],[98.2785295180001,4.41948943900007,0],[98.2785652090001,4.41952870000006,0],[98.2785866250001,4.41956439200004,0],[98.2786009010001,4.41961436000003,0],[98.278640163,4.41969645200004,0],[98.2786722850001,4.41975355900007,0],[98.2787151160001,4.41979282000005,0],[98.2788186220001,4.41986063400003,0],[98.278904283,4.41991417200006,0],[98.279007789,4.41998555600003,0],[98.279092103,4.42008118300004,0],[98.279206317,4.42019539700004,0],[98.2793205310001,4.42025250400008,0],[98.279352837,4.42025573500007,0],[98.279463299,4.42026678100007,0],[98.2796346200001,4.42026678100007,0],[98.2800058160001,4.42019539700004,0],[98.2803056280001,4.42012401300002,0],[98.280876699,4.42000979900007,0],[98.2816914750001,4.41969087200005,0],[98.281794102,4.41965876700004,0],[98.2819454420001,4.41961286000003,0],[98.282068376,4.41957351100007,0],[98.282161838,4.41954453700004,0],[98.282235561,4.41952652500004,0],[98.2828040620001,4.41929596100005,0],[98.2837320520001,4.41898187200007,0],[98.284545828,4.41863923000005,0],[98.285045514,4.41843935500003,0],[98.2856308620001,4.41815382000004,0],[98.2858592900001,4.41791111500004,0],[98.286458914,4.41763985600005,0],[98.286801557,4.41756847200003,0],[98.2870014310001,4.41751136500005,0],[98.287215583,4.41745425800002,0],[98.287346616,4.41736934800002,0],[98.2874297340001,4.41724010700005,0],[98.287444011,4.41714016900005,0],[98.287444011,4.41706878500003,0],[98.2874011810001,4.41698312500006,0],[98.287301244,4.41695457100008,0],[98.2871750350001,4.41687577300007,0],[98.2870157080001,4.41665475900004,0],[98.2869728780001,4.41644060800007,0],[98.2869157710001,4.41628356300004,0],[98.2868586640001,4.41611224200005,0],[98.2868443870001,4.41588381400004,0],[98.286673066,4.41509859200005,0],[98.286553467,4.41481952700002,0],[98.286458914,4.41459890500005,0],[98.2863589770001,4.41444186100006,0],[98.2862590400001,4.41432764600006,0],[98.2861591020001,4.41418487900006,0],[98.2860306110001,4.41394217400006,0],[98.2857894480001,4.41345565600005,0],[98.2857688810001,4.41328620300004,0],[98.2857539380001,4.41321157700003,0],[98.2857370890001,4.41312165100004,0],[98.2857185980001,4.41304324000004,0],[98.285701165,4.41298894700003,0],[98.2856826400001,4.41294671100007,0],[98.285658643,4.41290502200007,0],[98.2856035840001,4.41282077700004,0],[98.2855773640001,4.41279530500003,0],[98.285524964,4.41275851900002,0],[98.285428347,4.41270414900004,0],[98.2852918620001,4.41263604500006,0],[98.2851811930001,4.41257437100006,0],[98.2851630270001,4.41256135400005,0],[98.285147748,4.41254544600002,0],[98.2851341160001,4.41252241000007,0],[98.285124862,4.41249169900004,0],[98.2851139970001,4.41243083600006,0],[98.285082935,4.41223741900006,0],[98.285070509,4.41220656900003,0],[98.2850443350001,4.41216104200004,0],[98.2849777930001,4.41206887000004,0],[98.2848789700001,4.41193783300002,0],[98.2848436020001,4.41188399300006,0],[98.2848245210001,4.41184779100007,0],[98.2847889070001,4.41180401800005,0],[98.2847386440001,4.41174224100007,0],[98.284459907,4.41165921500004,0],[98.284342666,4.41163868700005,0],[98.2843349870001,4.41163644700003,0],[98.2842301060001,4.41160585000006,0],[98.2841920340001,4.41160204300007,0],[98.28415777,4.41161536800007,0],[98.2841520590001,4.41165153600002,0],[98.2841656360001,4.41169720200003,0],[98.2841674760001,4.41170875800003,0],[98.284171095,4.41173148600006,0],[98.2841615770001,4.41177907500003,0],[98.28413112,4.41180382200002,0],[98.284106374,4.41180572500002,0],[98.2840684330001,4.41180505900007,0],[98.2840497180001,4.41181287200004,0],[98.284035513,4.41182076300004,0],[98.2840176670001,4.41183504000003,0],[98.283974797,4.41186781800008,0],[98.283963606,4.41191993900003,0],[98.2839483770001,4.41194278200004,0],[98.283952185,4.41197704600006,0],[98.2839597990001,4.41201131100007,0],[98.2839617020001,4.41206651400006,0],[98.283664317,4.41209202200002,0],[98.2836179180001,4.41203491500005,0],[98.2835786570001,4.41194211600003,0],[98.283542917,4.41183808600005,0],[98.2835238820001,4.41178478600006,0],[98.2835175930001,4.41177629600003,0],[98.283501028,4.41175393400005,0],[98.2834858100001,4.41173339000005,0],[98.2834839070001,4.41169341500006,0],[98.283485704,4.41164666900005,0],[98.2834858100001,4.41164392200005,0],[98.2834858100001,4.41158681500002,0],[98.2834724850001,4.41155064700007,0],[98.283471831,4.41154955700006,0],[98.2834496420001,4.41151257600006,0],[98.2834172820001,4.41147260100007,0],[98.2833735,4.41139455400003,0],[98.283284274,4.41129457300002,0],[98.2832414430001,4.41123032800004,0],[98.28317006,4.41114466700003,0],[98.283130799,4.41106257600006,0],[98.2831236600001,4.41098762300004,0],[98.2830629840001,4.41079488600008,0],[98.283027292,4.41068067200007,0],[98.2829951690001,4.41060571900005,0],[98.2829559080001,4.41054147400007,0],[98.282909509,4.41053076600002,0],[98.2828416940001,4.41052719700002,0],[98.2827952950001,4.41053076600002,0],[98.2827417570001,4.41056288900006,0],[98.2826668040001,4.41047365900005,0],[98.2826739420001,4.41037015300003,0],[98.282656096,4.41030233800006,0],[98.282641819,4.41021667700005,0],[98.2826061270001,4.40991329600007,0],[98.2825918510001,4.40980622000006,0],[98.2825561590001,4.40968843700006,0],[98.282502621,4.40954923900006,0],[98.2824669290001,4.40943859400005,0],[98.2824526520001,4.40934936400004,0],[98.2824490830001,4.40925656500002,0],[98.282409822,4.40916733500006,0],[98.2823420070001,4.40894961400005,0],[98.282281331,4.40884253900003,0],[98.2821813940001,4.40866407900006,0],[98.2821778240001,4.40859626500003,0],[98.282159978,4.40849989600002,0],[98.282138563,4.40843922000005,0],[98.2820993020001,4.40834642100003,0],[98.2820350570001,4.40827860600007,0],[98.282002934,4.40813940800007,0],[98.281995796,4.40806088600004,0],[98.2819922260001,4.40798593300002,0],[98.282013642,4.40792168700006,0],[98.282013642,4.40786458000002,0],[98.2819850880001,4.40784316500003,0],[98.2819315500001,4.40783959600003,0],[98.2818815810001,4.40785744200002,0],[98.2818351820001,4.40789313400006,0],[98.281778075,4.40792168700006,0],[98.2817066910001,4.40801805600006,0],[98.2816470860001,4.40806695300006,0],[98.2814115190001,4.40793132400006,0],[98.281467896,4.40784661500004,0],[98.281498829,4.40777999000005,0],[98.281529762,4.40770384800004,0],[98.2815559360001,4.40764198200003,0],[98.281574972,4.40758963400003,0],[98.2816082850001,4.40751349100003,0],[98.28162732,4.40743734800003,0],[98.2816534940001,4.40739451800005,0],[98.2816915660001,4.40733979000004,0],[98.2817201190001,4.40728030400004,0],[98.2817224990001,4.40722795500005,0],[98.2816868070001,4.40717560700006,0],[98.281696325,4.40706615200003,0],[98.281703463,4.40701618300005,0],[98.2817320170001,4.40694717900004,0],[98.2817653290001,4.40685676000004,0],[98.281786744,4.40679727300005,0],[98.2817962620001,4.40671637100007,0],[98.2817962620001,4.40664974600003,0],[98.2817962620001,4.40659263900005,0],[98.2817962620001,4.40654267100007,0],[98.281779606,4.40652125600008,0],[98.2817367750001,4.40648794300006,0],[98.2816987040001,4.40645701000005,0],[98.2816701510001,4.40637848800003,0],[98.2816701510001,4.40632376000002,0],[98.2817057940001,4.40624885800003,0],[98.2817391550001,4.40617861300007,0],[98.281755811,4.40609057300003,0],[98.281745045,4.40602444500007,0],[98.28175507,4.40596712800004,0],[98.2817625000001,4.40592464700006,0],[98.281787153,4.40589582100006,0],[98.2818057800001,4.40587404200005,0],[98.2818129180001,4.40583121200007,0],[98.281808159,4.40578600200007,0],[98.281774403,4.40576490400002,0],[98.2817510520001,4.40575031000003,0],[98.28171774,4.40573127500005,0],[98.2816868070001,4.40569796200003,0],[98.281648735,4.40566940900004,0],[98.2816439760001,4.40565275200004,0],[98.2816463560001,4.40560992200005,0],[98.2816534940001,4.40557423000007,0],[98.2816600960001,4.40555690000002,0],[98.28167253,4.40552426100004,0],[98.2816630120001,4.40550522600006,0],[98.2816439760001,4.40548619000003,0],[98.281584362,4.40546465400007,0],[98.2815588110001,4.40544163800007,0],[98.2815053250001,4.40540047200005,0],[98.2814600120001,4.40537027700003,0],[98.281422901,4.40534009100003,0],[98.2813956240001,4.40530717300004,0],[98.2813798230001,4.40527262000006,0],[98.2813733010001,4.40523149000006,0],[98.281375536,4.40518489600004,0],[98.2813859620001,4.40513008700003,0],[98.2814073260001,4.40506870300004,0],[98.2814341540001,4.40499636000004,0],[98.2814429650001,4.40492455200007,0],[98.2814391910001,4.40487521100005,0],[98.2814250500001,4.40480995700005,0],[98.2814087090001,4.40476444000006,0],[98.2814039900001,4.40474905000002,0],[98.2813518980001,4.40466988600002,0],[98.2813221540001,4.40464014300005,0],[98.2812894370001,4.40462229700006,0],[98.281250771,4.40462229700006,0],[98.2812121040001,4.40463122000006,0],[98.2811704640001,4.40465501500006,0],[98.2811288230001,4.40466691200004,0],[98.2810723110001,4.40466096300003,0],[98.2809979530001,4.40464906600005,0],[98.2808968260001,4.40463122000006,0],[98.2809354920001,4.40444978600004,0],[98.2809860550001,4.40446168300002,0],[98.2810633880001,4.40445573500006,0],[98.2811199000001,4.40443194000005,0],[98.2811526180001,4.40440814500005,0],[98.2812121040001,4.40437542800004,0],[98.2812596940001,4.40433676200007,0],[98.281301334,4.40430107000003,0],[98.281350617,4.40421632700003,0],[98.2814299080001,4.40412375400007,0],[98.2815086590001,4.40402076800007,0],[98.2815545810001,4.40397037200006,0],[98.281585749,4.40393915700002,0],[98.2816885080001,4.40385541700005,0],[98.281709289,4.40382908600003,0],[98.2817267920001,4.40380004700006,0],[98.2817393920001,4.40376222900005,0],[98.2817465300001,4.40372386200005,0],[98.2817460360001,4.40367561900007,0],[98.281728645,4.40357856500003,0],[98.2817188860001,4.40350179900003,0],[98.2817173030001,4.40345136600007,0],[98.281715713,4.40339927700006,0],[98.2817102810001,4.40336802700006,0],[98.281700474,4.40334115100006,0],[98.28167756,4.40330768500007,0],[98.2816290150001,4.40324678500002,0],[98.281539405,4.40312349100003,0],[98.2815259330001,4.40309373500003,0],[98.281505242,4.40302573400004,0],[98.281496551,4.40297255200005,0],[98.2814933320001,4.40290840400007,0],[98.2814950580001,4.40281903900006,0],[98.2814984400001,4.40271324000003,0],[98.2814957560001,4.40266499400008,0],[98.2814848880001,4.40260687200004,0],[98.2814696410001,4.40255806300007,0],[98.281459295,4.40252022200002,0],[98.2814527780001,4.40248348900008,0],[98.281449556,4.40243195000005,0],[98.2814528640001,4.40239413200004,0],[98.2814632920001,4.40234644200007,0],[98.281481904,4.40229821700007,0],[98.2815257220001,4.40221342500007,0],[98.281548296,4.40214059000004,0],[98.28156749,4.40205946500004,0],[98.2815762880001,4.40200939800008,0],[98.281576832,4.40200630200007,0],[98.2815807060001,4.40195148600003,0],[98.2815818500001,4.40189611600005,0],[98.281576998,4.40183361200008,0],[98.2815644990001,4.40176671300003,0],[98.281540561,4.40166362800005,0],[98.2815304570001,4.40162697800002,0],[98.281502463,4.40152543100004,0],[98.2814262200001,4.40128853100003,0],[98.281352155,4.40106313100006,0],[98.281299565,4.40090971500007,0],[98.2812494390001,4.40076348900004,0],[98.281233635,4.40074161000007,0],[98.2812123510001,4.40072842700005,0],[98.2812142640001,4.40055505800007,0],[98.281217563,4.40025600100006,0],[98.281240552,4.40022900300005,0],[98.2812471430001,4.40018843700005,0],[98.281245541,4.40014896800005,0],[98.2812395830001,4.40010235700004,0],[98.2812167050001,4.40003161200002,0],[98.281189473,4.39995264100003,0],[98.2811884530001,4.39994866000006,0],[98.2811682560001,4.39986984000006,0],[98.281163952,4.39980076000006,0],[98.2811618440001,4.39971523600002,0],[98.2811638860001,4.39962049300004,0],[98.2811641360001,4.39960888400003,0],[98.281172408,4.39952501700003,0],[98.2811899760001,4.39942799700003,0],[98.2812027750001,4.39931399200003,0],[98.2812021270001,4.39928491800003,0],[98.2811966900001,4.39925914900004,0],[98.2811776180001,4.39921472400005,0],[98.2811394490001,4.39914944600002,0],[98.2810674820001,4.39901232000005,0],[98.2810227950001,4.39891194700004,0],[98.280992278,4.39883791100004,0],[98.2809896580001,4.39883023200002,0],[98.280973756,4.39878361700005,0],[98.2809688090001,4.39876447300003,0],[98.280960152,4.39873097400005,0],[98.280944907,4.39867997500005,0],[98.280924751,4.39862842100007,0],[98.2809067580001,4.39859496900004,0],[98.2808609450001,4.39853242500004,0],[98.280771481,4.39841665800003,0],[98.2807212850001,4.39835740300003,0],[98.2806765510001,4.39829760100002,0],[98.2806329260001,4.39822738900006,0],[98.2805535670001,4.39809157600007,0],[98.280533022,4.39806929300005,0],[98.280502455,4.39804678400003,0],[98.2804396720001,4.39801218600007,0],[98.2803157500001,4.39794847200005,0],[98.280225676,4.39790507200007,0],[98.2801972870001,4.39788641000007,0],[98.2801749130001,4.39786390900002,0],[98.2801722740001,4.39786051300007,0],[98.2801514650001,4.39783373600005,0],[98.2801230810001,4.39780958200004,0],[98.2800963350001,4.39779640400008,0],[98.280070664,4.39779144000005,0],[98.2800149610001,4.39778864500005,0],[98.2799526940001,4.39778913600003,0],[98.279913386,4.39778606200002,0],[98.2798958930001,4.39778469400005,0],[98.27986694,4.39778960500007,0],[98.2798281460001,4.39780436700005,0],[98.279782798,4.39782021700006,0],[98.279753294,4.39782677400007,0],[98.2797287210001,4.39782291500006,0],[98.2797178060001,4.39781467200004,0],[98.2797194650001,4.39779494400005,0],[98.279733148,4.39776480700004,0],[98.2797539360001,4.39773083200004,0],[98.2797665260001,4.39770288300002,0],[98.2797703670001,4.39768315700007,0],[98.2797687460001,4.39766286500003,0],[98.2797653550001,4.39765575400003,0],[98.279762207,4.39764915400002,0],[98.2797578560001,4.39764165200006,0],[98.2797507530001,4.39762940400004,0],[98.2797398390001,4.39762007600007,0],[98.2797240090001,4.39761513100007,0],[98.2796963010001,4.39761948200004,0],[98.2796757150001,4.39763021900006,0],[98.2796640930001,4.39763628100008,0],[98.27965219,4.39764248900002,0],[98.2795658470001,4.39769338900004,0],[98.279521581,4.39771856700003,0],[98.27949426,4.39773334900002,0],[98.2794620180001,4.39774702200003,0],[98.2794265110001,4.39775465900004,0],[98.2793871810001,4.39775406900003,0],[98.279348407,4.39774800700008,0],[98.279312367,4.39773755100003,0],[98.2792856120001,4.39773533600004,0],[98.279266492,4.39773970500005,0],[98.2792593770001,4.39775394600002,0],[98.2792571700001,4.39777094100003,0],[98.2792658850001,4.39779946300007,0],[98.2792877050001,4.39782634100004,0],[98.2793084400001,4.39784774600002,0],[98.2793198910001,4.39787022800004,0],[98.2793204280001,4.39788394200002,0],[98.2793160370001,4.39790477100007,0],[98.2792985360001,4.39792229500006,0],[98.279275592,4.39793049500003,0],[98.2792575660001,4.39793102100003,0],[98.279225898,4.39792057800003,0],[98.2791893310001,4.39789587400003,0],[98.2791565730001,4.39787556100003,0],[98.279117817,4.39785962000008,0],[98.2790937840001,4.39785630400007,0],[98.2790801260001,4.39786013600002,0],[98.27907301,4.39787492800002,0],[98.2790751700001,4.39789741000004,0],[98.2790833450001,4.39791495800006,0],[98.2791084410001,4.39794677900005,0],[98.2791324450001,4.39798024600003,0],[98.2791569870001,4.39801590200005,0],[98.2791662530001,4.39803400300002,0],[98.2791695170001,4.39805100400002,0],[98.2791673090001,4.39806963600006,0],[98.279160742,4.39808498100007,0],[98.2791443420001,4.39810086800003,0],[98.2791142930001,4.39811289800002,0],[98.279073323,4.39812163300007,0],[98.2790268910001,4.39812158800004,0],[98.2789875780001,4.39811277500007,0],[98.2789439050001,4.39809354600004,0],[98.278890952,4.39806060300003,0],[98.278859303,4.39802987000007,0],[98.2788374850001,4.39800133600005,0],[98.27881841,4.39795965100006,0],[98.278810799,4.39791688300005,0],[98.278803742,4.39787028000006,0],[98.278798312,4.39783738300002,0],[98.2787928710001,4.39781599300005,0],[98.278783053,4.39780173600008,0],[98.2787661360001,4.39779294500005,0],[98.2787442910001,4.39779127700007,0],[98.2787098760001,4.39779782000005,0],[98.2786645240001,4.39780874000007,0],[98.2786339400001,4.39781365000005,0],[98.2786159180001,4.39781089100006,0],[98.2786060940001,4.39780210700008,0],[98.2785990130001,4.39778072400003,0],[98.278592485,4.39775549800004,0],[98.2785777590001,4.39772752200003,0],[98.2785575760001,4.39770338600005,0],[98.278530285,4.39768581000004,0],[98.2784915190001,4.39767152500002,0],[98.278416705,4.39765499700007,0],[98.2783096690001,4.39764064600007,0],[98.2782188050001,4.39763227200007,0],[98.2781750060001,4.39763123400007,0],[98.2781335020001,4.39763339200005,0],[98.278077232,4.39763936200006,0],[98.278008404,4.39764862200008,0],[98.2779668850001,4.39765680500005,0],[98.2779111610001,4.39767593700003,0],[98.2777969690001,4.39771858700004,0],[98.2777106410001,4.39774481900002,0],[98.2775828110001,4.39777155200005,0],[98.2774056600001,4.39785989600006,0],[98.2761149890001,4.39625306600004,0],[98.2761120480001,4.39611511600003,0],[98.2761109850001,4.39606525600004,0],[98.2761048890001,4.39605068600002,0],[98.2760761070001,4.39598189000003,0],[98.2760514540001,4.39593887900003,0],[98.2760128580001,4.39586999200003,0],[98.275994299,4.39585352800003,0],[98.2759746520001,4.39584419200003,0],[98.2759451590001,4.39583922400004,0],[98.2759107460001,4.39584302600002,0],[98.2758810890001,4.39585008000006,0],[98.2758139050001,4.39585604900003,0],[98.2757478170001,4.39585598500003,0],[98.2757008510001,4.39584990500003,0],[98.2756522550001,4.39583286900006,0],[98.27560422,4.39580321500006,0],[98.275570938,4.39577467800007,0],[98.275551137,4.39575445200006,0],[98.275536554,4.39573955500003,0],[98.2755152700001,4.39572638200002,0],[98.2754885090001,4.39572086500004,0],[98.275449725,4.39572412000007,0],[98.2754038410001,4.39573559100006,0],[98.275370507,4.39575145200007,0],[98.27535192,4.39576513900005,0],[98.2753234880001,4.39580020100004,0],[98.2753142780001,4.39581701800006,0],[98.2752955810001,4.39585115700004,0],[98.2752693180001,4.39589937400007,0],[98.2752408710001,4.39594978700006,0],[98.2752069570001,4.39599744500003,0],[98.2751681490001,4.39603523800002,0],[98.2751304370001,4.39605822400006,0],[98.275090004,4.39607079400002,0],[98.2750534140001,4.39607075900005,0],[98.2750261150001,4.39606196700004,0],[98.275008858,4.39604461100004,0],[98.274997736,4.39603342600003,0],[98.27497757,4.39599174000006,0],[98.274964507,4.39594020100003,0],[98.2749470970001,4.39587274600007,0],[98.2749307560001,4.39582832300005,0],[98.274915492,4.39579706300003,0],[98.2748920340001,4.39576743200007,0],[98.274865289,4.39574547800004,0],[98.2748281610001,4.39573283200002,0],[98.2747937500001,4.39573444500007,0],[98.2747642530001,4.39574373400006,0],[98.2747391080001,4.39576290500003,0],[98.274718862,4.39580509400002,0],[98.2747057020001,4.39585278100003,0],[98.2747034710001,4.39590485700006,0],[98.274708891,4.39594817500006,0],[98.2747285190001,4.39598656700002,0],[98.274765072,4.39602497600004,0],[98.274790184,4.39603925700004,0],[98.2748436850001,4.39606397800003,0],[98.2748769890001,4.39607881000006,0],[98.2748906290001,4.39609308000007,0],[98.274896615,4.39611008300005,0],[98.274897148,4.39612707200007,0],[98.2748927640001,4.39614078200003,0],[98.2748769120001,4.39615884900007,0],[98.2748446640001,4.39617910800007,0],[98.2747998620001,4.39619989800002,0],[98.2747545110001,4.39621848800004,0],[98.2747255470001,4.39623601000005,0],[98.274706968,4.39625899600003,0],[98.27467196,4.39631871100005,0],[98.2746495060001,4.39637899900004,0],[98.2746341480001,4.39644586200006,0],[98.2746219790001,4.39648800100002,0],[98.27461278,4.39651985600005,0],[98.274580482,4.39659164100004,0],[98.2745378130001,4.39666176900005,0],[98.2744918750001,4.39671983700003,0],[98.2743739350001,4.39680750500003,0],[98.2743071840001,4.39684092400006,0],[98.274244222,4.39692501700006,0],[98.2742155350001,4.39700038200004,0],[98.2741868300001,4.39709369900004,0],[98.274147402,4.39717982400003,0],[98.274090066,4.39729106300007,0],[98.274022072,4.39732689800007,0],[98.2739648570001,4.39731248200007,0],[98.273939903,4.39722629400006,0],[98.273900666,4.39711496100006,0],[98.2738722190001,4.39694260500005,0],[98.2738314650001,4.39681387800005,0],[98.2738188170001,4.39668406100003,0],[98.2737670260001,4.39648811200004,0],[98.2737442490001,4.39632416600006,0],[98.273721483,4.39614817100005,0],[98.273701395,4.39601657600002,0],[98.2736910680001,4.39596886600003,0],[98.2736752590001,4.39593266700007,0],[98.2736539900001,4.39590523600003,0],[98.27364585,4.39590185400004,0],[98.2736288730001,4.39589480000006,0],[98.2735835500001,4.39588542900003,0],[98.2735201980001,4.39588098900003,0],[98.2734786940001,4.39587382000002,0],[98.2734606810001,4.39586173500004,0],[98.273454685,4.39584583600003,0],[98.273450897,4.39581129400005,0],[98.2734518650001,4.39579279400004,0],[98.2734564610001,4.39570494500003,0],[98.273459212,4.39568465700006,0],[98.273473428,4.39567206100003,0],[98.2734969250001,4.39566002600003,0],[98.2735728580001,4.39564694700005,0],[98.2737001450001,4.39562294500007,0],[98.2738458000001,4.39559905000004,0],[98.273906083,4.39558916000004,0],[98.2740180710001,4.39557062500006,0],[98.2740877370001,4.39555949100003,0],[98.274089631,4.39555918800005,0],[98.2741284240001,4.39554606400003,0],[98.274153013,4.39553347800006,0],[98.274165436,4.39552225800003,0],[98.27418699,4.39544964400005,0],[98.2741889660001,4.39537880000006,0],[98.2741855990001,4.39528605100003,0],[98.274167848,4.39514841100004,0],[98.274138366,4.39503949000004,0],[98.274132207,4.39501673700005,0],[98.2740637800001,4.39488503100006,0],[98.2740198710001,4.39480292000007,0],[98.2739997350001,4.39476526400006,0],[98.2739626530001,4.39470546900003,0],[98.2739462870001,4.39466224500006,0],[98.273945213,4.39465940800005,0],[98.2739326980001,4.39461937600004,0],[98.2739240000001,4.39457331400007,0],[98.273913656,4.39453382700003,0],[98.2739022250001,4.39450038200005,0],[98.2738858700001,4.39447020600005,0],[98.2738678600001,4.39445429500006,0],[98.2738389250001,4.39444110400007,0],[98.2738034220001,4.39443614000004,0],[98.27377404,4.39443189700006,0],[98.273746084,4.39442786100005,0],[98.2736969480001,4.39440972100005,0],[98.2736494540001,4.39438061900006,0],[98.2735517290001,4.39429196200007,0],[98.2735362010001,4.39424505300002,0],[98.2735182520001,4.39416664200007,0],[98.2735070750001,4.39408801200005,0],[98.2735046910001,4.39407123800004,0],[98.2734932990001,4.39398734300005,0],[98.2734824760001,4.39388481300006,0],[98.273465624,4.39379927500005,0],[98.2734498500001,4.39373731300003,0],[98.2734367990001,4.39370419900007,0],[98.2734100770001,4.39363640100004,0],[98.2733942770001,4.39359088400005,0],[98.2733888380001,4.39356784800003,0],[98.2733856020001,4.39353111700007,0],[98.2733905420001,4.39350151500003,0],[98.2734004060001,4.39346972700002,0],[98.2734146330001,4.39344453000007,0],[98.2734264570001,4.39343189300007,0],[98.2734474360001,4.39340947200003,0],[98.2735420920001,4.39330810400003,0],[98.2735510270001,4.39328488200005,0],[98.273554317,4.39326569900004,0],[98.2735499670001,4.39324486100003,0],[98.2735368890001,4.39321799100003,0],[98.2735090670001,4.39318122800006,0],[98.2734953440001,4.39316557600006,0],[98.273419592,4.39307917300005,0],[98.2733786800001,4.39302924500004,0],[98.2733584980001,4.39299468700005,0],[98.273350335,4.39296507100005,0],[98.2733487290001,4.39293875500005,0],[98.273357483,4.39291738700007,0],[98.273374426,4.39290753500006,0],[98.2733919060001,4.39290316400007,0],[98.273411567,4.39290701900006,0],[98.273449236,4.39292844100004,0],[98.273489081,4.39295424300008,0],[98.273517467,4.39296632900005,0],[98.2735480530001,4.39296855700007,0],[98.273580828,4.39296255500005,0],[98.2736769940001,4.39291988800005,0],[98.2737403820001,4.39289747000004,0],[98.273778619,4.39288983700004,0],[98.2738244940001,4.39288768300003,0],[98.2738796570001,4.39288993500003,0],[98.2739381000001,4.39289163800004,0],[98.2739872700001,4.39287413700004,0],[98.2740320880001,4.39284677100005,0],[98.2740708920001,4.39282214000002,0],[98.2740976600001,4.39281065100005,0],[98.2741271660001,4.39280245700007,0],[98.274153384,4.39280083600005,0],[98.2741790490001,4.39280360200007,0],[98.2742167250001,4.39281680000005,0],[98.2742745960001,4.39284207700007,0],[98.2743457560001,4.39286825100004,0],[98.2743597680001,4.39287340500005,0],[98.2744247380001,4.39290143000005,0],[98.2745039000001,4.39294097500004,0],[98.27456505,4.39295912700004,0],[98.2745956320001,4.39296463800002,0],[98.274626223,4.39296192700004,0],[98.2746639140001,4.39295100000004,0],[98.2747131680001,4.39292990700005,0],[98.2747170270001,4.39292489900004,0],[98.2747234820001,4.39291652000003,0],[98.274733331,4.39289954100008,0],[98.2750103100001,4.39289268300007,0],[98.2750576560001,4.39296660800005,0],[98.2750728880001,4.39298388500004,0],[98.2750832950001,4.39299568800004,0],[98.2751165940001,4.39301600200002,0],[98.275162999,4.39303469100003,0],[98.2753158960001,4.39307869500004,0],[98.275440185,4.39310721600003,0],[98.275474252,4.39311503300007,0],[98.275630693,4.39313823500004,0],[98.2757893460001,4.39316686600006,0],[98.2758865440001,4.39318505300002,0],[98.2759227240001,4.39319255700002,0],[98.276003411,4.39320929200005,0],[98.2761006110001,4.39322583200004,0],[98.2761361110001,4.39322586700007,0],[98.2761683460001,4.39321822700003,0],[98.2761945780001,4.39320234900003,0],[98.276208796,4.39318701200006,0],[98.2762772030001,4.39310903800003,0],[98.2762837120001,4.39308785900005,0],[98.2762837230001,4.39307689500004,0],[98.2762766420001,4.39306483000007,0],[98.2762640880001,4.39305494800004,0],[98.2762304830001,4.39303900900006,0],[98.2762258660001,4.39303681900003,0],[98.2761909330001,4.39301978700007,0],[98.2761641850001,4.39300057500003,0],[98.2761445470001,4.39297259400007,0],[98.276139652,4.39295559200002,0],[98.276136948,4.39292763700007,0],[98.2761429990001,4.39288651900006,0],[98.2761568910001,4.39285387600006,0],[98.2761572250001,4.39285309000007,0],[98.2761840350001,4.39280871800003,0],[98.2762551260001,4.39271339600003,0],[98.276286305,4.39267011400005,0],[98.276304365,4.39263339500008,0],[98.276320243,4.39258900400006,0],[98.276328467,4.39255612000005,0],[98.2763356130001,4.39251008300005,0],[98.276336755,4.39245635000003,0],[98.276336755,4.39245621500004,0],[98.2763363270001,4.39233903100006,0],[98.2763424080001,4.39218554700005,0],[98.2763440960001,4.39214294700002,0],[98.2763513080001,4.39209344500006,0],[98.276362819,4.39205343700007,0],[98.2763847250001,4.39199095900005,0],[98.2764159160001,4.39192684300002,0],[98.2764591640001,4.39182546100005,0],[98.2764772460001,4.39176682400006,0],[98.276489004,4.39171930300006,0],[98.2765024700001,4.39166488100005,0],[98.276527145,4.39156238600003,0],[98.2765611180001,4.39144509200003,0],[98.2765638440001,4.39143613600004,0],[98.2766284360001,4.39122390800003,0],[98.276646579,4.39117655200005,0],[98.276652615,4.39115024200004,0],[98.276653738,4.39111680000002,0],[98.276646666,4.39108553900007,0],[98.276628686,4.39104933800007,0],[98.2765921310001,4.39100325800007,0],[98.2765768740001,4.39098884200007,0],[98.276484091,4.39090117600006,0],[98.2763940360001,4.39082982400004,0],[98.2762826950001,4.39074912500007,0],[98.276167527,4.39066404300007,0],[98.2760933000001,4.39061023800002,0],[98.2760403560001,4.39057894100006,0],[98.2759862450001,4.39055176800002,0],[98.27587277,4.39047790600006,0],[98.2757985310001,4.39043589600004,0],[98.275810478,4.39042246600008,0],[98.2758265910001,4.39040435300006,0],[98.275846732,4.39038171200002,0],[98.2762915690001,4.38988165400002,0],[98.2766030070001,4.38953155500008,0],[98.2766183370001,4.38951432100004,0],[98.27662137,4.38951091200005,0],[98.2766671580001,4.38945943900006,0],[98.2767544470001,4.38955765500003,0],[98.276809825,4.38962500200006,0],[98.2768586720001,4.38966246400003,0],[98.2768968760001,4.38968936800006,0],[98.276941637,4.38971189100005,0],[98.2769864150001,4.38972508700004,0],[98.2770776080001,4.38974656100004,0],[98.277203758,4.38975983600005,0],[98.2773479480001,4.38976710400004,0],[98.277513448,4.38976013600006,0],[98.2777308380001,4.38974554700008,0],[98.2779755460001,4.38972056400007,0],[98.2780224130001,4.38971437600003,0],[98.2781448370001,4.38969821200004,0],[98.2782022530001,4.38968076300006,0],[98.2782552610001,4.38965505200002,0],[98.2783323190001,4.38960523700007,0],[98.2783532610001,4.38959043500006,0],[98.2784492790001,4.38952256100004,0],[98.2785803140001,4.38941696000006,0],[98.2786673740001,4.38934679800008,0],[98.2787996490001,4.38924220900003,0],[98.2789740480001,4.38910839600004,0],[98.279140189,4.38895801200005,0],[98.2793429960001,4.38877620100004,0],[98.2795015230001,4.38863435800005,0],[98.2796720580001,4.38847903000004,0],[98.2796945050001,4.38844485800007,0],[98.2797125720001,4.38840046800004,0],[98.279733992,4.38827988600002,0],[98.279742287,4.38823908600006,0],[98.2797702120001,4.38810174100007,0],[98.27981902,4.38788852700003,0],[98.2798459080001,4.38776136500007,0],[98.2798635540001,4.38762939100008,0],[98.2798597600001,4.38755415100007,0],[98.279852169,4.38750097100007,0],[98.279836404,4.38741871800005,0],[98.279818661,4.38730355300004,0],[98.2798162820001,4.38728650200005,0],[98.2798061920001,4.38721417500005,0],[98.2798029780001,4.38714509600004,0],[98.2798035920001,4.38707821900005,0],[98.279805831,4.38701791100004,0],[98.2798058750001,4.38697186700006,0],[98.279798821,4.38692197100005,0],[98.2797979170001,4.38691884400004,0],[98.279782491,4.38686548100003,0],[98.2797585200001,4.38679748500005,0],[98.279749521,4.38677973800003,0],[98.27966881,4.38662056600003,0],[98.2796004640001,4.38644810900007,0],[98.2795334420001,4.38628631900002,0],[98.279455489,4.38613274100004,0],[98.2793955280001,4.38600329700006,0],[98.279356738,4.38592951600003,0],[98.2793169230001,4.38587190800007,0],[98.2791830930001,4.38570042800006,0],[98.2791128900001,4.38562336900003,0],[98.2790217730001,4.38552240900003,0],[98.2789792060001,4.38548727800003,0],[98.2789175380001,4.38543788100003,0],[98.278850402,4.38538463400005,0],[98.2787783690001,4.38532645300006,0],[98.2787150710001,4.38526553900005,0],[98.2785708700001,4.38512104200004,0],[98.2785317060001,4.38508026100004,0],[98.278499524,4.38504185600004,0],[98.278473347,4.38500070800006,0],[98.2784504580001,4.38495080600006,0],[98.2784204750001,4.38488498400005,0],[98.278389394,4.38483561700002,0],[98.278350108,4.38479062000005,0],[98.2782900880001,4.38473190800005,0],[98.278213135,4.38467372100007,0],[98.278124715,4.38460893800004,0],[98.2780641430001,4.38455241400004,0],[98.2780188580001,4.38450467900003,0],[98.2779823020001,4.38445968500002,0],[98.2779577630001,4.38442073600004,0],[98.27793869,4.38437741400003,0],[98.2779046240001,4.38426443200007,0],[98.2778980530001,4.38424532200003,0],[98.2778886,4.38421782900002,0],[98.2778678910001,4.38416956700007,0],[98.2778259150001,4.38408180600004,0],[98.2777735720001,4.38398801100004,0],[98.2777255870001,4.38390792500007,0],[98.27770709,4.38387544800003,0],[98.2776699760001,4.38381028200007,0],[98.2776318050001,4.38373952300003,0],[98.2776034700001,4.38367480800002,0],[98.2775833260001,4.38361065100003,0],[98.277544666,4.38348616700006,0],[98.2774629240001,4.38317739100006,0],[98.2774424620001,4.38298443700006,0],[98.2774306760001,4.38274759000006,0],[98.2774150150001,4.38255734500007,0],[98.2774030260001,4.38241983400007,0],[98.2774003390001,4.38237488100003,0],[98.2773976510001,4.38232992000007,0],[98.277396421,4.38219352200002,0],[98.2773940070001,4.38214516800002,0],[98.2773880660001,4.38207279400007,0],[98.2773794000001,4.38199329800005,0],[98.2773675270001,4.38184745500007,0],[98.277365397,4.38179372800005,0],[98.2773670920001,4.38173671200002,0],[98.2773791580001,4.38168244700006,0],[98.277397223,4.38164025600003,0],[98.2774191060001,4.38160080000006,0],[98.2774552060001,4.38154766200006,0],[98.277474897,4.38151094500006,0],[98.2774864,4.38147915900004,0],[98.2774935320001,4.38144736900006,0],[98.2774962940001,4.38141503200006,0],[98.277500789,4.38122895900005,0],[98.277499279,4.38114968700006,0],[98.2774911600001,4.38107402700007,0],[98.277477021,4.38100658400003,0],[98.2774568930001,4.38092597300005,0],[98.2774454770001,4.38086729800006,0],[98.2774417140001,4.38080699300002,0],[98.277440115,4.38076313600004,0],[98.2774335990001,4.38072585100002,0],[98.2774270960001,4.38067486100005,0],[98.277422239,4.38060851300003,0],[98.2774244870001,4.38054876600006,0],[98.277434912,4.38049394800004,0],[98.2774584670001,4.38042215400003,0],[98.2774924110001,4.38034269900004,0],[98.2774982600001,4.38032866700007,0],[98.2775241620001,4.38026652500002,0],[98.2775466150001,4.38019747100003,0],[98.277561969,4.38013389200006,0],[98.277598358,4.37997705900005,0],[98.2776101430001,4.37985739100003,0],[98.2776102020001,4.37985177500002,0],[98.2776107490001,4.37979928000004,0],[98.277610236,4.37976089700004,0],[98.2776059270001,4.37970607400007,0],[98.27760104,4.37967097900002,0],[98.2775994350001,4.37963425100003,0],[98.277601658,4.37959916300002,0],[98.277610978,4.37956024700003,0],[98.27762577,4.37950982900003,0],[98.2776323750001,4.37946378200007,0],[98.2776335120001,4.37941609200004,0],[98.2776317560001,4.37940533700004,0],[98.277625367,4.37936619600003,0],[98.2776084910001,4.37930642100002,0],[98.277583995,4.37922252200002,0],[98.277562764,4.37914574600006,0],[98.2775491670001,4.37908652600004,0],[98.2775448260001,4.37905526800006,0],[98.2775459530001,4.37902731600008,0],[98.2775514260001,4.37901525400002,0],[98.277568913,4.37900211800007,0],[98.277577652,4.37900486800004,0],[98.2775869270001,4.37901309900008,0],[98.277602195,4.37903942900004,0],[98.2776256370001,4.37908495400006,0],[98.2776567280001,4.37912390900004,0],[98.2776741900001,4.37913653600003,0],[98.277703128,4.37914643300007,0],[98.2777266190001,4.37914042200003,0],[98.277741926,4.37912727500003,0],[98.2777468630001,4.37911029100007,0],[98.2777479810001,4.37908068400003,0],[98.2777409330001,4.37902476400006,0],[98.277730622,4.37896060800006,0],[98.2777213900001,4.37889865200003,0],[98.2777214270001,4.37885972700008,0],[98.2777307420001,4.37883506700007,0],[98.2777504150001,4.37881753700003,0],[98.277782653,4.37880606100003,0],[98.277841649,4.37879460200003,0],[98.2779264820001,4.37877415900005,0],[98.277955293,4.37875578700005,0],[98.277978251,4.37873333000005,0],[98.277995209,4.37870813500007,0],[98.2780012330001,4.37868510900006,0],[98.2780007120001,4.37866427600005,0],[98.2779909130001,4.37862972800002,0],[98.2779707550001,4.37858092300007,0],[98.277955509,4.37853046800006,0],[98.277951182,4.37848496200007,0],[98.2779550450001,4.37844111000004,0],[98.2779671040001,4.37839397400006,0],[98.277983003,4.37833532500002,0],[98.2780012430001,4.37827080800002,0],[98.2780105690001,4.37822531600006,0],[98.2780122410001,4.37819187400004,0],[98.278008448,4.37816281400006,0],[98.2779964580001,4.37812880800004,0],[98.2779659240001,4.37808273400003,0],[98.2779195570001,4.37801689700007,0],[98.2778879310001,4.37796259000004,0],[98.2778737720001,4.37792529700005,0],[98.277869444,4.37788143800003,0],[98.277873303,4.37784197300005,0],[98.2778864580001,4.37778825200007,0],[98.2779001550001,4.37775153900003,0],[98.2779132850001,4.37772414200003,0],[98.2779253210001,4.37770112200008,0],[98.2779422770001,4.37767756400007,0],[98.2779641400001,4.37765950200003,0],[98.2780662710001,4.37758830900003,0],[98.2780794760001,4.37756641200002,0],[98.2780904270001,4.37753681500004,0],[98.2780975760001,4.37748803600005,0],[98.2780998300001,4.37741183400004,0],[98.2780939360001,4.37728957100006,0],[98.278083069,4.37723089700006,0],[98.278070546,4.37718977000003,0],[98.2780520190001,4.37714973300007,0],[98.278018752,4.37709707100004,0],[98.2779800220001,4.37704495500003,0],[98.2779462130001,4.37699393900004,0],[98.2779309590001,4.37695170600006,0],[98.277927709,4.37691990600007,0],[98.277930467,4.37689194700005,0],[98.277949763,4.37670371200005,0],[98.2779592810001,4.37664660500008,0],[98.2780163880001,4.37655142700004,0],[98.2780734950001,4.37649432000006,0],[98.278197279,4.37643217600004,0],[98.2782170730001,4.37639095400004,0],[98.2782756240001,4.37627971700005,0],[98.278305173,4.37621559900003,0],[98.2783210650001,4.37616408800005,0],[98.2783281950001,4.37613448700006,0],[98.278328764,4.37610543200003,0],[98.2783238840001,4.37607253600004,0],[98.2783102640001,4.37603743300002,0],[98.2782879050001,4.37600013200006,0],[98.2782617280001,4.37595899300004,0],[98.278228454,4.37591236400004,0],[98.2782099240001,4.37587616200005,0],[98.278201214,4.37584271000003,0],[98.278199069,4.37580543000007,0],[98.278204562,4.37577199200007,0],[98.278219338,4.37573856200004,0],[98.2782477680001,4.37570514700008,0],[98.2783013380001,4.37566517800008,0],[98.2783304770001,4.37544735700004,0],[98.2784827630001,4.37508567900005,0],[98.278549388,4.37485725000005,0],[98.278616013,4.37473351800003,0],[98.278682637,4.37463834000005,0],[98.2787873340001,4.37451460800003,0],[98.2788539590001,4.37442894700007,0],[98.2789396190001,4.37422907300004,0],[98.278987208,4.37406726900002,0],[98.278987208,4.37389594800004,0],[98.2789036120001,4.37358068500004,0],[98.278797711,4.37352301400006,0],[98.278765509,4.37349721900006,0],[98.2787426020001,4.37346649500006,0],[98.2787317080001,4.37343688600004,0],[98.278729549,4.37340453500002,0],[98.2787355950001,4.37336835600007,0],[98.2787492850001,4.37332999600005,0],[98.278771712,4.37329602300002,0],[98.2787930260001,4.37327685600007,0],[98.278844441,4.37315355600003,0],[98.2788825120001,4.37310596700007,0],[98.2789015480001,4.37302982400007,0],[98.2788920300001,4.37298223500005,0],[98.278834923,4.37285850300003,0],[98.278844441,4.37278236000003,0],[98.2788920300001,4.37261103900005,0],[98.2789301010001,4.37241116400003,0],[98.2789776910001,4.37223984300005,0],[98.2790347980001,4.37186864700004,0],[98.279063351,4.37167829000003,0],[98.279053833,4.37148793400007,0],[98.279053833,4.37132613000006,0],[98.2789967260001,4.37114529100006,0],[98.2789301010001,4.37105963100004,0],[98.2788825120001,4.37096445200007,0],[98.278834923,4.37082168400002,0],[98.2787778160001,4.37069795200006,0],[98.2787016730001,4.37055518500006,0],[98.2785874590001,4.37039338100004,0],[98.2784066200001,4.37021254200005,0],[98.2786731200001,4.36869920500004,0],[98.279063351,4.36849933100007,0],[98.2791966010001,4.36840415200004,0],[98.279386958,4.36823283100006,0],[98.2794916540001,4.36814717000004,0],[98.2795868330001,4.36803295600004,0],[98.2796724930001,4.36794729600007,0],[98.2797296000001,4.36786163500005,0],[98.2798628500001,4.36770934900005,0],[98.279948511,4.36752851000006,0],[98.2801007960001,4.36712876100006,0],[98.28012935,4.36693840400005,0],[98.2801483850001,4.36682419000005,0],[98.2801864570001,4.36666238700008,0],[98.280234046,4.36649106500005,0],[98.280319707,4.36637685100004,0],[98.2804053670001,4.36622456600003,0],[98.280462474,4.36607228000003,0],[98.280538617,4.36560590600004,0],[98.2807099380001,4.36532037100005,0],[98.2808527060001,4.36499676400007,0],[98.2809859560001,4.36475881800004,0],[98.2810716160001,4.36455894300002,0],[98.2811096880001,4.36441617500003,0],[98.2811382410001,4.36418774700007,0],[98.281166795,4.36403546200006,0],[98.281090652,4.36370233700006,0],[98.2810335450001,4.36353101600002,0],[98.2809954740001,4.36334065900007,0],[98.280976438,4.36308367700002,0],[98.2809574020001,4.36283621300004,0],[98.280976438,4.36244598200005,0],[98.281090652,4.36195105400003,0],[98.2811287230001,4.36138950100008,0],[98.2811382410001,4.36078035900005,0],[98.2811096880001,4.36028543100002,0],[98.2811001700001,4.35967628900005,0],[98.2811477590001,4.35901004000004,0],[98.2812143840001,4.35851511200002,0],[98.2812239020001,4.35824861300006,0],[98.2812239020001,4.35795355900007,0],[98.2812048660001,4.35756332800003,0],[98.2812143840001,4.35725875700007,0],[98.28123342,4.35665913300005,0],[98.2813285980001,4.35599288300006,0],[98.281385705,4.35544084900005,0],[98.2814047410001,4.35522193800006,0],[98.2814142590001,4.35497447400007,0],[98.2814332940001,4.35486026000007,0],[98.2814713660001,4.35469845700004,0],[98.281490401,4.35453665300003,0],[98.2814999190001,4.35434629600007,0],[98.281566544,4.35401317200007,0],[98.281604616,4.35379426200006,0],[98.281642687,4.35365149400008,0],[98.281633169,4.35353728000007,0],[98.2815950980001,4.35337547600005,0],[98.2815475090001,4.35320415500007,0],[98.2815379910001,4.35307090500004,0],[98.2815094370001,4.35287103100006,0],[98.2814999190001,4.35270922700005,0],[98.2814808840001,4.35234754900006,0],[98.2815475090001,4.35173840700003,0],[98.2815760620001,4.35152901500004,0],[98.2815950980001,4.35136721100002,0],[98.2816141330001,4.35122444400002,0],[98.2816236510001,4.35112926500005,0],[98.2816617230001,4.35100553300003,0],[98.28167124,4.35084373000007,0],[98.281709312,4.35039639100006,0],[98.281709312,4.35008230200003,0],[98.2817378650001,4.34993001700008,0],[98.2817664190001,4.34976821300006,0],[98.2817949720001,4.34965399900005,0],[98.2818425620001,4.34949219600003,0],[98.2817949720001,4.34929232100006,0],[98.281785455,4.34915907100003,0],[98.2817664190001,4.34903533900007,0],[98.2817378650001,4.34896871500007,0],[98.2816141330001,4.34885450000007,0],[98.2815094370001,4.34880691100005,0],[98.2812810090001,4.34878787600007,0],[98.2811001700001,4.34874028600007,0],[98.2809478840001,4.34868317900003,0],[98.280757527,4.34861655400005,0],[98.2805671710001,4.34854992900006,0],[98.280452956,4.34847378700005,0],[98.2802150100001,4.34822632300006,0],[98.2800238550001,4.34802667500003,0],[98.2799763660001,4.34800470200003,0],[98.2799190310001,4.34798709800003,0],[98.2798114730001,4.34795191400002,0],[98.2797088410001,4.34791015000008,0],[98.2795297800001,4.34782993900006,0],[98.2794635400001,4.34780247900005,0],[98.2791527300001,4.34772626400007,0],[98.27897427,4.34770247000006,0],[98.2787720160001,4.34764298300007,0],[98.2786530430001,4.34759539400005,0],[98.278426784,4.34747614900004,0],[98.2783743730001,4.34745526500006,0],[98.2782009730001,4.34737576400005,0],[98.2780284340001,4.34731580700003,0],[98.2779808450001,4.34729796100004,0],[98.277909461,4.34725037200008,0],[98.2778380780001,4.34720873100002,0],[98.2777726420001,4.34716114200006,0],[98.2777012590001,4.34708381000007,0],[98.27756444,4.34691129900006,0],[98.2775882340001,4.34590597600004,0],[98.278028379,4.34590878200004,0],[98.2781533560001,4.34586433600003,0],[98.278200945,4.34583459300006,0],[98.278242586,4.34578700300005,0],[98.278242586,4.34575726000003,0],[98.278200945,4.34570967100007,0],[98.2781712020001,4.34565613300003,0],[98.2781712020001,4.34560259500006,0],[98.278183099,4.34554310900006,0],[98.2781890480001,4.34548362200007,0],[98.2781652530001,4.34536464900003,0],[98.2781652530001,4.34526352200004,0],[98.278179746,4.34519484200007,0],[98.278200945,4.34511480600003,0],[98.278183099,4.34506721600007,0],[98.278141459,4.34503747300005,0],[98.2780143050001,4.34497520900004,0],[98.277980471,4.34495160300003,0],[98.2779389840001,4.34492908400006,0],[98.277534696,4.34479952700002,0],[98.2775109020001,4.34388343500007,0],[98.277617977,4.34388343500007,0],[98.2776893610001,4.34388343500007,0],[98.2777607450001,4.34386558900007,0],[98.2778142830001,4.34384179400007,0],[98.2778618720001,4.34379420500005,0],[98.27791541,4.34367523200007,0],[98.277951102,4.34359195100006,0],[98.277951102,4.34350867000006,0],[98.277951102,4.34342538800007,0],[98.2779273070001,4.34327072300005,0],[98.2779273070001,4.34312795600005,0],[98.2779273070001,4.34300898300006,0],[98.2779035130001,4.34290190700005,0],[98.277891615,4.34274724200003,0],[98.2777845400001,4.34241411700003,0],[98.2776536690001,4.34217617100006,0],[98.2775941830001,4.34203340400006,0],[98.2774871070001,4.34184304700005,0],[98.2774514150001,4.34167648500005,0],[98.277415723,4.34127197600003,0],[98.277356237,4.34110541400003,0],[98.277308647,4.34089126200007,0],[98.277249161,4.34062952200003,0],[98.277249161,4.34045106200006,0],[98.277249161,4.34030829400007,0],[98.2772967500001,4.34009414300004,0],[98.2773205450001,4.33987999100003,0],[98.2773443390001,4.33953497000005,0],[98.277391929,4.33908287200006,0],[98.2775109020001,4.33846421200008,0],[98.2776060800001,4.33805970400005,0],[98.2776298750001,4.33791693600006,0],[98.2776536690001,4.33778606600004,0],[98.2776298750001,4.33756001700004,0],[98.277617977,4.33741724900005,0],[98.277617977,4.33727448200005,0],[98.2776536690001,4.33711981700003,0],[98.277748848,4.33691756300004,0],[98.277808334,4.33644167000006,0],[98.277808334,4.33627510800005,0],[98.277832129,4.33614423800003,0],[98.277891615,4.33601336700002,0],[98.2779273070001,4.33584680500007,0],[98.2779867940001,4.33572783200003,0],[98.278050281,4.33551674600005,0],[98.2780466170001,4.33546375300006,0],[98.278049234,4.33541521200004,0],[98.2779867940001,4.33533522100004,0],[98.277891615,4.33532332400006,0],[98.2779392050001,4.33520435100007,0],[98.278058178,4.33519245300005,0],[98.278117664,4.33515676100006,0],[98.2781652530001,4.33510917200005,0],[98.2781771510001,4.33496640500005,0],[98.2781652530001,4.33482363700006,0],[98.278141459,4.33468086900007,0],[98.2781057670001,4.33452620400004,0],[98.2781057670001,4.33434774500006,0],[98.2781295610001,4.33410979900003,0],[98.278199676,4.33366364900007,0],[98.2782120620001,4.33358483800004,0],[98.2782361540001,4.33352344800005,0],[98.2782662770001,4.33344122900007,0],[98.2782755950001,4.33340285600002,0],[98.2782783480001,4.33337983600006,0],[98.2782756450001,4.33335022600005,0],[98.2782691150001,4.33332774000007,0],[98.278256033,4.33329647300008,0],[98.278233674,4.33325971600004,0],[98.278218409,4.33323009300005,0],[98.2782042360001,4.33319937700003,0],[98.278201526,4.33317799000002,0],[98.2782037280001,4.33316427800003,0],[98.2782130250001,4.33314893600004,0],[98.2782478830001,4.33311972300004,0],[98.278300813,4.33307599100004,0],[98.2783308850001,4.33304750600007,0],[98.2783369510001,4.33303973100004,0],[98.278354398,4.33301736900006,0],[98.278369721,4.33298558700005,0],[98.2783817760001,4.33294941400004,0],[98.2783916530001,4.33290226600008,0],[98.2783988070001,4.33284635000007,0],[98.2784010560001,4.33277397400008,0],[98.2783995010001,4.33268459800007,0],[98.2783908490001,4.33260015300004,0],[98.2783854130001,4.33256396400003,0],[98.2783739970001,4.33251460700006,0],[98.278353844,4.33245152700005,0],[98.278341874,4.33240655700007,0],[98.2783397100001,4.33237968800006,0],[98.2783441170001,4.33234076700006,0],[98.278354527,4.33231061700008,0],[98.2783676510001,4.33228870200003,0],[98.2783922560001,4.33226623700006,0],[98.2784250440001,4.33225202000006,0],[98.2784867870001,4.33222904800004,0],[98.2785255740001,4.33221866400004,0],[98.2785944070001,4.33220667100005,0],[98.278722228,4.33219692400007,0],[98.278805257,4.33219097000006,0],[98.2788402190001,4.33218552100004,0],[98.2788719120001,4.33217677700003,0],[98.2789030610001,4.33216200700002,0],[98.278932581,4.33213516800004,0],[98.2789916280001,4.33207545700003,0],[98.2790173210001,4.33205574300007,0],[98.2790358890001,4.33205137300007,0],[98.279052279,4.33205303500006,0],[98.2790648380001,4.33205688300006,0],[98.279071931,4.33206566400003,0],[98.279075188,4.33207992400003,0],[98.2790724330001,4.33210623700006,0],[98.279053241,4.33218901700008,0],[98.2790504770001,4.33222410400003,0],[98.2790537290001,4.33224494000007,0],[98.2790760820001,4.33229760100005,0],[98.2791409490001,4.33242925600007,0],[98.2791943870001,4.33252525900002,0],[98.2792407370001,4.33260699800007,0],[98.2792587370001,4.33263168400003,0],[98.2792849450001,4.33264870700003,0],[98.279311492,4.33265996000006,0],[98.2793160670001,4.33266189900007,0],[98.2793526560001,4.33267015600006,0],[98.279383791,4.33267018600003,0],[98.279392257,4.33266779000007,0],[98.2794127440001,4.33266199100007,0],[98.2794378840001,4.33264556000006,0],[98.279457021,4.33262090900007,0],[98.279482741,4.33257213900004,0],[98.2795070830001,4.33250406400003,0],[98.2795360010001,4.33244680200005,0],[98.2795764970001,4.33236350000004,0],[98.279637241,4.33224348000005,0],[98.2797193010001,4.33210044900005,0],[98.2797844200001,4.33197550300002,0],[98.2798364120001,4.33186643900007,0],[98.279867358,4.33178778100006,0],[98.2798780290001,4.33176065700007,0],[98.279941529,4.33161323100006,0],[98.2800243400001,4.33141887300008,0],[98.280026406,4.33138795500003,0],[98.2800253340001,4.33135834600006,0],[98.2800101180001,4.33127773100006,0],[98.2799524800001,4.33100078500007,0],[98.2799435490001,4.33094453100006,0],[98.2799432530001,4.33094266400008,0],[98.279933493,4.33086698400007,0],[98.2799264590001,4.33079624600003,0],[98.2799199550001,4.33074524700004,0],[98.279909079,4.33068712500005,0],[98.2798976540001,4.33064763700003,0],[98.2798578650001,4.33055493100005,0],[98.2798382590001,4.33049515400006,0],[98.2798153860001,4.33042001300004,0],[98.2797838280001,4.33030457300003,0],[98.2797210160001,4.33008706400005,0],[98.2796681990001,4.32990661600007,0],[98.279640971,4.32982489500006,0],[98.2796071940001,4.32973055800005,0],[98.2795657730001,4.32962963600005,0],[98.2795129070001,4.32951005100006,0],[98.2794140600001,4.32928080100004,0],[98.2793810090001,4.32921055400004,0],[98.2793433910001,4.32913759800005,0],[98.2792992160001,4.32906189400006,0],[98.27922885,4.32896093600004,0],[98.279163376,4.32889014200003,0],[98.279144274,4.32887806600007,0],[98.279119703,4.32886432800007,0],[98.2790967750001,4.32884841300006,0],[98.279082589,4.32883085000003,0],[98.2790771470001,4.32881055400003,0],[98.2790739020001,4.32878314100003,0],[98.279068474,4.32873872000005,0],[98.2790570560001,4.32869156100003,0],[98.2790336150001,4.32863615800005,0],[98.278985649,4.32853851400006,0],[98.278854659,4.32830747900005,0],[98.278839281,4.32828507200003,0],[98.278803499,4.32823293600006,0],[98.278697133,4.32808314900007,0],[98.2785591080001,4.32790647400003,0],[98.2784804930001,4.32780031300007,0],[98.2784014540001,4.32769357800004,0],[98.278305447,4.32756738400008,0],[98.278144378,4.32735370600005,0],[98.2780926880001,4.32728699600005,0],[98.278019568,4.32721180800007,0],[98.2779568020001,4.32716404800004,0],[98.2778940370001,4.32711628800007,0],[98.2778279990001,4.32706029300005,0],[98.2777843480001,4.32701200900004,0],[98.27773525,4.32694835900003,0],[98.2776910590001,4.32688964400006,0],[98.277673748,4.32686107200004,0],[98.2776561580001,4.32683204100005,0],[98.277645927,4.32681439300006,0],[98.2775310480001,4.32661621800003,0],[98.2774794730001,4.32653294500005,0],[98.2774380110001,4.32647532700003,0],[98.277311447,4.32631072100003,0],[98.2771685180001,4.32612690400003,0],[98.277067586,4.32600617800006,0],[98.2770086520001,4.32594801000005,0],[98.2769546280001,4.32589970600003,0],[98.2769158790001,4.32586128700007,0],[98.276882599,4.32582342400002,0],[98.2768389570001,4.32576580400007,0],[98.276697718,4.32554862700005,0],[98.276676422,4.32552165800007,0],[98.2766540490001,4.32550025200004,0],[98.2766251090001,4.32548542500007,0],[98.27659944,4.32547991800004,0],[98.2765786840001,4.32548263900003,0],[98.276560105,4.32548919800007,0],[98.2765355170001,4.32550343100007,0],[98.276512015,4.32551327800007,0],[98.276488526,4.32551764300007,0],[98.2764623130001,4.32551652300003,0],[98.2764328250001,4.32550936700005,0],[98.2763967870001,4.32549178300007,0],[98.27637278,4.32547312500003,0],[98.2763569620001,4.32544678600004,0],[98.2763460670001,4.32541881400005,0],[98.2763351660001,4.32538699700007,0],[98.2763242660001,4.32536396500007,0],[98.2763117160001,4.32535079100006,0],[98.2762986100001,4.32534474400006,0],[98.2762784080001,4.32534363100007,0],[98.2762483610001,4.32534634300004,0],[98.2762123130001,4.32534740300002,0],[98.2761855570001,4.32533915400006,0],[98.276160986,4.32532652100002,0],[98.276126606,4.32529907800006,0],[98.2760971440001,4.32526395100007,0],[98.2760709620001,4.32522007100005,0],[98.2760398830001,4.32516192000003,0],[98.2760224520001,4.32511748700006,0],[98.2760050260001,4.32505716000003,0],[98.275981631,4.32496392700006,0],[98.275969451,4.32488406600004,0],[98.275957701,4.32485424800007,0],[98.275940258,4.32482242500004,0],[98.275899887,4.32476536900003,0],[98.2758224010001,4.32468523700004,0],[98.2756728830001,4.32454089000004,0],[98.2756123010001,4.32449148600006,0],[98.2755626310001,4.32445196100002,0],[98.27553535,4.32442617200007,0],[98.27549279,4.32437788000004,0],[98.2754491480001,4.32431971700004,0],[98.275330007,4.32415850100006,0],[98.275125087,4.32393844900002,0],[98.275050332,4.32385832900007,0],[98.2749892180001,4.32379850300003,0],[98.274904613,4.32373756000004,0],[98.274814007,4.32367551600004,0],[98.274796747,4.32366310300006,0],[98.274701017,4.32359425600004,0],[98.2745482890001,4.32349159900002,0],[98.274454286,4.32343830900004,0],[98.2743833120001,4.32339985900006,0],[98.2743325380001,4.32337459000007,0],[98.27426539,4.32334108200007,0],[98.2742086050001,4.32331635000003,0],[98.2741370780001,4.32329050900006,0],[98.2740622650001,4.32327069900003,0],[98.273910454,4.32323601500002,0],[98.273674525,4.32317859100004,0],[98.273600834,4.32316389200003,0],[98.273480684,4.32314458100007,0],[98.2733638110001,4.32312911800005,0],[98.2732977270001,4.32312247800007,0],[98.2732578590001,4.32312298200003,0],[98.2731742760001,4.32313387500005,0],[98.2730901450001,4.32315242900006,0],[98.2729191370001,4.32319723300003,0],[98.272754686,4.32324422300007,0],[98.2726410500001,4.32327372200007,0],[98.2725252230001,4.32330431300005,0],[98.2724023160001,4.32334174500005,0],[98.272336205,4.32336306700006,0],[98.272275554,4.32338548800004,0],[98.272182651,4.32343639100003,0],[98.2720456760001,4.32351921400004,0],[98.271974292,4.32359059800007,0],[98.271938601,4.32366912000003,0],[98.2717672790001,4.32373336600006,0],[98.2716387880001,4.32377619600004,0],[98.2708678430001,4.32334075500006,0],[98.271046303,4.32313374200004,0],[98.2710931610001,4.32301534300007,0],[98.2710391640001,4.32289103600004,0],[98.2709891960001,4.32284106800006,0],[98.270932089,4.32279823800008,0],[98.2708382490001,4.32282719300002,0],[98.2707792900001,4.32279642400005,0],[98.2707525440001,4.32277721200006,0],[98.2707339930001,4.32275416300007,0],[98.2707029680001,4.32263953700004,0],[98.2707132940001,4.32249039600003,0],[98.2707313830001,4.32242077700005,0],[98.270790526,4.32225963300004,0],[98.2707964590001,4.32212009100004,0],[98.270803598,4.32204156900002,0],[98.2707964590001,4.32192735500007,0],[98.2707322140001,4.32184169400006,0],[98.2706608300001,4.32177744900002,0],[98.270560893,4.32167751100008,0],[98.2705037860001,4.32159898900005,0],[98.2702111120001,4.32119210100007,0],[98.2701397280001,4.32109930200005,0],[98.270054067,4.32102791900007,0],[98.2699755450001,4.32097081100005,0],[98.269925577,4.32097795000004,0],[98.2698756080001,4.32099936500003,0],[98.269804224,4.32114927100002,0],[98.269682871,4.32117782500006,0],[98.2696329030001,4.32113499400003,0],[98.2695757960001,4.32097795000004,0],[98.2695757960001,4.32086373600004,0],[98.26964718,4.32077807500002,0],[98.26969001,4.32052823200007,0],[98.26969001,4.32044257100006,0],[98.269675733,4.32032121900005,0],[98.2696257640001,4.32019272800005,0],[98.269568657,4.32007851400004,0],[98.2694473050001,4.31990005400007,0],[98.2693687830001,4.31978584000007,0],[98.269304537,4.31963593400008,0],[98.2692402920001,4.31947888900004,0],[98.2689975870001,4.31912910900007,0],[98.268933341,4.31902917100007,0],[98.2688690960001,4.31893637200005,0],[98.2686263910001,4.31867225200006,0],[98.2685050380001,4.31855803800005,0],[98.2683551320001,4.31840813200006,0],[98.2682337800001,4.31821539600003,0],[98.2681124270001,4.31802265900006,0],[98.26801249,4.31785847600003,0],[98.267876861,4.31765146300006,0],[98.2677626460001,4.31745158900003,0],[98.2675627720001,4.31683054900003,0],[98.2675484950001,4.31676630400005,0],[98.2675413570001,4.31661639800006,0],[98.2675913250001,4.31650218400006,0],[98.267634156,4.31636655400007,0],[98.267669847,4.31623092500007,0],[98.2676841240001,4.31609529600007,0],[98.2676984010001,4.31595966700007,0],[98.267655571,4.31563606000003,0],[98.267617499,4.31548377400003,0],[98.2675603920001,4.31538859600005,0],[98.2675318390001,4.31516016800003,0],[98.2674652140001,4.31505547100005,0],[98.2674081070001,4.31493173900003,0],[98.267331964,4.31485559700008,0],[98.2672272680001,4.31480800700007,0],[98.2670083570001,4.31479849000004,0],[98.2669036610001,4.31480800700007,0],[98.2667799290001,4.31481752500002,0],[98.2666371610001,4.31480800700007,0],[98.2665419830001,4.31480800700007,0],[98.26633259,4.31478897200003,0],[98.2658662160001,4.31476517700003,0],[98.265753798,4.31381293200008,0],[98.2656235110001,4.31270932300004,0],[98.2657710380001,4.31265697500004,0],[98.2658662160001,4.31260938500003,0],[98.2659423590001,4.31260938500003,0],[98.2660089840001,4.31260938500003,0],[98.266037537,4.31260938500003,0],[98.2660851260001,4.31261890300004,0],[98.266104162,4.31262842100006,0],[98.2661617840001,4.31269339300007,0],[98.2663788140001,4.31268697100006,0],[98.2665039120001,4.31273311700005,0],[98.26660795,4.31271561800003,0],[98.2666453620001,4.31267908200005,0],[98.2667863660001,4.31255177600002,0],[98.2669553310001,4.31235126100006,0],[98.2670464290001,4.31220963600003,0],[98.2670559470001,4.31206686800004,0],[98.2670178750001,4.31193361900006,0],[98.2669702860001,4.31176229700003,0],[98.267003656,4.31150857600005,0],[98.266999862,4.31148006000006,0],[98.2669868140001,4.31141370300003,0],[98.2669617660001,4.31133472500005,0],[98.2669421460001,4.31129084200006,0],[98.2669110530001,4.31124749900005,0],[98.2668695840001,4.31120853400006,0],[98.2668270060001,4.31117942800006,0],[98.2668214130001,4.31117634200007,0],[98.2667593130001,4.31114208300005,0],[98.2667096420001,4.31111407400005,0],[98.2666796190001,4.31109210800003,0],[98.2666572520001,4.31106522000005,0],[98.2666490830001,4.31104163800006,0],[98.2666502020001,4.31101257400007,0],[98.2666616990001,4.31098571800004,0],[98.2666852130001,4.31095339200004,0],[98.2666994350001,4.31093257300006,0],[98.266704367,4.31091996800006,0],[98.2667054720001,4.31090516900002,0],[98.2667000260001,4.31088980400006,0],[98.2666902320001,4.31087750100005,0],[98.2666607210001,4.31086592700007,0],[98.2666535160001,4.31086439400002,0],[98.266605015,4.31085682100007,0],[98.2665367500001,4.31085127300003,0],[98.2664892390001,4.31084519300003,0],[98.2664138710001,4.31083360500003,0],[98.2663549010001,4.31081436100004,0],[98.2662899310001,4.31078413900002,0],[98.2662402600001,4.31075667200002,0],[98.2661802110001,4.31071659400004,0],[98.266143647,4.31068421000003,0],[98.266120738,4.31065786400006,0],[98.266094008,4.31062274800007,0],[98.2660678190001,4.31058763300007,0],[98.2660432710001,4.31056019100004,0],[98.2660197150001,4.31054222500006,0],[98.2660116110001,4.31053604400006,0],[98.2659630380001,4.31050035500004,0],[98.2658621020001,4.31040602500002,0],[98.2658411020001,4.31039127800005,0],[98.2658214420001,4.31038796600006,0],[98.2658006840001,4.31039288500006,0],[98.2657755320001,4.31041369400003,0],[98.2657509210001,4.31045260400003,0],[98.2657241100001,4.31050192400005,0],[98.2657063500001,4.31054222500006,0],[98.2656912640001,4.31057645900006,0],[98.26568632,4.31061045000007,0],[98.265690669,4.31063347600002,0],[98.2657053890001,4.31065597000003,0],[98.265733765,4.31068560500006,0],[98.2657817780001,4.31074158300004,0],[98.2658270570001,4.31080084300004,0],[98.2658532250001,4.31084856800004,0],[98.2658581140001,4.31087160400006,0],[98.2658559160001,4.31088914200006,0],[98.2658449800001,4.31090394000006,0],[98.2658367820001,4.31091106000002,0],[98.2658236680001,4.31091378800005,0],[98.26581056,4.31090994000004,0],[98.2657838140001,4.31089181300007,0],[98.2657166910001,4.31083253300005,0],[98.2656222940001,4.31073265400005,0],[98.2655360850001,4.31064648900002,0],[98.2654733210001,4.31058940200006,0],[98.2654187430001,4.31054823400007,0],[98.2654081860001,4.31054222500006,0],[98.2653232120001,4.31049385700004,0],[98.265211848,4.31043069800006,0],[98.265113597,4.31036535300007,0],[98.265084668,4.31034888000005,0],[98.2650540920001,4.31034007500006,0],[98.2650114960001,4.31033016500004,0],[98.2649770960001,4.31031587500007,0],[98.264948169,4.31029720300006,0],[98.264910517,4.31026317200002,0],[98.2647920590001,4.31013519100003,0],[98.264699395,4.31004239700007,0],[98.2646153640001,4.30995897400004,0],[98.264531327,4.30987116400007,0],[98.2644745890001,4.30980805800004,0],[98.264441859,4.30976306800005,0],[98.264401508,4.30969503900008,0],[98.2643600630001,4.30962207800007,0],[98.2643099150001,4.30951949200005,0],[98.2642663080001,4.30942624000005,0],[98.264211259,4.30930392000005,0],[98.2641698400001,4.30921286700004,0],[98.2641100450001,4.30909665800004,0],[98.2640370000001,4.30899212300005,0],[98.2639872980001,4.30892176000003,0],[98.2639241140001,4.30880614500006,0],[98.2638800430001,4.30873693600006,0],[98.2637648830001,4.30854499300006,0],[98.263672709,4.30840234700003,0],[98.263636175,4.30833870900005,0],[98.263626576,4.30831273800004,0],[98.263582763,4.30815375600002,0],[98.2635468190001,4.30804790000008,0],[98.2635277470001,4.30799633700002,0],[98.26350812,4.30795958200002,0],[98.2634813880001,4.30792666500002,0],[98.2634455470001,4.30789181200004,0],[98.2633422260001,4.30781467500003,0],[98.2632958410001,4.30777186100005,0],[98.2632854710001,4.30776033500007,0],[98.2632742710001,4.30774008800006,0],[98.263234799,4.30763089100003,0],[98.2632113600001,4.30758481500004,0],[98.2631851850001,4.30753489200004,0],[98.2631617340001,4.30750087400003,0],[98.263131188,4.30746081500007,0],[98.2630962700001,4.30742295100004,0],[98.2630547940001,4.30738288200007,0],[98.263002955,4.30733239100005,0],[98.2629668270001,4.30728793000003,0],[98.2628420810001,4.30707454000003,0],[98.2628039040001,4.30701473500005,0],[98.262781562,4.30696153200006,0],[98.2627723050001,4.30692697600006,0],[98.262768523,4.30689546500003,0],[98.262772957,4.30682061300007,0],[98.2627686150001,4.30679154400002,0],[98.262759353,4.30677015000003,0],[98.262744732,4.30674696000005,0],[98.2626579070001,4.30661817700008,0],[98.2625641010001,4.30647553000006,0],[98.2625341080001,4.30642341300006,0],[98.2625193960001,4.30639214500007,0],[98.2625095710001,4.30636689700003,0],[98.2624813210001,4.30622542500004,0],[98.2624704460001,4.30617716300003,0],[98.2624562870001,4.30613274200005,0],[98.2624333950001,4.30608008100006,0],[98.26236586,4.30592590700007,0],[98.2623173160001,4.30581349900007,0],[98.2622633560001,4.30570245100006,0],[98.262158711,4.30546462900003,0],[98.262114657,4.30536900500005,0],[98.262019723,4.30516347700006,0],[98.2619603050001,4.30503950700006,0],[98.2618660480001,4.30484235600005,0],[98.261812574,4.30474053600005,0],[98.2617880500001,4.30468951900002,0],[98.2617691610001,4.30464419800006,0],[98.2617416140001,4.30449426000007,0],[98.261723654,4.30442900300005,0],[98.2617149390001,4.30440267000006,0],[98.261696397,4.30437139800006,0],[98.2616658570001,4.30432531500003,0],[98.2616435030001,4.30428417000007,0],[98.2616326090001,4.30425619800008,0],[98.2616288130001,4.30422055300005,0],[98.2616281260001,4.30418560700002,0],[98.2616376810001,4.30408952000005,0],[98.2616338890001,4.30405935700003,0],[98.2616284490001,4.30403796700006,0],[98.2616191750001,4.30402041800005,0],[98.2616006270001,4.30400504900007,0],[98.2615760570001,4.30399186300002,0],[98.261540026,4.30397702800002,0],[98.2615078110001,4.30396767100007,0],[98.2614783260001,4.30395777300004,0],[98.261459212,4.30394953100006,0],[98.2614417520001,4.30393635200005,0],[98.2613931830001,4.30388805400003,0],[98.261334596,4.30381845100004,0],[98.261292815,4.30375856100005,0],[98.2612584560001,4.30370095900003,0],[98.261206493,4.30361228400005,0],[98.261168479,4.30355118600005,0],[98.2611510260001,4.30353033600005,0],[98.2611291950001,4.30350837900005,0],[98.261096444,4.30348532400006,0],[98.2609698160001,4.30340349800002,0],[98.260916325,4.30336561500008,0],[98.260893405,4.30334201900007,0],[98.2608679780001,4.30331118300006,0],[98.260812157,4.30320541700007,0],[98.2607658260001,4.30310667900005,0],[98.2607042380001,4.30297228500007,0],[98.2606651710001,4.30288245600002,0],[98.26061379,4.30274026600006,0],[98.2605816490001,4.30267277800004,0],[98.2605298400001,4.30257405300006,0],[98.26046168,4.30246048600003,0],[98.260422959,4.30239520000003,0],[98.2603886200001,4.30232663300006,0],[98.2603682920001,4.30227919400005,0],[98.2603014790001,4.30206830200007,0],[98.2602546540001,4.30191198600005,0],[98.260246495,4.30187908600004,0],[98.260242528,4.30184388400005,0],[98.2602411560001,4.30175241800004,0],[98.2602346420001,4.30171403900005,0],[98.2602248460001,4.30167783600007,0],[98.2601966400001,4.30160399300007,0],[98.2600995330001,4.30135367500003,0],[98.2600755700001,4.30128073200007,0],[98.260052251,4.30120487600004,0],[98.260023872,4.30108548600003,0],[98.2600042760001,4.30101692500006,0],[98.2599421910001,4.30082825400007,0],[98.2599116090001,4.30075155000003,0],[98.2598686380001,4.30064450300006,0],[98.2598403100001,4.30056661600003,0],[98.2598253880001,4.30051934500005,0],[98.2598085450001,4.30044570300004,0],[98.2597966000001,4.30037605500007,0],[98.259784122,4.30028996000004,0],[98.2597825350001,4.30027529300003,0],[98.259775458,4.30020990300005,0],[98.2597651360001,4.30015890100003,0],[98.259754237,4.30012599000003,0],[98.2597357080001,4.30008155500008,0],[98.2597215360001,4.30006016600004,0],[98.2597128030001,4.30005192500005,0],[98.259700788,4.30004588900005,0],[98.2596376560001,4.30004248800003,0],[98.2596031580001,4.30003737700002,0],[98.2595734100001,4.30003297000007,0],[98.259513487,4.30001116000005,0],[98.2595019030001,4.29999562500007,0],[98.259482394,4.29996946400007,0],[98.2594709000001,4.29995597600004,0],[98.2594427550001,4.29992294900006,0],[98.2594398370001,4.29991952400007,0],[98.2593935390001,4.29987099100003,0],[98.2593880030001,4.29986518800007,0],[98.2593361720001,4.29980756900005,0],[98.2593122270001,4.29977337900004,0],[98.2592569130001,4.29964565800003,0],[98.2592318410001,4.29959245200007,0],[98.259211656,4.29956447100005,0],[98.259187764,4.29948934300006,0],[98.2591492180001,4.29936813800003,0],[98.259144194,4.29928916100005,0],[98.2591295490001,4.29918825600004,0],[98.2591100020001,4.29906861200004,0],[98.2590993910001,4.29898993700004,0],[98.2590874350001,4.29893181400007,0],[98.2590580440001,4.29882541300003,0],[98.259028657,4.29871572800005,0],[98.258989946,4.29860244300005,0],[98.2589645510001,4.29848511900002,0],[98.2589512070001,4.29844679600006,0],[98.2589358800001,4.29840797400004,0],[98.2589074190001,4.29836271200003,0],[98.2589031000001,4.29835584400007,0],[98.2588757660001,4.29829897400003,0],[98.258853263,4.29825215700004,0],[98.2588339640001,4.29822079300004,0],[98.2588121860001,4.29819141800004,0],[98.2587908980001,4.29816652000005,0],[98.2587601800001,4.29814758400005,0],[98.2587560030001,4.29814538200003,0],[98.2587289720001,4.29813113500006,0],[98.2586705190001,4.29810022200007,0],[98.2585858050001,4.29806954500003,0],[98.2585749230001,4.29805011400003,0],[98.2585709700001,4.29803717400006,0],[98.258569992,4.29802423700005,0],[98.2585744880001,4.29798742400004,0],[98.2585779,4.29797838800005,0],[98.258589891,4.29794663200005,0],[98.2586067820001,4.29790585100005,0],[98.2586197040001,4.29786805100002,0],[98.2586311490001,4.29782079700004,0],[98.2586361350001,4.29778945700002,0],[98.25863666,4.29775910800004,0],[98.2586352020001,4.29772975200007,0],[98.258629295,4.29768744700004,0],[98.258618928,4.29764564400006,0],[98.2586031040001,4.29760831400006,0],[98.258582817,4.29757446200006,0],[98.2585509200001,4.29753124400003,0],[98.258527412,4.29746694100004,0],[98.2585076330001,4.29741019400007,0],[98.258504616,4.29740072000004,0],[98.2584895030001,4.29735326000002,0],[98.258471533,4.29729682800007,0],[98.258460949,4.29724829900005,0],[98.258455773,4.29722456400003,0],[98.258446425,4.29715290100006,0],[98.2584410260001,4.29709866400003,0],[98.2584341260001,4.29705885500005,0],[98.258426232,4.29702153200003,0],[98.258413879,4.29698271300003,0],[98.258399044,4.29694886600004,0],[98.2583585630001,4.29686434400003,0],[98.258331786,4.29679803900007,0],[98.2583169540001,4.29676021200004,0],[98.2583021200001,4.29672487300007,0],[98.2582852940001,4.29669898500003,0],[98.258282233,4.29669640000003,0],[98.2582504280001,4.29666953200007,0],[98.258201103,4.29662410100002,0],[98.2581733790001,4.29659223200002,0],[98.2581397260001,4.29654244600005,0],[98.258124389,4.29651406300007,0],[98.2581105360001,4.29648917300005,0],[98.258091231,4.29646477500006,0],[98.2580674590001,4.29644684000004,0],[98.2580362510001,4.29643039100006,0],[98.2579951220001,4.29641393300005,0],[98.2579042940001,4.29637776700002,0],[98.2578851530001,4.29635412200003,0],[98.257874271,4.29633222000007,0],[98.2578539790001,4.29630284600006,0],[98.25782874,4.29626500800003,0],[98.2578064580001,4.29624358400002,0],[98.25777922,4.29622166600006,0],[98.2577366080001,4.29620122500006,0],[98.257702415,4.29619671400008,0],[98.257679124,4.29619420400007,0],[98.2576533610001,4.29618522300007,0],[98.2576375140001,4.29617227200004,0],[98.2576226670001,4.29614986900003,0],[98.2576068390001,4.29611751400006,0],[98.257562556,4.29605087200002,0],[98.257532595,4.29601544700006,0],[98.2575068400001,4.29599799900006,0],[98.257470175,4.29597806200007,0],[98.2574054720001,4.29595008200005,0],[98.2573829990001,4.29592474100002,0],[98.2573696430001,4.29589835900003,0],[98.2573577800001,4.29586501300003,0],[98.2573429590001,4.29581673800004,0],[98.2573301180001,4.29576995700006,0],[98.2573118220001,4.29572714200003,0],[98.2572910380001,4.29569378700006,0],[98.257262327,4.29565793700004,0],[98.2572232190001,4.29560167800003,0],[98.2571781350001,4.29552582700006,0],[98.257164856,4.29547921900007,0],[98.2571530110001,4.29542746400006,0],[98.2571273240001,4.29533987300005,0],[98.257111502,4.29530105000003,0],[98.257088255,4.29525276700002,0],[98.256994444,4.29510564900005,0],[98.256972466,4.29505313400006,0],[98.2569680280001,4.29502974600007,0],[98.256963467,4.29496604800005,0],[98.2569585400001,4.29493569400006,0],[98.2569501390001,4.29491080900004,0],[98.2569367740001,4.29489338200005,0],[98.2569018470001,4.29488109000005,0],[98.2568669340001,4.29485052700005,0],[98.2568307880001,4.29481616200007,0],[98.2568015720001,4.29478080800004,0],[98.256783753,4.29475641200003,0],[98.2567703980001,4.29472903400006,0],[98.256760511,4.29470314400004,0],[98.256669333,4.29450758700006,0],[98.2565977360001,4.29441291500007,0],[98.256569019,4.29438303500007,0],[98.2565328690001,4.29434269900003,0],[98.2565180220001,4.29432129100007,0],[98.2565056560001,4.29429640200004,0],[98.2565002220001,4.29427749100006,0],[98.2564819790001,4.29417945000006,0],[98.2564730880001,4.29414909200005,0],[98.2564451420001,4.29407402600003,0],[98.2564162340001,4.29400276200005,0],[98.25640094,4.29396477800003,0],[98.256393985,4.29394750500006,0],[98.2563640050001,4.29387887800004,0],[98.2563400760001,4.29383103000004,0],[98.25631932,4.29376981300004,0],[98.256298067,4.29369963100004,0],[98.2562230380001,4.29346643100007,0],[98.2562002610001,4.29336419000003,0],[98.2561869340001,4.29330795600004,0],[98.2561711220001,4.29325918200004,0],[98.2561493690001,4.29320343700005,0],[98.256122663,4.29314469300004,0],[98.2560827030001,4.29304336400003,0],[98.2560608630001,4.29298791000002,0],[98.2560475100001,4.29294958700007,0],[98.2560262440001,4.29290229200006,0],[98.256014367,4.29288436900003,0],[98.255990909,4.29285846900007,0],[98.2559850010001,4.29285194500005,0],[98.255978235,4.29283507800005,0],[98.255972306,4.29281616600002,0],[98.2559663920001,4.29278133300005,0],[98.255965437,4.29274401700008,0],[98.255963503,4.29269426200005,0],[98.2559595690001,4.29266190900006,0],[98.2559511870001,4.29261712300007,0],[98.2559408130001,4.29258228600003,0],[98.2559313120001,4.29254662000005,0],[98.2559221880001,4.29251236900006,0],[98.255900201,4.29242982800002,0],[98.2558800480001,4.29238071700007,0],[98.2558627450001,4.29233642000003,0],[98.255818236,4.29223687000007,0],[98.255775193,4.29215074600006,0],[98.2557223970001,4.29203536500006,0],[98.255703967,4.29200440200003,0],[98.2556688180001,4.29196357000006,0],[98.255574439,4.29187295200006,0],[98.2555306580001,4.29183506200008,0],[98.255487089,4.29178924700005,0],[98.255453914,4.29175687500003,0],[98.2554321210001,4.29174242500005,0],[98.2554083480001,4.29172598300005,0],[98.2553870560001,4.29170655900003,0],[98.2553712160001,4.29168564700007,0],[98.2553608300001,4.29166324800002,0],[98.255351938,4.29163337800003,0],[98.255345516,4.29161247500002,0],[98.255331653,4.29159703800002,0],[98.255269577,4.29153682900005,0],[98.2552346080001,4.29149096900005,0],[98.2551139080001,4.29138773400007,0],[98.255028247,4.29123544900006,0],[98.2549425860001,4.29106412700003,0],[98.2548854790001,4.29093087800004,0],[98.2548664440001,4.29084521700003,0],[98.2547903010001,4.29069293200007,0],[98.2547522300001,4.29059775300004,0],[98.254695123,4.29048353900004,0],[98.254628498,4.29035028900006,0],[98.254590426,4.29029318200003,0],[98.2545333190001,4.29024559300007,0],[98.254476212,4.29016945000006,0],[98.2543810340001,4.29013137900006,0],[98.2542287480001,4.29005523600006,0],[98.254028873,4.28998861100007,0],[98.2538385170001,4.28994102200005,0],[98.253667195,4.28989343300003,0],[98.2534958740001,4.28991246800007,0],[98.2533911780001,4.28992198600002,0],[98.253334071,4.28997909300006,0],[98.2533245530001,4.29007427200003,0],[98.2534292490001,4.29017896800002,0],[98.2532388920001,4.29021703900003,0],[98.253143714,4.29007427200003,0],[98.253077089,4.28997909300006,0],[98.253015094,4.28991709900004,0],[98.2519179550001,4.29040652300006,0],[98.2507209680001,4.29127547500002,0],[98.2500593980001,4.29175574100003,0],[98.247802316,4.29339426800004,0],[98.2458944380001,4.29393090500002,0],[98.245055053,4.29395485600003,0],[98.2440859420001,4.29398250900005,0],[98.2438678190001,4.29398873300005,0],[98.243064819,4.29366536300006,0],[98.242676197,4.29350886400005,0],[98.2420808590001,4.29279024300007,0],[98.2412472810001,4.29189187800006,0],[98.2408958710001,4.29155059200002,0],[98.2406546330001,4.29131630400002,0],[98.2395204090001,4.29021475800005,0],[98.2391699840001,4.28942791400004,0],[98.2388085470001,4.28861634200007,0],[98.23874727,4.28847875100007,0],[98.2383314030001,4.28710211500004,0],[98.2383935540001,4.28452924100003,0],[98.2380836790001,4.28400960600004,0],[98.2378580070001,4.28363117200007,0],[98.237574206,4.28353029900006,0],[98.23731488,4.28343812500003,0],[98.2368450980001,4.28327114700005,0],[98.235175955,4.28350882000007,0],[98.2337451080001,4.28386640100007,0],[98.2334007170001,4.28400960600004,0],[98.2326694430001,4.28431368500003,0],[98.2311958130001,4.28492645200004,0],[98.2300381630001,4.28540782700003,0],[98.229869249,4.28547806500006,0],[98.229712825,4.28574664200005,0],[98.2294513030001,4.28619567000004,0],[98.2301615790001,4.29116274100005,0],[98.229803174,4.29194024100002,0],[98.2288896570001,4.29229802600003,0],[98.2287177370001,4.29236536000008,0],[98.228431733,4.29247737500003,0],[98.225989401,4.29103884700004,0],[98.2243216910001,4.28984044300006,0],[98.224282321,4.28980493600005,0],[98.2236402400001,4.28922586300007,0],[98.222594745,4.28828296300003,0],[98.2216411430001,4.28822215500003,0],[98.221553832,4.28822790900006,0],[98.221337002,4.28824219800003,0],[98.2207470230001,4.28828107800007,0],[98.220031109,4.28893853700004,0],[98.218897235,4.29031359200008,0],[98.218512559,4.29047403400006,0],[98.2181816830001,4.29061203600003,0],[98.2174338900001,4.29031086800006,0],[98.2172879870001,4.29025210700007,0],[98.2166330740001,4.28953341000005,0],[98.2159784070001,4.28857537200003,0],[98.2156216990001,4.28767747400002,0],[98.2146088010001,4.28731742100007,0],[98.2141292370001,4.28761300300005,0],[98.2140371710001,4.28766974900003,0],[98.2138334630001,4.28779530500003,0],[98.2128184840001,4.28946964900007,0],[98.2114445860001,4.29240016100005,0],[98.2102501670001,4.29467266700004,0],[98.210308479,4.29592926800007,0],[98.211201315,4.29712690000002,0],[98.2117367100001,4.29814465400005,0],[98.2114701080001,4.29862522600007,0],[98.211438134,4.29868286300007,0],[98.2105899540001,4.29881500300007,0],[98.2095304790001,4.29898006100007,0],[98.2092322300001,4.29894766900003,0],[98.207861736,4.29879882100005,0],[98.206777973,4.29850749000002,0],[98.2060740950001,4.29831827700002,0],[98.2046440220001,4.29789793800006,0],[98.2042641740001,4.29793990500002,0],[98.202754369,4.29810671100006,0],[98.202175933,4.29817061800003,0],[98.2019615120001,4.29819430800006,0],[98.2008281550001,4.29903081100002,0],[98.199991653,4.30115164500006,0],[98.1999317170001,4.30130360500004,0],[98.1996824880001,4.30177499500007,0],[98.1993942130001,4.30232023700006,0],[98.198792278,4.30254668800006,0],[98.1982028070001,4.30166079600002,0],[98.1980264330001,4.29932704100003,0],[98.19838531,4.29813071600006,0],[98.1986257890001,4.29615641000004,0],[98.1983882470001,4.29531846900005,0],[98.1975539760001,4.29513808500008,0],[98.1974845550001,4.29519157600004,0],[98.1970122060001,4.29555553700004,0],[98.1960030160001,4.29633315200005,0],[98.1949288230001,4.29758855400007,0],[98.1947959170001,4.29752166800006,0],[98.194333095,4.29728874900007,0],[98.1940956830001,4.29633113700004,0],[98.1939781070001,4.29477530100007,0],[98.1930849270001,4.29393666500005,0],[98.1924452200001,4.29368889200003,0],[98.19231039,4.29363666900002,0],[98.1909398780001,4.29327620600003,0],[98.1889135360001,4.29309454800006,0],[98.1875197200001,4.29283090800004,0],[98.1781937600001,4.29073078400006,0],[98.1741927740001,4.28982979700004,0],[98.170050378,4.28941880300005,0],[98.169709303,4.28938496300003,0],[98.1651135450001,4.28892898900006,0],[98.1649733350001,4.28891507800006,0],[98.163854153,4.28895301600005,0],[98.1567213930001,4.28919480100006,0],[98.156034177,4.28917225800006,0],[98.1552445880001,4.28914635600006,0],[98.154740556,4.28912982200006,0],[98.1543385560001,4.28879672300008,0],[98.153632665,4.28821181800004,0],[98.1536092280001,4.28808769900007,0],[98.1534737170001,4.28737006400007,0],[98.152389144,4.28162643400003,0],[98.152630646,4.27881448200003,0],[98.152871093,4.27695988000005,0],[98.1532904090001,4.27504564000003,0],[98.153709,4.27378957900004,0],[98.1531145580001,4.27235289400005,0],[98.152649667,4.27199220300002,0],[98.1521260110001,4.27158591900007,0],[98.151017816,4.27122568500005,0],[98.1506128820001,4.27046872600005,0],[98.150268376,4.26982472800006,0],[98.1501618440001,4.26914249800006,0],[98.15080692,4.26788668900002,0],[98.151084724,4.26759881700002,0],[98.1518451650001,4.26681081700002,0],[98.1519172770001,4.26627238700007,0],[98.1503804740001,4.26544497100002,0],[98.1481118310001,4.26430910700003,0],[98.1480655380001,4.26417471600007,0],[98.147293173,4.26193248700002,0],[98.147166289,4.26156413500007,0],[98.1455095090001,4.26058150900008,0],[98.1451650120001,4.26037719000004,0],[98.1437710320001,4.25976532700003,0],[98.1414455680001,4.25906051300007,0],[98.1397761100001,4.25855452500002,0],[98.138881752,4.25867636600003,0],[98.138251714,4.25876219800006,0],[98.13805046,4.25878961500007,0],[98.1353872240001,4.25797063300007,0],[98.1311113900001,4.25661146900006,0],[98.1266108340001,4.25605563600004,0],[98.1263296000001,4.25604099100002,0],[98.124375914,4.25593925600003,0],[98.1221938890001,4.25582563000006,0],[98.1195781860001,4.25541797000005,0],[98.1150484630001,4.25553243900004,0],[98.1129630880001,4.25499153200008,0],[98.1127138850001,4.25486906200007,0],[98.1079595370001,4.25253255900003,0],[98.1075472780001,4.25226850900003,0],[98.1073044250001,4.25211296300006,0],[98.1065294260001,4.25229156500006,0],[98.1063132140001,4.25233425300007,0],[98.1051933370001,4.25255535800005,0],[98.1030372230001,4.25333907400005,0],[98.1024752150001,4.25354335600002,0],[98.0966229630001,4.25445266100007,0],[98.0959776970001,4.25455292000004,0],[98.0944281120001,4.25455109700005,0],[98.0936001620001,4.25404600300004,0],[98.092462734,4.25335211000004,0],[98.0915688150001,4.25329122200003,0],[98.0890052060001,4.25400619300007,0],[98.0881355530001,4.25458369200004,0],[98.0866791440001,4.25543943800005,0],[98.0836404290001,4.25471782200003,0],[98.0787550740001,4.25321615300004,0],[98.0743468210001,4.25147569900003,0],[98.0729244250001,4.25081454800005,0],[98.0720237560001,4.25039590400007,0],[98.0708934580001,4.24865937800007,0],[98.0704461510001,4.24789732700003,0],[98.0701202540001,4.24734211500004,0],[98.0697195590001,4.24588723100004,0],[98.0695436120001,4.24524838500002,0],[98.0699610060001,4.24471144200004,0],[98.0719143520001,4.24219862100006,0],[98.0728700610001,4.24040477300002,0],[98.0735875870001,4.23843113700002,0],[98.075139903,4.23609950000002,0],[98.0767509550001,4.23448592700004,0],[98.0793741670001,4.23371122300006,0],[98.082712616,4.23287752400006,0],[98.0827357490001,4.23286014800004,0],[98.0848600240001,4.23126456500006,0],[98.0865896120001,4.23018960700006,0],[98.089168058,4.22927757700006,0],[98.0917766090001,4.22846054000007,0],[98.0925549230001,4.22540994000002,0],[98.092800815,4.21894819900007,0],[98.0927864920001,4.21883022800006,0],[98.0923285550001,4.21505846200006,0],[98.092315474,4.21489698800002,0],[98.092212869,4.21363039500005,0],[98.0921974970001,4.21344064000004,0],[98.0923567460001,4.21316083300007,0],[98.0928257840001,4.21233671800007,0],[98.0932873,4.21152581800004,0],[98.0939454680001,4.21036939400005,0],[98.0946365920001,4.20883768500005,0],[98.094748495,4.20858968000005,0],[98.0946370080001,4.20793216800007,0],[98.0944075460001,4.20657887200002,0],[98.0928647520001,4.20491130700003,0],[98.0915509440001,4.20312912600002,0],[98.0913239590001,4.20152053400005,0],[98.0913247660001,4.20150819500003,0],[98.0914404420001,4.19974002100003,0],[98.0914411730001,4.19910821700006,0],[98.0914423020001,4.19813169600008,0],[98.0909287300001,4.19698229200003,0],[98.0910105200001,4.19660123700004,0],[98.0911012940001,4.19617832900002,0],[98.0917891540001,4.19503032500006,0],[98.0917468630001,4.19478807200005,0],[98.0916186490001,4.19405364200003,0],[98.091189033,4.19357578600005,0],[98.089447426,4.19163862000005,0],[98.0875616040001,4.18979833200007,0],[98.0849815030001,4.18839555600005,0],[98.0828583110001,4.18832192100007,0],[98.0821855570001,4.18829858900006,0],[98.0804117010001,4.18858370400005,0],[98.076415506,4.19107797500004,0],[98.0762618350001,4.19117389000007,0],[98.076152322,4.19115778500003,0],[98.0746688230001,4.19093962200003,0],[98.0741032550001,4.19046528600006,0],[98.0732065550001,4.18971323400007,0],[98.0729542020001,4.18950158800004,0],[98.072356358,4.18897512000007,0],[98.071430175,4.18815951200003,0],[98.0689441640001,4.18711619800007,0],[98.0657104680001,4.18705176300006,0],[98.0639947370001,4.18657104400006,0],[98.0625176680001,4.18585127600005,0],[98.0622198780001,4.18544254400007,0],[98.0619940990001,4.18513265100006,0],[98.0617096810001,4.18386680300006,0],[98.0616722230001,4.18370008800002,0],[98.0625673310001,4.18121689000003,0],[98.0631271710001,4.17966378700004,0],[98.06368315,4.17812139600005,0],[98.0638298580001,4.17771440100006,0],[98.064053658,4.17709353900005,0],[98.0656163130001,4.17451380200004,0],[98.065821063,4.17417578700002,0],[98.0669201690001,4.17197523300007,0],[98.0679716510001,4.16972675200003,0],[98.068741323,4.16780139700006,0],[98.06909735,4.16691078600007,0],[98.069214834,4.16661689700004,0],[98.0701719630001,4.16350669800005,0],[98.0716049200001,4.16116292500004,0],[98.0724163780001,4.16030228300002,0],[98.072393891,4.15913480900002,0],[98.0722974390001,4.15879127300002,0],[98.0722150560001,4.15849784900007,0],[98.0718479370001,4.15719027800003,0],[98.071476756,4.15613818200006,0],[98.0710876860001,4.15503538100006,0],[98.0713765230001,4.15264238800006,0],[98.0724453980001,4.15036292400004,0],[98.0724757410001,4.15029821400003,0],[98.0725280770001,4.15024261100007,0],[98.0740508970001,4.14862473100004,0],[98.07434219,4.14827187500003,0],[98.0747915760001,4.14772751500004,0],[98.0751377760001,4.14730814900003,0],[98.0751159880001,4.14716269800005,0],[98.074885554,4.14562436500006,0],[98.074826735,4.14523170100006,0],[98.0748176800001,4.14517124800005,0],[98.0747298100001,4.14510162500005,0],[98.074369184,4.14481588600006,0],[98.072579132,4.14339755300006,0],[98.071900139,4.14299565300007,0],[98.0703725170001,4.14209144300003,0],[98.070213418,4.14199727100004,0],[98.069138336,4.14136092300004,0],[98.0671006150001,4.14013616900007,0],[98.0653864180001,4.13895856300007,0],[98.0653226100001,4.13891472900002,0],[98.0651276070001,4.13867645300007,0],[98.0644448510001,4.13784218400002,0],[98.064243263,4.13759586100002,0],[98.064163432,4.13754228600004,0],[98.0629571320001,4.13673274000007,0],[98.0607651820001,4.13591640800007,0],[98.058287207,4.13509973200007,0],[98.0573577200001,4.13474972200004,0],[98.0569538680001,4.13385361500002,0],[98.05700448,4.13136461700003,0],[98.0570208600001,4.12931100000003,0],[98.056961894,4.12705658000004,0],[98.0527732880001,4.11601049500007,0],[98.052046944,4.11409500000002,0],[98.0525467610001,4.11159044900006,0],[98.0527630180001,4.11040413100005,0],[98.0528346470001,4.11001119800005,0],[98.0527573130001,4.10923592600005,0],[98.0526103760001,4.10776287700003,0],[98.0526011110001,4.10767000000004,0],[98.0524587630001,4.10536770200002,0],[98.0505555290001,4.10234985100004,0],[98.0486518540001,4.09971492800003,0],[98.0476650000001,4.09751611100006,0],[98.0465602900001,4.09473432600004,0],[98.0459029900001,4.09277804600003,0],[98.0455627520001,4.09176541900007,0],[98.0452309950001,4.09013756500002,0],[98.0452161110001,4.08822611100004,0],[98.0452840440001,4.08559032100004,0],[98.0451426440001,4.08429847300005,0],[98.0450482470001,4.08343605200002,0],[98.0444488890001,4.08037111100003,0],[98.0448830830001,4.07794256000005,0],[98.0448998800001,4.07784861100004,0],[98.0450347060001,4.07709449300006,0],[98.0452958020001,4.07563412200005,0],[98.045383889,4.07408305600006,0],[98.0453176170001,4.07397639900006,0],[98.045304774,4.07395573000002,0],[98.0447743730001,4.07310211600003,0],[98.0436950000001,4.07136500000007,0],[98.0451419440001,4.06741888900007,0],[98.0451244970001,4.06719447500006,0],[98.0449191710001,4.06455336800002,0],[98.0449088890001,4.06442111100006,0],[98.0438813960001,4.06237344600004,0],[98.0438189100001,4.05572352300004,0],[98.0433501270001,4.05293181800005,0],[98.042942021,4.05050146200006,0],[98.042134278,4.04829865000005,0],[98.0420265870001,4.04752988800004,0],[98.0418677520001,4.04639603600003,0],[98.0421843140001,4.04485024100006,0],[98.042281888,4.04437378000006,0],[98.042182374,4.04415993600003,0],[98.0420140680001,4.04379826700006,0],[98.0416454180001,4.04300607900007,0],[98.0415686950001,4.04284121100005,0],[98.041013686,4.04214284700004,0],[98.0402360150001,4.04116430800002,0],[98.0403204580001,4.04073243000005,0],[98.0406196480001,4.03920224100005,0],[98.0423860910001,4.03681101000006,0],[98.045041322,4.03494521300007,0],[98.0455823240001,4.03456505700007,0],[98.0476260470001,4.03311864300002,0],[98.0481123370001,4.03136097500004,0],[98.047066037,4.02934935500002,0],[98.0468196480001,4.02820474100002,0],[98.046591946,4.02714694000002,0],[98.046562765,4.02588500500002,0],[98.046546564,4.02518436100007,0],[98.0462570540001,4.02412724600003,0],[98.0458652460001,4.02269660400003,0],[98.0538602350001,4.01498715000002,0],[98.0563791870001,4.01337277900006,0],[98.0585249170001,4.01265726000003,0],[98.0606692210001,4.01318626700004,0],[98.062717928,4.01395449300003,0],[98.063814489,4.01371642000004,0],[98.0644825570001,4.01304705200005,0]]],[[[98.2852491560001,4.32559145800008,0],[98.285081404,4.32559145800008,0],[98.2848494070001,4.32558788900008,0],[98.2847459000001,4.32561287300007,0],[98.2846388250001,4.32564856500005,0],[98.284571321,4.32567875000007,0],[98.2845139030001,4.32564856500005,0],[98.2844068270001,4.32560216600007,0],[98.2841555670001,4.32552177800005,0],[98.2839321320001,4.32547697800004,0],[98.2834904640001,4.32544190400006,0],[98.2832358940001,4.32545716200002,0],[98.2830370870001,4.32546696700007,0],[98.2828399650001,4.32542378400007,0],[98.282371185,4.32538461300004,0],[98.2819254810001,4.32534857600007,0],[98.2814756930001,4.32530518000004,0],[98.2811612900001,4.32532361600005,0],[98.2810933790001,4.32539102600003,0],[98.2811126980001,4.32544976300005,0],[98.281284198,4.32542883000002,0],[98.281711542,4.32543002300002,0],[98.281937359,4.32541393300005,0],[98.282198576,4.32552081000006,0],[98.2825504500001,4.32548211900007,0],[98.2830134970001,4.32551259100006,0],[98.283479979,4.32552299300005,0],[98.2836808210001,4.32557877100004,0],[98.2841393290001,4.32563599600007,0],[98.2845873850001,4.32579773900005,0],[98.2847771040001,4.32588491500007,0],[98.284989104,4.32590136200002,0],[98.2852037380001,4.32591416600008,0],[98.285365799,4.32602300800005,0],[98.285510355,4.32641562700007,0],[98.285707071,4.32648909500006,0],[98.2858701960001,4.32652301700006,0],[98.2860058250001,4.32661938500007,0],[98.286055794,4.32674787600007,0],[98.286098624,4.32684067500003,0],[98.2861521620001,4.32686922900007,0],[98.286212838,4.32682996800003,0],[98.2862984990001,4.32669790800003,0],[98.2864305590001,4.32654800200004,0],[98.2864912350001,4.32645163300003,0],[98.286539723,4.32633303100005,0],[98.2865055990001,4.32614778000004,0],[98.2864832550001,4.32600765300003,0],[98.286453797,4.32589127400007,0],[98.2864089650001,4.32577487200007,0],[98.286359367,4.32568696900006,0],[98.2863038010001,4.32565842200006,0],[98.2861807150001,4.32560216600007,0],[98.2860236710001,4.32555219700004,0],[98.2858880420001,4.32551293600005,0],[98.2857881040001,4.32548795200006,0],[98.2856346290001,4.32552364400004,0],[98.2855061380001,4.32556290500003,0],[98.2853633710001,4.32558432000008,0],[98.2852491560001,4.32559145800008,0]]],[[[98.2850570520001,4.39994367400004,0],[98.2850784670001,4.39976878300007,0],[98.2851105890001,4.39954035500006,0],[98.285121297,4.39933334200003,0],[98.285135574,4.39909063700003,0],[98.285146281,4.39900497600007,0],[98.2851641270001,4.39893359300004,0],[98.2851712660001,4.39884793200002,0],[98.2851926810001,4.39871944100003,0],[98.2852176650001,4.39861593500007,0],[98.285249788,4.39850529000006,0],[98.2852819110001,4.39839821400005,0],[98.2852926180001,4.39823046200007,0],[98.285271203,4.39815550900005,0],[98.2852819110001,4.39805200200004,0],[98.2852961870001,4.39793421900004,0],[98.2853140330001,4.39783428200008,0],[98.2853390180001,4.39771649800002,0],[98.2853711400001,4.39760228400007,0],[98.285396125,4.39748807000007,0],[98.285392556,4.39735957900007,0],[98.285406832,4.39723465700007,0],[98.2854639390001,4.39684561600006,0],[98.285485355,4.39674924700006,0],[98.285510339,4.39663146400005,0],[98.2855496000001,4.39650297300005,0],[98.285624553,4.39631737500002,0],[98.2856602450001,4.39617817700002,0],[98.285753044,4.39584267300006,0],[98.2857887360001,4.39576415100004,0],[98.2858244280001,4.39564279800004,0],[98.2858529810001,4.39551430700004,0],[98.285888673,4.39534655500006,0],[98.2859279340001,4.39517523400002,0],[98.2859707650001,4.39501819000003,0],[98.286010026,4.39488256000004,0],[98.2860707020001,4.39460059400005,0],[98.2860921170001,4.39449708800004,0],[98.2861099630001,4.39440071900003,0],[98.286145655,4.39426509000003,0],[98.286174208,4.39416515300007,0],[98.2862134700001,4.39407235400006,0],[98.2862348850001,4.39397241600005,0],[98.2862563,4.39380466400007,0],[98.286281284,4.39370829600006,0],[98.2863276840001,4.39355125200007,0],[98.2863490990001,4.39346202200005,0],[98.2863669450001,4.39340848400008,0],[98.2863633760001,4.39335851500005,0],[98.2863455300001,4.39330854700006,0],[98.2863455300001,4.39325144000003,0],[98.2863633760001,4.39315150200002,0],[98.286381222,4.39304799600006,0],[98.286406206,4.39294448900006,0],[98.2864276210001,4.39283027500005,0],[98.2864490360001,4.39255187800006,0],[98.2864561750001,4.39245907900005,0],[98.2864704510001,4.39238769500002,0],[98.2864954360001,4.39229132700007,0],[98.2865025740001,4.39224135900002,0],[98.2865061430001,4.39213071400007,0],[98.286523989,4.39203434500007,0],[98.2865525430001,4.39192013100006,0],[98.2865739580001,4.39180948600006,0],[98.2866096500001,4.39159176600003,0],[98.2866310650001,4.39153465900006,0],[98.286670326,4.39144899800004,0],[98.2867024490001,4.39138475300007,0],[98.2867310020001,4.39129195400005,0],[98.2867452790001,4.39123484700002,0],[98.286763125,4.39114561700006,0],[98.286773833,4.39106352500005,0],[98.286780971,4.39094931100004,0],[98.286795248,4.39084223500004,0],[98.2868166630001,4.39077085200006,0],[98.2868398630001,4.39072802200008,0],[98.286902248,4.39061534700005,0],[98.286909462,4.39058168400004,0],[98.2869522920001,4.39043891700004,0],[98.2869664500001,4.39028454900006,0],[98.2869735880001,4.39020245800003,0],[98.2870128500001,4.39011322800008,0],[98.2870234360001,4.39008554100008,0],[98.287059249,4.38999187600007,0],[98.287073901,4.38990689500002,0],[98.2871020790001,4.38975987800006,0],[98.2871092180001,4.38963852600006,0],[98.2870985100001,4.38952788100005,0],[98.2870842330001,4.38940652800005,0],[98.28705568,4.38930302200004,0],[98.287034265,4.38924234500007,0],[98.2870092800001,4.38917810000004,0],[98.2869700190001,4.38913527000005,0],[98.286909343,4.38908173200002,0],[98.2868486670001,4.38904960900004,0],[98.286805836,4.38905674700004,0],[98.2867665750001,4.38907816300002,0],[98.2867273140001,4.38910671600007,0],[98.286695191,4.38912099300006,0],[98.2866332360001,4.38913796400004,0],[98.2866238080001,4.38913527000005,0],[98.2865238700001,4.38912813100006,0],[98.286416795,4.38912813100006,0],[98.2863097190001,4.38913527000005,0],[98.286127809,4.38920040700003,0],[98.286027872,4.38925751400006,0],[98.2859422110001,4.38930034500004,0],[98.2858565500001,4.38936102100007,0],[98.285781597,4.38942169700005,0],[98.2857387670001,4.38947523500002,0],[98.2857137830001,4.38952520400005,0],[98.2856852290001,4.38959301800003,0],[98.28561697,4.38966324700004,0],[98.2854938030001,4.38968792500003,0],[98.2852819110001,4.38971794000003,0],[98.285117728,4.38973578600007,0],[98.2849571140001,4.38975720100007,0],[98.2845359500001,4.38980717000004,0],[98.2843146600001,4.38985356900002,0],[98.284118354,4.38987498500006,0],[98.283993432,4.38987498500006,0],[98.28387208,4.38986427700007,0],[98.2837757120001,4.38986070800007,0],[98.2836507900001,4.38986427700007,0],[98.283493746,4.38989640000005,0],[98.2833117170001,4.38994993800003,0],[98.2831403960001,4.39001775200006,0],[98.282961936,4.39009270500003,0],[98.2827549230001,4.39016052000005,0],[98.2825336330001,4.39024261100008,0],[98.282371497,4.39028814600005,0],[98.2823243830001,4.39031527200007,0],[98.2822672760001,4.39035239200007,0],[98.2822372950001,4.39038094500006,0],[98.2822073140001,4.39042234800007,0],[98.282180188,4.39046089500005,0],[98.282143068,4.39050515300005,0],[98.2821002380001,4.39055369400006,0],[98.2820716850001,4.39058938600004,0],[98.2820431310001,4.39062936100004,0],[98.2820245710001,4.39066933600003,0],[98.2820145780001,4.39070502800007,0],[98.2820145780001,4.39074214700003,0],[98.2820145780001,4.39077212900003,0],[98.2820459860001,4.39080211000004,0],[98.282084534,4.39081067600006,0],[98.282143068,4.39080353800006,0],[98.2821887540001,4.39078069500005,0],[98.2822372950001,4.39075071300005,0],[98.282308679,4.39071644900002,0],[98.2823657860001,4.39069646200005,0],[98.282448591,4.39067361900004,0],[98.2825342520001,4.39065077600003,0],[98.282628478,4.39063507200007,0],[98.2826970070001,4.39062365000007,0],[98.2828256170001,4.39060604200006,0],[98.282956487,4.39060604200006,0],[98.283105203,4.39062388800005,0],[98.2832509450001,4.39064470800002,0],[98.2833193550001,4.39067147700007,0],[98.2834175080001,4.39072204100006,0],[98.2835364810001,4.39079045000005,0],[98.2836078650001,4.39085886000004,0],[98.2836822230001,4.39091834600003,0],[98.2837208890001,4.39096296100007,0],[98.2837506320001,4.39098378200003,0],[98.283789298,4.39099865300005,0],[98.283830939,4.39100757600005,0],[98.2838606820001,4.39099865300005,0],[98.2838785280001,4.39096891000003,0],[98.283873945,4.39092919400002,0],[98.2838696050001,4.39089157800004,0],[98.2838904260001,4.39084993700004,0],[98.2839201690001,4.39084696300006,0],[98.2839512310001,4.39085317500007,0],[98.2839796550001,4.39085886000004,0],[98.284015347,4.39084993700004,0],[98.2840450910001,4.39082614200004,0],[98.2840659110001,4.39079937300005,0],[98.284122423,4.39074881000005,0],[98.2841610890001,4.39073393800004,0],[98.2841819100001,4.39070122100003,0],[98.2841878580001,4.39066850300003,0],[98.2841908330001,4.39062983700006,0],[98.284205704,4.39059117100004,0],[98.2842443700001,4.39056737600004,0],[98.284265191,4.39056737600004,0],[98.2842949340001,4.39053168400005,0],[98.284306831,4.39046922300003,0],[98.2843246770001,4.39040676200005,0],[98.284348472,4.39035917300004,0],[98.284390112,4.39034430200007,0],[98.2844347270001,4.39033835300006,0],[98.2844823170001,4.39032943000007,0],[98.2845328800001,4.39029373800003,0],[98.284589392,4.39027886600007,0],[98.28466375,4.39026994300002,0],[98.284696468,4.39026994300002,0],[98.2847113400001,4.39031455800006,0],[98.2847410830001,4.39037999300007,0],[98.284764878,4.39045137700003,0],[98.2848035440001,4.39047517200004,0],[98.2848511330001,4.39049599200007,0],[98.2849254910001,4.39048409500003,0],[98.2849611830001,4.39045732600005,0],[98.2849760550001,4.39042163400006,0],[98.284990926,4.39039783900006,0],[98.2850206700001,4.39039486500008,0],[98.285038516,4.39042163400006,0],[98.285065284,4.39047814600002,0],[98.285098002,4.39049004400005,0],[98.2851545140001,4.39050194100002,0],[98.285291333,4.39052573500004,0],[98.2854013830001,4.39056440200005,0],[98.28548169,4.39056737600004,0],[98.2855411770001,4.39051681200004,0],[98.2855619970001,4.39048409500003,0],[98.2856006630001,4.39046327500006,0],[98.2856512270001,4.39045137700003,0],[98.285707739,4.39042758300008,0],[98.2857493800001,4.39042163400006,0],[98.285796969,4.39038891600006,0],[98.2858207630001,4.39035917300004,0],[98.2858326610001,4.39032050700007,0],[98.2859248650001,4.39034132700004,0],[98.2859129670001,4.39039486500008,0],[98.2859129670001,4.39044245400004,0],[98.285823738,4.39047814600002,0],[98.2857880460001,4.39049599200007,0],[98.2857434310001,4.39053168400005,0],[98.28568097,4.39057629900003,0],[98.2856095860001,4.39062388800005,0],[98.2855411770001,4.39068634900002,0],[98.285505485,4.39074286100004,0],[98.2854697930001,4.39082019400007,0],[98.2854578960001,4.39088860300006,0],[98.2854697930001,4.39096891000003,0],[98.285499536,4.39104624300006,0],[98.285564971,4.39115926700003,0],[98.285648252,4.39124552200008,0],[98.285818964,4.39138172200006,0],[98.2858367030001,4.39139791400004,0],[98.285852172,4.39146419500003,0],[98.285852172,4.39148917900008,0],[98.285837895,4.39152844000006,0],[98.2858164800001,4.39159268600002,0],[98.2858164800001,4.39165336200006,0],[98.285852172,4.39169619200004,0],[98.2858950030001,4.39172831500002,0],[98.2859271250001,4.39179613000005,0],[98.285944971,4.39185323700002,0],[98.285962817,4.39193889700005,0],[98.285966386,4.39199957400007,0],[98.285962817,4.39206738800004,0],[98.2859199870001,4.39212449500008,0],[98.2857700810001,4.39223514000003,0],[98.2856344520001,4.39236006200002,0],[98.2855095300001,4.39245643000004,0],[98.2854274380001,4.39251710600007,0],[98.28533107,4.39260276700003,0],[98.2852418400001,4.39265630500006,0],[98.285185971,4.39269318600003,0],[98.285145996,4.39272554700005,0],[98.285107924,4.39277313600007,0],[98.2851041170001,4.39281882200004,0],[98.285096503,4.39284166500005,0],[98.2850679490001,4.39288544700003,0],[98.2850527210001,4.39292922900006,0],[98.285056528,4.39297872200007,0],[98.2850755640001,4.39302631100003,0],[98.285106021,4.39303963600003,0],[98.2851307670001,4.39304154000007,0],[98.2852023680001,4.39302843200005,0],[98.285219575,4.39302543600007,0],[98.2852556400001,4.39300847300007,0],[98.2852642550001,4.39300225800002,0],[98.2853102930001,4.39296904800005,0],[98.2853999270001,4.39290609200003,0],[98.2854513090001,4.39286502700003,0],[98.2854775530001,4.39283653900003,0],[98.2854966960001,4.39280695800005,0],[98.2855191370001,4.39275983200002,0],[98.2855382800001,4.39273079400004,0],[98.285557956,4.39271875400004,0],[98.2855677900001,4.39271766000007,0],[98.2856092930001,4.39272592300006,0],[98.2856529760001,4.39273473900005,0],[98.285676294,4.39273436200006,0],[98.285685196,4.39273421800004,0],[98.28570706,4.39272492200007,0],[98.2857234590001,4.39270904400007,0],[98.2857289390001,4.39268931000004,0],[98.2857289710001,4.39265586700003,0],[98.2857231040001,4.39261191000003,0],[98.2857224570001,4.39260706600004,0],[98.285724691,4.39256047200007,0],[98.285735102,4.39252101400007,0],[98.2857316290001,4.39245693800007,0],[98.2857423360001,4.39242124600003,0],[98.285778028,4.39239626100004,0],[98.2858030130001,4.39238912300004,0],[98.2858172890001,4.39238555400004,0],[98.2858387040001,4.39242124600003,0],[98.2858417910001,4.39244440000004,0],[98.2858458430001,4.39247478400006,0],[98.2858672580001,4.39252475200004,0],[98.285895812,4.39256044400003,0],[98.2859172270001,4.39260327500006,0],[98.2859207960001,4.39263539700005,0],[98.28590295,4.39267108900003,0],[98.2858494120001,4.39271392000006,0],[98.2858030130001,4.39278887300003,0],[98.28577089,4.39285668700006,0],[98.2857316290001,4.39293877900008,0],[98.285670952,4.39298874700006,0],[98.2855995690001,4.39305656200003,0],[98.2855638770001,4.39309939200007,0],[98.285521046,4.39312794600005,0],[98.2854675090001,4.39314936100004,0],[98.285403263,4.39316720700003,0],[98.2853390180001,4.39321717600006,0],[98.2852248040001,4.39326714400005,0],[98.2851819730001,4.39329212900003,0],[98.285135574,4.39337422000006,0],[98.285117728,4.39342061900004,0],[98.2850927430001,4.39345631100002,0],[98.2850820360001,4.39349914200005,0],[98.2851090810001,4.39361444700006,0],[98.28515594,4.39373400800002,0],[98.2852115360001,4.39384863900005,0],[98.2852371530001,4.39391116300004,0],[98.2852485710001,4.39395887400002,0],[98.2852507360001,4.39398573400007,0],[98.285250681,4.39404330300005,0],[98.2852539200001,4.39407674100005,0],[98.285262092,4.39409813400005,0],[98.285283926,4.39412063400005,0],[98.2853090290001,4.39413600900002,0],[98.2853488790001,4.39415688100007,0],[98.285371808,4.39417498600005,0],[98.2853843550001,4.39419199500003,0],[98.285391427,4.39421393000003,0],[98.285394673,4.39424957500006,0],[98.2853924340001,4.39431042500007,0],[98.2853885310001,4.39438716900003,0],[98.2853737040001,4.39447432200006,0],[98.2853621840001,4.39452310600007,0],[98.2853463010001,4.39457462600006,0],[98.285319471,4.39464038400007,0],[98.2853096090001,4.39467217100002,0],[98.2853057600001,4.39470067200006,0],[98.285308447,4.39474672800003,0],[98.2853133240001,4.39479223400002,0],[98.2853138250001,4.39483445300004,0],[98.2853094260001,4.39486350500005,0],[98.285299583,4.39488432800005,0],[98.2852864500001,4.39490569100008,0],[98.2852695030001,4.39491883700003,0],[98.2852378110001,4.39493305400003,0],[98.2852094030001,4.39494289600003,0],[98.2851875470001,4.39495383900004,0],[98.285172791,4.39496643500007,0],[98.2851613010001,4.39498451700007,0],[98.2851514380001,4.39501630400002,0],[98.2851278730001,4.39509906200004,0],[98.2851237880001,4.39512092300004,0],[98.2851117580001,4.39513790900003,0],[98.2850953700001,4.39514172800006,0],[98.2850855400001,4.39513897800003,0],[98.28507081,4.39512416400004,0],[98.285058275,4.39509454500006,0],[98.2850577560001,4.39506165300003,0],[98.28505999,4.39501615300003,0],[98.2850632970001,4.39497887700003,0],[98.2850720640001,4.39495257100003,0],[98.2850884730001,4.39492627100003,0],[98.2850972350001,4.39490544700004,0],[98.2851021690001,4.39488187700005,0],[98.285104382,4.39484898800004,0],[98.2851022520001,4.39479526100007,0],[98.285099572,4.39474152500003,0],[98.285100163,4.39469822200005,0],[98.285104598,4.39462147000006,0],[98.2851014280001,4.39451511200002,0],[98.2850943830001,4.39445534700008,0],[98.2850851460001,4.39440764700004,0],[98.285071594,4.39436550900007,0],[98.2850666260001,4.39435006000002,0],[98.285039377,4.39428863800003,0],[98.2850104790001,4.39423707500004,0],[98.2849739370001,4.39418605600002,0],[98.2849335670001,4.39413283600004,0],[98.2849261010001,4.39411762500004,0],[98.2849123030001,4.39408951200005,0],[98.284897061,4.39403522100002,0],[98.2848884090001,4.39395078500007,0],[98.2848874220001,4.39384168900006,0],[98.284884763,4.39375725900004,0],[98.2848782610001,4.39370407100006,0],[98.284865745,4.39365526400007,0],[98.2848444890001,4.39361248300003,0],[98.284802486,4.39355269300006,0],[98.284755563,4.39350056100005,0],[98.284728294,4.39345996300005,0],[98.284713589,4.39341883500003,0],[98.2847087210001,4.39336401100007,0],[98.284704967,4.39329273300007,0],[98.284693008,4.39323571300002,0],[98.2846673980001,4.39317593000004,0],[98.284636875,4.39310736800007,0],[98.2846158440001,4.39306355000002,0],[98.2846139750001,4.39305965500006,0],[98.284576369,4.39298121600007,0],[98.28453439,4.39289565400003,0],[98.2844929550001,4.39281667000006,0],[98.2844700580001,4.39277498100006,0],[98.2844509670001,4.39274920000003,0],[98.2844345980001,4.39273383300002,0],[98.2844154890001,4.39272723800002,0],[98.284395826,4.39272447800005,0],[98.284376158,4.39272774300002,0],[98.2843575850001,4.39273650000007,0],[98.284345553,4.39274580600005,0],[98.2843332250001,4.39276426600003,0],[98.28431492,4.39280279400003,0],[98.28429026,4.39288117200005,0],[98.284263932,4.39299681900007,0],[98.2842606250001,4.39303464700004,0],[98.2842633160001,4.39307576400006,0],[98.2842763510001,4.39314868800005,0],[98.2842778630001,4.39315399000003,0],[98.2843035670001,4.39324410500006,0],[98.2843356960001,4.39334885300002,0],[98.284362377,4.39343823600007,0],[98.2843781490001,4.39350403400005,0],[98.2843901140001,4.39355448700007,0],[98.284398261,4.39361205500006,0],[98.2843971220001,4.39365317700003,0],[98.28438836,4.39368386200005,0],[98.2843730320001,4.39371948900003,0],[98.284348428,4.39374796900006,0],[98.2843216420001,4.39376877700005,0],[98.284274651,4.39378791800004,0],[98.2841959770001,4.39381196900007,0],[98.284136425,4.39382890000007,0],[98.284096536,4.39384805700007,0],[98.28402886,4.39388797600003,0],[98.284009095,4.39390827400007,0],[98.2840014290001,4.39392361800003,0],[98.283999765,4.39394828500002,0],[98.2840065700001,4.39398526300005,0],[98.2840343380001,4.39407903400007,0],[98.2840670410001,4.39414814200006,0],[98.2840888570001,4.39417996900005,0],[98.284103922,4.39419065800007,0],[98.2841074190001,4.39419314000003,0],[98.2841254400001,4.39419645000004,0],[98.2841478390001,4.39419317800002,0],[98.28417133,4.39417894400003,0],[98.284243508,4.39412313300005,0],[98.2842959550001,4.39408257900004,0],[98.2843626440001,4.39402836600004,0],[98.2844058210001,4.39400044600006,0],[98.284427125,4.39399279600002,0],[98.2844582500001,4.39399611800008,0],[98.2844871880001,4.39400655800006,0],[98.2845073880001,4.39402248000005,0],[98.2845166530001,4.39404058200006,0],[98.284518813,4.39406251100007,0],[98.284515517,4.39408882300006,0],[98.2845051100001,4.39411457600005,0],[98.284474484,4.39416388400002,0],[98.284409936,4.39426031700003,0],[98.28430331,4.39439288400007,0],[98.2842557210001,4.39446300900005,0],[98.284225082,4.39451670400007,0],[98.284188526,4.39457533300003,0],[98.2841828620001,4.39459828600008,0],[98.2841811930001,4.39462898700003,0],[98.2841839000001,4.39465310700007,0],[98.284192621,4.39467559400003,0],[98.2842122640001,4.39469863600004,0],[98.284234633,4.39471730100007,0],[98.2842810370001,4.39474585000005,0],[98.2843203310001,4.39477494400006,0],[98.2843416060001,4.39480676100004,0],[98.2843563160001,4.39484241700006,0],[98.2843639280001,4.39488353800004,0],[98.2843649810001,4.39492300700005,0],[98.284359436,4.39501017000003,0],[98.284348402,4.39512693500006,0],[98.284346697,4.39519491500005,0],[98.284349938,4.39522725800003,0],[98.284361904,4.39528593300003,0],[98.2843689580001,4.39533638100005,0],[98.2843694680001,4.39536872100007,0],[98.284365058,4.39540873700003,0],[98.2843540980001,4.39544765100004,0],[98.2843294640001,4.39550848100004,0],[98.284273801,4.39559578500007,0],[98.28425615,4.39563889100003,0],[98.2842468320001,4.39567560900002,0],[98.284242964,4.39572440000006,0],[98.2842478040001,4.39580005700003,0],[98.2842526320001,4.39589709900002,0],[98.2842509320001,4.39595959600007,0],[98.2842415790001,4.39602318100003,0],[98.284222926,4.39611527100004,0],[98.284205946,4.39616349700003,0],[98.2841911790001,4.39618760000008,0],[98.284147992,4.39622483700003,0],[98.2841212070001,4.39625332500003,0],[98.2841009580001,4.39628838600004,0],[98.2840949210001,4.39632511600007,0],[98.2840970650001,4.39636404300006,0],[98.284108513,4.39639036900007,0],[98.2841254200001,4.39640957200004,0],[98.2841598270001,4.39642056900004,0],[98.284233004,4.39642447500006,0],[98.2843351530001,4.39641305800006,0],[98.2844438610001,4.39639343300007,0],[98.2844875740001,4.39638031300007,0],[98.2845340220001,4.39635404200004,0],[98.2845804710001,4.39632667700005,0],[98.284630743,4.39630753900002,0],[98.2846678870001,4.39630318700006,0],[98.2847028410001,4.39630870300005,0],[98.2847552580001,4.39632575100006,0],[98.2848000330001,4.39633455900002,0],[98.2848333530001,4.39633295400006,0],[98.2848595730001,4.39633023800008,0],[98.284891799,4.39633245800007,0],[98.2849201880001,4.39634180300004,0],[98.284942024,4.39635224500006,0],[98.2849600310001,4.39637144900007,0],[98.2849671150001,4.39639009100006,0],[98.284968183,4.39641366600006,0],[98.284965948,4.39647013800004,0],[98.2849659030001,4.39651673500003,0],[98.2849729760001,4.39654744400002,0],[98.2849887900001,4.39656883500004,0],[98.285014995,4.39658202200008,0],[98.28505813,4.39659850900006,0],[98.2851045300001,4.39662267100005,0],[98.2851247180001,4.39664133400004,0],[98.2851361660001,4.39666766000005,0],[98.2851405040001,4.39670220200003,0],[98.2851382790001,4.39673838400006,0],[98.285128425,4.39677126700008,0],[98.2851021500001,4.39683154300008,0],[98.2850808190001,4.39685838900004,0],[98.2850633340001,4.39686933600007,0],[98.2850360180001,4.39687808400004,0],[98.285002149,4.39687859500003,0],[98.2849557340001,4.39686978400005,0],[98.2849065880001,4.39685274000004,0],[98.284850905,4.39682856000007,0],[98.284815414,4.39681976100007,0],[98.284766258,4.39681258500002,0],[98.2846979920001,4.39680922700006,0],[98.2846575760001,4.39680425800003,0],[98.28463465,4.39679381500002,0],[98.2846160920001,4.39677680800003,0],[98.284600283,4.39674937400002,0],[98.2845888460001,4.39671154200005,0],[98.2845812420001,4.39667151500004,0],[98.2845759160001,4.39665219400007,0],[98.2845730780001,4.39664189900003,0],[98.2845659880001,4.39662983400007,0],[98.2845545220001,4.39662214300006,0],[98.284537588,4.39662212600007,0],[98.284519017,4.39662759000004,0],[98.28450043,4.39664128600003,0],[98.284460519,4.39668345700005,0],[98.2844438380001,4.39669761100004,0],[98.284414058,4.39672288000003,0],[98.284394385,4.39673163600003,0],[98.2843308880001,4.39673335500004,0],[98.2842966160001,4.39673428300006,0],[98.284163322,4.39673471600003,0],[98.284131668,4.39673686600003,0],[98.2841103550001,4.39674506800003,0],[98.2840890480001,4.39675656300005,0],[98.2840622530001,4.39678614500002,0],[98.2840037380001,4.39685900000006,0],[98.2839574830001,4.39693123200004,0],[98.2839528680001,4.39693843900005,0],[98.283921687,4.39699323700006,0],[98.2839063600001,4.39702830300007,0],[98.2838959410001,4.39707544200007,0],[98.2838942600001,4.39711875300003,0],[98.2838985920001,4.39715932800004,0],[98.2839072830001,4.39720374400002,0],[98.2839230650001,4.39726789600007,0],[98.283933919,4.39734027500003,0],[98.2839376900001,4.39739345100003,0],[98.283935467,4.39743731400006,0],[98.28392777,4.39748499700005,0],[98.2838996450001,4.39765152600006,0],[98.2838827250001,4.39775962000004,0],[98.2838629550001,4.39786924800006,0],[98.2838503120001,4.39795256000002,0],[98.283845349,4.39800627900007,0],[98.2838441980001,4.39806001200003,0],[98.2838512600001,4.39813030700003,0],[98.283880088,4.39822729900004,0],[98.28392639,4.39836384900002,0],[98.2839557780001,4.39846858600004,0],[98.2839688110001,4.39855302500007,0],[98.2839812990001,4.39863144000003,0],[98.2839877700001,4.39871696800003,0],[98.2839898980001,4.39876627000007,0],[98.283991508,4.39880358700003,0],[98.2839925110001,4.39894878200005,0],[98.2839932580001,4.39905696100004,0],[98.2840009800001,4.39918132500003,0],[98.2840080330001,4.39923185400005,0],[98.2840194670001,4.39926366200007,0],[98.2840434660001,4.39930261000006,0],[98.284089835,4.39935912900006,0],[98.284117655,4.39939862400007,0],[98.284130191,4.39942659700006,0],[98.2841345430001,4.39944688300005,0],[98.284132883,4.39946716300005,0],[98.2841252110001,4.39949841000004,0],[98.284113151,4.39953786600006,0],[98.2841070960001,4.39959268800004,0],[98.2841048490001,4.39965189300005,0],[98.2841069880001,4.39970561900003,0],[98.2841118630001,4.39974399800008,0],[98.2841238380001,4.39978458100006,0],[98.2841412920001,4.39981584300006,0],[98.2841702090001,4.39984877100005,0],[98.2841931180001,4.39987729700005,0],[98.284206198,4.39990307300008,0],[98.2842105460001,4.39992720300006,0],[98.2842083410001,4.39995242200007,0],[98.2842012020001,4.39999078800003,0],[98.284192428,4.40002422300006,0],[98.2841743590001,4.40007080200007,0],[98.2841574110001,4.40009436000003,0],[98.2841355470001,4.40011298300004,0],[98.284107668,4.40013542600002,0],[98.2840939980001,4.40015241100002,0],[98.2840825000001,4.40017926700006,0],[98.284071059,4.40026857700002,0],[98.2840829570001,4.40031406300005,0],[98.284110754,4.40037713100003,0],[98.284126294,4.40040784900003,0],[98.2841469080001,4.40057542100004,0],[98.2841576150001,4.40063252800007,0],[98.2841790300001,4.40072889600003,0],[98.2842040150001,4.40080741800006,0],[98.2841861690001,4.40091449400006,0],[98.2841718920001,4.40097873900004,0],[98.2841754610001,4.40107510800004,0],[98.2841790300001,4.40115006100007,0],[98.2841968760001,4.40121430600004,0],[98.2842111530001,4.40129282800007,0],[98.284232568,4.40136421200003,0],[98.284246845,4.40141775000006,0],[98.284250414,4.40151054900002,0],[98.284253983,4.40157122500005,0],[98.2842594750001,4.40164477900004,0],[98.284257553,4.40171042400004,0],[98.28422543,4.40172113100004,0],[98.2841754610001,4.40170685400005,0],[98.2841433390001,4.40168187000006,0],[98.284111216,4.40164260900002,0],[98.2840683850001,4.40157122500005,0],[98.2840576780001,4.40151054900002,0],[98.2840648160001,4.40140347300007,0],[98.284069919,4.40134224100007,0],[98.2840755240001,4.40127498200007,0],[98.2840612470001,4.40122858300003,0],[98.2840275920001,4.40119937500003,0],[98.284018485,4.40119147100006,0],[98.2839684480001,4.40115006100007,0],[98.2839327560001,4.40113221500008,0],[98.2838970640001,4.40111079900004,0],[98.2838399570001,4.40109652300004,0],[98.2837792810001,4.40110723000004,0],[98.283743589,4.40113935300008,0],[98.283732881,4.40117861400006,0],[98.283732881,4.40121787500004,0],[98.283765004,4.40126070500003,0],[98.2838256800001,4.40130353600006,0],[98.283879218,4.40132495100005,0],[98.2839434640001,4.40135350400004,0],[98.283979156,4.40140704200007,0],[98.283989863,4.40146771900004,0],[98.2840058560001,4.40155791400002,0],[98.283997002,4.40162119400003,0],[98.2840219860001,4.40168543900006,0],[98.2840969390001,4.40174968500003,0],[98.2841647540001,4.40180322300006,0],[98.2842416870001,4.40188169500004,0],[98.2842896750001,4.40193171300007,0],[98.284350352,4.40197454400004,0],[98.28440032,4.40201380500002,0],[98.2844574270001,4.40206377400006,0],[98.284503827,4.40212088100003,0],[98.2845573650001,4.40217441900006,0],[98.284628749,4.40223152600004,0],[98.2846573020001,4.40224223300004,0],[98.2847286860001,4.40223152600004,0],[98.284775085,4.40219940300005,0],[98.2848286230001,4.40212445000003,0],[98.284864315,4.40205306600006,0],[98.2848893,4.40195312900005,0],[98.284896438,4.40185319100004,0],[98.2849285610001,4.40174254600004,0],[98.284982099,4.40162476300003,0],[98.284992806,4.40151411800002,0],[98.285032067,4.40127855100008,0],[98.2850427750001,4.40117504500006,0],[98.2850641900001,4.40092520100006,0],[98.2850927430001,4.40071461900004,0],[98.2851070200001,4.40056114400005,0],[98.2850713280001,4.40028988500006,0],[98.2850713280001,4.40015782500006,0],[98.2850570520001,4.39994367400004,0]]],[[[98.282632821,4.40668648100007,0],[98.28259475,4.40681973100004,0],[98.2825519190001,4.40692918600007,0],[98.2825138480001,4.40711002500007,0],[98.2825090890001,4.40725279300005,0],[98.2825090890001,4.40735748900005,0],[98.282480535,4.40751929300006,0],[98.282480535,4.40762398900006,0],[98.2824900530001,4.40770965000007,0],[98.2825043300001,4.40783338200004,0],[98.28254716,4.40796187200004,0],[98.2826375800001,4.40807608700004,0],[98.2826518570001,4.40818554200007,0],[98.2826661330001,4.40825692600004,0],[98.2827042050001,4.40833782700003,0],[98.2827565530001,4.40839017500002,0],[98.2827993830001,4.40845680000007,0],[98.2828184190001,4.40854722000006,0],[98.2828184190001,4.40858529100007,0],[98.2828326960001,4.40870426400005,0],[98.2828612490001,4.40874233600005,0],[98.282889803,4.40878992500006,0],[98.2829088380001,4.40885655000005,0],[98.2829278740001,4.40892793400008,0],[98.282942151,4.40903738900005,0],[98.2829516690001,4.40911353200005,0],[98.2829754630001,4.40920395100005,0],[98.2829754630001,4.40935623700005,0],[98.282980222,4.40943713800004,0],[98.2830040170001,4.40951804000002,0],[98.2830658830001,4.40959894200006,0],[98.2831039540001,4.40970839700003,0],[98.2831182310001,4.40980357500007,0],[98.28312299,4.40988923600003,0],[98.2831372670001,4.40998441400006,0],[98.2831658200001,4.41009862800007,0],[98.2832086510001,4.41021760100006,0],[98.283251481,4.41033657500003,0],[98.2833181060001,4.41045078900004,0],[98.2833561770001,4.41051741400003,0],[98.283379972,4.41059355600004,0],[98.2833990070001,4.41063162800003,0],[98.283403766,4.41066494000006,0],[98.283394248,4.41069825300002,0],[98.2833990070001,4.41073156500005,0],[98.2834409450001,4.41078931500005,0],[98.2835009080001,4.41086498100003,0],[98.2835151850001,4.41089210700005,0],[98.2835408830001,4.41093351000006,0],[98.283562298,4.41096634600007,0],[98.2835851410001,4.41098918900002,0],[98.28361655,4.41101917100002,0],[98.2836553760001,4.41105812100005,0],[98.283705066,4.41108341600005,0],[98.283775022,4.41108912700003,0],[98.283793582,4.41107485000003,0],[98.28380072,4.41103344700002,0],[98.283777877,4.41098205100008,0],[98.2837478960001,4.41094207600003,0],[98.2837150590001,4.41091066700005,0],[98.2836726570001,4.41087426200005,0],[98.283630826,4.41082072300003,0],[98.2836079840001,4.41076504400007,0],[98.2836037010001,4.41070508200005,0],[98.2835895200001,4.41058831200007,0],[98.283588556,4.41058037800002,0],[98.283588405,4.41057972100003,0],[98.2835373140001,4.41035810900007,0],[98.283498647,4.41009339400006,0],[98.2834510580001,4.40986734500007,0],[98.2834213150001,4.40963237300002,0],[98.283406443,4.40946283600005,0],[98.2834004950001,4.40930222300005,0],[98.2834034690001,4.40897207300003,0],[98.2833945460001,4.40883822800004,0],[98.2833915720001,4.40875197200006,0],[98.2833885970001,4.40865976800006,0],[98.2834004950001,4.40859135900007,0],[98.2834302380001,4.40849915500007,0],[98.2834718780001,4.40840992500006,0],[98.283498647,4.40835936100007,0],[98.2835373140001,4.40829987500007,0],[98.283564083,4.40814223600006,0],[98.2835759800001,4.40807680000006,0],[98.283564083,4.40801731400006,0],[98.2835432620001,4.40796675000007,0],[98.283516493,4.40793700700004,0],[98.2834451090001,4.40790131500006,0],[98.283373726,4.40785967500005,0],[98.2833053160001,4.40781208500005,0],[98.2832339320001,4.40775557300003,0],[98.283165523,4.40772583000006,0],[98.283123882,4.40768418900007,0],[98.2829921200001,4.40752833500005,0],[98.2829278740001,4.40739270500006,0],[98.2828993210001,4.40726421400007,0],[98.2828993210001,4.40716427700005,0],[98.282942151,4.40710003200007,0],[98.2830063960001,4.40700723300006,0],[98.2830349500001,4.40690729500005,0],[98.2830206730001,4.40681449600004,0],[98.282970704,4.40672883600007,0],[98.282935013,4.40651468400006,0],[98.2829770100001,4.40640290000005,0],[98.2829633840001,4.40624411600004,0],[98.2829602140001,4.40622382500004,0],[98.282943856,4.40611910100006,0],[98.2828962660001,4.40607151200004,0],[98.2828308310001,4.40608340900008,0],[98.2827475500001,4.40611910100006,0],[98.282742123,4.40614442600003,0],[98.2827297040001,4.40620238200006,0],[98.282699446,4.40628673200007,0],[98.2826946870001,4.40638191000005,0],[98.282685169,4.40648184800006,0],[98.282661374,4.40660082100004,0],[98.282632821,4.40668648100007,0]]],[[[98.283309579,4.41113706500005,0],[98.283309579,4.41116978200006,0],[98.2833155280001,4.41118465400007,0],[98.2833514180001,4.41121697500006,0],[98.2833847310001,4.41127408200003,0],[98.2834166550001,4.41127685800006,0],[98.283443424,4.41127685800006,0],[98.283458296,4.41125901200007,0],[98.2834607930001,4.41123404100006,0],[98.2834615350001,4.41122662100003,0],[98.2834642440001,4.41119952600008,0],[98.283452347,4.41115491100004,0],[98.2834493730001,4.41111921900006,0],[98.2834404500001,4.41107460400002,0],[98.283428552,4.41102701500006,0],[98.283401783,4.41099132300008,0],[98.2833660920001,4.41096158000005,0],[98.2833066050001,4.41089019600003,0],[98.2832709130001,4.41085747800003,0],[98.283244144,4.41085153000006,0],[98.283217375,4.41087235000003,0],[98.2832054780001,4.41088424700007,0],[98.2832025040001,4.41093481100006,0],[98.2832084520001,4.41099132300008,0],[98.283217375,4.41102404000003,0],[98.2832411700001,4.41106568100003,0],[98.2832738870001,4.41109245000007,0],[98.2832976820001,4.41111624500007,0],[98.283309579,4.41113706500005,0]]],[[[98.2535185900001,4.44356590500007,0],[98.253670501,4.44345998500006,0],[98.2538137480001,4.44336500300005,0],[98.253956411,4.44326921400005,0],[98.2541034420001,4.44316629300005,0],[98.2542556870001,4.44306040100003,0],[98.2543474300001,4.44299197100003,0],[98.2543647250001,4.44297907000004,0],[98.2544997400001,4.44287887700006,0],[98.2545749290001,4.44282170100007,0],[98.2547066240001,4.44272301200004,0],[98.2547353350001,4.44270149700003,0],[98.2549037050001,4.44256624900004,0],[98.255060051,4.44244086600003,0],[98.2551723610001,4.44235120700006,0],[98.2552284270001,4.44230014500005,0],[98.2553137240001,4.44221141700007,0],[98.255413015,4.44210769700004,0],[98.2555220520001,4.44199179200007,0],[98.2555631860001,4.44194455000007,0],[98.255582679,4.44192216200003,0],[98.255668611,4.44181980300004,0],[98.255767602,4.44169161300005,0],[98.2558726080001,4.44156014400005,0],[98.2559593350001,4.44144725600006,0],[98.2560111130001,4.44137637000006,0],[98.2560794990001,4.44127173100003,0],[98.2561762170001,4.44110935300006,0],[98.2562518330001,4.44099395700005,0],[98.2563240310001,4.44088986500003,0],[98.2564496000001,4.44069095300006,0],[98.256514419,4.44059346600005,0],[98.256629838,4.44042198800003,0],[98.2566850870001,4.44034035900006,0],[98.2567680810001,4.44021149100007,0],[98.2568366130001,4.44011409900003,0],[98.2569317850001,4.43998262000002,0],[98.2570465730001,4.43981969100003,0],[98.2571084640001,4.43973007100004,0],[98.257173562,4.43963310000004,0],[98.2572198670001,4.43956362800003,0],[98.2572873450001,4.43946655100007,0],[98.2573447760001,4.43938438000004,0],[98.25741479,4.43928302700004,0],[98.257497921,4.43916879600005,0],[98.2575843560001,4.43905020000005,0],[98.2576543630001,4.43895543200006,0],[98.2577432160001,4.43883367100005,0],[98.2577779740001,4.43878396200006,0],[98.2578682660001,4.43863881900006,0],[98.2579136460001,4.43857522600007,0],[98.257974485,4.43849366700005,0],[98.2579863870001,4.43847771100008,0],[98.2581399370001,4.43827233100006,0],[98.2581816540001,4.43821202700002,0],[98.2582418170001,4.43812875500004,0],[98.2583293390001,4.43800384600007,0],[98.2584288890001,4.43786524300003,0],[98.2584373330001,4.43785357400003,0],[98.2585267950001,4.43772993200002,0],[98.258651177,4.43755364100002,0],[98.2587339180001,4.43744239500006,0],[98.2588274410001,4.43731913800002,0],[98.2589269030001,4.43718701200004,0],[98.2589811340001,4.43711370300002,0],[98.2590894370001,4.43696415500006,0],[98.259171757,4.43685021500005,0],[98.2591902680001,4.43682459400003,0],[98.2592628310001,4.43671542800007,0],[98.2593161280001,4.43663877100005,0],[98.2594138060001,4.43649684600007,0],[98.2594876470001,4.43638892000007,0],[98.259563229,4.43627991900007,0],[98.2596315060001,4.43618457000002,0],[98.2597305090001,4.43604268300004,0],[98.2597340010001,4.43603762900005,0],[98.2598274920001,4.43590231400003,0],[98.2598546850001,4.43585532000003,0],[98.259906131,4.43575504200004,0],[98.259941418,4.43568960200002,0],[98.2599706890001,4.43564765800005,0],[98.2600417830001,4.43556439700006,0],[98.2601538960001,4.43542690200007,0],[98.2602283080001,4.43533381100002,0],[98.2602769470001,4.43526475800007,0],[98.2603732220001,4.43512779800005,0],[98.260414246,4.43506698600004,0],[98.2604842650001,4.43496917900006,0],[98.2605526300001,4.43487579300006,0],[98.2606153940001,4.43478557600002,0],[98.2606620160001,4.43472404700003,0],[98.2606796800001,4.43470094600002,0],[98.2607282020001,4.43463748800002,0],[98.2608075030001,4.43453121300007,0],[98.2609088200001,4.43439981300003,0],[98.2609633750001,4.43432743600005,0],[98.2610273670001,4.43424416800002,0],[98.2611252660001,4.43411488100003,0],[98.2611810340001,4.43403703200005,0],[98.261241753,4.43396478800003,0],[98.2613270670001,4.43386593700006,0],[98.261405268,4.43376868900003,0],[98.2615080830001,4.43364544100007,0],[98.261577532,4.43355834300007,0],[98.2616207010001,4.43350522200006,0],[98.261655745,4.43345754900002,0],[98.2616934500001,4.43340832500007,0],[98.2617224630001,4.43337044800006,0],[98.2618198210001,4.43324171200004,0],[98.261903579,4.43313124400004,0],[98.261933028,4.43309928700006,0],[98.2619696510001,4.43306752600006,0],[98.262075866,4.43298715900005,0],[98.2620953790001,4.43296842600006,0],[98.2621254530001,4.43293391800006,0],[98.2622397360001,4.43280574200003,0],[98.262334878,4.43270277600004,0],[98.2623942750001,4.43263644600006,0],[98.2624704840001,4.43255763200006,0],[98.262571639,4.43245247300007,0],[98.2626895020001,4.43232813800006,0],[98.2627054480001,4.43231131700003,0],[98.2627399470001,4.43227340300007,0],[98.262767388,4.43224324400006,0],[98.2628258990001,4.43217970900002,0],[98.2628643450001,4.43213708600007,0],[98.262928134,4.43207675000002,0],[98.2629598510001,4.43204826800007,0],[98.263080103,4.43195355000006,0],[98.2632503670001,4.43181383200005,0],[98.2633113380001,4.43176793000003,0],[98.263393287,4.43170693000008,0],[98.263451816,4.43166336200005,0],[98.2635948440001,4.43155886000005,0],[98.2636781050001,4.43150350900004,0],[98.2637662180001,4.43145318300003,0],[98.263847529,4.43140060700006,0],[98.263981443,4.43130754900005,0],[98.2640656180001,4.43124787400006,0],[98.2641490090001,4.43118874200007,0],[98.2641864160001,4.43115753400002,0],[98.264273345,4.43107428900004,0],[98.264461499,4.43089751800005,0],[98.2644936730001,4.43087222100007,0],[98.26455215,4.43083335400007,0],[98.2646532630001,4.43077095600006,0],[98.264776124,4.43069907200004,0],[98.2648319630001,4.43067574300005,0],[98.264905727,4.43065333700002,0],[98.2650029710001,4.43063041200003,0],[98.2651204320001,4.43060475700003,0],[98.265218598,4.43057899200005,0],[98.265257643,4.43055866800006,0],[98.2652953580001,4.43053458900005,0],[98.2653811800001,4.43045956500004,0],[98.2654577210001,4.43039110800004,0],[98.26558707,4.43024692500006,0],[98.2656064490001,4.43022679000006,0],[98.265631268,4.43021171400005,0],[98.265990398,4.42999357200006,0],[98.2661831340001,4.42986508100006,0],[98.2663615930001,4.42971517500007,0],[98.2666828210001,4.42949388500006,0],[98.266882695,4.42936539400006,0],[98.267018325,4.42924404200005,0],[98.2671254000001,4.42912268900005,0],[98.2672253380001,4.42901561400004,0],[98.267282445,4.42897992200005,0],[98.2673038600001,4.42891567600003,0],[98.2673538290001,4.42885856900006,0],[98.2674394890001,4.42885856900006,0],[98.267532288,4.42885856900006,0],[98.2676833100001,4.42883831200004,0],[98.267710579,4.42882380200007,0],[98.26780675,4.42878223200006,0],[98.2681176360001,4.42854448000003,0],[98.2683460640001,4.42838743600004,0],[98.2686905690001,4.42816526200005,0],[98.2687759070001,4.42810776400006,0],[98.269409683,4.42768073600007,0],[98.269795156,4.42740233900003,0],[98.27021632,4.42707397300006,0],[98.2705946550001,4.42682413000006,0],[98.2709087430001,4.42662425500004,0],[98.2712942160001,4.42638155000003,0],[98.271572613,4.42623164400004,0],[98.2717724880001,4.42613170700002,0],[98.271958086,4.42603890800007,0],[98.2721436840001,4.42595324700005,0],[98.272329282,4.42582475600005,0],[98.272707616,4.42562488200002,0],[98.273096658,4.42545831900003,0],[98.2734416800001,4.42533934600004,0],[98.2737867020001,4.42513709200006,0],[98.2740424940001,4.42498242700003,0],[98.274197159,4.42485155700007,0],[98.274339926,4.42472068700005,0],[98.2744767450001,4.42464335400007,0],[98.2747444350001,4.42454222700007,0],[98.2752441210001,4.42438756200005,0],[98.275422581,4.42431023000006,0],[98.275565349,4.42421505100003,0],[98.275708116,4.42411987300005,0],[98.2757854490001,4.42401279700005,0],[98.2758148950001,4.42393754600005,0],[98.275857725,4.42388757800006,0],[98.275864863,4.42383047100003,0],[98.275854156,4.42380548600005,0],[98.275832741,4.42379477900005,0],[98.2757435110001,4.42383047100003,0],[98.2756507120001,4.42385902400002,0],[98.275593605,4.42378050200006,0],[98.2756792650001,4.42373410300007,0],[98.2757470800001,4.42368413400004,0],[98.2758288430001,4.42363704500002,0],[98.27585587,4.42361957200006,0],[98.275933507,4.42357131500006,0],[98.2759966950001,4.42353377200004,0],[98.276055591,4.42349892100003,0],[98.276067632,4.42349210000003,0],[98.276114707,4.42342358300004,0],[98.2761432600001,4.42338789100006,0],[98.2761789520001,4.42336290700007,0],[98.2763011530001,4.42328351200007,0],[98.276319098,4.42326392700005,0],[98.276358669,4.42323196100006,0],[98.2764292400001,4.42313699200002,0],[98.276483216,4.42306909200005,0],[98.276499787,4.42304824700005,0],[98.2765987760001,4.42291512200006,0],[98.2766414500001,4.42284280400003,0],[98.2766688180001,4.42278142600003,0],[98.276685802,4.42272990800006,0],[98.2766973340001,4.42266961800004,0],[98.2767022840001,4.42263014600007,0],[98.2766996020001,4.42258025400002,0],[98.276690376,4.42252159100002,0],[98.2766751290001,4.42247168700004,0],[98.2766555110001,4.42242342500003,0],[98.2766199860001,4.42234534100004,0],[98.276589888,4.42230351900002,0],[98.2765108870001,4.42226359600005,0],[98.2764145190001,4.42220291900003,0],[98.276350273,4.42216008900004,0],[98.2762788900001,4.42209227400002,0],[98.2761611060001,4.42199233700006,0],[98.2760611690001,4.42193523000003,0],[98.275986216,4.42186384600006,0],[98.2758934170001,4.42179960100003,0],[98.2757863410001,4.42172464800007,0],[98.2756828350001,4.42165326400004,0],[98.2755614820001,4.42159258800007,0],[98.275465114,4.42150335800005,0],[98.2752634550001,4.42132882400006,0],[98.2751635170001,4.42116464200006,0],[98.2749065350001,4.42085769100004,0],[98.2747851830001,4.42072206200004,0],[98.2746424150001,4.42053646400007,0],[98.2745210630001,4.42039369600008,0],[98.2743711570001,4.42024379000003,0],[98.2742212510001,4.42010816100003,0],[98.274078483,4.41995111600005,0],[98.273964269,4.41981548700005,0],[98.2738786080001,4.41962988900002,0],[98.2737358410001,4.41947284500003,0],[98.2736216260001,4.41933721600003,0],[98.273307538,4.41900171200007,0],[98.2732076,4.41884466700003,0],[98.2730220020001,4.41866620700006,0],[98.2728506810001,4.41844491800003,0],[98.2727150520001,4.41829501200004,0],[98.2725865610001,4.41819507400004,0],[98.2724866240001,4.41813082900006,0],[98.2723724090001,4.41804516800005,0],[98.2722439190001,4.41798092300007,0],[98.272158258,4.41793095400004,0],[98.2720868740001,4.41788812400006,0],[98.2719655220001,4.41787384700007,0],[98.2718584460001,4.41785243200007,0],[98.2717370930001,4.41781674000003,0],[98.2717727850001,4.41765255700005,0],[98.2718798610001,4.41771680300008,0],[98.2719583830001,4.41774535600007,0],[98.272036905,4.41776677100006,0],[98.2721154280001,4.41774535600007,0],[98.272165396,4.41770252600003,0],[98.272186811,4.41766683400004,0],[98.2722510570001,4.41768824900004,0],[98.2722724720001,4.41771680300008,0],[98.2723509940001,4.41775963300006,0],[98.272436655,4.41774535600007,0],[98.2724580700001,4.41768824900004,0],[98.2724509320001,4.41763828000006,0],[98.2723938250001,4.41757403500003,0],[98.2722796100001,4.41748123600007,0],[98.2718941380001,4.41703865600005,0],[98.271651433,4.41678881300004,0],[98.2714729730001,4.41659607600008,0],[98.2710089780001,4.41616777300004,0],[98.2707519960001,4.41593934500003,0],[98.2703610030001,4.41559356200003,0],[98.2700469150001,4.41527947300006,0],[98.269723308,4.41500345600002,0],[98.2693425940001,4.41471792000004,0],[98.2691046480001,4.41451804600007,0],[98.268838148,4.41434672400004,0],[98.2686002020001,4.41418492100007,0],[98.2683337030001,4.41395649300006,0],[98.2680481670001,4.41367095700002,0],[98.2676389000001,4.41332831500006,0],[98.267296258,4.41302374400004,0],[98.2669726510001,4.41270013700006,0],[98.266744223,4.41237653100006,0],[98.2665348300001,4.41196726300007,0],[98.2662112230001,4.41154847800004,0],[98.2658780990001,4.41118680000005,0],[98.26556401,4.41089174700005,0],[98.2651357070001,4.41066331900004,0],[98.2646502970001,4.41050151500002,0],[98.264079226,4.41042537300007,0],[98.2635557450001,4.41040633700004,0],[98.2631084060001,4.41047296200003,0],[98.2626229960001,4.41061572900003,0],[98.2622327650001,4.41079656900007,0],[98.261909158,4.41094885400003,0],[98.2617092830001,4.41106306800003,0],[98.2614047120001,4.41129149600005,0],[98.2611191770001,4.41152944300006,0],[98.2608621950001,4.41166269200005,0],[98.2605576240001,4.41184353100005,0],[98.260329196,4.41192919200006,0],[98.2601198030001,4.41197678100002,0],[98.2599294460001,4.41204340600007,0],[98.2598247500001,4.41210051300004,0],[98.2597486070001,4.41219569200007,0],[98.2596819820001,4.41236701300005,0],[98.259662947,4.41254785200005,0],[98.2596439110001,4.41276676200005,0],[98.259701018,4.41306181500005,0],[98.2598247500001,4.41348060100006,0],[98.2599294460001,4.41370902900007,0],[98.259996071,4.41388035000006,0],[98.2600055890001,4.41406118900005,0],[98.2601102850001,4.41432768900006,0],[98.2603767850001,4.41502249100006,0],[98.2607955700001,4.41617415000007,0],[98.261100141,4.41704027400004,0],[98.2613476050001,4.41756375600005,0],[98.2615855510001,4.41809675500002,0],[98.262013854,4.41894384300002,0],[98.2622518000001,4.41953394900003,0],[98.26238505,4.41985755600007,0],[98.2624326390001,4.42022875200007,0],[98.2624326390001,4.42067609100008,0],[98.2624421570001,4.42119005400002,0],[98.2623755320001,4.42158980400006,0],[98.262280354,4.42210376700007,0],[98.2620709610001,4.42277001600007,0],[98.2617949440001,4.42336012300007,0],[98.2613761590001,4.42403589000003,0],[98.260881231,4.42468310300006,0],[98.260433892,4.42523513800006,0],[98.259881857,4.42581572600005,0],[98.2596343930001,4.42599656500005,0],[98.259548733,4.42605367200002,0],[98.259405965,4.42615836900006,0],[98.2592822330001,4.42629161900004,0],[98.2591680190001,4.42637727900006,0],[98.2589681440001,4.42653908300002,0],[98.2587873050001,4.42670088600005,0],[98.25863502,4.42679606400003,0],[98.2584636980001,4.42694835000003,0],[98.2579878060001,4.42729099200005,0],[98.257559503,4.42761459900004,0],[98.2568837360001,4.42814759800007,0],[98.2567028970001,4.42829036600006,0],[98.256636272,4.42834747300003,0],[98.2566267550001,4.42840458000006,0],[98.2565886830001,4.42847120500005,0],[98.256493505,4.42849024100002,0],[98.256341219,4.42855686500008,0],[98.2562174870001,4.42866156200006,0],[98.2560747200001,4.42885191900007,0],[98.2558558090001,4.42898516800005,0],[98.2556654520001,4.42911841800003,0],[98.255503649,4.42922311500007,0],[98.2552561850001,4.42933732900002,0],[98.255094382,4.42940395400007,0],[98.2548088460001,4.42948961400003,0],[98.254656561,4.42954672100007,0],[98.2545385400001,4.42955846000007,0],[98.254470611,4.42956816400005,0],[98.2544124990001,4.42963132700004,0],[98.254400602,4.42967594200007,0],[98.2544124990001,4.42971460800004,0],[98.2544690120001,4.42978004300005,0],[98.254498755,4.42986927300007,0],[98.2545344470001,4.42992578500002,0],[98.254592077,4.42998081400003,0],[98.2546829770001,4.43007171400006,0],[98.2547733000001,4.43019328200006,0],[98.2548300240001,4.43029609300004,0],[98.254901407,4.43046860400005,0],[98.2549965860001,4.43069465300005,0],[98.255091764,4.43095639300003,0],[98.2552523780001,4.43137279900003,0],[98.2553297100001,4.43175351300005,0],[98.255341608,4.43194387000005,0],[98.2553654020001,4.43209853500002,0],[98.2553654020001,4.43218181600002,0],[98.2553475560001,4.43230673700003,0],[98.2553475560001,4.43237217300003,0],[98.2553654020001,4.43242571000008,0],[98.255407043,4.43244355600007,0],[98.255466529,4.43244355600007,0],[98.2555200670001,4.43244355600007,0],[98.2555379130001,4.43252683800006,0],[98.2554546320001,4.43256847800006,0],[98.2553594540001,4.43259227300007,0],[98.255276172,4.43262796500005,0],[98.255216686,4.43270529700004,0],[98.2551512510001,4.43281832200006,0],[98.2551274560001,4.43294919200002,0],[98.2550739180001,4.43318713800005,0],[98.2550858160001,4.43334775200003,0],[98.2552285830001,4.43374631100005,0],[98.2553356590001,4.43396046300006,0],[98.255484375,4.43422220300005,0],[98.255609297,4.43443635500006,0],[98.2557639620001,4.43473378800007,0],[98.255882935,4.43504906600003,0],[98.2559543190001,4.43529891000003,0],[98.2559900110001,4.43545357500005,0],[98.2559855480001,4.43562559600002,0],[98.255966216,4.43570936700007,0],[98.2558650890001,4.43606628600003,0],[98.255758013,4.43638156400004,0],[98.255716373,4.43647674300007,0],[98.255716373,4.43653028100005,0],[98.255734219,4.43660166500007,0],[98.2557401670001,4.43663140800004,0],[98.255716373,4.43669684300005,0],[98.2556866290001,4.43668494600007,0],[98.255633092,4.43670279200006,0],[98.2555379130001,4.43684555900006,0],[98.255323762,4.43718463200003,0],[98.25519884,4.43742257900004,0],[98.2550144320001,4.43773190800005,0],[98.2547288960001,4.43809477600007,0],[98.2545385400001,4.43830297900007,0],[98.2543600800001,4.43846359300005,0],[98.2542351580001,4.43858256600004,0],[98.2540626470001,4.43870153900002,0],[98.253925828,4.43880861500003,0],[98.2538009070001,4.43890974200002,0],[98.2536046010001,4.43901086900007,0],[98.25334286,4.43914768800005,0],[98.2530216330001,4.43923691800006,0],[98.2527360980001,4.43930830100004,0],[98.252450562,4.43934994200004,0],[98.2521174380001,4.43939753100005,0],[98.2517962110001,4.43940942800003,0],[98.251439292,4.43942727400002,0],[98.2511953970001,4.43942727400002,0],[98.2510704750001,4.43942132600006,0],[98.2508920160001,4.43941537700005,0],[98.2506183780001,4.43936778800003,0],[98.250463713,4.43933804500006,0],[98.2502971500001,4.43933804500006,0],[98.2501008450001,4.43933804500006,0],[98.249922385,4.43933804500006,0],[98.2497260800001,4.43933804500006,0],[98.2495833120001,4.43933804500006,0],[98.249482185,4.43934994200004,0],[98.249357263,4.43936778800003,0],[98.2492382900001,4.43940348000007,0],[98.2490776770001,4.43947486400003,0],[98.248964652,4.43954624700007,0],[98.2488992170001,4.43961763100003,0],[98.2488278330001,4.43971281000006,0],[98.248738603,4.43981988600007,0],[98.2486791170001,4.43989721800006,0],[98.248631528,4.44003998600004,0],[98.248566092,4.44020654800005,0],[98.248512555,4.44040285300002,0],[98.248506606,4.44049803200005,0],[98.248506606,4.44056941600007,0],[98.248506606,4.44066459400005,0],[98.2484828110001,4.44074787500006,0],[98.2484530680001,4.44084900200005,0],[98.2484292730001,4.44095012900004,0],[98.2483935810001,4.44106315400006,0],[98.2483459920001,4.44117617800003,0],[98.2482627110001,4.44128920300005,0],[98.2482448650001,4.44134868900005,0],[98.248215122,4.44147956000006,0],[98.2481794300001,4.44154499500007,0],[98.248053026,4.44173229500007,0],[98.2480279640001,4.44178352700004,0],[98.2479724770001,4.44185512000007,0],[98.2479512400001,4.44188252100003,0],[98.24790484,4.44200744300002,0],[98.247908409,4.44208596500005,0],[98.2479016180001,4.44222087500003,0],[98.247915548,4.44236079300003,0],[98.247926255,4.44245002300005,0],[98.2479277900001,4.44246229900006,0],[98.2479333940001,4.44250713000002,0],[98.2479441010001,4.44255709800007,0],[98.2479690860001,4.44268202000006,0],[98.2479512400001,4.44276411200002,0],[98.2479369630001,4.44277838800002,0],[98.2478916310001,4.44278846200007,0],[98.2478727170001,4.44279266500007,0],[98.2478334560001,4.44284620300004,0],[98.2478298870001,4.44289974100008,0],[98.2478548720001,4.44302823200007,0],[98.247901271,4.44306392400006,0],[98.2479314130001,4.44307101600003,0],[98.2479619470001,4.44307820000006,0],[98.2479976390001,4.44307820000006,0],[98.248040469,4.44309961600004,0],[98.2480761610001,4.44312816900003,0],[98.2481404070001,4.44316029200007,0],[98.248233865,4.44323611500005,0],[98.248265223,4.44326747300005,0],[98.248376631,4.44335984600002,0],[98.2484432570001,4.44340743600003,0],[98.248479004,4.44348199500007,0],[98.2485018470001,4.44351245200005,0],[98.2485361110001,4.44355623400003,0],[98.2485513400001,4.44358859500005,0],[98.2485608580001,4.44362666600006,0],[98.2485361110001,4.44373136200005,0],[98.2485151720001,4.44375610900005,0],[98.248479004,4.44377895200006,0],[98.248440933,4.44378847000007,0],[98.2484180900001,4.44380940900004,0],[98.248414283,4.44385128700003,0],[98.2483952470001,4.44391220200004,0],[98.248387633,4.44393504400006,0],[98.2483857290001,4.44395788700007,0],[98.2484066690001,4.44398644100005,0],[98.248440933,4.44401118700006,0],[98.2484866180001,4.44403403000007,0],[98.2485342080001,4.44404164400004,0],[98.248595122,4.44405496900004,0],[98.2486750720001,4.44406829400003,0],[98.2487436000001,4.44407210100007,0],[98.2488159360001,4.44407781200005,0],[98.2488863680001,4.44409113700004,0],[98.2489777390001,4.44412159400002,0],[98.2490462680001,4.44413872600006,0],[98.249120507,4.44415205100006,0],[98.2491909390001,4.44415776200003,0],[98.2492842140001,4.44416347300006,0],[98.2494631490001,4.44419393000004,0],[98.2497391670001,4.44422058000004,0],[98.2500680840001,4.44427156000006,0],[98.2503277900001,4.44430211300005,0],[98.250708504,4.44432114900007,0],[98.251070182,4.44428307800007,0],[98.251336682,4.44428307800007,0],[98.2519458240001,4.44420693500007,0],[98.2526495930001,4.44407706400006,0],[98.2527851070001,4.44399975900006,0],[98.2529561920001,4.44390906500007,0],[98.2530747870001,4.44384285100006,0],[98.253240786,4.44374450800007,0],[98.25338523,4.44365184200007,0],[98.2535185900001,4.44356590500007,0]]],[[[98.255787947,4.43564890500005,0],[98.255780809,4.43549899800007,0],[98.2557522550001,4.43527057000006,0],[98.2557022860001,4.43501358800006,0],[98.255523827,4.43464239300005,0],[98.255423889,4.43442110300003,0],[98.2553168140001,4.43419267400003,0],[98.2551312160001,4.43393569300002,0],[98.255052693,4.43367157200004,0],[98.2550098630001,4.43340745200004,0],[98.2549913030001,4.43321757100006,0],[98.2549770270001,4.43312239300008,0],[98.2549817860001,4.43300817900007,0],[98.2550103390001,4.43288444700005,0],[98.255043652,4.43279878600003,0],[98.255057928,4.43269884900008,0],[98.255110276,4.43264174200004,0],[98.2551673830001,4.43258939400005,0],[98.255224491,4.43249897400005,0],[98.2552530440001,4.43239903700004,0],[98.2552530440001,4.43230861700005,0],[98.2552530440001,4.43218012600005,0],[98.2552435260001,4.43183748400003,0],[98.2551959370001,4.43161381500005,0],[98.2551055170001,4.43130448500006,0],[98.2550246160001,4.43102846700003,0],[98.254953232,4.43077624400007,0],[98.2548580540001,4.43057637000004,0],[98.2547581160001,4.43040504800007,0],[98.2547390810001,4.43032414700002,0],[98.2546676970001,4.43017186100008,0],[98.2546296250001,4.43014806700006,0],[98.2545867950001,4.43010047700005,0],[98.2545392060001,4.43005288800003,0],[98.2544273710001,4.42992578500002,0],[98.254391679,4.42985737600003,0],[98.2543708590001,4.42978896600005,0],[98.2543440900001,4.42973245400003,0],[98.2542886960001,4.42966553600007,0],[98.254223261,4.42962389500002,0],[98.2541459280001,4.42962984400003,0],[98.2540626470001,4.42964769000002,0],[98.2538901360001,4.42968338200006,0],[98.253717625,4.42967148400004,0],[98.2535629610001,4.42963579200006,0],[98.2534261420001,4.42962389500002,0],[98.253223887,4.42960010000007,0],[98.2530870680001,4.42955846000007,0],[98.252950249,4.42953466500006,0],[98.2528610200001,4.42951681900007,0],[98.2527717900001,4.42951681900007,0],[98.252664714,4.42951681900007,0],[98.2525278950001,4.42948707600004,0],[98.2524267680001,4.42942164100003,0],[98.2523196920001,4.42939784600003,0],[98.2521709760001,4.42935620600002,0],[98.2519687220001,4.42931456500003,0],[98.251873543,4.42930861700006,0],[98.251724827,4.42930861700006,0],[98.251582059,4.42930861700006,0],[98.2515106750001,4.42927887300004,0],[98.2513978410001,4.42925291300003,0],[98.251369288,4.42927432800008,0],[98.2512907660001,4.42924577500003,0],[98.2511408600001,4.42918153000005,0],[98.2508981550001,4.42914583800007,0],[98.2505769270001,4.42913156100008,0],[98.250348499,4.42917439100006,0],[98.250105794,4.42924577500003,0],[98.249834535,4.42931715900005,0],[98.2496703530001,4.42944565000005,0],[98.249556139,4.42953131000007,0],[98.2494347860001,4.42968835500005,0],[98.2493634020001,4.42983826100004,0],[98.2492706030001,4.42997389000004,0],[98.249213496,4.43011665800003,0],[98.2491706660001,4.43033794800004,0],[98.2491135590001,4.43058779100005,0],[98.2491135590001,4.43076625100002,0],[98.2491492510001,4.43102323200003,0],[98.2491778040001,4.43128735200003,0],[98.249192081,4.43146581200006,0],[98.2492420500001,4.43168710200007,0],[98.2492920180001,4.43187270000004,0],[98.2493562640001,4.43205115900003,0],[98.2494205090001,4.43211540500005,0],[98.249470478,4.43212254300005,0],[98.2495347230001,4.43219392700007,0],[98.249577554,4.43227244900004,0],[98.249598969,4.43238666300005,0],[98.2496275220001,4.43260795300006,0],[98.2496632140001,4.43282210500007,0],[98.2496560760001,4.43301484100004,0],[98.2496417990001,4.43325040800005,0],[98.2496346610001,4.43345028300007,0],[98.2495704150001,4.43392141600003,0],[98.249556139,4.43412129100005,0],[98.2494847550001,4.43439254900005,0],[98.2494347860001,4.43486368200007,0],[98.2494133710001,4.43515635600005,0],[98.2494276480001,4.43542761500004,0],[98.249470478,4.43568459600004,0],[98.249456201,4.43613431500006,0],[98.2494276480001,4.43646981900002,0],[98.2493848170001,4.43671966200003,0],[98.249341987,4.43702661200007,0],[98.2492848800001,4.43752629900007,0],[98.2492349110001,4.43772617400003,0],[98.2492277730001,4.43790463400006,0],[98.2492277730001,4.43806167800005,0],[98.249199219,4.43819730700005,0],[98.2491635270001,4.43829724500006,0],[98.2491278360001,4.43846142700005,0],[98.2491206970001,4.43857564200005,0],[98.249099282,4.43872554800004,0],[98.249056452,4.43883262300005,0],[98.2490207600001,4.43890400700008,0],[98.2490207600001,4.43899680600003,0],[98.24906359,4.43904677500007,0],[98.2491421120001,4.43906819000006,0],[98.249470478,4.43903249800007,0],[98.2498059820001,4.43902536000007,0],[98.2502557000001,4.43903249800007,0],[98.2506554500001,4.43904677500007,0],[98.250983815,4.43911815900003,0],[98.251233659,4.43916098900007,0],[98.2515620240001,4.43919668100006,0],[98.2520260190001,4.43918240400006,0],[98.2525828130001,4.43911102000004,0],[98.2528397950001,4.43905391300007,0],[98.2532038520001,4.43893256100006,0],[98.2535464950001,4.43878265500007,0],[98.253896275,4.43856136500006,0],[98.254288886,4.43821158400004,0],[98.2545744220001,4.43786894200002,0],[98.254909926,4.43739780800007,0],[98.2550955240001,4.43709799600003,0],[98.255395336,4.43662686300007,0],[98.2556166260001,4.43623425200008,0],[98.2557308400001,4.43597013200002,0],[98.255787947,4.43564890500005,0]]]]}}]}