{"type":"FeatureCollection","name":"Kabupaten Pasaman Barat","crs":{"type":"name","properties":{"name":"urn:ogc:def:crs:OGC:1.3:CRS84"}},"features":[{"type":"Feature","properties":{"kode_kk":"13.12","kode_prov":"13","kab_kota":"Pasaman Barat","provinsi":"Sumatera Barat","fid":"13.12","nama":"Kabupaten Pasaman Barat","label":"Kabupaten Pasaman Barat, Provinsi Sumatera Barat, 13.12"},"geometry":{"type":"MultiPolygon","coordinates":[[[[99.3609732350001,0.123414188000027,0],[99.3608947130001,0.123395628000026,0],[99.3608135380001,0.12336921900004,0],[99.3607480300001,0.123363010000048,0],[99.3607215000001,0.123365020000051,0],[99.3606640400001,0.123393010000029,0],[99.3606248820001,0.123417757000027,0],[99.3605841930001,0.123440600000038,0],[99.3605499290001,0.12345773200002,0],[99.3605370800001,0.123459160000039,0],[99.360515665,0.123453449000067,0],[99.3604970600001,0.123435803000064,0],[99.3604742620001,0.123416329000065,0],[99.360456416,0.123409905000074,0],[99.3604264350001,0.123412760000065,0],[99.3604043060001,0.123430606000056,0],[99.3603893150001,0.12346130100002,0],[99.360378429,0.123486036000031,0],[99.360365211,0.123504386000036,0],[99.360345845,0.123522735000051,0],[99.3602980000001,0.123538020000069,0],[99.3602458340001,0.123581940000065,0],[99.3601840100001,0.123641030000044,0],[99.360158454,0.123692423000023,0],[99.3601270010001,0.123773395000057,0],[99.3600987830001,0.123816079000051,0],[99.3600262690001,0.123936241000024,0],[99.360000095,0.124015953000026,0],[99.3599810590001,0.124095665000027,0],[99.3599756130001,0.124203839000074,0],[99.3599663890001,0.124250931000063,0],[99.3599500000001,0.1243,0],[99.359931121,0.12432922000005,0],[99.3598835010001,0.124369303000037,0],[99.3598418610001,0.124413323000056,0],[99.359828179,0.124434739000037,0],[99.3598080150001,0.124487677000047,0],[99.3597950000001,0.12455097000003,0],[99.3597870400001,0.12459498000004,0],[99.35979102,0.124654490000069,0],[99.359792773,0.124708272000021,0],[99.3597901030001,0.124731145000055,0],[99.3597833330001,0.12475,0],[99.3597573900001,0.124855903000025,0],[99.3597312110001,0.12497847000003,0],[99.3597311540001,0.124978738000038,0],[99.359730799,0.125052224000058,0],[99.3597305920001,0.12509503900003,0],[99.35973061,0.125095110000075,0],[99.3597486460001,0.125165820000063,0],[99.359766908,0.125193787000057,0],[99.359796809,0.125241536000033,0],[99.359806485,0.125265490000061,0],[99.3598400100001,0.125411960000065,0],[99.3598789900001,0.125497960000075,0],[99.359924,0.125544980000029,0],[99.3600349800001,0.12560998500004,0],[99.360100743,0.125639504000048,0],[99.36015,0.125666667000075,0],[99.3602679900001,0.125764,0],[99.36045097,0.12588898000007,0],[99.36055,0.12595,0],[99.3609666670001,0.126183333000029,0],[99.3614000000001,0.126416667000058,0],[99.3614825050001,0.126463834000049,0],[99.3616287870001,0.126527668000051,0],[99.3616694030001,0.126537814000073,0],[99.3617663410001,0.126552128000071,0],[99.3617779900001,0.12655299000005,0],[99.3618680000001,0.126551,0],[99.361883333,0.12655,0],[99.3618930000001,0.126543,0],[99.3618980000001,0.126532,0],[99.3618990000001,0.126512,0],[99.361885074,0.126439196000035,0],[99.361883333,0.126383333000035,0],[99.3619007790001,0.126305471000023,0],[99.3620666670001,0.12595,0],[99.3621830100001,0.125772970000071,0],[99.3622469900001,0.125632083000028,0],[99.3622719750001,0.125536905000047,0],[99.3622833330001,0.125466667000069,0],[99.3623052570001,0.125431971000069,0],[99.3623309550001,0.125400562000038,0],[99.3623837790001,0.125334889000044,0],[99.3624110000001,0.125271990000044,0],[99.36242701,0.125162010000054,0],[99.3624215240001,0.125104087000068,0],[99.362410589,0.125059429000032,0],[99.362401467,0.125030834000029,0],[99.3623778520001,0.124989060000075,0],[99.36233666,0.124951601000021,0],[99.3623166670001,0.124916667000036,0],[99.3623049700001,0.124835960000041,0],[99.3623009880001,0.124740490000022,0],[99.3623049700001,0.124685,0],[99.3622820000001,0.124608980000062,0],[99.3622440300001,0.124555,0],[99.3621830100001,0.124479980000046,0],[99.3621670000001,0.124462960000074,0],[99.362133333,0.124416667000048,0],[99.3620921310001,0.124357605000057,0],[99.3620560640001,0.124276852000037,0],[99.3620069900001,0.124228980000055,0],[99.3619690200001,0.124205970000048,0],[99.3619309600001,0.124181,0],[99.36187003,0.124134980000065,0],[99.3618212750001,0.124080913000057,0],[99.3618090100001,0.124029030000031,0],[99.361794,0.123958040000048,0],[99.3617670150001,0.123881010000048,0],[99.3616940100001,0.123817980000069,0],[99.36163299,0.12378504000003,0],[99.3615879800001,0.12375,0],[99.3615228900001,0.123719710000046,0],[99.361448651,0.123694012000044,0],[99.3613772670001,0.12365118200006,0],[99.3613429700001,0.123608010000055,0],[99.36132001,0.123580010000069,0],[99.3613050000001,0.123545980000074,0],[99.3612670300001,0.123469960000023,0],[99.36123703,0.123426960000074,0],[99.3611982310001,0.123403722000035,0],[99.361197744,0.123403431000042,0],[99.3611974670001,0.123403353000072,0],[99.36116796,0.12339503000004,0],[99.36111499,0.123402990000045,0],[99.3610317700001,0.123417043000075,0],[99.3609732350001,0.123414188000027,0]]],[[[99.2944869900001,0.13909601000006,0],[99.294518,0.139062980000062,0],[99.2945330000001,0.139045970000041,0],[99.2945399600001,0.139038,0],[99.2945859800001,0.139008,0],[99.2946319900001,0.138981010000066,0],[99.2946930100001,0.13896802000005,0],[99.29475403,0.138938010000061,0],[99.29486803,0.138819990000059,0],[99.2949679800001,0.138728,0],[99.2949909900001,0.138694010000052,0],[99.2950210000001,0.138623020000068,0],[99.2950249800001,0.138580020000063,0],[99.2950209950001,0.138506005000067,0],[99.2950130300001,0.13847499000002,0],[99.2950020100001,0.138451480000072,0],[99.294967339,0.138398269000049,0],[99.2949500000001,0.138366667000071,0],[99.2949325000001,0.138288698000054,0],[99.2949324740001,0.138288691000071,0],[99.2948974940001,0.13821219600004,0],[99.2948278120001,0.138113625000074,0],[99.2946945620001,0.137976568000056,0],[99.2945042050001,0.137869969000064,0],[99.2943443060001,0.137799536000045,0],[99.294183333,0.137766667000051,0],[99.2940735230001,0.137755516000027,0],[99.2940283130001,0.137762655000074,0],[99.2939616880001,0.137780501000066,0],[99.2939033910001,0.137817382000037,0],[99.29388399,0.137846010000032,0],[99.2938610300001,0.137903010000059,0],[99.2938539900001,0.13795003000007,0],[99.2938310200001,0.138026980000063,0],[99.293712343,0.13818124200003,0],[99.2936015830001,0.138322212000048,0],[99.2935333330001,0.138433333000023,0],[99.293411,0.13851698000002,0],[99.2932740400001,0.138631980000071,0],[99.2932209800001,0.138672970000073,0],[99.2930220000001,0.138841030000037,0],[99.2928669340001,0.139012318000027,0],[99.2927500000001,0.139133333000075,0],[99.2925787450001,0.139265522000073,0],[99.2923693530001,0.139438747000042,0],[99.292314149,0.139564383000049,0],[99.2922913070001,0.139680500000054,0],[99.292302728,0.13979471500005,0],[99.2923331850001,0.139887989000044,0],[99.2923961220001,0.139956637000068,0],[99.2924650200001,0.140009970000051,0],[99.2925800200001,0.140056990000062,0],[99.2927019800001,0.140079960000037,0],[99.2927859600001,0.140079960000037,0],[99.292823975,0.140073465000057,0],[99.2928613060001,0.140058359000022,0],[99.2929,0.14005,0],[99.2929201360001,0.140057218000038,0],[99.292943398,0.140072041000053,0],[99.2929735000001,0.14013,0],[99.2929906670001,0.140253493000046,0],[99.2929820000001,0.140416,0],[99.292930535,0.140612549000025,0],[99.2928540890001,0.140877121000074,0],[99.2928182650001,0.140962774000059,0],[99.2927725370001,0.141035377000037,0],[99.2926709600001,0.141273960000035,0],[99.2926087660001,0.14141488000007,0],[99.2925641510001,0.141643903000045,0],[99.2925420000001,0.141867,0],[99.2925333330001,0.141933333000054,0],[99.2925029900001,0.142018020000023,0],[99.29248799,0.142126990000065,0],[99.2925110400001,0.142363020000062,0],[99.2925569700001,0.142565030000071,0],[99.2925859370001,0.142650816000071,0],[99.2926103890001,0.142713950000029,0],[99.2926291700001,0.142750759000023,0],[99.2926833330001,0.14285,0],[99.29272503,0.142956960000049,0],[99.2928700300001,0.14324103000007,0],[99.2929310000001,0.143365,0],[99.2929944700001,0.143479545000048,0],[99.293166667,0.14368333300007,0],[99.2933349800001,0.14384603000002,0],[99.2934570200001,0.143942,0],[99.2936537750001,0.144077288000062,0],[99.293698754,0.144113721000053,0],[99.2937670000001,0.144169,0],[99.2938333330001,0.1442,0],[99.29392196,0.144221040000048,0],[99.2939664670001,0.144223447000059,0],[99.2940024150001,0.144214679000072,0],[99.2940445130001,0.144204411000032,0],[99.294100669,0.144180616000028,0],[99.294183333,0.14413333300007,0],[99.294250548,0.144090973000061,0],[99.2943085900001,0.144035682000037,0],[99.294330179,0.144003364000071,0],[99.294435697,0.143778012000041,0],[99.2945397560001,0.143530200000043,0],[99.2946000000001,0.143333333000044,0],[99.2946319900001,0.143130970000072,0],[99.2946699600001,0.143033990000049,0],[99.2947080200001,0.142966020000074,0],[99.2947340810001,0.142931042000043,0],[99.2947435990001,0.142888212000059,0],[99.2947336840001,0.142845977000036,0],[99.2947122690001,0.142784111000026,0],[99.2947084670001,0.142586024000025,0],[99.2947500000001,0.1423,0],[99.294763,0.142209,0],[99.2947886410001,0.141826537000043,0],[99.294787049,0.141682752000065,0],[99.2947833330001,0.141316667000069,0],[99.29479997,0.141057040000021,0],[99.294805791,0.141023762000032,0],[99.29484598,0.140794010000036,0],[99.2948530200001,0.140694020000069,0],[99.2948530200001,0.140583960000072,0],[99.2948530200001,0.140524030000051,0],[99.29484598,0.14040803000006,0],[99.294833333,0.14035,0],[99.29479997,0.140203,0],[99.2947814460001,0.140123048000021,0],[99.2947390300001,0.139939980000065,0],[99.2946319900001,0.139643010000043,0],[99.2945859800001,0.139499010000065,0],[99.2945666670001,0.139433333000056,0],[99.2945236570001,0.139345710000043,0],[99.2944784480001,0.139264809000053,0],[99.294459412,0.139174389000061,0],[99.2944869900001,0.13909601000006,0]]],[[[99.280270446,0.178087786000049,0],[99.2802726910001,0.178086271000041,0],[99.280308517,0.178062088000047,0],[99.2803408780001,0.178035438000052,0],[99.280385612,0.177999270000043,0],[99.280466667,0.17795,0],[99.2805570950001,0.177942356000074,0],[99.28074603,0.177933970000026,0],[99.2810360000001,0.177958,0],[99.2814000000001,0.178,0],[99.2816159530001,0.178033799000048,0],[99.2816678770001,0.178034205000074,0],[99.2817080200001,0.178028020000056,0],[99.281725711,0.178021891000071,0],[99.2817587800001,0.17800141400005,0],[99.28185998,0.177906980000046,0],[99.2819242890001,0.177833519000046,0],[99.2820573160001,0.177647169000068,0],[99.2821500000001,0.17751666700002,0],[99.2821985370001,0.177453931000059,0],[99.282316667,0.1773,0],[99.282491839,0.177091794000034,0],[99.2827020400001,0.176876510000056,0],[99.2827430180001,0.176831604000029,0],[99.2827610000001,0.176794495000024,0],[99.2827840100001,0.176747010000042,0],[99.2827990100001,0.176678030000062,0],[99.2828369800001,0.176577030000033,0],[99.2829,0.17645,0],[99.28301199,0.176219960000026,0],[99.2830810150001,0.176069005000045,0],[99.28317997,0.175873030000048,0],[99.2832526510001,0.175682489000053,0],[99.283283333,0.1756,0],[99.2833099700001,0.175543040000036,0],[99.2833559900001,0.175469020000037,0],[99.2834305320001,0.175349259000029,0],[99.2835005300001,0.175191495000036,0],[99.2835270150001,0.175129010000035,0],[99.2835539700001,0.175010030000067,0],[99.2835539700001,0.174923030000059,0],[99.2835562710001,0.174860028000069,0],[99.2836,0.1747,0],[99.2836839700001,0.17446596000002,0],[99.2837370300001,0.174321960000043,0],[99.2838301820001,0.173988248000057,0],[99.2839000000001,0.17375,0],[99.2839316390001,0.17339435100007,0],[99.2839504720001,0.173182650000058,0],[99.2839739330001,0.172918923000054,0],[99.283983333,0.172816667000063,0],[99.2839970300001,0.172768040000051,0],[99.2840419600001,0.172608030000049,0],[99.2840630960001,0.172542433000046,0],[99.2841130640001,0.172375871000042,0],[99.2841420400001,0.172208970000042,0],[99.2841570840001,0.172048695000058,0],[99.2841500000001,0.171883333000039,0],[99.2841340000001,0.171838,0],[99.2840761830001,0.171770298000069,0],[99.2839760000001,0.171699,0],[99.283765782,0.171598620000054,0],[99.28360702,0.171549980000066,0],[99.2834397990001,0.17154916800007,0],[99.283283333,0.17155,0],[99.2831570000001,0.171544030000064,0],[99.2830956070001,0.171555730000023,0],[99.2830185120001,0.171567152000023,0],[99.282979965,0.171584284000062,0],[99.2829442730001,0.171637108000027,0],[99.2829130000001,0.171689040000047,0],[99.282893829,0.171725148000064,0],[99.2828643230001,0.171740377000049,0],[99.2828224450001,0.171747039000024,0],[99.2827835050001,0.171749515000045,0],[99.2827348810001,0.171747039000024,0],[99.2826958570001,0.171746087000031,0],[99.2826698980001,0.171754633000035,0],[99.2826350000001,0.171791,0],[99.282443357,0.171886821000044,0],[99.282383333,0.171916667000062,0],[99.2823312850001,0.171936490000064,0],[99.2820262770001,0.17200770900007,0],[99.2819170000001,0.172051,0],[99.2817170000001,0.172142,0],[99.2815166670001,0.172233333000065,0],[99.2813794830001,0.172274142000049,0],[99.281209333,0.172325048000062,0],[99.2810787760001,0.17234226100004,0],[99.2809645620001,0.172351779000053,0],[99.28081418,0.172386043000074,0],[99.280701869,0.172427922000054,0],[99.2806,0.172483333000059,0],[99.2805020000001,0.172499,0],[99.2804296530001,0.172496270000067,0],[99.280334242,0.172475035000048,0],[99.2802699970001,0.172452430000021,0],[99.2802105100001,0.172431015000029,0],[99.28014404,0.17242648000007,0],[99.2800832440001,0.17245114900004,0],[99.2799800000001,0.172547,0],[99.27984,0.17269,0],[99.279731209,0.172801123000056,0],[99.2797,0.172833333000028,0],[99.2796187380001,0.172917218000066,0],[99.279481919,0.173054513000068,0],[99.2793579900001,0.173223010000072,0],[99.27928196,0.173327030000053,0],[99.2791750100001,0.17347103000003,0],[99.2790529700001,0.173679990000039,0],[99.2789379700001,0.17392902000006,0],[99.2789000000001,0.174033333000068,0],[99.2788010100001,0.174278960000038,0],[99.2787529990001,0.17444305600003,0],[99.27871,0.174563,0],[99.278683491,0.174696231000041,0],[99.2786333330001,0.17495,0],[99.2786099900001,0.175055040000075,0],[99.2785639700001,0.17521497000007,0],[99.2785110350001,0.175419025000053,0],[99.2784649800001,0.175628030000041,0],[99.2784537140001,0.175737832000038,0],[99.2784333330001,0.17585,0],[99.27838904,0.175951990000044,0],[99.2783164950001,0.176173985000048,0],[99.2782782570001,0.17635156700004,0],[99.278278259,0.176351598000053,0],[99.2783158350001,0.17652961400006,0],[99.278412008,0.176708777000044,0],[99.278412023,0.17670879800005,0],[99.2784833330001,0.1768,0],[99.2785706070001,0.176930607000031,0],[99.278676493,0.177047200000061,0],[99.2787210050001,0.177136520000033,0],[99.2787425230001,0.17730298400005,0],[99.2787425220001,0.17730301000006,0],[99.27875499,0.177556030000062,0],[99.2787666670001,0.17766666700004,0],[99.2787779170001,0.177804189000028,0],[99.278799566,0.177911137000024,0],[99.27885417,0.178010753000024,0],[99.2789227040001,0.178087536000021,0],[99.278998974,0.178109791000054,0],[99.2790668480001,0.178112782000028,0],[99.279068023,0.178112834000046,0],[99.2791504090001,0.178116465000073,0],[99.2792637050001,0.178113007000036,0],[99.2792657950001,0.178112943000031,0],[99.279309987,0.178111594000029,0],[99.2795500000001,0.178083333000075,0],[99.2796460750001,0.178054474000021,0],[99.2797707590001,0.178037342000039,0],[99.279933514,0.178037342000039,0],[99.2799925250001,0.178045908000058,0],[99.2800934140001,0.178074461000051,0],[99.280109139,0.178079475000061,0],[99.2801590870001,0.178095400000075,0],[99.2802219050001,0.178097304000062,0],[99.280270446,0.178087786000049,0]]],[[[99.2995035540001,0.187230827000064,0],[99.2995214000001,0.187166581000042,0],[99.2995285380001,0.187048799000024,0],[99.2995178310001,0.186913169000036,0],[99.2995275600001,0.186762781000027,0],[99.299511882,0.186697828000035,0],[99.2995505480001,0.186614547000033,0],[99.299613009,0.186424189000036,0],[99.2996338290001,0.186165423000034,0],[99.2995743430001,0.185986964000051,0],[99.2995029590001,0.185844196000062,0],[99.2994821390001,0.185766864000072,0],[99.2994315750001,0.185698454000033,0],[99.2993857210001,0.185615421000023,0],[99.2991477750001,0.185317988000065,0],[99.2989217260001,0.185074094000072,0],[99.298749215,0.184883737000064,0],[99.298439886,0.184592253000062,0],[99.2981721960001,0.184419742000046,0],[99.2980115820001,0.184360255000058,0],[99.2976427660001,0.18437810100005,0],[99.2973929230001,0.184407845000067,0],[99.2970954900001,0.184449485000073,0],[99.2968096640001,0.184585775000073,0],[99.2967828340001,0.184707864000075,0],[99.296671915,0.185212592000028,0],[99.29665529,0.185288245000038,0],[99.2965541630001,0.185621369000046,0],[99.2965315910001,0.185956933000057,0],[99.2966136490001,0.186412541000038,0],[99.29706149,0.18684496100002,0],[99.2970889800001,0.186867990000053,0],[99.2971120300001,0.186886010000023,0],[99.297133333,0.1869,0],[99.297167146,0.186937051000029,0],[99.2973250200001,0.187085,0],[99.2974779800001,0.187207040000033,0],[99.2976000300001,0.187268980000056,0],[99.2977000000001,0.187316667000061,0],[99.2978236420001,0.187378678000073,0],[99.2979836150001,0.187458480000032,0],[99.298130766,0.187532049000026,0],[99.2983828280001,0.187552055000026,0],[99.298543441,0.187602023000068,0],[99.2986183940001,0.187577039000075,0],[99.2987004860001,0.18748424000006,0],[99.2987861460001,0.18744854800002,0],[99.2989182060001,0.187395010000046,0],[99.2991002350001,0.187430701000039,0],[99.299178757,0.187498516000062,0],[99.2992465720001,0.187530639000045,0],[99.299314387,0.187498516000062,0],[99.2993607860001,0.18743784000003,0],[99.2994143240001,0.187345041000071,0],[99.2994586900001,0.187288254000066,0],[99.2995035540001,0.187230827000064,0]]],[[[99.31231697,0.194412040000032,0],[99.3123469800001,0.194381030000045,0],[99.3124010400001,0.19431196000005,0],[99.31247698,0.19420099000007,0],[99.31256097,0.194100990000038,0],[99.3126033140001,0.194049491000044,0],[99.31263003,0.194017,0],[99.31266801,0.193976010000029,0],[99.31271402,0.19392103000007,0],[99.3127666670001,0.193883333000031,0],[99.3127699820001,0.193882139000038,0],[99.3127730640001,0.193881028000021,0],[99.312782101,0.193878120000022,0],[99.3128019530001,0.193877651000037,0],[99.3128199700001,0.193881970000064,0],[99.3128430200001,0.193896970000026,0],[99.312912,0.193934020000029,0],[99.312941751,0.193940031000068,0],[99.312963166,0.19393735400007,0],[99.3129749660001,0.193933008000045,0],[99.3129899560001,0.193927486000064,0],[99.3129980180001,0.193919137000023,0],[99.313007456,0.193897350000043,0],[99.313007471,0.193897306000054,0],[99.3130199760001,0.193860319000066,0],[99.3130510280001,0.193763177000051,0],[99.313066667,0.193666667000059,0],[99.3130799750001,0.193553485000052,0],[99.3130949800001,0.193507970000041,0],[99.3130949800001,0.193448960000069,0],[99.3130870200001,0.193419040000038,0],[99.31307201,0.193378970000026,0],[99.31307201,0.193322980000062,0],[99.3130949800001,0.193245030000071,0],[99.31310303,0.19318904000005,0],[99.3130870200001,0.193038,0],[99.3130570100001,0.192960970000058,0],[99.3130489600001,0.192896010000027,0],[99.3130333330001,0.19275,0],[99.3130117520001,0.192622002000064,0],[99.3129558910001,0.19228548600006,0],[99.312919144,0.192064947000063,0],[99.312866667,0.19175,0],[99.3128361720001,0.191590832000031,0],[99.3127784850001,0.191292993000047,0],[99.3127163340001,0.190970981000021,0],[99.3126833330001,0.1908,0],[99.3126580270001,0.190587104000031,0],[99.3126581710001,0.190534767000031,0],[99.3126646650001,0.190499282000076,0],[99.312661856,0.190448604000039,0],[99.3126530000001,0.190401970000039,0],[99.3126530000001,0.190353020000032,0],[99.3126599600001,0.190309020000029,0],[99.31265648,0.190275030000066,0],[99.3126530000001,0.190241040000046,0],[99.3126449950001,0.190203530000019,0],[99.31263699,0.190166020000049,0],[99.3126294900001,0.190150515000028,0],[99.3126219900001,0.190123078000056,0],[99.3126219900001,0.19009251500006,0],[99.3126219900001,0.190050020000058,0],[99.3125990200001,0.189949010000021,0],[99.31258402,0.189918,0],[99.3125577660001,0.189888225000061,0],[99.3125245130001,0.18985729700006,0],[99.3125166670001,0.18985,0],[99.3125075350001,0.189830535000056,0],[99.3125000300001,0.189808030000052,0],[99.31246902,0.189638970000033,0],[99.3124240100001,0.189496980000058,0],[99.31238604,0.189422970000066,0],[99.3123629900001,0.189256,0],[99.3123281690001,0.18895305500007,0],[99.3123166670001,0.1889,0],[99.3122706080001,0.188626905000035,0],[99.312241165,0.188453581000033,0],[99.3122116160001,0.18827963800004,0],[99.3121775020001,0.188080056000047,0],[99.312166667,0.188016667000056,0],[99.3121339900001,0.18787801000002,0],[99.3121260300001,0.187781030000053,0],[99.312118464,0.187747551000029,0],[99.3121029800001,0.187679030000027,0],[99.3120960200001,0.187500990000046,0],[99.3121080330001,0.187421766000057,0],[99.3121069680001,0.187378182000032,0],[99.3120960200001,0.187313990000064,0],[99.3120569600001,0.187154990000067,0],[99.312041423,0.187086037000029,0],[99.3120270000001,0.187037515000043,0],[99.3120166670001,0.187,0],[99.3120100140001,0.186864985000057,0],[99.3120545100001,0.186660431000064,0],[99.3120960200001,0.186548980000055,0],[99.312149,0.186334990000034,0],[99.312222901,0.186110622000058,0],[99.3122333330001,0.186066667000034,0],[99.3122560300001,0.185942970000042,0],[99.312288649,0.185836376000054,0],[99.3123053050001,0.185755474000075,0],[99.312300507,0.185662615000069,0],[99.31223298,0.185532,0],[99.3122124110001,0.185453068000072,0],[99.3122043990001,0.18521417200003,0],[99.3122000000001,0.185083333000023,0],[99.3122179800001,0.184873020000055,0],[99.3122254800001,0.184820005000063,0],[99.3122100200001,0.184705970000039,0],[99.3121800100001,0.184601020000059,0],[99.3121339900001,0.184506980000037,0],[99.3120309390001,0.184368448000043,0],[99.3119445630001,0.184268359000043,0],[99.3118833330001,0.1842,0],[99.3118670300001,0.184172960000069,0],[99.3118210100001,0.184093,0],[99.3117806180001,0.184031840000046,0],[99.3117449900001,0.183996020000052,0],[99.31167601,0.183940030000031,0],[99.31159998,0.183861990000025,0],[99.311462722,0.183703950000051,0],[99.3113000000001,0.183483333000027,0],[99.3112259800001,0.183383970000023,0],[99.311098545,0.183233769000026,0],[99.31092096,0.183048020000058,0],[99.3107444820001,0.182869711000023,0],[99.3106500000001,0.182783333000032,0],[99.3105624620001,0.182741963000069,0],[99.3098333330001,0.1824,0],[99.3089333330001,0.182183333000069,0],[99.30881501,0.182144040000026,0],[99.308525,0.182046970000044,0],[99.3082430300001,0.18191999000004,0],[99.3081736110001,0.181847203000075,0],[99.3081407920001,0.181809055000031,0],[99.3081232170001,0.181790793000062,0],[99.3081000000001,0.181766667000034,0],[99.3080566190001,0.181748973000026,0],[99.3080468090001,0.18174596700004,0],[99.3080045450001,0.181734576000053,0],[99.307955356,0.181721319000076,0],[99.3078035670001,0.181672822000053,0],[99.30770097,0.18164003000004,0],[99.3076250300001,0.181614970000055,0],[99.3074737220001,0.18155850900007,0],[99.3071833330001,0.1815,0],[99.3070743420001,0.181489637000027,0],[99.3070198460001,0.181484455000032,0],[99.3069151170001,0.181477458000074,0],[99.3068595270001,0.181475448000072,0],[99.3066782980001,0.181478023000068,0],[99.3063890400001,0.181497040000067,0],[99.306261261,0.181518833000041,0],[99.3062170000001,0.181533,0],[99.3061599600001,0.181548,0],[99.3059919900001,0.181595020000032,0],[99.3059540200001,0.181606,0],[99.30591596,0.181621010000072,0],[99.305908,0.181624020000072,0],[99.3058740100001,0.181639990000065,0],[99.3058149060001,0.181659728000056,0],[99.3057695560001,0.181666531000076,0],[99.3057117260001,0.181657201000064,0],[99.3056796490001,0.181641607000074,0],[99.3056669150001,0.18164186000007,0],[99.305647493,0.181647638000072,0],[99.3055950200001,0.18169099000005,0],[99.305525538,0.181717065000043,0],[99.305461769,0.181725631000063,0],[99.3054050000001,0.181725030000052,0],[99.3053542170001,0.181700885000055,0],[99.3053210200001,0.181677,0],[99.3052980100001,0.181657010000038,0],[99.3052666670001,0.181633333000036,0],[99.3052257570001,0.181598412000028,0],[99.30519101,0.181577,0],[99.3050989800001,0.181539030000067,0],[99.3050512780001,0.181526698000027,0],[99.3050160000001,0.181523020000043,0],[99.3048780300001,0.181508020000024,0],[99.304627585,0.181457942000065,0],[99.30454301,0.181441970000037,0],[99.304528061,0.181435475000058,0],[99.3045200400001,0.181431990000021,0],[99.30447402,0.181397960000027,0],[99.304438825,0.181386486000065,0],[99.3044126710001,0.181389420000073,0],[99.3043663770001,0.181408917000056,0],[99.304319009,0.181449415000031,0],[99.3042833330001,0.181483333000074,0],[99.304153,0.181648,0],[99.3040469700001,0.181848990000049,0],[99.3040079900001,0.181955020000032,0],[99.30395502,0.182109,0],[99.3039319700001,0.182269010000027,0],[99.303933333,0.182333333000031,0],[99.3039348140001,0.182357438000054,0],[99.303936471,0.18238442400002,0],[99.3039375210001,0.182393501000035,0],[99.30393251,0.182438030000071,0],[99.3039250100001,0.182461040000021,0],[99.3039019600001,0.182493980000061,0],[99.3038904750001,0.182509990000028,0],[99.30386701,0.182533944000056,0],[99.303813382,0.182569501000046,0],[99.3037645050001,0.182592919000058,0],[99.3036931710001,0.182636052000021,0],[99.303590854,0.182683642000029,0],[99.30339804,0.18279498000004,0],[99.303233333,0.182933333000051,0],[99.303153927,0.183008306000033,0],[99.3031260590001,0.183027091000042,0],[99.3030549700001,0.183075010000039,0],[99.30299403,0.183119020000049,0],[99.30296302,0.183151960000032,0],[99.302917,0.183194040000046,0],[99.3028791570001,0.183263278000027,0],[99.302720804,0.183484806000024,0],[99.3026166670001,0.183633333000046,0],[99.302599328,0.183651877000045,0],[99.3025280000001,0.183701980000023,0],[99.3025198020001,0.183708729000045,0],[99.302493391,0.18373934400006,0],[99.30244401,0.183789990000037,0],[99.3023604300001,0.183876572000031,0],[99.3023300200001,0.183906,0],[99.3023128460001,0.183952370000043,0],[99.3023135590001,0.183992345000036,0],[99.302336402,0.184053021000068,0],[99.302399,0.18412703000007,0],[99.3024614550001,0.184189485000047,0],[99.3025509600001,0.184278990000053,0],[99.3025890200001,0.18431503000005,0],[99.3026119800001,0.184334980000074,0],[99.302663968,0.184378201000072,0],[99.3026912340001,0.184404617000041,0],[99.3027064840001,0.184424240000055,0],[99.3027230000001,0.184450990000073,0],[99.3027666670001,0.184533333000047,0],[99.3027690600001,0.184543702000042,0],[99.302770487,0.184559644000046,0],[99.302770487,0.184576776000029,0],[99.3027697730001,0.184590815000035,0],[99.3027711720001,0.184607088000064,0],[99.302777797,0.184627162000027,0],[99.3027858280001,0.184640517000048,0],[99.30280738,0.184664933000022,0],[99.302817411,0.184672068000054,0],[99.302895171,0.184730252000065,0],[99.3029922530001,0.184818768000071,0],[99.3031136060001,0.184948686000041,0],[99.3031993060001,0.185051815000065,0],[99.303228,0.185113,0],[99.30325,0.1853,0],[99.3032370000001,0.185366,0],[99.30319201,0.185500990000037,0],[99.3030550710001,0.185683940000047,0],[99.3029220550001,0.185864475000074,0],[99.302846194,0.185981105000053,0],[99.302819275,0.186025001000075,0],[99.302783333,0.186116667000022,0],[99.302768691,0.186138667000023,0],[99.30274947,0.186158609000074,0],[99.3026585000001,0.186271500000032,0],[99.3025169620001,0.186487729000021,0],[99.3024730000001,0.186647,0],[99.3024800000001,0.186811,0],[99.3026166670001,0.187066667000067,0],[99.30280301,0.187179970000045,0],[99.3029399700001,0.187298990000045,0],[99.30303996,0.187421030000053,0],[99.3031307400001,0.187522164000029,0],[99.30319997,0.187621020000051,0],[99.3032610000001,0.187753040000075,0],[99.30328396,0.187823030000061,0],[99.303302134,0.187882110000032,0],[99.3033157130001,0.18791073400007,0],[99.303355244,0.187968752000074,0],[99.3034670200001,0.18812,0],[99.30352,0.188187980000066,0],[99.303684553,0.188408004000053,0],[99.3038940000001,0.188659040000061,0],[99.3039469700001,0.18871796000002,0],[99.3039566590001,0.188729125000066,0],[99.3040142550001,0.188818583000057,0],[99.3040540100001,0.188904960000059,0],[99.3040609860001,0.188916171000074,0],[99.3041000200001,0.189088020000042,0],[99.304158209,0.189163626000038,0],[99.304268,0.189249960000041,0],[99.3043446890001,0.189301191000027,0],[99.3044053350001,0.189348585000062,0],[99.30450403,0.189450960000045,0],[99.30454996,0.189488010000048,0],[99.304567262,0.189518832000033,0],[99.3045920640001,0.189572368000029,0],[99.30471219,0.189839192000022,0],[99.30475599,0.189947,0],[99.304787,0.190019,0],[99.30483202,0.190182030000074,0],[99.304863749,0.19031168500004,0],[99.3048833330001,0.190366667000035,0],[99.3049999900001,0.190687960000048,0],[99.3050460100001,0.190877980000039,0],[99.3050539700001,0.190903960000071,0],[99.3050839800001,0.190960960000041,0],[99.3051299900001,0.191046960000051,0],[99.305145,0.191077970000038,0],[99.3052166670001,0.19125,0],[99.3054889900001,0.192020638000031,0],[99.3055166670001,0.1921,0],[99.3056179900001,0.192222020000031,0],[99.3056950200001,0.192325030000063,0],[99.3057822160001,0.192405818000054,0],[99.3059540200001,0.192535,0],[99.30609902,0.192630970000039,0],[99.3062290300001,0.192702970000028,0],[99.30630497,0.192748990000041,0],[99.3063580200001,0.192783020000036,0],[99.3064040400001,0.192818980000027,0],[99.306427661,0.192841490000035,0],[99.3064880300001,0.192960970000058,0],[99.3066841260001,0.193124754000053,0],[99.3069529700001,0.193301020000035,0],[99.3069529700001,0.193302030000041,0],[99.3070450100001,0.19337,0],[99.3071025420001,0.193420330000038,0],[99.3072279800001,0.193532030000028,0],[99.30733502,0.19361299000002,0],[99.3074040000001,0.193663030000039,0],[99.3075559700001,0.193779960000029,0],[99.3077000000001,0.1939,0],[99.3077430050001,0.193931505000023,0],[99.30785403,0.194003,0],[99.30804133,0.194043416000056,0],[99.3081820100001,0.194077020000066,0],[99.3082430300001,0.194095040000036,0],[99.308368505,0.194134975000054,0],[99.3084410100001,0.194171980000021,0],[99.308474812,0.194194879000065,0],[99.3085333330001,0.19425,0],[99.3085788110001,0.194325589000073,0],[99.3086089800001,0.194369960000074,0],[99.3086700000001,0.194441960000063,0],[99.30868501,0.194452020000028,0],[99.3087599030001,0.194523663000041,0],[99.3087599420001,0.194523697000022,0],[99.30876204,0.194526040000028,0],[99.3087865700001,0.194542951000074,0],[99.308800638,0.194552648000069,0],[99.30889104,0.194614970000032,0],[99.3089600200001,0.194652020000035,0],[99.308989975,0.194660356000043,0],[99.3090819800001,0.194685960000072,0],[99.30924199,0.194717980000064,0],[99.30932597,0.194742960000042,0],[99.3094409700001,0.194760980000069,0],[99.3096999700001,0.194797020000067,0],[99.3097989600001,0.194818980000036,0],[99.309825995,0.19482698500002,0],[99.3098532220001,0.194832879000046,0],[99.3098886590001,0.194840550000038,0],[99.3100130400001,0.194866010000055,0],[99.31008101,0.194871030000058,0],[99.3101120300001,0.194870030000061,0],[99.31028704,0.19487397000006,0],[99.3103607660001,0.194870429000048,0],[99.3104319600001,0.194867010000053,0],[99.3106063110001,0.194895743000075,0],[99.3106990100001,0.194911020000063,0],[99.3109280100001,0.194927030000031,0],[99.3110119900001,0.194932980000033,0],[99.31116496,0.194958040000074,0],[99.3112,0.194966667000074,0],[99.3112751370001,0.194968043000074,0],[99.3113845920001,0.194960905000073,0],[99.3115475850001,0.194925213000033,0],[99.311604618,0.194900087000065,0],[99.3117177170001,0.194850260000067,0],[99.3118289800001,0.194782020000048,0],[99.3118670300001,0.19475704000007,0],[99.312083333,0.194616667000048,0],[99.3121520450001,0.194565372000056,0],[99.31219501,0.194526040000028,0],[99.3122629900001,0.194468030000053,0],[99.31231697,0.194412040000032,0]]],[[[99.2616781200001,0.201896016000035,0],[99.2616852580001,0.201943606000043,0],[99.2617078630001,0.201984057000061,0],[99.261755452,0.202023318000045,0],[99.2618101800001,0.202042353000024,0],[99.2618637180001,0.202043543000059,0],[99.261929153,0.202016179000054,0],[99.2619559660001,0.201966122000044,0],[99.2619731730001,0.201899586000025,0],[99.261988639,0.201825822000046,0],[99.2619993470001,0.201737782000066,0],[99.2619981570001,0.201652122000041,0],[99.2619826910001,0.201595015000066,0],[99.2619446190001,0.201566461000027,0],[99.2619219650001,0.201558877000025,0],[99.2618872660001,0.20155567200004,0],[99.261846962,0.201570328000059,0],[99.2617969940001,0.201615538000055,0],[99.261759021,0.201669968000033,0],[99.26172095,0.201724695000053,0],[99.261699535,0.201766336000048,0],[99.2616816890001,0.201817494000068,0],[99.2616781200001,0.201896016000035,0]]],[[[99.2889039200001,0.227657823000072,0],[99.2890564050001,0.227642132000028,0],[99.289057423,0.227642027000059,0],[99.289118145,0.227635779000025,0],[99.2892878000001,0.227595631000042,0],[99.2894855760001,0.227530314000035,0],[99.28948561,0.227530302000048,0],[99.289640412,0.227459457000066,0],[99.2897686350001,0.227397263000057,0],[99.290137664,0.227231185000051,0],[99.2903729940001,0.227156407000052,0],[99.290551199,0.227102263000063,0],[99.2905529080001,0.227101744000038,0],[99.290637255,0.227076117000024,0],[99.2908671150001,0.22700842100005,0],[99.2909862280001,0.226973311000052,0],[99.2909874040001,0.226972964000026,0],[99.290987633,0.226972896000063,0],[99.2909877150001,0.226972872000033,0],[99.2910727390001,0.22694781000007,0],[99.2911968550001,0.226910648000057,0],[99.29119854,0.226910144000044,0],[99.291311981,0.226876178000055,0],[99.2913916090001,0.226836525000067,0],[99.2913929950001,0.226835835000031,0],[99.291393471,0.226835598000036,0],[99.291457402,0.226803762000031,0],[99.291512508,0.226762930000064,0],[99.291513239,0.226762388000054,0],[99.291514132,0.226761726000063,0],[99.291555137,0.226731350000023,0],[99.2916231300001,0.226644008000051,0],[99.291623149,0.226643976000048,0],[99.2916630220001,0.226529844000027,0],[99.2916681090001,0.226485110000056,0],[99.2916681200001,0.226485016000026,0],[99.291674748,0.226426734000029,0],[99.2916778800001,0.226303945000041,0],[99.291677887,0.226303904000019,0],[99.2917036750001,0.226196099000049,0],[99.2917646560001,0.226111883000044,0],[99.2918498710001,0.226022152000041,0],[99.2919116370001,0.225963910000075,0],[99.291951511,0.22590802600007,0],[99.2919661060001,0.225866795000059,0],[99.291979654,0.225828527000033,0],[99.2919811570001,0.22577478200003,0],[99.2919811740001,0.225774174000037,0],[99.2919827790001,0.225716758000033,0],[99.292034378,0.225487719000057,0],[99.2920598190001,0.225432262000027,0],[99.2920961400001,0.22535311200005,0],[99.2921165430001,0.225309779000042,0],[99.2921169160001,0.225308987000062,0],[99.2921532120001,0.225231897000072,0],[99.2922219980001,0.22508711100005,0],[99.292222015,0.225087070000029,0],[99.2922502320001,0.225025355000071,0],[99.292294719,0.224928071000022,0],[99.2923169630001,0.22487918500002,0],[99.2923171850001,0.224878698000055,0],[99.292358827,0.224787178000042,0],[99.292419023,0.224649432000035,0],[99.2924190370001,0.224649406000026,0],[99.2924316660001,0.224628666000058,0],[99.2924338540001,0.224625073000027,0],[99.29243388,0.224625032000063,0],[99.2925130960001,0.22449292400006,0],[99.2930579270001,0.223694653000052,0],[99.293057945,0.223694626000054,0],[99.2936491670001,0.222753936000061,0],[99.2936824990001,0.222691544000043,0],[99.2936839050001,0.222688912000024,0],[99.2936842230001,0.222688316000074,0],[99.2938300010001,0.222415481000041,0],[99.29393371,0.222218940000062,0],[99.2940270720001,0.222042009000063,0],[99.2942195160001,0.221698878000041,0],[99.2943957160001,0.221374431000072,0],[99.294395733,0.221374403000027,0],[99.2945556860001,0.221063979000064,0],[99.294671609,0.220776866000051,0],[99.294789849,0.220431412000039,0],[99.294894178,0.220095290000074,0],[99.2949364460001,0.21994538000007,0],[99.294936964,0.219943542000067,0],[99.2949376670001,0.219941049000056,0],[99.2949377720001,0.219940675000032,0],[99.294937937,0.219940089000033,0],[99.2949961880001,0.219733490000067,0],[99.2950568350001,0.219550310000045,0],[99.2950570990001,0.219549516000029,0],[99.2951028350001,0.219411371000035,0],[99.2951839790001,0.219086919000063,0],[99.295255846,0.218690109000022,0],[99.295450595,0.217833477000056,0],[99.2955479560001,0.217511382000055,0],[99.295547969,0.217511348000073,0],[99.295613818,0.217374087000053,0],[99.2956148360001,0.217371965000041,0],[99.2956800850001,0.217235952000067,0],[99.29568011,0.217235905000052,0],[99.2957474890001,0.217124143000035,0],[99.295749018,0.217121606000035,0],[99.2957514400001,0.217117589000054,0],[99.2958841430001,0.216897450000033,0],[99.2960811900001,0.21659870000002,0],[99.2960812110001,0.216598669000064,0],[99.296333938,0.216199521000021,0],[99.296470717,0.215882070000021,0],[99.2964707310001,0.215882026000031,0],[99.2965333160001,0.215569291000065,0],[99.296536147,0.215369491000047,0],[99.296537947,0.215242507000028,0],[99.2965031640001,0.214943737000056,0],[99.2964991680001,0.214931411000066,0],[99.2963941840001,0.214607614000045,0],[99.296264336,0.214341520000062,0],[99.2961437660001,0.214075419000039,0],[99.2961113000001,0.213842021000062,0],[99.296113618,0.21360392400004,0],[99.29614667,0.213420897000049,0],[99.2961467530001,0.213420436000035,0],[99.296164629,0.213321483000072,0],[99.2962202680001,0.213151094000068,0],[99.296220282,0.213151058000051,0],[99.2962475100001,0.213085257000046,0],[99.2962484980001,0.213082869000061,0],[99.2962502440001,0.213078648000021,0],[99.2963129920001,0.212927007000076,0],[99.2963755920001,0.212763642000027,0],[99.296375604,0.212763616000075,0],[99.296445158,0.212574548000021,0],[99.296446507,0.212548453000068,0],[99.296446507,0.21254841700005,0],[99.296449103,0.21248857300003,0],[99.296449104,0.212488534000045,0],[99.2964491120001,0.212479468000026,0],[99.2964491500001,0.21242217300005,0],[99.2964302400001,0.21234908100007,0],[99.2964163650001,0.212326193000024,0],[99.2963996930001,0.212298689000022,0],[99.2963606160001,0.212259987000039,0],[99.2963321330001,0.212244230000067,0],[99.296295231,0.212223825000024,0],[99.2962011060001,0.212193170000035,0],[99.2962010740001,0.212193161000073,0],[99.2961137610001,0.212174459000039,0],[99.296021737,0.212151770000048,0],[99.2959679750001,0.212126663000049,0],[99.295904981,0.212097245000052,0],[99.2958448590001,0.212048129000038,0],[99.2958131290001,0.212024589000066,0],[99.2958125590001,0.212024166000049,0],[99.2957975040001,0.212012987000037,0],[99.2957974750001,0.212012968000067,0],[99.2957448830001,0.21197995600005,0],[99.2956584730001,0.211954060000039,0],[99.2956163790001,0.211956974000032,0],[99.2955789860001,0.211959562000061,0],[99.2955477150001,0.21196862100004,0],[99.2955476400001,0.211968643000034,0],[99.2955474520001,0.211968698000021,0],[99.295547077,0.211968807000062,0],[99.2955077490001,0.211980200000028,0],[99.2954564670001,0.21198608100002,0],[99.2954552940001,0.211986216000071,0],[99.295447386,0.211987119000071,0],[99.2954463190001,0.211986943000056,0],[99.2953709800001,0.211974403000056,0],[99.295308477,0.211940903000027,0],[99.2952688230001,0.211908041000072,0],[99.2952331400001,0.211878469000055,0],[99.295173709,0.211821145000044,0],[99.29509017,0.211764559000073,0],[99.2950218660001,0.211749327000064,0],[99.2949346180001,0.211764471000038,0],[99.294905681,0.211775025000065,0],[99.2949052000001,0.211775201000023,0],[99.29488344,0.211783137000054,0],[99.2948413280001,0.211800029000074,0],[99.2948127860001,0.211800029000074,0],[99.2947630040001,0.211776321000059,0],[99.2947473990001,0.21176889000003,0],[99.2946754600001,0.211727211000039,0],[99.2945969240001,0.211683768000057,0],[99.2944798170001,0.211633565000056,0],[99.294381844,0.211574917000064,0],[99.2943009370001,0.211484435000045,0],[99.2943009160001,0.211484400000074,0],[99.2942683050001,0.21142298500007,0],[99.294268291,0.21142295900006,0],[99.294246001,0.211380999000028,0],[99.2942134690001,0.211308651000024,0],[99.294213449,0.211308606000046,0],[99.294208601,0.211298274000058,0],[99.2942080920001,0.211297190000039,0],[99.294176807,0.211230484000055,0],[99.2941612760001,0.211201121000045,0],[99.2941611320001,0.211200848000033,0],[99.2941379370001,0.211156995000067,0],[99.2941200610001,0.211125448000075,0],[99.294098637,0.211087640000073,0],[99.2940608470001,0.211021886000026,0],[99.294056362,0.211013649000051,0],[99.294044161,0.210991239000066,0],[99.294044054,0.210991043000035,0],[99.2940439540001,0.210990859000049,0],[99.2940281790001,0.210961886000064,0],[99.2939774390001,0.210847244000036,0],[99.2939392700001,0.210762722000027,0],[99.2938999410001,0.21068454400006,0],[99.2938402090001,0.210622472000068,0],[99.293808476,0.210609091000038,0],[99.2937600000001,0.210588666000035,0],[99.2936778380001,0.210557621000021,0],[99.293589323,0.210503689000063,0],[99.2935378920001,0.210447100000067,0],[99.2934767990001,0.21035465600005,0],[99.293409076,0.210240888000044,0],[99.2934090630001,0.21024086400007,0],[99.293369017,0.210178112000051,0],[99.293331584,0.210123589000034,0],[99.2933315510001,0.210123545000044,0],[99.2932718690001,0.210060518000034,0],[99.2932380070001,0.210033499000076,0],[99.2932373790001,0.21003299900002,0],[99.2932241120001,0.210022421000076,0],[99.2931986570001,0.210003396000047,0],[99.2931978600001,0.21000280100003,0],[99.2931697860001,0.209981819000063,0],[99.293025357,0.209851464000053,0],[99.2929731090001,0.209790955000074,0],[99.2929730770001,0.209790917000021,0],[99.2929081410001,0.209712928000044,0],[99.292908116,0.209712898000021,0],[99.292835498,0.209624070000075,0],[99.292835477,0.209624045000055,0],[99.2927600140001,0.209530824000069,0],[99.2926866990001,0.209439820000057,0],[99.2925823610001,0.209311443000047,0],[99.2925588740001,0.20927860300003,0],[99.292558097,0.209277517000032,0],[99.292498891,0.20919473500004,0],[99.2924271860001,0.209094381000057,0],[99.292403827,0.20906168800002,0],[99.2922925340001,0.208965990000024,0],[99.2922515430001,0.208952235000027,0],[99.2922512100001,0.208952123000074,0],[99.292229933,0.208944983000038,0],[99.2921487830001,0.208944985000073,0],[99.2920699520001,0.20897066200007,0],[99.2918265060001,0.209124723000059,0],[99.291592333,0.209278782000069,0],[99.291328019,0.209381499000074,0],[99.2910266050001,0.20943518200005,0],[99.2906996890001,0.209446860000071,0],[99.2904585580001,0.209437528000024,0],[99.2902916180001,0.209414179000021,0],[99.2900597620001,0.209351170000048,0],[99.2898580440001,0.20930682300002,0],[99.2896099600001,0.209313832000021,0],[99.2894036420001,0.209402521000072,0],[99.2894036110001,0.209402537000074,0],[99.289176394,0.209526253000035,0],[99.2891763700001,0.209526264000033,0],[99.288870344,0.20968498000002,0],[99.288585169,0.20978535100005,0],[99.2883138940001,0.209848388000069,0],[99.2880114980001,0.209866890000058,0],[99.2878129030001,0.209868476000054,0],[99.28778056,0.209868116000052,0],[99.2877796060001,0.209868105000055,0],[99.2876682690001,0.209866896000051,0],[99.2875119010001,0.209872408000024,0],[99.2874243560001,0.209898478000071,0],[99.287345369,0.209922,0],[99.2872257560001,0.209992054000054,0],[99.2871335070001,0.210089655000047,0],[99.287100239,0.210160510000037,0],[99.287066257,0.210232911000048,0],[99.2870592230001,0.210365933000048,0],[99.287073283,0.210471364000057,0],[99.2870732950001,0.210471405000021,0],[99.2871178650001,0.210585534000074,0],[99.2871349540001,0.210636151000074,0],[99.2871351530001,0.21063674200002,0],[99.287135274,0.210637099000053,0],[99.2871585220001,0.210705960000041,0],[99.287173576,0.210772201000054,0],[99.287173748,0.210772957000074,0],[99.28718589,0.210826387000054,0],[99.2871883710001,0.210882033000075,0],[99.2871913650001,0.210949175000053,0],[99.2871880710001,0.211013649000051,0],[99.2871858930001,0.211056223000071,0],[99.287143686,0.211171113000034,0],[99.2871436720001,0.211171139000044,0],[99.287075658,0.211278976000074,0],[99.2870418050001,0.21130567900002,0],[99.2870413040001,0.211306075000039,0],[99.2870409660001,0.211306342000057,0],[99.287040823,0.211306454000066,0],[99.2869998200001,0.211338797000053,0],[99.2868762900001,0.211410425000054,0],[99.2867815530001,0.211463802000026,0],[99.2867805650001,0.211464360000036,0],[99.28670585,0.211506456000052,0],[99.286596075,0.211568595000074,0],[99.2865953470001,0.211569007000037,0],[99.2865951730001,0.21156910600007,0],[99.2865940550001,0.211569739000026,0],[99.2865111740001,0.211616654000068,0],[99.2863258840001,0.211749678000047,0],[99.2861922150001,0.211870876000035,0],[99.286192192,0.211870901000054,0],[99.2860569300001,0.212004706000073,0],[99.2859270210001,0.212102635000065,0],[99.285926685,0.212102888000061,0],[99.285901354,0.212121987000046,0],[99.2858408920001,0.212145324000062,0],[99.285750449,0.212180233000026,0],[99.285750421,0.212180241000056,0],[99.285587836,0.212206209000044,0],[99.2853665690001,0.21224636300002,0],[99.2851171610001,0.212286508000034,0],[99.2848833910001,0.212344758000029,0],[99.2846707310001,0.212424260000034,0],[99.2845278650001,0.212503040000058,0],[99.2845271960001,0.212503409000021,0],[99.2844823080001,0.21252815500003,0],[99.284275117,0.212631271000021,0],[99.2840718450001,0.212728094000056,0],[99.2839092230001,0.212815466000052,0],[99.2838116930001,0.212886826000044,0],[99.2838116330001,0.212886870000034,0],[99.2838110630001,0.212887287000058,0],[99.2837747490001,0.212913857000046,0],[99.2837303810001,0.21295015000004,0],[99.28373007,0.212950404000026,0],[99.28372985,0.212950584000055,0],[99.2836621650001,0.213005950000024,0],[99.2835718220001,0.21307284300002,0],[99.2835716320001,0.213072983000075,0],[99.2835696290001,0.213074466000023,0],[99.2835143980001,0.213115361000064,0],[99.2833275400001,0.213217688000043,0],[99.2832855670001,0.213234406000026,0],[99.283284961,0.213234647000036,0],[99.2831852450001,0.21327436200005,0],[99.2830656240001,0.213303487000076,0],[99.2828943260001,0.21331761700003,0],[99.2827888520001,0.213326318000043,0],[99.2827408200001,0.213334100000054,0],[99.282740032,0.213334228000065,0],[99.282652812,0.213348360000055,0],[99.282566187,0.213365103000058,0],[99.282566138,0.21336511200002,0],[99.282565101,0.213365313000054,0],[99.2825640120001,0.21336552300005,0],[99.2824776800001,0.213382209000031,0],[99.2822931650001,0.213397955000062,0],[99.2821266320001,0.21339008700005,0],[99.282054686,0.21337636800007,0],[99.282054046,0.213376246000053,0],[99.2819491540001,0.213356244000067,0],[99.2818100200001,0.213307456000052,0],[99.2818099870001,0.21330744200003,0],[99.2816825470001,0.213238974000035,0],[99.2815418100001,0.213197257000047,0],[99.2814057750001,0.213188603000049,0],[99.2813018200001,0.213206700000057,0],[99.281301785,0.213206706000051,0],[99.2812173470001,0.21327833600003,0],[99.281146984,0.213396402000058,0],[99.2811282220001,0.213533358000063,0],[99.281136825,0.213675038000019,0],[99.281204845,0.213813566000056,0],[99.2812978890001,0.213945012000067,0],[99.281404222,0.214077244000066,0],[99.2814949190001,0.214226006000047,0],[99.2815363610001,0.214374768000027,0],[99.2815363750001,0.214374813000063,0],[99.2815793610001,0.214515653000035,0],[99.2816645870001,0.21466048000002,0],[99.2817646650001,0.214776975000063,0],[99.281895235,0.21490054800006,0],[99.2819709780001,0.214993369000069,0],[99.2820211140001,0.215054810000026,0],[99.2820891260001,0.215211408000073,0],[99.282089134,0.215211444000033,0],[99.2821032100001,0.215382997000063,0],[99.282103211,0.215383032000034,0],[99.282065689,0.215572725000072,0],[99.2819922020001,0.215732510000066,0],[99.281910107,0.215859236000028,0],[99.281786578,0.215975738000054,0],[99.28174541,0.216015269000025,0],[99.281744706,0.216015945000038,0],[99.28165054,0.216106391000039,0],[99.2815957720001,0.216167951000045,0],[99.2815957170001,0.216168012000026,0],[99.28159443,0.216169458000024,0],[99.2815363940001,0.216234692000057,0],[99.281240864,0.216624315000047,0],[99.281133002,0.216781697000044,0],[99.281132976,0.216781741000034,0],[99.281013353,0.216965136000056,0],[99.28097008,0.217039439000075,0],[99.280968892,0.217041481000024,0],[99.2808859180001,0.217183955000053,0],[99.2807748990001,0.21739096500005,0],[99.280774878,0.217391003000046,0],[99.280666227,0.217588531000047,0],[99.2805583360001,0.217791607000038,0],[99.2804504470001,0.217994684000075,0],[99.2803386470001,0.218181225000023,0],[99.2802205930001,0.218368561000034,0],[99.2801025350001,0.218546451000066,0],[99.2800323500001,0.21864851600003,0],[99.2799758800001,0.218730636000032,0],[99.2799159370001,0.218818378000037,0],[99.2799148140001,0.218820022000045,0],[99.2798656430001,0.218891995000035,0],[99.2797765210001,0.219035254000062,0],[99.27977651,0.219035284000029,0],[99.2797264810001,0.219217073000038,0],[99.2797268640001,0.219289673000048,0],[99.2797272600001,0.219365805000052,0],[99.2797272610001,0.219365838000044,0],[99.279797638,0.219620857000052,0],[99.2797976460001,0.219620884000051,0],[99.2798453350001,0.219953015000044,0],[99.279878952,0.220139553000024,0],[99.2799118,0.220354438000072,0],[99.27991898,0.220444203000056,0],[99.2799190690001,0.220445307000034,0],[99.2799266580001,0.220540195000069,0],[99.2799422990001,0.220699191000051,0],[99.2799610650001,0.220833784000035,0],[99.280017361,0.220965231000037,0],[99.2801205390001,0.221070672000053,0],[99.2801205710001,0.221070695000037,0],[99.280278497,0.221173028000067,0],[99.2802785370001,0.221173051000051,0],[99.2804497050001,0.221287127000039,0],[99.2804497280001,0.221287147000055,0],[99.2805795140001,0.221417020000047,0],[99.280676466,0.221512257000029,0],[99.280787488,0.221611432000032,0],[99.2809118060001,0.221702734000075,0],[99.2810595730001,0.221796396000059,0],[99.2811573050001,0.221880615000032,0],[99.2812198560001,0.221982936000074,0],[99.2812266160001,0.222042415000033,0],[99.2812266320001,0.22204255500003,0],[99.2812378400001,0.22214114600007,0],[99.2811838980001,0.222431589000053,0],[99.281135426,0.222540998000056,0],[99.2811237050001,0.222632303000069,0],[99.281123704,0.222632330000067,0],[99.2811338610001,0.222697635000031,0],[99.281174519,0.222756668000045,0],[99.2812366650001,0.222783540000023,0],[99.2812377120001,0.222783993000064,0],[99.281237843,0.22278405000003,0],[99.2812800720001,0.222802314000035,0],[99.2813709040001,0.222824765000041,0],[99.2813711520001,0.222824826000021,0],[99.281371951,0.222825024000031,0],[99.2813725570001,0.222825174000036,0],[99.28137352,0.22282541200002,0],[99.2813776230001,0.22282642600004,0],[99.281455206,0.222845602000064,0],[99.2816702140001,0.222885740000038,0],[99.2817671830001,0.222909195000057,0],[99.281767782,0.222909340000058,0],[99.2818914760001,0.222939259000043,0],[99.28211587,0.223006158000032,0],[99.2823152380001,0.223077782000075,0],[99.2825161760001,0.223140745000023,0],[99.282741344,0.223210011000049,0],[99.2827413830001,0.223210025000071,0],[99.2829688630001,0.223289501000068,0],[99.2832448560001,0.223381587000063,0],[99.283488011,0.22347682100002,0],[99.283642118,0.223538272000042,0],[99.2836425630001,0.223538449000046,0],[99.2837288200001,0.223572844000046,0],[99.2838283780001,0.223609251000028,0],[99.2839203730001,0.223642893000033,0],[99.284313845,0.223818325000025,0],[99.284317549,0.223819976000073,0],[99.2844817440001,0.223893178000026,0],[99.2844817750001,0.223893193000038,0],[99.284610495,0.223963110000057,0],[99.28485778,0.224116693000042,0],[99.2848578110001,0.224116715000036,0],[99.284996203,0.224228482000058,0],[99.2851424070001,0.224351264000063,0],[99.2852079900001,0.22441559300006,0],[99.2852080490001,0.224415651000072,0],[99.285208593,0.224416184000063,0],[99.285209217,0.22441679700006,0],[99.2852094130001,0.224416989000019,0],[99.2852103690001,0.224417926000058,0],[99.2852948700001,0.224500812000031,0],[99.2854035550001,0.224626749000038,0],[99.2855083300001,0.224780237000061,0],[99.285599796,0.224951028000021,0],[99.2856756400001,0.225147019000076,0],[99.2857452280001,0.225317032000021,0],[99.285808784,0.225485534000029,0],[99.285809005,0.225486120000028,0],[99.2858090990001,0.225486370000056,0],[99.28580923,0.22548671800007,0],[99.28580958,0.225487646000033,0],[99.2858100060001,0.22548877600002,0],[99.2858241900001,0.225526399000046,0],[99.285878143,0.225724753000065,0],[99.2859148950001,0.225886115000037,0],[99.2859446130001,0.226051393000034,0],[99.2859649430001,0.226200948000042,0],[99.2859704350001,0.226315342000021,0],[99.285972771,0.226363886000058,0],[99.2859758960001,0.226582698000072,0],[99.285971219,0.226809382000056,0],[99.285969649,0.227006158000052,0],[99.28596887,0.22720372200007,0],[99.2859688720001,0.227203760000066,0],[99.2859766930001,0.227322574000027,0],[99.285976712,0.227322621000042,0],[99.2859851200001,0.227344065000068,0],[99.2860118770001,0.22741230400004,0],[99.2861096030001,0.227527221000059,0],[99.286228452,0.227594121000038,0],[99.2862774820001,0.227616301000069,0],[99.2863519840001,0.227650003000065,0],[99.2864448450001,0.227694787000075,0],[99.28644576,0.227695229000062,0],[99.286446604,0.227695636000021,0],[99.286446954,0.227695805000053,0],[99.2864478170001,0.227696221000031,0],[99.286520082,0.22773107200004,0],[99.286668633,0.227786954000067,0],[99.286781762,0.227810142000067,0],[99.2867824510001,0.227810283000053,0],[99.286782821,0.227810359000046,0],[99.2868414210001,0.227822370000069,0],[99.2870259360001,0.227842831000032,0],[99.287180741,0.227840466000032,0],[99.287221425,0.227839278000033,0],[99.28722199,0.227839262000032,0],[99.2872886360001,0.227837316000034,0],[99.287346783,0.227828831000068,0],[99.2873472890001,0.227828757000054,0],[99.2873473550001,0.227828747000046,0],[99.2873475950001,0.227828712000075,0],[99.2873965300001,0.22782157100005,0],[99.287687185,0.227742412000055,0],[99.2876882040001,0.227742134000039,0],[99.287844524,0.227699561000065,0],[99.2880078910001,0.227625593000027,0],[99.2880079290001,0.227625572000022,0],[99.2881431850001,0.227573618000065,0],[99.2882549890001,0.227544493000039,0],[99.288355912,0.227555336000023,0],[99.288394156,0.227559452000037,0],[99.2883941900001,0.227559463000034,0],[99.2885700720001,0.227622410000038,0],[99.2887272140001,0.227653892000035,0],[99.2887320520001,0.22765399900004,0],[99.288732155,0.227654001000076,0],[99.2889039200001,0.227657823000072,0]]],[[[99.3010960000001,0.224891513000046,0],[99.3011190890001,0.224877881000054,0],[99.3011199210001,0.224877390000074,0],[99.3011200770001,0.224877298000024,0],[99.301120154,0.224877253000045,0],[99.301157145,0.224855413000057,0],[99.301219798,0.224801455000033,0],[99.301276036,0.224739896000074,0],[99.301331524,0.224669216000052,0],[99.3013903730001,0.224592869000048,0],[99.301390397,0.22459284100006,0],[99.3014473900001,0.224530902000026,0],[99.3014964560001,0.224486444000036,0],[99.301507283,0.224477518000072,0],[99.3015073330001,0.22447747700005,0],[99.3015074070001,0.22447741600007,0],[99.301544391,0.224446925000052,0],[99.3015808850001,0.224415118000024,0],[99.3015810310001,0.22441499100006,0],[99.3015949670001,0.224402845000043,0],[99.3016421440001,0.224359525000068,0],[99.30164217,0.224359495000044,0],[99.301681021,0.224308608000058,0],[99.301711971,0.224262252000074,0],[99.3017436740001,0.22420487200003,0],[99.301770849,0.224150154000029,0],[99.3017938010001,0.224098803000061,0],[99.301793822,0.224098755000057,0],[99.3017940450001,0.224098258000026,0],[99.301794139,0.224098045000062,0],[99.3018184040001,0.22404375800005,0],[99.30184669,0.223975787000029,0],[99.3018467090001,0.223975739000025,0],[99.301875018,0.223893664000059,0],[99.3019029290001,0.223826448000068,0],[99.301902941,0.223826405000068,0],[99.3019282340001,0.223750030000076,0],[99.301936159,0.223681633000069,0],[99.3019369130001,0.223631475000047,0],[99.301936471,0.223606155000027,0],[99.3019357790001,0.223566498000025,0],[99.301931413,0.223532075000037,0],[99.3019289910001,0.223512926000069,0],[99.3019180250001,0.223493378000057,0],[99.301902553,0.223465805000046,0],[99.3018716430001,0.223450616000036,0],[99.3018716110001,0.223450610000043,0],[99.301835,0.223451366000063,0],[99.301809431,0.22345520500005,0],[99.301809328,0.223455221000052,0],[99.301791972,0.223457827000061,0],[99.301696856,0.223486331000061,0],[99.301611177,0.223492038000074,0],[99.301590403,0.223490224000045,0],[99.3015368220001,0.223485570000037,0],[99.30150604,0.223473211000055,0],[99.3014715240001,0.223459353000067,0],[99.3014334860001,0.223440850000031,0],[99.3014332970001,0.223440758000038,0],[99.301433026,0.22344062600007,0],[99.3014330010001,0.223440614000026,0],[99.3014152850001,0.223431996000045,0],[99.3013647070001,0.223421357000063,0],[99.3012801580001,0.223429726000063,0],[99.3011816580001,0.22343769400004,0],[99.3010835140001,0.223434283000074,0],[99.301011423,0.223423264000076,0],[99.3009536690001,0.223416804000067,0],[99.300881583,0.223432006000053,0],[99.3008268620001,0.223470001000067,0],[99.3007947740001,0.223510284000042,0],[99.3007678270001,0.223531792000074,0],[99.3007674720001,0.223532076000026,0],[99.3007528800001,0.223543722000045,0],[99.3006966400001,0.223550185000022,0],[99.3006670780001,0.223540526000022,0],[99.3006669680001,0.223540490000062,0],[99.3006536170001,0.223536119000073,0],[99.300610583,0.223521688000062,0],[99.300589824,0.223527008000076,0],[99.3005655380001,0.223551009000062,0],[99.300548683,0.223567667000054,0],[99.3005082980001,0.223624285000028,0],[99.3004648900001,0.223674063000033,0],[99.300412807,0.223712443000068,0],[99.3003800020001,0.223723196000037,0],[99.3003641180001,0.223728403000052,0],[99.3003192,0.223728786000038,0],[99.300289762,0.223729544000037,0],[99.3002725460001,0.22373613600007,0],[99.300262961,0.22373981800007,0],[99.3002357880001,0.223772863000022,0],[99.3002127410001,0.223813119000056,0],[99.3002044620001,0.223827581000023,0],[99.300164077,0.223906999000064,0],[99.30012709,0.223979956000051,0],[99.300102935,0.224041133000071,0],[99.3000848200001,0.224103075000073,0],[99.3000882220001,0.224165393000021,0],[99.3001078450001,0.224219345000051,0],[99.3001278510001,0.224271402000056,0],[99.3001399300001,0.224326499000028,0],[99.3001527640001,0.224386156000037,0],[99.3001795640001,0.22444923200004,0],[99.30018669,0.224459395000054,0],[99.3002067240001,0.224487966000027,0],[99.3002067450001,0.224487986000042,0],[99.3002373140001,0.224513068000022,0],[99.3002799650001,0.224536246000071,0],[99.3003095810001,0.224549825000054,0],[99.3003098900001,0.22454996700003,0],[99.3003180910001,0.224553726000067,0],[99.300338846,0.224569683000027,0],[99.3003423740001,0.224576392000074,0],[99.3003424110001,0.224576463000062,0],[99.300349037,0.224589063000053,0],[99.3003520570001,0.224608061000026,0],[99.3003516780001,0.224630865000051,0],[99.3003494170001,0.224683678000019,0],[99.3003483480001,0.224728396000046,0],[99.3003479910001,0.224743020000062,0],[99.300347903,0.224746753000034,0],[99.3003483640001,0.224767030000066,0],[99.300349419,0.224814012000024,0],[99.3003653410001,0.224869407000028,0],[99.3003653580001,0.22486946500004,0],[99.3003667830001,0.224874429000067,0],[99.3003790160001,0.224891433000039,0],[99.300379143,0.224891610000043,0],[99.3003905690001,0.224907487000053,0],[99.3004275530001,0.224938264000059,0],[99.3004668070001,0.224949663000075,0],[99.3005260640001,0.224951560000022,0],[99.3005629210001,0.22495004600006,0],[99.3005635910001,0.224950017000026,0],[99.3006000440001,0.224948520000055,0],[99.3006282790001,0.224948379000068,0],[99.3006289520001,0.224948376000043,0],[99.300629089,0.224948375000054,0],[99.300676664,0.224948138000059,0],[99.3007589470001,0.224948899000026,0],[99.3008415720001,0.224950799000055,0],[99.3008416060001,0.224950799000055,0],[99.300922755,0.224948898000036,0],[99.300922788,0.224948897000047,0],[99.300984284,0.224941298000033,0],[99.301028822,0.224928370000043,0],[99.3010960000001,0.224891513000046,0]]],[[[99.1912198210001,0.234096628000032,0],[99.1911427260001,0.234233685000049,0],[99.1910870470001,0.234322201000055,0],[99.1910584930001,0.234365031000038,0],[99.1910256570001,0.234430704000033,0],[99.191005669,0.234502088000056,0],[99.191001386,0.234569189000069,0],[99.191017091,0.234622013000035,0],[99.1910513550001,0.23467198100002,0],[99.1910913300001,0.23471481200005,0],[99.1911820000001,0.234764,0],[99.1912500000001,0.234764,0],[99.1914222940001,0.234706,0],[99.1914906840001,0.234660932000054,0],[99.191529368,0.234625863000019,0],[99.1915830830001,0.234560257000055,0],[99.191667018,0.234406775000025,0],[99.1916840000001,0.234361,0],[99.191694,0.234308,0],[99.19172617,0.23425652800006,0],[99.1917404470001,0.234163729000045,0],[99.1917214110001,0.234061412000074,0],[99.1916904780001,0.234016202000021,0],[99.1916476480001,0.233999546000064,0],[99.1916024380001,0.23400192500003,0],[99.1915262950001,0.234011443000043,0],[99.19146205,0.23400906400002,0],[99.191423978,0.233989552000025,0],[99.1913882860001,0.233975275000034,0],[99.1913525950001,0.233972420000043,0],[99.1912983430001,0.233999546000064,0],[99.1912198210001,0.234096628000032,0]]],[[[99.2897770000001,0.340236,0],[99.2903824780001,0.34076245600005,0],[99.2904036840001,0.340780893000044,0],[99.291432,0.341675,0],[99.292764,0.342575,0],[99.292861508,0.342620924000073,0],[99.2928837640001,0.34263140500002,0],[99.2934284,0.342887914000073,0],[99.2939870000001,0.343151,0],[99.294664954,0.343089368000051,0],[99.2946995130001,0.343086226000025,0],[99.2947656580001,0.343043580000028,0],[99.2948726560001,0.343007671000066,0],[99.2949766820001,0.342971762000047,0],[99.295110429,0.342920890000073,0],[99.2952144550001,0.342870020000021,0],[99.295369006,0.342789227000026,0],[99.2955830010001,0.342669534000038,0],[99.2958683270001,0.342489994000061,0],[99.2960986400001,0.342391890000044,0],[99.296177431,0.342358329000035,0],[99.2963557610001,0.342286511000054,0],[99.297211744,0.341963329000066,0],[99.297566546,0.341742632000035,0],[99.2990782480001,0.340802307000047,0],[99.3005286480001,0.339760985000055,0],[99.30222222,0.338611109000055,0],[99.3044114590001,0.337680704000036,0],[99.306342177,0.337029546000053,0],[99.3068763950001,0.336863852000022,0],[99.308348982,0.336407111000028,0],[99.310445482,0.335521945000039,0],[99.310707683,0.335411241000031,0],[99.3126021840001,0.334692966000034,0],[99.3129807880001,0.334549424000045,0],[99.3143979130001,0.334061055000063,0],[99.3152824300001,0.333850378000022,0],[99.3157633280001,0.333771568000031,0],[99.3162293650001,0.333714104000023,0],[99.3166665960001,0.333888836000028,0],[99.317028308,0.334278999000048,0],[99.317209027,0.334585392000065,0],[99.3173707220001,0.334843910000075,0],[99.3175419290001,0.335112003000063,0],[99.3177847870001,0.335438181000029,0],[99.3180320850001,0.335802021000063,0],[99.3183364550001,0.33633820700004,0],[99.318690292,0.337098484000023,0],[99.3189838710001,0.337464485000055,0],[99.321442,0.34052900100005,0],[99.322594,0.341842,0],[99.323854,0.343331,0],[99.3249705850001,0.344857680000075,0],[99.3252777880001,0.345277710000062,0],[99.3252780000001,0.345278,0],[99.3274921400001,0.348545216000048,0],[99.3285689140001,0.350134119000074,0],[99.3296659900001,0.351752980000072,0],[99.3301520270001,0.352470182000047,0],[99.3309780000001,0.353689,0],[99.332189499,0.355487794000055,0],[99.3327140680001,0.356266658000038,0],[99.3327593720001,0.356333924000069,0],[99.334326,0.35866,0],[99.3381900800001,0.364699769000026,0],[99.3386080000001,0.365353,0],[99.3389046340001,0.36576186700006,0],[99.3390111680001,0.365908709000053,0],[99.3396520000001,0.366792,0],[99.343034,0.373809,0],[99.3451120000001,0.378149,0],[99.345112251,0.378149362000045,0],[99.345220204,0.378305247000071,0],[99.3452820590001,0.378394566000054,0],[99.345349646,0.378492162000043,0],[99.346194138,0.379711615000076,0],[99.3462029340001,0.379724315000033,0],[99.346951248,0.380804883000053,0],[99.3470386440001,0.380931083000064,0],[99.347931782,0.382220778000033,0],[99.3499070000001,0.385073,0],[99.3506630000001,0.387807,0],[99.350466,0.389566,0],[99.3504663160001,0.389566456000068,0],[99.3510853230001,0.390459068000041,0],[99.3517420000001,0.391406,0],[99.3530084870001,0.394593976000067,0],[99.3538135250001,0.396620400000074,0],[99.3539830000001,0.397047,0],[99.3539831350001,0.397047271000019,0],[99.3553863960001,0.399859811000056,0],[99.3569430540001,0.402979803000051,0],[99.357014,0.403122,0],[99.3570140750001,0.403122230000065,0],[99.357462356,0.404494999000065,0],[99.357624,0.40499,0],[99.3576241100001,0.404990239000028,0],[99.3583514730001,0.406570554000041,0],[99.3589720940001,0.40791895600006,0],[99.3596620580001,0.409418016000075,0],[99.360375,0.410967,0],[99.360375031,0.410967090000042,0],[99.3617380480001,0.414962161000062,0],[99.362623,0.417556,0],[99.362750878,0.418103049000024,0],[99.363156921,0.419840056000055,0],[99.3636090000001,0.421774001000074,0],[99.364307995,0.42542497200003,0],[99.3643080000001,0.425425,0],[99.3645332300001,0.426255153000056,0],[99.3648233040001,0.427324308000038,0],[99.3656320000001,0.430305,0],[99.365997953,0.431546842000046,0],[99.365998,0.431547,0],[99.369375,0.434695,0],[99.371241996,0.436372996000046,0],[99.371749659,0.436829408000051,0],[99.3754184890001,0.440127851000057,0],[99.3765808680001,0.441172883000036,0],[99.376581,0.441173,0],[99.3767879010001,0.441343237000069,0],[99.3773547760001,0.441809659000057,0],[99.377361222,0.441814962000024,0],[99.3775629470001,0.441980941000054,0],[99.3778620000001,0.442227,0],[99.3780324750001,0.442393010000046,0],[99.378208462,0.442564387000061,0],[99.3785741440001,0.442920491000052,0],[99.3785799680001,0.442926162000049,0],[99.3785821310001,0.442928269000049,0],[99.378564354,0.442933622000055,0],[99.3783366220001,0.44299213100004,0],[99.3779247680001,0.44319689200006,0],[99.377789072,0.443294914000035,0],[99.3777358030001,0.443333394000035,0],[99.3775468360001,0.443469897000057,0],[99.3773843490001,0.443573935000074,0],[99.3773610360001,0.44358886200007,0],[99.3772836750001,0.44363839500005,0],[99.3772270480001,0.443674653000073,0],[99.3770991210001,0.443807803000027,0],[99.377086536,0.443820902000027,0],[99.3770138610001,0.443952523000064,0],[99.376979196,0.444027039000048,0],[99.3769461540001,0.444098066000038,0],[99.3769072730001,0.444181644000025,0],[99.3768694610001,0.444286677000036,0],[99.3768493810001,0.444342456000072,0],[99.37681007,0.444451653000044,0],[99.376806307,0.44446907300005,0],[99.3767858480001,0.444563774000073,0],[99.376800394,0.444734389000075,0],[99.3768161680001,0.444787757000029,0],[99.3768537030001,0.444914751000056,0],[99.376918748,0.44505330800007,0],[99.3769271940001,0.445071300000052,0],[99.3769360840001,0.445090237000045,0],[99.3769412820001,0.445097478000037,0],[99.376945617,0.445103515000028,0],[99.3770620750001,0.445265722000045,0],[99.3770947820001,0.445312238000042,0],[99.377153981,0.445396430000073,0],[99.377183743,0.445438756000044,0],[99.3772026030001,0.445465580000075,0],[99.3772995260001,0.44573368500005,0],[99.3773097740001,0.445759584000029,0],[99.37743887,0.446085828000037,0],[99.3774643940001,0.446150331000069,0],[99.3776000760001,0.446330688000046,0],[99.3777309100001,0.446462299000075,0],[99.3777897480001,0.44654450400003,0],[99.3778181340001,0.446584164000058,0],[99.377867075,0.446794489000069,0],[99.3778714460001,0.446813273000032,0],[99.377929603,0.447057007000069,0],[99.3780071400001,0.447222745000033,0],[99.378041534,0.447244986000044,0],[99.3780749780001,0.447266613000068,0],[99.3780883810001,0.447269309000035,0],[99.3781075590001,0.447273167000048,0],[99.3781476610001,0.447281234000059,0],[99.3781588530001,0.44727935700007,0],[99.378205806,0.447271482000076,0],[99.378316962,0.447211567000068,0],[99.3783414750001,0.447198354000022,0],[99.3784383750001,0.447027733000027,0],[99.3785885620001,0.44659387400003,0],[99.3786702350001,0.446380206000072,0],[99.3787096820001,0.446277007000049,0],[99.378742963,0.446188266000036,0],[99.378780519,0.446088129000032,0],[99.3788065790001,0.446018643000059,0],[99.3789043310001,0.445810212000026,0],[99.3790211900001,0.445721429000059,0],[99.3790244470001,0.445720295000058,0],[99.379144082,0.445678625000028,0],[99.3791452080001,0.445678233000024,0],[99.379216758,0.445675829000038,0],[99.379424252,0.44567102000002,0],[99.3796818310001,0.445692602000065,0],[99.3799489520001,0.445711783000036,0],[99.3803463830001,0.445751675000054,0],[99.3803555310001,0.445752593000066,0],[99.38041366,0.44575790600004,0],[99.3805654110001,0.445771776000072,0],[99.3807230930001,0.445790306000049,0],[99.3808399580001,0.445787900000028,0],[99.3808852720001,0.445771104000073,0],[99.3809758990001,0.445727908000038,0],[99.3810053160001,0.445695195000042,0],[99.38101234,0.445687384000053,0],[99.3810212110001,0.445677518000025,0],[99.381025337,0.445663681000042,0],[99.38102774,0.445655620000025,0],[99.3810361990001,0.44562724900004,0],[99.3810373460001,0.445628154000076,0],[99.3811127550001,0.445687684000063,0],[99.381296729,0.445832916000029,0],[99.381310646,0.445843902000036,0],[99.3817060000001,0.446156,0],[99.3825090000001,0.446642,0],[99.3825981750001,0.446684649000019,0],[99.382986272,0.446870261000072,0],[99.3831683270001,0.446957331000021,0],[99.383337,0.447038,0],[99.3833674530001,0.447104489000026,0],[99.384128,0.448765,0],[99.38438304,0.449133391000032,0],[99.384776,0.449701,0],[99.385184542,0.451257671000064,0],[99.3852029640001,0.451327863000074,0],[99.385203,0.451328,0],[99.3856090350001,0.451805338000042,0],[99.3863590000001,0.452687,0],[99.386772116,0.453212558000075,0],[99.3870240000001,0.453533,0],[99.388626,0.455206,0],[99.389588861,0.45599891400002,0],[99.3905070000001,0.456755,0],[99.39050724,0.456755214000054,0],[99.3915380220001,0.457671309000034,0],[99.392321558,0.458367667000061,0],[99.3934151490001,0.45933958400002,0],[99.3934440180001,0.459365240000068,0],[99.3947304390001,0.460508530000027,0],[99.3949200000001,0.460677,0],[99.3955663880001,0.461251781000044,0],[99.3959310000001,0.461576001000026,0],[99.3961497880001,0.461768519000032,0],[99.3961658330001,0.461782638000045,0],[99.3977300000001,0.463159,0],[99.3983267040001,0.464283741000031,0],[99.398343851,0.464316061000034,0],[99.39853429,0.46467502400003,0],[99.3985398840001,0.46468556800005,0],[99.3987257350001,0.464937250000048,0],[99.39883,0.465122,0],[99.3989900000001,0.465534,0],[99.3990865370001,0.465766304000056,0],[99.3990985290001,0.465795162000063,0],[99.3994673880001,0.466682778000063,0],[99.3999620000001,0.467873,0],[99.4005030710001,0.469531970000048,0],[99.4006811770001,0.470612791000065,0],[99.4007017790001,0.470681378000052,0],[99.4008357610001,0.471127430000024,0],[99.4010260350001,0.472037030000024,0],[99.4011925240001,0.472826945000065,0],[99.401234349,0.473226732000057,0],[99.4012401050001,0.473281748000034,0],[99.4012936250001,0.473626739000053,0],[99.4013507100001,0.473953477000066,0],[99.4013899560001,0.474172500000066,0],[99.401447035,0.474380749000034,0],[99.4015005430001,0.474535141000047,0],[99.4016665940001,0.47472213900005,0],[99.402010606,0.475062206000075,0],[99.4023601520001,0.475306344000046,0],[99.402702563,0.47552175800007,0],[99.403538423,0.475995931000057,0],[99.4049630000001,0.477373001000046,0],[99.4052575540001,0.47758316200003,0],[99.4059299100001,0.478062882000074,0],[99.4062230000001,0.478272,0],[99.4069430000001,0.479712001000053,0],[99.4077553750001,0.481096833000038,0],[99.4087409080001,0.482776844000057,0],[99.4087410000001,0.482777,0],[99.410037,0.48439,0],[99.411189,0.485541,0],[99.4119800000001,0.486261,0],[99.4132040000001,0.486477,0],[99.413888844,0.486111083000026,0],[99.413889,0.486111,0],[99.4150750000001,0.485685,0],[99.4160830000001,0.485397,0],[99.4171620000001,0.485002,0],[99.4178608020001,0.484737822000056,0],[99.4183387190001,0.484500815000047,0],[99.418937897,0.484184809000055,0],[99.4193302190001,0.484026799000048,0],[99.4196440740001,0.483861615000023,0],[99.4197902710001,0.483781615000055,0],[99.4199721950001,0.483682066000028,0],[99.4202860500001,0.483509699000024,0],[99.4205856360001,0.48329424800005,0],[99.4210207510001,0.483028519000072,0],[99.4213488720001,0.48284897000002,0],[99.421634194,0.482683786000052,0],[99.4219551770001,0.48243960800005,0],[99.422226229,0.482209796000063,0],[99.422499922,0.481944424000062,0],[99.4230916820001,0.481345615000066,0],[99.4233960050001,0.480828554000027,0],[99.4236432610001,0.480311498000049,0],[99.424004643,0.479698687000052,0],[99.4245921690001,0.478486638000049,0],[99.4251150000001,0.477805,0],[99.4258230450001,0.477179914000033,0],[99.42695,0.476185,0],[99.427957,0.475826,0],[99.4289345480001,0.475648503000059,0],[99.429444,0.475556,0],[99.429444506,0.475555924000048,0],[99.4314840000001,0.47525,0],[99.4326638090001,0.475648503000059,0],[99.434039,0.476113,0],[99.4358740000001,0.476761,0],[99.436944,0.477222,0],[99.4369444170001,0.477222096000048,0],[99.4385370000001,0.477589,0],[99.439094664,0.477950348000036,0],[99.44048,0.478848,0],[99.4423870000001,0.480719,0],[99.4436040790001,0.482837139000026,0],[99.4438890000001,0.483333,0],[99.4438891,0.483333196000046,0],[99.4450061350001,0.485511307000024,0],[99.4454460000001,0.486369,0],[99.4465610000001,0.48896,0],[99.44821448,0.491226537000045,0],[99.448333,0.491389,0],[99.448333065,0.491389070000025,0],[99.449084838,0.492178220000028,0],[99.4503040000001,0.493458,0],[99.452571,0.495473,0],[99.4552780000001,0.498055,0],[99.4552781230001,0.498055129000022,0],[99.4586880000001,0.501626,0],[99.4619439430001,0.50555593100006,0],[99.4619440000001,0.505556,0],[99.4648563430001,0.508187570000075,0],[99.465201,0.508499,0],[99.4686560000001,0.512314,0],[99.469722,0.513611,0],[99.4697220570001,0.51361111500006,0],[99.4705630000001,0.515301,0],[99.4711350000001,0.517222,0],[99.4711350480001,0.517222196000034,0],[99.4719439200001,0.520555669000032,0],[99.4719440000001,0.520556,0],[99.4726140000001,0.521598,0],[99.4734060000001,0.522461001000067,0],[99.4757450000001,0.524908,0],[99.476389,0.526111,0],[99.4771095420001,0.526484138000058,0],[99.4773410000001,0.526604,0],[99.4776000000001,0.526655,0],[99.4785160000001,0.527211,0],[99.4798830000001,0.528003,0],[99.4813580000001,0.528543,0],[99.4822580000001,0.529010500000027,0],[99.4831580000001,0.529478,0],[99.4836110000001,0.529722,0],[99.4836110730001,0.529722014000072,0],[99.485273583,0.530049144000031,0],[99.48625035,0.530241341000021,0],[99.4863960000001,0.53027,0],[99.4883330000001,0.530857,0],[99.4883331680001,0.530857080000033,0],[99.4895270000001,0.531422,0],[99.4909257500001,0.532061812000052,0],[99.493073,0.533044,0],[99.493138,0.533074,0],[99.4935300000001,0.533251,0],[99.4938890000001,0.533508,0],[99.4943010000001,0.533766,0],[99.4947050000001,0.534127,0],[99.494965,0.534487,0],[99.4952700000001,0.534848,0],[99.495481,0.535061,0],[99.4956280000001,0.535209,0],[99.4960940000001,0.535569,0],[99.4961986920001,0.535618534000037,0],[99.496857,0.53593,0],[99.4973220000001,0.536188,0],[99.498093,0.536549,0],[99.4985639720001,0.536785869000028,0],[99.4986040000001,0.536806,0],[99.4989090000001,0.537012,0],[99.499534903,0.53721646200006,0],[99.4998929910001,0.537333437000029,0],[99.5002590000001,0.537453,0],[99.5007100000001,0.537561,0],[99.5009460000001,0.537625,0],[99.5013430000001,0.537878,0],[99.5016780000001,0.537996,0],[99.5021060000001,0.538195,0],[99.502334665,0.538324101000057,0],[99.5025860000001,0.538466,0],[99.502869,0.538719,0],[99.503296,0.539045,0],[99.5036930000001,0.539407001000029,0],[99.504608718,0.539851863000024,0],[99.5046090000001,0.539852,0],[99.5048329050001,0.54002414200005,0],[99.5066550000001,0.541425,0],[99.5076270000001,0.542397,0],[99.508203,0.543296,0],[99.5086820000001,0.544002,0],[99.5088730000001,0.544201,0],[99.5092240000001,0.544409,0],[99.5094990000001,0.544771,0],[99.5097500000001,0.545061,0],[99.510025,0.545223,0],[99.5103530000001,0.545395,0],[99.510658,0.545603,0],[99.5110658420001,0.545946867000055,0],[99.5110660000001,0.545947,0],[99.511375,0.546065,0],[99.5113776650001,0.54606805700007,0],[99.511627,0.546354,0],[99.5118790000001,0.546562,0],[99.512139,0.546779001000061,0],[99.512459,0.547042,0],[99.5127870000001,0.547349,0],[99.513039,0.547431,0],[99.5135950000001,0.547865,0],[99.5139160000001,0.548136,0],[99.5143130000001,0.548399,0],[99.5146480380001,0.548654918000068,0],[99.5146560000001,0.548661,0],[99.5150380000001,0.549068,0],[99.5154570000001,0.549439,0],[99.515946,0.549746,0],[99.5163570000001,0.549991,0],[99.5166850000001,0.55019,0],[99.5170670000001,0.550542001000053,0],[99.5172650000001,0.550696,0],[99.5177150000001,0.550958,0],[99.5180308770001,0.551229894000073,0],[99.5180310000001,0.55123,0],[99.5184400000001,0.551284001000056,0],[99.5189060000001,0.551601,0],[99.5191238580001,0.551903139000046,0],[99.5191800000001,0.551981,0],[99.519615,0.55208,0],[99.5198750000001,0.55208,0],[99.5201260000001,0.552062,0],[99.5203930000001,0.551809,0],[99.5204770000001,0.551420001000054,0],[99.5204770000001,0.550895,0],[99.5203320000001,0.550506,0],[99.5202560000001,0.549837,0],[99.520203,0.549357,0],[99.520134,0.549077,0],[99.5200120000001,0.548398001000066,0],[99.5199810000001,0.548154,0],[99.5198818380001,0.547828624000033,0],[99.519821,0.547629,0],[99.5198060000001,0.547312,0],[99.5196760000001,0.546905,0],[99.5197420690001,0.546440196000049,0],[99.5197900000001,0.546103,0],[99.5197821690001,0.54606805700007,0],[99.519684,0.54563,0],[99.5196838410001,0.545629830000053,0],[99.5191500000001,0.54506,0],[99.5189060000001,0.544707,0],[99.5187442970001,0.544492037000055,0],[99.5186540000001,0.544372,0],[99.518425,0.544047,0],[99.5182260000001,0.543802,0],[99.517975,0.543585,0],[99.5177080000001,0.543332,0],[99.5173110000001,0.542916,0],[99.5171130000001,0.542771,0],[99.5167470000001,0.542482,0],[99.5162580000001,0.54212,0],[99.515747,0.541704,0],[99.5154800000001,0.541468,0],[99.5151900000001,0.541143001000023,0],[99.5148930000001,0.540926,0],[99.514641,0.54069,0],[99.5144270000001,0.540374,0],[99.5142670000001,0.540021,0],[99.513985,0.539723,0],[99.513572287,0.539424208000071,0],[99.5135720000001,0.539424,0],[99.5132140000001,0.539135,0],[99.5129010000001,0.539017001000047,0],[99.5126420000001,0.538863,0],[99.512436,0.538592,0],[99.5125200000001,0.537931,0],[99.5128100000001,0.537732,0],[99.5131610000001,0.537723,0],[99.5135730000001,0.537578,0],[99.5139160000001,0.537461,0],[99.5142750000001,0.537343,0],[99.5142750000001,0.537144,0],[99.514801,0.536864,0],[99.5152360000001,0.536701,0],[99.5158690000001,0.536384001000044,0],[99.5167722370001,0.535959604000027,0],[99.517163,0.535776,0],[99.5181350000001,0.535128,0],[99.5187460000001,0.534588,0],[99.519278,0.533751001000041,0],[99.5192784100001,0.533750894000036,0],[99.519661,0.533652,0],[99.5197830000001,0.533308,0],[99.519974,0.532874001000039,0],[99.5201490000001,0.532331,0],[99.5203480000001,0.531797,0],[99.520607,0.531363,0],[99.5208495520001,0.530837338000026,0],[99.5208507840001,0.530834668000068,0],[99.5209120000001,0.530702,0],[99.521126,0.530214,0],[99.5215150000001,0.529834,0],[99.5219880000001,0.52939,0],[99.522293,0.529255,0],[99.5226900000001,0.528612,0],[99.5232090000001,0.528024,0],[99.523689,0.527418,0],[99.5240480000001,0.526993,0],[99.524444944,0.526540065000063,0],[99.5244450000001,0.52654,0],[99.5249000000001,0.526096,0],[99.5254800000001,0.525276,0],[99.5255110000001,0.525232,0],[99.5260510000001,0.524477,0],[99.526663,0.523793,0],[99.5273470000001,0.523037,0],[99.527994,0.522497,0],[99.5288580000001,0.521922,0],[99.530019264,0.521607705000065,0],[99.5302140000001,0.521555,0],[99.530214248,0.521554857000069,0],[99.5311970000001,0.520986,0],[99.531908801,0.520667330000038,0],[99.532564,0.52037400100005,0],[99.5332775590001,0.520068661000039,0],[99.533349559,0.52003785200003,0],[99.5340760000001,0.519727,0],[99.534903,0.519475,0],[99.5355870000001,0.519295,0],[99.537494,0.518827,0],[99.5386460000001,0.518539,0],[99.5397133690001,0.518365783000036,0],[99.5399770000001,0.518323,0],[99.5412963040001,0.51838063100007,0],[99.5414168060001,0.518385895000051,0],[99.5414650000001,0.518388,0],[99.5414654960001,0.518387893000067,0],[99.541587356,0.518361681000044,0],[99.5421490450001,0.518240861000038,0],[99.5423325820001,0.518201382000029,0],[99.542604,0.518143,0],[99.543189269,0.517978250000056,0],[99.543342845,0.517935019000049,0],[99.543755,0.517819001000021,0],[99.5439885070001,0.517764130000046,0],[99.5440457940001,0.517750669000065,0],[99.5442815800001,0.517695263000064,0],[99.5449927810001,0.517528144000039,0],[99.545109729,0.517500663000021,0],[99.545516089,0.517405176000068,0],[99.5462020000001,0.517244,0],[99.5466754650001,0.517015052000033,0],[99.5483610000001,0.516200001000072,0],[99.5494425300001,0.51535096300006,0],[99.5497239470001,0.515130042000067,0],[99.5497240000001,0.51513,0],[99.551204,0.514473,0],[99.552849,0.513438,0],[99.5536270000001,0.51304,0],[99.554003578,0.512727645000041,0],[99.5550460000001,0.511863,0],[99.555367,0.511719,0],[99.5560530000001,0.51142,0],[99.5566020000001,0.511266001000024,0],[99.5571826400001,0.511131084000056,0],[99.5571830000001,0.511131,0],[99.5585790000001,0.510389001000021,0],[99.5591523160001,0.510282967000023,0],[99.559252772,0.510264388000053,0],[99.559770185,0.510299652000072,0],[99.5600555130001,0.510309201000041,0],[99.5603170640001,0.510323540000059,0],[99.560856415,0.510340507000024,0],[99.561237723,0.510352503000036,0],[99.5623980620001,0.510448147000034,0],[99.563444271,0.510562950000065,0],[99.5645665700001,0.510696895000024,0],[99.565879076,0.510715929000071,0],[99.566592626,0.510702640000034,0],[99.566732201,0.510687608000069,0],[99.5671815890001,0.510658844000034,0],[99.5676951720001,0.510594170000047,0],[99.5680340010001,0.510524169000064,0],[99.5682515490001,0.51047922500004,0],[99.5687009230001,0.510299661000033,0],[99.56905757,0.510163191000061,0],[99.5693360000001,0.510071,0],[99.570183,0.509872,0],[99.570236363,0.509856802000058,0],[99.5711240000001,0.509604,0],[99.5718320000001,0.509483,0],[99.572479,0.5092,0],[99.5733690000001,0.508856,0],[99.5742550160001,0.508982797000044,0],[99.5745010000001,0.509018,0],[99.5752660000001,0.509358,0],[99.5752662610001,0.509358083000052,0],[99.576309,0.50969,0],[99.5768890000001,0.50998,0],[99.5772940430001,0.510267422000027,0],[99.577347,0.510305,0],[99.5775380000001,0.510387,0],[99.5780490000001,0.510794,0],[99.578788,0.511546,0],[99.579395,0.512476001000039,0],[99.5803450000001,0.513568001000067,0],[99.5804191710001,0.513659907000033,0],[99.5813570000001,0.514822,0],[99.5818620000001,0.515327,0],[99.582411,0.515684,0],[99.5824114260001,0.515684175000047,0],[99.5828516600001,0.515864966000038,0],[99.583217,0.516015,0],[99.5833105770001,0.516015,0],[99.5833962240001,0.516015,0],[99.5834105010001,0.516015,0],[99.5839696740001,0.516015,0],[99.5844510000001,0.516015,0],[99.5851987440001,0.51603143400007,0],[99.585361,0.516035,0],[99.5862710000001,0.516136,0],[99.5868299460001,0.516174353000054,0],[99.58716,0.516197,0],[99.587493205,0.516234610000026,0],[99.5882320000001,0.516318,0],[99.5892230000001,0.51646,0],[99.5902950000001,0.516864001000044,0],[99.590562951,0.517190152000069,0],[99.59076,0.51743,0],[99.5908948630001,0.517879545000028,0],[99.590895,0.51788,0],[99.5909792610001,0.517958201000056,0],[99.591326,0.51828,0],[99.5915450000001,0.518455,0],[99.5917681940001,0.518679449000047,0],[99.5922560000001,0.51917,0],[99.5928830000001,0.519675,0],[99.592916448,0.51971218400007,0],[99.5930160090001,0.519822869000052,0],[99.5934290000001,0.520282,0],[99.5941570000001,0.521151,0],[99.594248947,0.521265839000023,0],[99.5944393840001,0.521503690000031,0],[99.5946430000001,0.521758001000023,0],[99.5953910000001,0.522526,0],[99.5955719120001,0.522700310000062,0],[99.5963500000001,0.52345,0],[99.596350354,0.523450170000046,0],[99.5970840000001,0.523802,0],[99.597672,0.524,0],[99.5981290000001,0.524281,0],[99.5987930000001,0.524462,0],[99.5995560000001,0.524624,0],[99.600036,0.524697,0],[99.600328469,0.524702187000059,0],[99.601051,0.524715,0],[99.6011847950001,0.52471356500007,0],[99.6018900000001,0.524706,0],[99.6019354590001,0.524711215000025,0],[99.6026310000001,0.524791,0],[99.602696032,0.524792351000031,0],[99.6032271780001,0.524803384000052,0],[99.6034483430001,0.524777503000053,0],[99.603545829,0.524772706000022,0],[99.6036623360001,0.524767908000058,0],[99.6037550650001,0.524748749000025,0],[99.603833529,0.524741561000042,0],[99.603866817,0.524739164000039,0],[99.603947658,0.524731975000066,0],[99.604009477,0.524710427000059,0],[99.604068919,0.524698454000031,0],[99.6041259830001,0.524686479000025,0],[99.6042277490001,0.524684235000052,0],[99.6044750390001,0.524770382000042,0],[99.6046747720001,0.524818235000055,0],[99.605169334,0.524789463000047,0],[99.6054546650001,0.524829177000072,0],[99.6059682590001,0.524933004000047,0],[99.6063815360001,0.524975170000062,0],[99.6066245150001,0.524999961000049,0],[99.607242737,0.525172243000043,0],[99.6078229180001,0.525373251000076,0],[99.6086599010001,0.525660406000043,0],[99.6090879070001,0.525842280000063,0],[99.6096490670001,0.526052865000054,0],[99.6101912140001,0.526340047000076,0],[99.6107238540001,0.526675104000049,0],[99.6113230700001,0.527010153000049,0],[99.6120554450001,0.527421786000048,0],[99.61254052,0.527641952000067,0],[99.6130065720001,0.52785254600002,0],[99.6131599120001,0.527931505000026,0],[99.6131739080001,0.527938712000037,0],[99.613415559,0.528063145000033,0],[99.613858925,0.528327467000054,0],[99.6141859790001,0.528486742000041,0],[99.6144237610001,0.528592037000067,0],[99.6146615380001,0.528659035000032,0],[99.614879821,0.528745663000052,0],[99.615247679,0.52888805200007,0],[99.6158071630001,0.529104615000051,0],[99.6164491700001,0.529355883000051,0],[99.6173408540001,0.529786647000037,0],[99.6185891910001,0.530181471000049,0],[99.619373882,0.530648150000047,0],[99.619701988,0.530978387000062,0],[99.6199089200001,0.531186662000039,0],[99.6201181860001,0.531330772000047,0],[99.620586614,0.531653353000024,0],[99.6208290450001,0.532154911000021,0],[99.6211573570001,0.532586809000065,0],[99.6217994400001,0.533592069000065,0],[99.622263155,0.534202397000058,0],[99.622905201,0.534848611000029,0],[99.6235116440001,0.536105204000023,0],[99.6240466950001,0.536751429000049,0],[99.62447473,0.537218142000029,0],[99.6249384160001,0.537541234000059,0],[99.6254734010001,0.537541179000073,0],[99.6260440510001,0.537541120000071,0],[99.626562027,0.53806245800007,0],[99.6265790900001,0.538079631000073,0],[99.6271580650001,0.538636361000044,0],[99.6283625600001,0.539910571000064,0],[99.6295396740001,0.541346623000038,0],[99.6305384080001,0.542280033000054,0],[99.6309137470001,0.542513357000075,0],[99.6317511180001,0.543033897000043,0],[99.6322381370001,0.543355160000033,0],[99.63300308,0.543984154000043,0],[99.6333169630001,0.544228271000065,0],[99.6338448420001,0.544486726000059,0],[99.6341587310001,0.544788289000053,0],[99.6345867380001,0.544974946000025,0],[99.634612555,0.544992268000044,0],[99.6347793460001,0.545104181000056,0],[99.634971954,0.54523341700002,0],[99.635342897,0.545434442000044,0],[99.6357423630001,0.54553493100002,0],[99.6361988990001,0.545692862000067,0],[99.636760392,0.545873676000042,0],[99.6367940540001,0.545884516000058,0],[99.6369122360001,0.545922573000041,0],[99.6373545010001,0.546037420000062,0],[99.637811023,0.54605173300007,0],[99.638324604,0.546022955000069,0],[99.6391092520001,0.546065956000064,0],[99.6396799020001,0.546065895000027,0],[99.6402362760001,0.545979665000061,0],[99.640635725,0.545922175000044,0],[99.6408130760001,0.545874087000072,0],[99.641006636,0.545821603000036,0],[99.6412776820001,0.54570668100007,0],[99.641598177,0.545604452000021,0],[99.641629175,0.545595419000051,0],[99.6417475820001,0.545570993000069,0],[99.6419216240001,0.545519271000046,0],[99.6420257650001,0.545496281000055,0],[99.6421413180001,0.545460364000064,0],[99.6422012340001,0.54544312400003,0],[99.6422725630001,0.545423010000036,0],[99.6423253470001,0.545405770000059,0],[99.6423767040001,0.545391403000053,0],[99.6424195010001,0.545378472000039,0],[99.6425412870001,0.545332942000073,0],[99.643311,0.544831,0],[99.6437300000001,0.544604,0],[99.6444550000001,0.543944,0],[99.6446847990001,0.543685678000031,0],[99.6447054690001,0.543662442000027,0],[99.6448820000001,0.543464001000075,0],[99.6456600000001,0.542948,0],[99.645975547,0.542810004000046,0],[99.6463620000001,0.542641,0],[99.6469650000001,0.542161,0],[99.647359022,0.541940256000032,0],[99.6478200000001,0.541682,0],[99.648737,0.541069,0],[99.6487372610001,0.541068650000057,0],[99.6491242820001,0.540539287000058,0],[99.6495862890001,0.53990735800005,0],[99.650367782,0.538792580000063,0],[99.6507640880001,0.538100880000059,0],[99.650796514,0.538044285000069,0],[99.650856198,0.537940115000026,0],[99.6514585790001,0.536907319000022,0],[99.65131188,0.535513968000032,0],[99.651166372,0.535130983000045,0],[99.6508883910001,0.534399319000045,0],[99.650236932,0.53328469500002,0],[99.6501370300001,0.533186751000073,0],[99.6493946620001,0.532458936000069,0],[99.6492730860001,0.532339744000069,0],[99.6492728380001,0.53233950200007,0],[99.6492735130001,0.532338595000056,0],[99.649526,0.531647,0],[99.6510390000001,0.531033,0],[99.651909,0.530988,0],[99.6537020000001,0.531422,0],[99.6544880000001,0.531675,0],[99.6549450000001,0.531829,0],[99.6553270000001,0.531721,0],[99.655785,0.531069,0],[99.656189,0.530599,0],[99.656503,0.529928,0],[99.656845773,0.529268437000042,0],[99.6568460000001,0.529268,0],[99.657676,0.528209,0],[99.6582420000001,0.527481,0],[99.658849,0.526814,0],[99.6595360000001,0.526045,0],[99.660264,0.525297,0],[99.660320401,0.525228100000049,0],[99.6608100000001,0.52463,0],[99.6608573700001,0.524525513000071,0],[99.6608630970001,0.524512880000032,0],[99.661296,0.523558,0],[99.6621975140001,0.521714404000022,0],[99.6622960000001,0.521513,0],[99.6622960820001,0.521512818000076,0],[99.662631,0.520767,0],[99.6629740000001,0.519999,0],[99.6632980000001,0.519331,0],[99.663773,0.518584,0],[99.66436,0.517914,0],[99.665375,0.516177,0],[99.6653273850001,0.515695248000043,0],[99.665239,0.514801,0],[99.6645508400001,0.51393691200002,0],[99.6645310000001,0.513912,0],[99.662833,0.513224,0],[99.6616670000001,0.512778,0],[99.661666746,0.512777684000071,0],[99.660871,0.511788,0],[99.660244,0.510393,0],[99.6600020000001,0.509038,0],[99.6599610000001,0.507865,0],[99.6600439430001,0.507271996000043,0],[99.660502883,0.503990765000026,0],[99.6605559850001,0.503611105000061,0],[99.660556,0.503611,0],[99.6612150000001,0.502628,0],[99.6618220000001,0.501475,0],[99.662266,0.500484,0],[99.662651,0.499352,0],[99.6627920000001,0.497835,0],[99.6628220000001,0.497457,0],[99.6629140000001,0.496439,0],[99.6629740000001,0.495752,0],[99.6629540000001,0.495347,0],[99.6630549770001,0.494722141000068,0],[99.663055,0.494722,0],[99.6633990000001,0.493952,0],[99.6636242810001,0.493591804000062,0],[99.6641070000001,0.49282,0],[99.6653713380001,0.49156997800003,0],[99.6657850000001,0.491161,0],[99.6668770000001,0.489948,0],[99.6675650000001,0.488654,0],[99.6680558900001,0.487222320000058,0],[99.668056,0.487222,0],[99.6690189930001,0.485918531000038,0],[99.6706624870001,0.483693962000075,0],[99.6712860000001,0.48285,0],[99.672222,0.478889,0],[99.672222128,0.478888840000025,0],[99.6743078680001,0.476294696000025,0],[99.6746630000001,0.475853,0],[99.6750611470001,0.47529150400004,0],[99.6750646820001,0.475286519000065,0],[99.6754301010001,0.474688281000056,0],[99.6755754760001,0.474450711000031,0],[99.6757201300001,0.474214319000055,0],[99.6759435970001,0.473864831000071,0],[99.676083062,0.473618276000025,0],[99.676772499,0.472732575000066,0],[99.677628369,0.471822922000058,0],[99.6780555270001,0.471388884000021,0],[99.678983536,0.470793540000045,0],[99.6798632190001,0.470266861000027,0],[99.6805764750001,0.469835943000021,0],[99.6812150000001,0.469544,0],[99.6814283320001,0.469499320000068,0],[99.6818006880001,0.46942133500005,0],[99.684309,0.468896,0],[99.6872220000001,0.468889001000036,0],[99.687222111,0.468889017000038,0],[99.688718001,0.469118140000035,0],[99.688962626,0.46915560900004,0],[99.689184115,0.469189534000066,0],[99.6901521610001,0.469337808000034,0],[99.6901730000001,0.469341,0],[99.6918650000001,0.469342,0],[99.692123,0.469384,0],[99.6954070150001,0.469628278000073,0],[99.6966666580001,0.469721975000027,0],[99.696667,0.469722,0],[99.699237,0.469145,0],[99.7007830000001,0.468090001000064,0],[99.7018640000001,0.466189,0],[99.7019935590001,0.465705494000019,0],[99.70237547,0.46428022200007,0],[99.7027780000001,0.462778,0],[99.7027780290001,0.462777966000033,0],[99.7044920000001,0.460746,0],[99.7097219330001,0.456944050000061,0],[99.7097220000001,0.456944,0],[99.7117007840001,0.455198972000062,0],[99.713125,0.453943,0],[99.7158329710001,0.452501016000042,0],[99.715833,0.452501,0],[99.7178170000001,0.451362,0],[99.7205850000001,0.451315,0],[99.7228380000001,0.452019,0],[99.7245518970001,0.452875949000031,0],[99.7251840000001,0.453192,0],[99.725647236,0.45378017500002,0],[99.726389,0.454722,0],[99.7263890190001,0.45472202600007,0],[99.727154548,0.455771222000067,0],[99.7280460000001,0.456993001000058,0],[99.729209444,0.458589635000067,0],[99.7300630000001,0.459761,0],[99.732222,0.463056,0],[99.7322222210001,0.463055548000057,0],[99.732224063,0.463059521000048,0],[99.734333,0.466658,0],[99.7358329900001,0.471388969000031,0],[99.7358330000001,0.471389,0],[99.7370070000001,0.473931,0],[99.737069192,0.47403147600005,0],[99.7382270000001,0.475902,0],[99.739917,0.477309,0],[99.741944,0.478333,0],[99.7419444530001,0.478333132000046,0],[99.742779,0.478576,0],[99.743952,0.478858,0],[99.743976,0.478859,0],[99.744533323,0.478886439000064,0],[99.7448900000001,0.478904,0],[99.746063,0.47867,0],[99.7468140000001,0.478013,0],[99.7474240000001,0.477591,0],[99.748276,0.477149,0],[99.7490080000001,0.477364,0],[99.7496190000001,0.477855,0],[99.749746751,0.477919732000032,0],[99.751111,0.478611,0],[99.751111065,0.478610992000029,0],[99.7514331620001,0.478571154000065,0],[99.752914,0.478388,0],[99.754375096,0.478301069000054,0],[99.7560570000001,0.478201,0],[99.7583090000001,0.478341,0],[99.7611110000001,0.478889,0],[99.7611110830001,0.478889017000029,0],[99.7613213180001,0.478928668000037,0],[99.7639089680001,0.479416720000074,0],[99.7674840000001,0.480091,0],[99.7674842760001,0.480091055000059,0],[99.7696698810001,0.480524808000041,0],[99.7733240000001,0.48125,0],[99.7736114690001,0.481286168000054,0],[99.7786970000001,0.481926,0],[99.7786974800001,0.481925979000039,0],[99.778728077,0.481924641000035,0],[99.7823330000001,0.481767,0],[99.7850070000001,0.48125,0],[99.7866490000001,0.4805,0],[99.7877776460001,0.479444331000025,0],[99.7877780000001,0.479444,0],[99.7958330000001,0.475556,0],[99.7958334510001,0.475555770000028,0],[99.796905833,0.475008513000034,0],[99.7974320000001,0.474740001000043,0],[99.800303,0.473274,0],[99.803611,0.471389,0],[99.803611146,0.471388913000055,0],[99.8045879920001,0.470798555000044,0],[99.807013,0.469333,0],[99.8079510000001,0.467362,0],[99.8081584660001,0.46635931000003,0],[99.8082492680001,0.465920458000028,0],[99.8085140000001,0.464641,0],[99.809166852,0.463611233000051,0],[99.8091670000001,0.463611,0],[99.809781,0.462717,0],[99.8159678640001,0.460830073000068,0],[99.8177778180001,0.46027805600005,0],[99.817778,0.460278,0],[99.8193028200001,0.460019009000064,0],[99.8216520000001,0.45962,0],[99.8219060000001,0.459611552000069,0],[99.8223975340001,0.459595205000028,0],[99.8252023900001,0.459501922000072,0],[99.8262749830001,0.459466250000048,0],[99.8262842340001,0.459465943000055,0],[99.8262959020001,0.459465554000076,0],[99.8263059830001,0.459465219000037,0],[99.8263212000001,0.459464713000045,0],[99.8263312170001,0.459464380000043,0],[99.8263582900001,0.459463480000068,0],[99.826362025,0.459463355000025,0],[99.8263942390001,0.45946228400004,0],[99.826398489,0.459462143000053,0],[99.8264371050001,0.459460858000057,0],[99.8264371810001,0.459460856000021,0],[99.8264587660001,0.459460139000043,0],[99.826471004,0.459459731000038,0],[99.8264729360001,0.459459667000033,0],[99.8264894420001,0.459459118000041,0],[99.8264999450001,0.459458768000047,0],[99.8265094720001,0.459458452000035,0],[99.8265175390001,0.459458183000038,0],[99.826537268,0.45945752700004,0],[99.826547164,0.459457198000052,0],[99.826558844,0.459456810000063,0],[99.8265671830001,0.459456532000047,0],[99.8265839970001,0.459455973000047,0],[99.826588304,0.459455830000024,0],[99.826588729,0.459455816000059,0],[99.8266221520001,0.459454704000052,0],[99.8266252550001,0.459454601000061,0],[99.8266340590001,0.459454308000034,0],[99.826778834,0.459449493000022,0],[99.8268278420001,0.459447863000037,0],[99.8269190980001,0.459444829000063,0],[99.8269191520001,0.459444826000038,0],[99.8269408680001,0.459444105000046,0],[99.8269414640001,0.459444172000076,0],[99.8269418780001,0.459444200000064,0],[99.8269421700001,0.459444222000059,0],[99.826942548,0.459444230000031,0],[99.8269430970001,0.459444272000042,0],[99.8269434900001,0.459444286000064,0],[99.8269438610001,0.459444315000042,0],[99.8269444460001,0.459444440000027,0],[99.8273462960001,0.444577194000033,0],[99.8283644840001,0.441781683000045,0],[99.828702756,0.438660482000046,0],[99.828642007,0.434404416000064,0],[99.828304728,0.429442835000032,0],[99.8282224050001,0.42823181600005,0],[99.82812112,0.42791255700007,0],[99.8277826520001,0.426845682000021,0],[99.8272591620001,0.425195599000062,0],[99.8268709930001,0.423972058000061,0],[99.8259635740001,0.421111800000062,0],[99.8235624980001,0.418434620000028,0],[99.819982924,0.416459836000058,0],[99.817058215,0.415450616000044,0],[99.815312109,0.414792410000075,0],[99.8150858260001,0.414720687000056,0],[99.8128824990001,0.414022320000072,0],[99.809266462,0.414504160000035,0],[99.8058100360001,0.415734917000066,0],[99.8028853210001,0.416323668000075,0],[99.7997477850001,0.415842529000031,0],[99.797992794,0.414719287000025,0],[99.7970886300001,0.413274990000048,0],[99.795967552,0.412735753000049,0],[99.79586549,0.412686661000066,0],[99.7947487050001,0.412312296000039,0],[99.7937915150001,0.412419385000021,0],[99.7931734580001,0.412750921000054,0],[99.7920368640001,0.413360609000051,0],[99.79168681,0.413548383000034,0],[99.788921729,0.415207037000073,0],[99.7846979340001,0.41759769500004,0],[99.784667718,0.417614797000056,0],[99.7799679430001,0.41857763500002,0],[99.7785419630001,0.418869774000029,0],[99.7677729970001,0.421076,0],[99.7669529990001,0.420883997000033,0],[99.766710001,0.420023998000033,0],[99.766069997,0.419014997000033,0],[99.7652940010001,0.418889996000075,0],[99.770431574,0.410956270000042,0],[99.77194151,0.407476919000032,0],[99.772766383,0.405258781000043,0],[99.7731441480001,0.403254903000061,0],[99.7730065320001,0.401389272000074,0],[99.7720637910001,0.400089643000058,0],[99.7708837530001,0.39937201500004,0],[99.7697769970001,0.398698953000064,0],[99.767543506,0.398485177000055,0],[99.762624498,0.400192486000037,0],[99.7573870450001,0.40124628600006,0],[99.7557280950001,0.401481592000039,0],[99.7531162240001,0.401852061000056,0],[99.7493475840001,0.401439014000061,0],[99.748456622,0.399234314000068,0],[99.7483879380001,0.397442933000036,0],[99.7490132120001,0.396157419000076,0],[99.749415486,0.395163153000055,0],[99.7492878300001,0.394585535000033,0],[99.749096336,0.393494468000029,0],[99.748777213,0.392018338000071,0],[99.7483305320001,0.391055655000059,0],[99.74762861,0.389707911000073,0],[99.747170349,0.389031898000042,0],[99.7466715020001,0.388296014000048,0],[99.7450764220001,0.387205061000031,0],[99.7440555320001,0.386114075000023,0],[99.743991328,0.386056674000031,0],[99.7434812970001,0.385600680000039,0],[99.7434174150001,0.384573786000033,0],[99.743481095,0.383161786000073,0],[99.7436724090001,0.382199046000039,0],[99.7449483010001,0.381236220000062,0],[99.746032847,0.380658486000073,0],[99.7466069690001,0.37975990700005,0],[99.7478951470001,0.379312919000029,0],[99.7484570860001,0.379117930000064,0],[99.7502214240001,0.379040175000057,0],[99.754670773,0.375931276000074,0],[99.7550978840001,0.375632839000048,0],[99.7559867360001,0.374931403000062,0],[99.7620061540001,0.370181182000067,0],[99.7664763380001,0.368272934000061,0],[99.768237308,0.367386985000053,0],[99.7695241320001,0.36636479200007,0],[99.7695239980001,0.364797633000023,0],[99.770065673,0.362685304000024,0],[99.773248875,0.360027645000059,0],[99.7744002950001,0.35975499400007,0],[99.775145298,0.359141697000041,0],[99.7761612720001,0.359005325000055,0],[99.776567657,0.358869014000049,0],[99.7768385560001,0.358596448000071,0],[99.7763643230001,0.357301866000057,0],[99.7756868280001,0.355189644000063,0],[99.775280229,0.352736708000066,0],[99.77519741,0.35255345500002,0],[99.774941508,0.351987227000052,0],[99.7743318290001,0.350897068000052,0],[99.773380821,0.350112293000052,0],[99.7728389010001,0.349294690000022,0],[99.771280968,0.348340876000066,0],[99.766810568,0.347387317000027,0],[99.76240792,0.346774432000075,0],[99.760240428,0.346025086000054,0],[99.76,0.345861002000049,0],[99.75650448,0.339778197000044,0],[99.7524152770001,0.333002671000031,0],[99.753304234,0.324082730000043,0],[99.7565836750001,0.31744234100006,0],[99.7638620020001,0.311887250000041,0],[99.772246108,0.313334072000032,0],[99.7790579560001,0.318969514000059,0],[99.7865524630001,0.320913928000039,0],[99.7892478270001,0.315051621000066,0],[99.790289412,0.308946924000054,0],[99.7919073880001,0.304877110000064,0],[99.7950910790001,0.299813814000061,0],[99.7953060010001,0.299472004000052,0],[99.8019720020001,0.300027997000029,0],[99.8077220000001,0.29975,0],[99.8146390000001,0.299999997000043,0],[99.821194,0.304221999000049,0],[99.8291670020001,0.305722004000074,0],[99.8303850620001,0.307693716000074,0],[99.8325597030001,0.308308697000029,0],[99.8346713700001,0.308000955000068,0],[99.836700002,0.307183331000033,0],[99.8382206320001,0.30577527600002,0],[99.8398020440001,0.304391063000025,0],[99.841141027,0.305476517000045,0],[99.8443578160001,0.303386563000061,0],[99.8476944450001,0.30244444300007,0],[99.8494999960001,0.302333330000067,0],[99.8493360050001,0.303503772000056,0],[99.8493360890001,0.304580283000064,0],[99.849246324,0.305774404000033,0],[99.8496833290001,0.306850002000033,0],[99.848671413,0.308135537000055,0],[99.847638133,0.309356872000023,0],[99.8469732950001,0.310831475000043,0],[99.8475333370001,0.312366671000063,0],[99.8469735400001,0.313889130000064,0],[99.8466411940001,0.315526540000064,0],[99.8473601850001,0.317001030000029,0],[99.8506400800001,0.317552584000055,0],[99.852167685,0.317606736000073,0],[99.854252424,0.317778442000019,0],[99.856199996,0.318333333000055,0],[99.856200002,0.318616663000057,0],[99.8578649150001,0.319831649000037,0],[99.860084434,0.319940017000022,0],[99.8634451500001,0.319975918000068,0],[99.868081804,0.31941465500006,0],[99.8695285460001,0.319667828000036,0],[99.873248474,0.317170744000066,0],[99.875000867,0.319025076000059,0],[99.8760251560001,0.317885161000049,0],[99.8798888310001,0.315170959000056,0],[99.8842195610001,0.310032334000027,0],[99.8945949710001,0.310345595000058,0],[99.896170688,0.310393170000054,0],[99.903249997,0.311361111000053,0],[99.904414005,0.312058858000057,0],[99.9100541130001,0.315439735000041,0],[99.9155532770001,0.314218019000066,0],[99.9200555570001,0.307611110000039,0],[99.9184166670001,0.298083333000022,0],[99.919749998,0.299305552000021,0],[99.9208055550001,0.29733333300004,0],[99.9230555540001,0.296888888000069,0],[99.9229826550001,0.295963071000074,0],[99.9227777780001,0.293361111000024,0],[99.926277773,0.293361109000045,0],[99.9267215460001,0.293230936000043,0],[99.9269726190001,0.293157288000032,0],[99.9283611070001,0.292749997000044,0],[99.9303888850001,0.292194441000049,0],[99.9316666670001,0.2905,0],[99.934698756,0.29168162700006,0],[99.935444444,0.291972227000031,0],[99.9366611780001,0.291536761000032,0],[99.938083336,0.291027774000042,0],[99.939416663,0.290277778000075,0],[99.9399164860001,0.288028591000057,0],[99.93992024,0.288027423000074,0],[99.9485550400001,0.289835800000048,0],[99.948555582,0.289835915000026,0],[99.952248968,0.289146152000058,0],[99.9567500000001,0.288305556000068,0],[99.9648643530001,0.288721868000039,0],[99.9656496420001,0.288416902000051,0],[99.9695806760001,0.28689029100002,0],[99.9715044710001,0.28614318800004,0],[99.9773355560001,0.27972003900004,0],[99.9787511050001,0.283260897000048,0],[99.98039128,0.28736363400003,0],[99.983189983,0.285209775000055,0],[99.9871389690001,0.282170668000049,0],[99.9889441230001,0.279288887000064,0],[99.991022436,0.275971032000029,0],[99.9920803380001,0.274282179000068,0],[100.000526774,0.275276523000059,0],[100.001999525,0.26469267300007,0],[100.008163131,0.259526960000073,0],[100.008906854,0.258930156000019,0],[100.01466817,0.254306962000044,0],[100.019662379,0.250616406000063,0],[100.02250302,0.248860731000036,0],[100.025772242,0.251482693000071,0],[100.026969035,0.252442538000025,0],[100.033914933,0.25502909100004,0],[100.041944449,0.253111108000041,0],[100.047778539,0.245222327000022,0],[100.048051284,0.244600497000022,0],[100.051555556,0.236611108000034,0],[100.056361107,0.239111107000042,0],[100.058928555,0.240063607000025,0],[100.059467499,0.242252357000041,0],[100.060599418,0.244187887000066,0],[100.061215176,0.23944816900007,0],[100.060411031,0.235758555000075,0],[100.059997829,0.233551748000025,0],[100.060725584,0.231408248000037,0],[100.058955888,0.227473920000023,0],[100.059270388,0.22558366800007,0],[100.05894703,0.223006031000068,0],[100.060339664,0.218936111000062,0],[100.061238109,0.216865004000056,0],[100.06210061,0.214757691000045,0],[100.063017081,0.21045261200004,0],[100.062882392,0.207911138000043,0],[100.064149169,0.206038999000043,0],[100.06350236,0.204582859000027,0],[100.061265388,0.204790807000052,0],[100.059046388,0.204492282000047,0],[100.057132889,0.202041225000073,0],[100.057707913,0.19986155700002,0],[100.058247004,0.197645691000048,0],[100.060888332,0.195149527000069,0],[100.061094999,0.193241195000041,0],[100.059783444,0.189496805000033,0],[100.065173806,0.187262998000051,0],[100.06451803,0.185499336000021,0],[100.063880247,0.183346750000055,0],[100.062245246,0.179918917000066,0],[100.06079892,0.178218554000068,0],[100.06024197,0.176002666000045,0],[100.058196188,0.164388598000073,0],[100.059696249,0.155134710000027,0],[100.062376473,0.151414909000039,0],[100.063613541,0.149698020000073,0],[100.060693125,0.145084829000041,0],[100.058668532,0.146482001000038,0],[100.055580693,0.148612919000072,0],[100.048060002,0.147889616000043,0],[100.042363537,0.152060003000031,0],[100.042287766,0.144778422000059,0],[100.042282304,0.144253476000074,0],[100.040997157,0.138581812000041,0],[100.039667038,0.131607549000023,0],[100.032469439,0.122001174000047,0],[100.027473382,0.115859235000073,0],[100.022306541,0.107691008000074,0],[100.014219618,0.103919146000067,0],[100.006662762,0.098329018000072,0],[99.998692566,0.092530818000057,0],[99.9955421770001,0.08552826600004,0],[99.994891522,0.084082017000071,0],[99.9901381440001,0.079975276000027,0],[99.988610167,0.078154144000052,0],[99.9824194660001,0.070775707000053,0],[99.9806403520001,0.070775744000059,0],[99.984863337,0.06252573200004,0],[99.990775575,0.053280657000073,0],[99.994998578,0.044334153000023,0],[99.9979187360001,0.036916449000046,0],[100.003772111,0.030578639000055,0],[100.011055555,0.0255,0],[100.017222004,0.019889001000024,0],[100.029361,0.015054998000039,0],[100.03411111,0.012055559000032,0],[100.036472224,0.009527776000027,0],[100.028091285,0.005391325000062,0],[100.028154108,0.002634810000075,0],[100.028306929,-0.004070552999963,0],[100.028172289,-0.00604315399994,0],[100.02801249,-0.008384370999977,0],[100.027423955,-0.013987976999942,0],[100.027129852,-0.01487604099998,0],[100.024607407,-0.020331578999958,0],[100.024018865,-0.022361566999962,0],[100.023958268,-0.023119452999936,0],[100.023970441,-0.023720946999958,0],[100.025389212,-0.024486735999972,0],[100.026393284,-0.025349534999975,0],[100.027229783,-0.026128148999931,0],[100.028129208,-0.026948638999954,0],[100.028973118,-0.02888050599995,0],[100.031123653,-0.028946683999948,0],[100.031279848,-0.029127953999932,0],[100.03151713,-0.030115653999928,0],[100.031436427,-0.030509564999932,0],[100.031852397,-0.031033123999975,0],[100.032609731,-0.031083986999931,0],[100.032868079,-0.031453359999944,0],[100.032933827,-0.031819695999957,0],[100.03288368,-0.032284396999955,0],[100.033071863,-0.033124774999976,0],[100.033026777,-0.033928013999969,0],[100.03308241,-0.034090528999968,0],[100.032984851,-0.034567161999973,0],[100.033520725,-0.035450526999966,0],[100.033969353,-0.035642974999973,0],[100.034278272,-0.035707572999968,0],[100.034587402,-0.035881114999938,0],[100.035694746,-0.036159539999971,0],[100.037368292,-0.035955587999979,0],[100.038004462,-0.036175832999959,0],[100.038635157,-0.036755772999925,0],[100.038720927,-0.037302517999933,0],[100.038624843,-0.037725127999977,0],[100.038512744,-0.038099454999951,0],[100.038118279,-0.038507662999962,0],[100.037833813,-0.039094140999964,0],[100.037873013,-0.03961972899998,0],[100.037629003,-0.04002320799998,0],[100.036740187,-0.040530348999937,0],[100.036970931,-0.04087844999998,0],[100.03724171,-0.040992567999979,0],[100.037492476,-0.04163306099997,0],[100.037526412,-0.04239060499998,0],[100.038023521,-0.043654371999935,0],[100.037966213,-0.044237471999963,0],[100.037644234,-0.044460653999977,0],[100.037085824,-0.044561615999953,0],[100.036500867,-0.044970951999971,0],[100.036062794,-0.04614739799996,0],[100.035797719,-0.046955591999961,0],[100.035801833,-0.047374329999968,0],[100.035806371,-0.047836261999976,0],[100.035505451,-0.048339544999976,0],[100.035438883,-0.048450878999972,0],[100.035196353,-0.049182879999933,0],[100.03537126,-0.049659507999934,0],[100.035867723,-0.049937487999955,0],[100.036400851,-0.050101457999972,0],[100.037037444,-0.050322374999951,0],[100.037069011,-0.050346298999955,0],[100.037448777,-0.050634119999927,0],[100.037375662,-0.050974120999967,0],[100.037065696,-0.051302758999952,0],[100.03515741,-0.051724498999931,0],[100.034869358,-0.05198212099998,0],[100.034409168,-0.053551014999925,0],[100.034279592,-0.054564378999942,0],[100.033353622,-0.055700996999974,0],[100.033158659,-0.055940311999962,0],[100.032551082,-0.056821513999978,0],[100.032288951,-0.057195395999941,0],[100.031390867,-0.057867309999949,0],[100.030536824,-0.05850996199996,0],[100.030246347,-0.058938826999963,0],[100.030228004,-0.058965908999937,0],[100.030134463,-0.059104012999967,0],[100.029919652,-0.060282345999951,0],[100.029811471,-0.06077655799993,0],[100.029813874,-0.061105041999951,0],[100.029931994,-0.061350510999944,0],[100.030081612,-0.061580143999947,0],[100.030333598,-0.061936469999978,0],[100.03071514,-0.062300319999963,0],[100.031107139,-0.062524333999932,0],[100.031583724,-0.062664903999973,0],[100.032136412,-0.062709713999936,0],[100.032490645,-0.062360801999944,0],[100.032898745,-0.061649600999942,0],[100.032919831,-0.061612852999929,0],[100.033206781,-0.061164459999929,0],[100.033568786,-0.060911402999977,0],[100.033992601,-0.060831483999948,0],[100.034703073,-0.061066969999956,0],[100.034951115,-0.061365547999969,0],[100.035274888,-0.061755287999972,0],[100.03539549,-0.061969836999936,0],[100.035535632,-0.06221914899993,0],[100.035968262,-0.063213030999975,0],[100.036306272,-0.063836188999971,0],[100.036396068,-0.064206843999955,0],[100.036440091,-0.06438856099993,0],[100.036404915,-0.065096697999934,0],[100.036488356,-0.065306438999926,0],[100.036627964,-0.065301795999972,0],[100.03681314,-0.065263922999975,0],[100.036867688,-0.065387209999926,0],[100.036943459,-0.065495777999956,0],[100.037121133,-0.065750357999946,0],[100.037174345,-0.065879450999944,0],[100.037358921,-0.066327237999928,0],[100.037454177,-0.066545975999929,0],[100.037541216,-0.066720983999971,0],[100.037509563,-0.066894002999959,0],[100.037435445,-0.067036832999975,0],[100.037211742,-0.067193384999939,0],[100.037152693,-0.067234708999933,0],[100.036800411,-0.067242742999952,0],[100.036789814,-0.067243677999954,0],[100.036606083,-0.067259890999935,0],[100.03649724,-0.067266002999929,0],[100.036347502,-0.067297116999953,0],[100.036256197,-0.067336935999947,0],[100.036602405,-0.06807127999997,0],[100.036212436,-0.068567007999945,0],[100.036274168,-0.06881663799993,0],[100.035983535,-0.069286106999925,0],[100.035657547,-0.068944941999973,0],[100.035552991,-0.068794534999938,0],[100.035397637,-0.068857686999934,0],[100.035258802,-0.068968742999971,0],[100.035102849,-0.069052993999946,0],[100.034943092,-0.069127670999933,0],[100.034865153,-0.069139854999946,0],[100.034526582,-0.069292342999972,0],[100.034438725,-0.069331912999928,0],[100.034625486,-0.069546997999964,0],[100.034804029,-0.069698195999933,0],[100.034744202,-0.069757003999939,0],[100.03468961,-0.069785266999929,0],[100.034504524,-0.069881088999978,0],[100.034308695,-0.070091088999959,0],[100.034341293,-0.070177634999936,0],[100.034247435,-0.070250213999941,0],[100.03411722,-0.070350905999931,0],[100.03395218,-0.07042772799997,0],[100.033920434,-0.070441499999959,0],[100.034046814,-0.070702281999957,0],[100.033931184,-0.070930055999952,0],[100.03360699,-0.071044667999956,0],[100.033271579,-0.071182030999978,0],[100.033225142,-0.071201048999967,0],[100.033103874,-0.071250712999927,0],[100.033006671,-0.071022611999979,0],[100.032953085,-0.070896864999952,0],[100.032929508,-0.07083604099995,0],[100.032992904,-0.070804238999926,0],[100.032851657,-0.070443882999939,0],[100.032810261,-0.070458548999966,0],[100.03268091,-0.070120710999959,0],[100.032740684,-0.070099533999951,0],[100.032587056,-0.069694264999953,0],[100.032864969,-0.069610181999963,0],[100.033042534,-0.069571233999966,0],[100.033215252,-0.069519626999977,0],[100.03338319,-0.069455536999953,0],[100.033343279,-0.069108424999968,0],[100.033318231,-0.068916242999933,0],[100.033387454,-0.068905290999965,0],[100.033378536,-0.06885544499994,0],[100.033378807,-0.068741486999954,0],[100.033296213,-0.068556305999948,0],[100.033240019,-0.068440920999933,0],[100.033035841,-0.068501010999967,0],[100.032829865,-0.068561629999977,0],[100.032746169,-0.068560118999926,0],[100.032699376,-0.068559273999938,0],[100.032307473,-0.068552200999932,0],[100.031845282,-0.068544277999933,0],[100.031523616,-0.068531362999977,0],[100.031453119,-0.068528532999949,0],[100.031259458,-0.068553733999977,0],[100.031146587,-0.068568421999942,0],[100.031075044,-0.068577730999948,0],[100.031059617,-0.068579738999972,0],[100.030903661,-0.068563131999952,0],[100.030423578,-0.06851200899996,0],[100.030191192,-0.068544206999945,0],[100.030006943,-0.068540153999948,0],[100.029952991,-0.068538966999938,0],[100.029940172,-0.068539759999965,0],[100.029865424,-0.068545020999977,0],[100.029838061,-0.068546945999969,0],[100.029763093,-0.068552221999937,0],[100.029713131,-0.06855573799993,0],[100.029588778,-0.068545790999963,0],[100.0295295,-0.068541049999965,0],[100.029416703,-0.068532026999947,0],[100.029367104,-0.068520310999929,0],[100.029022277,-0.068438858999968,0],[100.028642923,-0.068325490999939,0],[100.028295547,-0.068169646999934,0],[100.028161065,-0.068125386999952,0],[100.027752419,-0.067999912999937,0],[100.027462795,-0.06796013099995,0],[100.027116311,-0.067912538999963,0],[100.026909362,-0.067884112999934,0],[100.026803562,-0.067874664999977,0],[100.026692845,-0.067884110999955,0],[100.026634451,-0.06792104799996,0],[100.026586296,-0.067951507999965,0],[100.026547738,-0.067975898999975,0],[100.026456573,-0.068057909999936,0],[100.026236302,-0.068256062999978,0],[100.026203468,-0.068289091999929,0],[100.026130228,-0.06836276699994,0],[100.026121572,-0.068362788999934,0],[100.025738532,-0.068802567999967,0],[100.025378279,-0.069140360999938,0],[100.024891574,-0.069550295999932,0],[100.024392596,-0.069781956999975,0],[100.02384703,-0.070024693999926,0],[100.023510116,-0.070077183999956,0],[100.023186709,-0.070155041999953,0],[100.02312596,-0.070169666999959,0],[100.022818512,-0.070295259999966,0],[100.022771422,-0.070324288999927,0],[100.0226208,-0.070417139999961,0],[100.022471793,-0.070508993999965,0],[100.022261462,-0.070836996999958,0],[100.022170854,-0.071131311999977,0],[100.02212874,-0.07126810799997,0],[100.022082698,-0.071608731999959,0],[100.022019117,-0.071728026999949,0],[100.021515098,-0.072107383999935,0],[100.021198961,-0.072275977999936,0],[100.021051193,-0.072288053999955,0],[100.020923537,-0.072221292999927,0],[100.020772294,-0.072142195999959,0],[100.020623452,-0.072035600999925,0],[100.020393435,-0.071726964999925,0],[100.020159826,-0.071213467999939,0],[100.020098392,-0.07100965199993,0],[100.020064535,-0.070344234999936,0],[100.020084212,-0.070264907999956,0],[100.020304033,-0.069498700999929,0],[100.020349321,-0.069364801999939,0],[100.020509418,-0.068891459999975,0],[100.020515346,-0.068873931999974,0],[100.020586268,-0.068643194999936,0],[100.020705299,-0.06836028999993,0],[100.020756506,-0.06823858499996,0],[100.020894316,-0.06768165799997,0],[100.020912728,-0.067257238999957,0],[100.020827204,-0.06702138299994,0],[100.020537916,-0.066499439999973,0],[100.020399907,-0.066316669999935,0],[100.020255263,-0.066151243999968,0],[100.020045728,-0.066054229999963,0],[100.019816619,-0.066112336999936,0],[100.019634603,-0.06620619499995,0],[100.019341569,-0.066267653999944,0],[100.019090601,-0.066216277999956,0],[100.018866355,-0.06616086899993,0],[100.018831308,-0.066152208999938,0],[100.018430456,-0.065861029999951,0],[100.018258932,-0.06573403699997,0],[100.018043,-0.06557416499993,0],[100.018041009,-0.06557106899993,0],[100.01794806,-0.065426532999936,0],[100.017943921,-0.065418515999966,0],[100.017854287,-0.06524490299995,0],[100.017693623,-0.065041655999948,0],[100.017364427,-0.064874817999964,0],[100.016869077,-0.064808510999967,0],[100.01599805,-0.064828097999964,0],[100.015774212,-0.064832362999937,0],[100.015679843,-0.064830425999958,0],[100.015647703,-0.064829765999946,0],[100.015207169,-0.06491318999997,0],[100.015107984,-0.064968172999954,0],[100.014852643,-0.065109722999978,0],[100.014836597,-0.065118617999929,0],[100.01448637,-0.065437542999973,0],[100.014431569,-0.065485141999943,0],[100.014277019,-0.06561937999993,0],[100.014209266,-0.065678227999967,0],[100.013981565,-0.065854916999967,0],[100.013815864,-0.065943227999981,0],[100.013584394,-0.066058374999955,0],[100.013382366,-0.066107572999954,0],[100.012873327,-0.066193003999956,0],[100.012606448,-0.066303638999955,0],[100.012389603,-0.066411588999927,0],[100.012219863,-0.066560549999963,0],[100.012065587,-0.06670579799993,0],[100.011793968,-0.06698490399998,0],[100.011636203,-0.06716365799997,0],[100.011501048,-0.067330696999932,0],[100.011249015,-0.067605065999942,0],[100.011043224,-0.067886945999931,0],[100.010943734,-0.068088081999974,0],[100.010909375,-0.068204980999951,0],[100.01088332,-0.068293625999956,0],[100.010870474,-0.068460173999938,0],[100.010843706,-0.068663771999979,0],[100.010816479,-0.068870863999962,0],[100.010815074,-0.068881549999958,0],[100.0107392,-0.06912011199995,0],[100.010513285,-0.069447685999933,0],[100.010343004,-0.069684861999974,0],[100.010302708,-0.069799972999931,0],[100.010255229,-0.069935605999945,0],[100.010233314,-0.069999301999928,0],[100.01019102,-0.070122226999956,0],[100.010148451,-0.070347584999979,0],[100.010189714,-0.070858538999971,0],[100.010244182,-0.071052804999965,0],[100.010309264,-0.071284924999929,0],[100.01044208,-0.071672940999974,0],[100.010471594,-0.071963203999928,0],[100.010466452,-0.072017003999974,0],[100.010451405,-0.07217443199994,0],[100.010446383,-0.072226972999943,0],[100.010430932,-0.072465636999937,0],[100.010445704,-0.07263510599995,0],[100.010512442,-0.072824563999973,0],[100.010652667,-0.073021683999968,0],[100.010750081,-0.073115149999978,0],[100.010825332,-0.073187351999934,0],[100.010989665,-0.073291712999946,0],[100.011155242,-0.073407448999944,0],[100.011294736,-0.073512416999961,0],[100.011481302,-0.073591988999965,0],[100.011686241,-0.073718870999926,0],[100.011826616,-0.07380577899994,0],[100.011999996,-0.073939009999947,0],[100.012149167,-0.074071758999935,0],[100.012313159,-0.074216016999969,0],[100.012562922,-0.074483920999967,0],[100.012856036,-0.074805888999947,0],[100.012993189,-0.074972393999928,0],[100.013079301,-0.075081126999976,0],[100.013102499,-0.075286910999978,0],[100.01321876,-0.075587317999975,0],[100.013332262,-0.075776713999971,0],[100.013688454,-0.076215847999947,0],[100.013941288,-0.076616310999952,0],[100.014090372,-0.076813026999957,0],[100.014185,-0.076987930999962,0],[100.014188795,-0.076994944999967,0],[100.014241172,-0.077290454999968,0],[100.01425248,-0.07768348299993,0],[100.014246527,-0.078050062999978,0],[100.01420806,-0.078324098999929,0],[100.014140782,-0.07850445899993,0],[100.014031323,-0.078648298999951,0],[100.013910075,-0.078828667999971,0],[100.013816141,-0.079007965999949,0],[100.013816129,-0.079007988999933,0],[100.013736735,-0.079151864999972,0],[100.013613939,-0.079374393999956,0],[100.013539249,-0.079506220999974,0],[100.01345424,-0.079656259999979,0],[100.013306656,-0.079863375999935,0],[100.013184814,-0.080025969999951,0],[100.013082936,-0.08019318099997,0],[100.012945798,-0.080577050999977,0],[100.012866671,-0.080928786999948,0],[100.012859748,-0.08098972199997,0],[100.012859269,-0.080993934999924,0],[100.012806209,-0.081460923999941,0],[100.012825037,-0.081556700999954,0],[100.012851192,-0.081689755999946,0],[100.012881671,-0.082051349999972,0],[100.012846068,-0.082380133999948,0],[100.012829817,-0.082660312999963,0],[100.012825034,-0.082742775999975,0],[100.012894093,-0.082901608999975,0],[100.013023705,-0.083115332999967,0],[100.013034158,-0.08313302199997,0],[100.013138214,-0.083309121999946,0],[100.013243653,-0.083550721999927,0],[100.013263604,-0.08358893999997,0],[100.013301013,-0.083660601999952,0],[100.013382641,-0.083938553999928,0],[100.013463319,-0.084102539999947,0],[100.013597853,-0.08427712799994,0],[100.013763558,-0.084416008999938,0],[100.013940726,-0.084601210999949,0],[100.014162621,-0.084744936999925,0],[100.014508907,-0.084887119999962,0],[100.01459653,-0.084923096999944,0],[100.014677763,-0.084955494999974,0],[100.014829756,-0.085016112999938,0],[100.015114178,-0.085046139999974,0],[100.015386106,-0.08509083499996,0],[100.015656409,-0.085079515999951,0],[100.015902516,-0.08519296999998,0],[100.016010061,-0.085261772999957,0],[100.016076473,-0.085304260999976,0],[100.01622445,-0.085442805999946,0],[100.01643272,-0.085631016999969,0],[100.016566468,-0.085775083999977,0],[100.016600809,-0.085817806999955,0],[100.016694628,-0.085934521999945,0],[100.016769581,-0.086143794999941,0],[100.016798785,-0.086259874999939,0],[100.016824339,-0.086361444999966,0],[100.016817252,-0.086605462999955,0],[100.016836446,-0.086861755999962,0],[100.016862133,-0.087071734999938,0],[100.016912849,-0.087274580999974,0],[100.016972197,-0.087397254999928,0],[100.016977734,-0.087408699999969,0],[100.017014349,-0.087484382999946,0],[100.017153382,-0.08767149199997,0],[100.017289033,-0.087876573999949,0],[100.017389017,-0.088085497999941,0],[100.017422328,-0.088203293999925,0],[100.017463465,-0.088348766999957,0],[100.017489315,-0.08856695399993,0],[100.017521907,-0.088717828999961,0],[100.017535401,-0.088780296999971,0],[100.01753935,-0.088793171999953,0],[100.017591871,-0.088964412999928,0],[100.017610999,-0.089017041999966,0],[100.017660652,-0.08915365699994,0],[100.017738879,-0.089327123999965,0],[100.017816528,-0.089535898999941,0],[100.017891039,-0.089730663999944,0],[100.017923564,-0.089842191999935,0],[100.017957031,-0.08995694999993,0],[100.018000954,-0.090217486999961,0],[100.017981031,-0.090442979999978,0],[100.017898652,-0.09079901299998,0],[100.017753779,-0.091107016999956,0],[100.017680023,-0.091280985999958,0],[100.01758557,-0.091462246999924,0],[100.017489866,-0.091656154999953,0],[100.017347049,-0.091844581999965,0],[100.017224411,-0.091979700999957,0],[100.017114754,-0.092116669999939,0],[100.016984317,-0.092243779999933,0],[100.016875723,-0.092344386999969,0],[100.016853787,-0.09236470899998,0],[100.016650477,-0.092532323999933,0],[100.016610027,-0.092565461999925,0],[100.016499166,-0.09265628199995,0],[100.016397707,-0.092738856999972,0],[100.016226053,-0.092854785999975,0],[100.016057558,-0.093014203999928,0],[100.015884058,-0.093224677999956,0],[100.015839827,-0.093278333999933,0],[100.01571015,-0.093510131999949,0],[100.015653608,-0.093672727999945,0],[100.015637724,-0.093718404999947,0],[100.01558831,-0.093860504999952,0],[100.015577013,-0.094131382999933,0],[100.015615758,-0.09438158599994,0],[100.015619109,-0.094407021999928,0],[100.015640716,-0.094571041999927,0],[100.015649226,-0.094772159999934,0],[100.015618327,-0.09497061899998,0],[100.015580033,-0.095184789999962,0],[100.015484961,-0.095316515999968,0],[100.015409958,-0.095420436999973,0],[100.015396575,-0.095429204999959,0],[100.01514941,-0.09559113399996,0],[100.015017748,-0.095696056999941,0],[100.014950678,-0.095749506999937,0],[100.014827663,-0.095843082999977,0],[100.01584077,-0.097267765999959,0],[100.015899444,-0.097350277999965,0],[100.01589928,-0.097350431999928,0],[100.01527099,-0.097943850999968,0],[100.014023515,-0.099122087999945,0],[100.013456029,-0.099658076999958,0],[100.011193143,-0.101795367999955,0],[100.01047825,-0.102470582999956,0],[100.010018719,-0.102941997999949,0],[100.005071746,-0.105616863999956,0],[100.004022133,-0.106958247999955,0],[100.002571432,-0.108812212999965,0],[100.004144004,-0.112719995999953,0],[100.003505967,-0.113779461999968,0],[100.002605092,-0.115275372999974,0],[100.001476278,-0.117149777999941,0],[99.998943996,-0.121445001999973,0],[99.993879539,-0.125926359999937,0],[99.9919982230001,-0.127591068999948,0],[99.9893203330001,-0.129960638999933,0],[99.988831486,-0.130231843999979,0],[99.9863690020001,-0.131597995999925,0],[99.9860842560001,-0.132158594999964,0],[99.9850076100001,-0.134278263999931,0],[99.9849222120001,-0.134446392999962,0],[99.984885778,-0.134518121999974,0],[99.984352002,-0.135569002999944,0],[99.982904755,-0.138465778999944,0],[99.9824543330001,-0.139367332999939,0],[99.982192706,-0.139988542999959,0],[99.9823232200001,-0.140500288999931,0],[99.9824261200001,-0.140903759999958,0],[99.9824387660001,-0.14131238899995,0],[99.9824618870001,-0.142059497999981,0],[99.982415266,-0.143338468999957,0],[99.9825347720001,-0.144260777999932,0],[99.98262579,-0.14496322399998,0],[99.9829058860001,-0.145995773999971,0],[99.98397945,-0.146793613999932,0],[99.985589765,-0.14727462299993,0],[99.987048364,-0.147309758999938,0],[99.987956878,-0.147081417999971,0],[99.9884801190001,-0.146363873999974,0],[99.9885514460001,-0.145718102999979,0],[99.988075725,-0.145287610999958,0],[99.9879182380001,-0.14516726599993,0],[99.9868864270001,-0.144378802999938,0],[99.986747204,-0.144260593999945,0],[99.985816056,-0.143469989999971,0],[99.9852451830001,-0.142800327999964,0],[99.9851262220001,-0.141963224999927,0],[99.9855305460001,-0.141389189999927,0],[99.9865057310001,-0.141221726999959,0],[99.987522594,-0.141207865999945,0],[99.988265831,-0.141197734999935,0],[99.989193448,-0.141125942999963,0],[99.9903589090001,-0.140838884999937,0],[99.9913340860001,-0.14055183499994,0],[99.9926100210001,-0.140640263999956,0],[99.992713628,-0.140647444999956,0],[99.993498554,-0.141054005999933,0],[99.9939267230001,-0.141938928999934,0],[99.99393057,-0.141971801999944,0],[99.994117073,-0.143565297999942,0],[99.994117374,-0.144260270999951,0],[99.9941177910001,-0.145224138999936,0],[99.9930396290001,-0.147232385999928,0],[99.9919434170001,-0.149454069999933,0],[99.9916470150001,-0.150054784999952,0],[99.9899579090001,-0.153438048999931,0],[99.9895318540001,-0.154278440999974,0],[99.9883629720001,-0.156584055999929,0],[99.988090598,-0.157167577999928,0],[99.987289489,-0.158883841999966,0],[99.986594918,-0.159117969999954,0],[99.9824283890001,-0.159417786999938,0],[99.9807710270001,-0.159565089999944,0],[99.977845824,-0.159825075999947,0],[99.9770442720001,-0.15988082299998,0],[99.972998003,-0.160162233999927,0],[99.9684783260001,-0.160632841999927,0],[99.9657667600001,-0.16111725199994,0],[99.9646739500001,-0.161312477999957,0],[99.959839769,-0.161765009999954,0],[99.9549336970001,-0.162235636999981,0],[99.9503600740001,-0.162516281999956,0],[99.946792831,-0.162914477999948,0],[99.9432435570001,-0.163321718999953,0],[99.9394696320001,-0.163566140999933,0],[99.936153974,-0.163946232999933,0],[99.936094702,-0.16395199699997,0],[99.9322452630001,-0.164326352999979,0],[99.9292481840001,-0.164658606999978,0],[99.9284084350001,-0.164751700999943,0],[99.924475553,-0.165270160999967,0],[99.9192222500001,-0.165978110999959,0],[99.9172487690001,-0.166123071999948,0],[99.9153434170001,-0.166263027999946,0],[99.90941846,-0.166737492999971,0],[99.9040930830001,-0.167201831999932,0],[99.900397023,-0.167577229999949,0],[99.8975231050001,-0.167895762999933,0],[99.8947899890001,-0.16819869099993,0],[99.891269079,-0.168494448999979,0],[99.890703004,-0.168542,0],[99.885435548,-0.168724418999943,0],[99.8853870010001,-0.168740003999972,0],[99.881878111,-0.169113360999972,0],[99.878220486,-0.169849506999924,0],[99.8743435660001,-0.170586233999927,0],[99.871369057,-0.171131123999942,0],[99.8674108290001,-0.171866498999975,0],[99.8632569590001,-0.172641840999972,0],[99.863111518,-0.172658282999976,0],[99.8631114090001,-0.172658294999962,0],[99.859267306,-0.17309285999994,0],[99.853165747,-0.173937147999936,0],[99.8525825710001,-0.17401590299994,0],[99.8492576410001,-0.174464910999973,0],[99.845504707,-0.174994194999954,0],[99.8435450710001,-0.175199032999956,0],[99.8424046100001,-0.175318243999925,0],[99.841439731,-0.175419100999932,0],[99.8380468780001,-0.175852488999965,0],[99.8336333400001,-0.176416005999954,0],[99.828502003,-0.177064996999945,0],[99.825426199,-0.177404127999978,0],[99.821924944,-0.177802480999958,0],[99.8184893980001,-0.178314297999975,0],[99.8143020090001,-0.178947732999973,0],[99.8100966410001,-0.179517843999975,0],[99.8092520530001,-0.179607833999967,0],[99.80652925,-0.179897943999947,0],[99.806475709,-0.179907704999948,0],[99.8064367920001,-0.17991479899996,0],[99.8058534180001,-0.180021142999976,0],[99.8054094290001,-0.180102077999948,0],[99.8054111110001,-0.18015,0],[99.805472222,-0.181913888999929,0],[99.8054750430001,-0.181949585999973,0],[99.8054737640001,-0.181949594999935,0],[99.8054724070001,-0.181949603999954,0],[99.805442299,-0.181949806999967,0],[99.8041388300001,-0.181982066999979,0],[99.8030803570001,-0.182008262999943,0],[99.8012166820001,-0.182052673999976,0],[99.8006166110001,-0.182062135999956,0],[99.7993179520001,-0.182082611999931,0],[99.7974470950001,-0.182108477999975,0],[99.795641833,-0.182148921999953,0],[99.795630997,-0.182149164999942,0],[99.7955897430001,-0.182150088999947,0],[99.795583659,-0.18215022499993,0],[99.7955833330001,-0.182166665999944,0],[99.78780548,-0.182171728999947,0],[99.787814149,-0.173518740999953,0],[99.78781444,-0.173228059999929,0],[99.787813639,-0.173228079999944,0],[99.7866751020001,-0.173255799999936,0],[99.7858941630001,-0.173274812999978,0],[99.785370942,-0.173287551999977,0],[99.7840805450001,-0.173318968999979,0],[99.783993948,-0.173321076999969,0],[99.782421357,-0.173359364999953,0],[99.7817878020001,-0.173374789999968,0],[99.780864723,-0.17339726299997,0],[99.7800016310001,-0.173418276999939,0],[99.779965969,-0.173457173999964,0],[99.7799481390001,-0.173499060999973,0],[99.7799362540001,-0.173552916999938,0],[99.7799362550001,-0.173573856999951,0],[99.779936256,-0.173594803999947,0],[99.779949307,-0.173634015999937,0],[99.7799516570001,-0.173641074999978,0],[99.7799527780001,-0.173644442999944,0],[99.7799248860001,-0.173668644999964,0],[99.7799065400001,-0.173684562999938,0],[99.7796866210001,-0.173768346999964,0],[99.779472646,-0.173852129999943,0],[99.7777614400001,-0.174503844999947,0],[99.776493632,-0.174877291999962,0],[99.7764750000001,-0.175111110999978,0],[99.7764404330001,-0.175272022999934,0],[99.7763993030001,-0.175250992999963,0],[99.776286741,-0.17519343999993,0],[99.7762604060001,-0.175179974999935,0],[99.7762202700001,-0.175174633999973,0],[99.775776303,-0.175115552999955,0],[99.775375082,-0.175070081999934,0],[99.7750877160001,-0.175048554999933,0],[99.7748311770001,-0.175029337999945,0],[99.7740626400001,-0.17492247399997,0],[99.773558333,-0.174861110999927,0],[99.7717816150001,-0.175447147999932,0],[99.7707957040001,-0.175772343999938,0],[99.7707365540001,-0.175791853999954,0],[99.770736705,-0.175792053999942,0],[99.770733551,-0.175792844999933,0],[99.770617314,-0.175821979999967,0],[99.7702148450001,-0.175225989999944,0],[99.7700413140001,-0.175010484999973,0],[99.7698015970001,-0.174754557999961,0],[99.7696818950001,-0.174582244999954,0],[99.7696720000001,-0.174568,0],[99.76914,-0.17383,0],[99.768829,-0.173434,0],[99.7688211320001,-0.173423688999947,0],[99.7683200000001,-0.172767,0],[99.7678770000001,-0.1721,0],[99.7675400000001,-0.17159,0],[99.767255457,-0.171205789999931,0],[99.7669890000001,-0.170846,0],[99.7666628000001,-0.170392882999977,0],[99.7664030000001,-0.170032,0],[99.7660100000001,-0.16946,0],[99.7653100000001,-0.168438,0],[99.7648606000001,-0.167817179999929,0],[99.764807391,-0.167743673999951,0],[99.764728,-0.167634,0],[99.7644100000001,-0.16721,0],[99.7636850000001,-0.16632,0],[99.763267,-0.16568,0],[99.7630520000001,-0.165295,0],[99.76295,-0.16511,0],[99.762836,-0.164928,0],[99.7627811470001,-0.164847981999969,0],[99.7626864650001,-0.164709860999949,0],[99.7620932410001,-0.163844475999952,0],[99.7617200000001,-0.1633,0],[99.7609370000001,-0.162201,0],[99.7605624180001,-0.16171173999993,0],[99.760324821,-0.161401402999957,0],[99.76014,-0.16116,0],[99.7600258690001,-0.161022668999976,0],[99.759733403,-0.16044898399997,0],[99.7595906350001,-0.160239590999936,0],[99.7594097960001,-0.15998260899994,0],[99.7587245110001,-0.159135521999929,0],[99.757591887,-0.157631701999946,0],[99.7565734780001,-0.156556184999943,0],[99.7556312120001,-0.155613918999961,0],[99.755179486,-0.155201231999968,0],[99.755113914,-0.154963812999938,0],[99.7551139130001,-0.154844839999953,0],[99.7551198620001,-0.154755609999938,0],[99.7551555540001,-0.154630687999941,0],[99.7552054870001,-0.154527257999973,0],[99.7552673530001,-0.154470151999931,0],[99.7552530760001,-0.154317865999928,0],[99.755224522,-0.154056125999944,0],[99.755200728,-0.153851491999944,0],[99.7550912730001,-0.153642098999967,0],[99.7549627820001,-0.153432706999979,0],[99.7548580850001,-0.153313733999937,0],[99.7546296570001,-0.153190001999974,0],[99.754439301,-0.153194760999952,0],[99.7543869520001,-0.153266143999929,0],[99.754339363,-0.15338511799996,0],[99.754277497,-0.153418429999931,0],[99.7542156310001,-0.153413670999953,0],[99.7541090750001,-0.153400910999949,0],[99.7539163380001,-0.153275989999941,0],[99.753852093,-0.153186759999926,0],[99.7537985550001,-0.15311537599996,0],[99.7537664320001,-0.153004731999943,0],[99.7537700010001,-0.152894085999947,0],[99.753816402,-0.15281913299998,0],[99.7538604210001,-0.15279057999993,0],[99.7539728510001,-0.152756077999925,0],[99.7540144910001,-0.15270253999995,0],[99.7540174660001,-0.152613309999936,0],[99.754044234,-0.152485413999955,0],[99.7540323370001,-0.152333723999959,0],[99.7539550050001,-0.152033316999962,0],[99.7538538780001,-0.151807266999924,0],[99.753725982,-0.151599064999971,0],[99.7536427000001,-0.151471168999933,0],[99.7535911830001,-0.15137369699994,0],[99.7535116280001,-0.151262320999933,0],[99.753336345,-0.150977430999944,0],[99.753300069,-0.15073125999993,0],[99.753264163,-0.150605589999941,0],[99.7532250730001,-0.15047528499997,0],[99.7531251670001,-0.150301514999967,0],[99.7530924500001,-0.150289617999931,0],[99.7530069090001,-0.150269381999976,0],[99.7529707410001,-0.150208468999949,0],[99.7529669340001,-0.150160878999941,0],[99.752966933,-0.150099964999924,0],[99.7529883490001,-0.150051671999961,0],[99.752901975,-0.149790132999954,0],[99.7527444070001,-0.149313015999951,0],[99.7525676600001,-0.149217707999981,0],[99.7525228160001,-0.149175355999944,0],[99.7524395040001,-0.149096671999928,0],[99.7523963390001,-0.149055904999955,0],[99.752202175,-0.148745622999968,0],[99.752162077,-0.148602955999934,0],[99.7521478,-0.14849825999994,0],[99.752169215,-0.148374527999977,0],[99.7521739740001,-0.148222241999974,0],[99.7522334600001,-0.148034264999978,0],[99.7522358890001,-0.148022118999961,0],[99.7522501170001,-0.147950983999976,0],[99.752253012,-0.14794048899995,0],[99.752269153,-0.147881978999976,0],[99.7522786700001,-0.14780821599993,0],[99.7522691520001,-0.14776300699998,0],[99.752252496,-0.147689243999935,0],[99.7522524970001,-0.147594064999964,0],[99.7522643940001,-0.147532198999954,0],[99.7522715320001,-0.147451297999964,0],[99.7522816460001,-0.147327906999976,0],[99.752283429,-0.147306149999963,0],[99.7522725890001,-0.147287277999965,0],[99.751324889,-0.14642846199996,0],[99.7504366900001,-0.146722229999966,0],[99.7501321190001,-0.146836443999973,0],[99.7499132080001,-0.146817407999947,0],[99.7496942980001,-0.146760300999972,0],[99.7494468340001,-0.146436694999977,0],[99.749360939,-0.146358378999935,0],[99.7491316380001,-0.146149310999931,0],[99.749123227,-0.146141641999975,0],[99.7489755030001,-0.145955448999928,0],[99.7487414170001,-0.145709658999976,0],[99.7486979640001,-0.145138793999934,0],[99.7486400000001,-0.14456,0],[99.7486040000001,-0.144314,0],[99.748389,-0.143247,0],[99.748247,-0.142504,0],[99.7481500000001,-0.14215,0],[99.7480769250001,-0.141633847999969,0],[99.7479698490001,-0.141234098999973,0],[99.747802419,-0.140741319999961,0],[99.7475180000001,-0.139726,0],[99.7475000000001,-0.13963,0],[99.7474090000001,-0.138626,0],[99.74737,-0.13719,0],[99.747529,-0.136041,0],[99.74773,-0.13492,0],[99.7481640000001,-0.133479,0],[99.7484800000001,-0.13259,0],[99.7488788030001,-0.131676993999974,0],[99.749176236,-0.131070230999967,0],[99.74953,-0.13034,0],[99.75059,-0.12874,0],[99.7519600000001,-0.12697,0],[99.752179105,-0.12672273499993,0],[99.7530428600001,-0.125871108999945,0],[99.75343,-0.12534,0],[99.7538340310001,-0.124889580999934,0],[99.754202847,-0.124372047999941,0],[99.75462,-0.12367,0],[99.7550760000001,-0.123002,0],[99.755481,-0.122381,0],[99.7556957640001,-0.12204061999995,0],[99.7557990000001,-0.121877,0],[99.75613,-0.12129,0],[99.7563961430001,-0.12063629499994,0],[99.7565640000001,-0.120224,0],[99.7566107810001,-0.120105670999976,0],[99.7570400000001,-0.11902,0],[99.757478,-0.117972,0],[99.757564759,-0.117745248999938,0],[99.7576763770001,-0.117453526999952,0],[99.757817,-0.117086,0],[99.758153,-0.115777,0],[99.7582751210001,-0.115308,0],[99.7584100000001,-0.11479,0],[99.7585513290001,-0.11412404899994,0],[99.7587330000001,-0.113268,0],[99.758762818,-0.11305798199993,0],[99.758774342,-0.112976809999964,0],[99.7587844770001,-0.112905425999941,0],[99.7589400000001,-0.11181,0],[99.758940522,-0.111800524999978,0],[99.7590252290001,-0.110264223999934,0],[99.759035,-0.110087,0],[99.7590500000001,-0.10949,0],[99.75905105,-0.109223306999979,0],[99.759056,-0.107966,0],[99.7590180000001,-0.107369,0],[99.7589,-0.10638,0],[99.7586420000001,-0.104905,0],[99.7583990000001,-0.103772,0],[99.7582600000001,-0.10311,0],[99.7581891990001,-0.102842476999967,0],[99.758005424,-0.102148080999939,0],[99.7577997240001,-0.101229374999946,0],[99.757787604,-0.10035402799997,0],[99.7577876000001,-0.100177826999925,0],[99.7578123900001,-0.099466781999979,0],[99.7579205480001,-0.096364585999936,0],[99.7578490080001,-0.096002602999931,0],[99.757787148,-0.095689608999976,0],[99.7577463330001,-0.095419203999938,0],[99.757728693,-0.09534982699995,0],[99.7573317760001,-0.093788770999936,0],[99.757300059,-0.093664031999936,0],[99.75728109,-0.093589239999972,0],[99.757157394,-0.093101547999936,0],[99.757147907,-0.092939241999943,0],[99.7571455020001,-0.092898094999953,0],[99.757181158,-0.092598898999938,0],[99.7572524780001,-0.092275766999933,0],[99.7572495460001,-0.092178426999965,0],[99.7572160780001,-0.091720667999937,0],[99.757046497,-0.090614702999972,0],[99.7568877130001,-0.089579151999942,0],[99.7566592840001,-0.088308520999931,0],[99.7568020520001,-0.086295495999934,0],[99.7569162660001,-0.084020731999942,0],[99.757039998,-0.083354482999937,0],[99.7570971050001,-0.083078464999971,0],[99.7572113190001,-0.08275485799993,0],[99.7574587830001,-0.082650161999936,0],[99.757810943,-0.082535947999929,0],[99.7583153890001,-0.082478840999954,0],[99.7586104420001,-0.082574019999925,0],[99.7587912820001,-0.082783411999969,0],[99.7593126950001,-0.082804159999966,0],[99.7602645540001,-0.082842035999931,0],[99.7604561000001,-0.082562449999955,0],[99.7606524060001,-0.082140094999943,0],[99.7607713790001,-0.081783175999931,0],[99.760822353,-0.081532552999931,0],[99.76082209,-0.081430080999951,0],[99.760795853,-0.081284640999968,0],[99.7608095780001,-0.081161011999939,0],[99.760893029,-0.081031662999976,0],[99.7611964100001,-0.080698538999968,0],[99.7615057400001,-0.080317824999952,0],[99.7617972240001,-0.080044186999942,0],[99.7619816320001,-0.080014443999971,0],[99.762118451,-0.079800291999959,0],[99.762082363,-0.079612710999925,0],[99.7621537470001,-0.079255791999969,0],[99.7622786680001,-0.078851283999938,0],[99.7624214360001,-0.078714464999962,0],[99.7625106660001,-0.078458672999943,0],[99.7625106660001,-0.078173136999965,0],[99.7624392820001,-0.077953036999929,0],[99.762344103,-0.07766750199994,0],[99.7622965140001,-0.077292736999937,0],[99.7622503530001,-0.076896222999949,0],[99.7622518490001,-0.076618712999959,0],[99.76225929,-0.076316729999974,0],[99.7622907300001,-0.076010369999949,0],[99.7623083300001,-0.075813559999972,0],[99.76233104,-0.075671069999942,0],[99.7623891300001,-0.075173849999942,0],[99.7624195600001,-0.074994559999936,0],[99.7624561800001,-0.074801279999974,0],[99.7625295300001,-0.074581839999951,0],[99.7626057200001,-0.074380089999977,0],[99.7626753700001,-0.074171539999952,0],[99.7627774110001,-0.073758841999961,0],[99.7627089440001,-0.072891611999978,0],[99.7626803910001,-0.072434754999961,0],[99.7626661140001,-0.072049282999956,0],[99.762580454,-0.071720916999936,0],[99.762580454,-0.071206952999944,0],[99.762708945,-0.070750096999973,0],[99.762708945,-0.070436007999945,0],[99.7627620850001,-0.069325886999934,0],[99.7624520000001,-0.068211,0],[99.762377208,-0.067875071999936,0],[99.7621,-0.06663,0],[99.7620097400001,-0.066262839999979,0],[99.7619230000001,-0.06591,0],[99.7615920000001,-0.064373,0],[99.76142,-0.06357,0],[99.7612643740001,-0.062954346999959,0],[99.7611020000001,-0.062312,0],[99.7610311320001,-0.062116390999961,0],[99.7607100000001,-0.06123,0],[99.760586705,-0.060955598999954,0],[99.75935,-0.0582,0],[99.7593341420001,-0.058169960999976,0],[99.7593340490001,-0.058169784999961,0],[99.7592051680001,-0.057925643999965,0],[99.7591382690001,-0.057798916999957,0],[99.7581200000001,-0.05587,0],[99.7574970000001,-0.054753,0],[99.757444105,-0.054662404999931,0],[99.7574438230001,-0.05466192199998,0],[99.7568371500001,-0.053622850999943,0],[99.7568234070001,-0.05359931199996,0],[99.7568078410001,-0.05357265799995,0],[99.756759,-0.053489,0],[99.7566550000001,-0.053289,0],[99.7566380000001,-0.05324,0],[99.7566300000001,-0.0532,0],[99.7566211480001,-0.053049512999962,0],[99.756602,-0.052724,0],[99.7564950000001,-0.052222,0],[99.7562790000001,-0.051633,0],[99.7562426910001,-0.051548559999958,0],[99.7562360000001,-0.051533,0],[99.756174,-0.051426,0],[99.7554336040001,-0.050295286999926,0],[99.75507,-0.04974,0],[99.754513,-0.048761,0],[99.753801873,-0.047560032999968,0],[99.75352,-0.047084,0],[99.753227215,-0.04666065999993,0],[99.7527620000001,-0.045988,0],[99.7520500000001,-0.04478,0],[99.7517330000001,-0.044279,0],[99.7513050000001,-0.043685,0],[99.7508460000001,-0.043112,0],[99.7506000000001,-0.04284,0],[99.74933,-0.04126,0],[99.7490355800001,-0.040634674999978,0],[99.7487414350001,-0.040330719999929,0],[99.7486997940001,-0.040259336999952,0],[99.748676,-0.04017605599995,0],[99.7486581540001,-0.040098723999961,0],[99.74858677,-0.040009493999946,0],[99.7485598230001,-0.039838750999934,0],[99.748200378,-0.039123547999964,0],[99.7479942840001,-0.03896728899997,0],[99.7478943470001,-0.038863782999954,0],[99.7477783030001,-0.038697197999966,0],[99.7477490000001,-0.03859,0],[99.747695584,-0.038427724999963,0],[99.7476700000001,-0.03835,0],[99.74753,-0.038161,0],[99.74749567,-0.038118227999973,0],[99.747330457,-0.037912385999959,0],[99.7473093550001,-0.03788609399993,0],[99.7473003250001,-0.03787484399993,0],[99.7467462060001,-0.037184455999977,0],[99.7465500000001,-0.03694,0],[99.745889,-0.03608,0],[99.7448900000001,-0.03489,0],[99.7443585080001,-0.034318395999946,0],[99.7439015750001,-0.033826976999933,0],[99.7438474250001,-0.033768739999971,0],[99.7433,-0.03318,0],[99.7430840740001,-0.032929979999949,0],[99.7425252800001,-0.03228295599996,0],[99.7422740000001,-0.031992,0],[99.741633762,-0.031316705999927,0],[99.7415800000001,-0.03126,0],[99.741113,-0.030711,0],[99.740981402,-0.030562538999959,0],[99.7403242830001,-0.029821213999981,0],[99.7398800000001,-0.02932,0],[99.73919205,-0.028557532999969,0],[99.7388460000001,-0.028174,0],[99.7384399420001,-0.02773680599995,0],[99.7382200000001,-0.0275,0],[99.737785219,-0.027108347999956,0],[99.7374740000001,-0.026828,0],[99.7369723450001,-0.026373374999935,0],[99.7362228160001,-0.025694114999965,0],[99.7361300000001,-0.02561,0],[99.735282925,-0.024892160999968,0],[99.7347470000001,-0.024438,0],[99.734363553,-0.024132205999933,0],[99.73411,-0.02393,0],[99.733662553,-0.023595354999941,0],[99.733291905,-0.023318146999941,0],[99.733244826,-0.023282936999976,0],[99.7330390000001,-0.023129,0],[99.732429933,-0.022660225999971,0],[99.731933746,-0.022278331999928,0],[99.7317800000001,-0.02216,0],[99.7313118590001,-0.021817896999949,0],[99.7307117140001,-0.021379328999956,0],[99.73022,-0.02102,0],[99.729591381,-0.020616268999959,0],[99.7295541550001,-0.020592360999956,0],[99.7292780000001,-0.020415,0],[99.7284938620001,-0.019923845999926,0],[99.7283600000001,-0.01984,0],[99.728153863,-0.019715926999936,0],[99.7272144880001,-0.019150520999972,0],[99.7262922690001,-0.018595441999935,0],[99.7262500000001,-0.01857,0],[99.725445633,-0.018075004999957,0],[99.7248743470001,-0.017723443999955,0],[99.72443,-0.01745,0],[99.7241336640001,-0.017311197999959,0],[99.7236347360001,-0.017077503999928,0],[99.7231170000001,-0.016835,0],[99.7223839900001,-0.016442694999967,0],[99.722230563,-0.016360580999958,0],[99.7220800000001,-0.01628,0],[99.7212209150001,-0.015831781999964,0],[99.7208770380001,-0.015652367999962,0],[99.72024,-0.01532,0],[99.7196473260001,-0.014996561999965,0],[99.719623062,-0.014983319999942,0],[99.7189060000001,-0.014592,0],[99.7185927560001,-0.014416795999978,0],[99.7182122500001,-0.014203970999972,0],[99.71808,-0.01413,0],[99.7172190000001,-0.013664,0],[99.717053245,-0.013573148999967,0],[99.7167190280001,-0.013389962999952,0],[99.71619,-0.0131,0],[99.7149687980001,-0.012464403999957,0],[99.71448,-0.01221,0],[99.7142359630001,-0.012031173999958,0],[99.7137826750001,-0.01176348499996,0],[99.7127,-0.01118,0],[99.711104,-0.010419,0],[99.7110500000001,-0.01039,0],[99.7106716090001,-0.010106637999968,0],[99.710532893,-0.010008719999973,0],[99.7099637200001,-0.009606950999967,0],[99.708871468,-0.008990222999955,0],[99.707982739,-0.008490535999954,0],[99.706973121,-0.007867824999948,0],[99.7064383900001,-0.007563944999958,0],[99.70621242,-0.007448331999967,0],[99.705830517,-0.007234180999944,0],[99.705602088,-0.007109258999947,0],[99.7054671330001,-0.006968723999933,0],[99.7051574280001,-0.006737228999953,0],[99.7050132420001,-0.006653111999924,0],[99.7047724000001,-0.006545720999952,0],[99.704623402,-0.006455,0],[99.70431361,-0.006295482999974,0],[99.7041208740001,-0.006195545999958,0],[99.703993843,-0.006072845999938,0],[99.7037710930001,-0.005888595999977,0],[99.703278545,-0.005549521999967,0],[99.7029501790001,-0.005313955999952,0],[99.7026253830001,-0.005131926999979,0],[99.7023291400001,-0.004964174999941,0],[99.7019864970001,-0.004775007999967,0],[99.7015796100001,-0.004514456999971,0],[99.7013047820001,-0.004343135999932,0],[99.7013725960001,-0.004239628999926,0],[99.701394012,-0.004196798999942,0],[99.701383304,-0.004150398999968,0],[99.7013333350001,-0.004096860999937,0],[99.701251244,-0.004032615999961,0],[99.701001401,-0.003847017999931,0],[99.7005409750001,-0.003575758999943,0],[99.6999270740001,-0.003215270999931,0],[99.6992881890001,-0.002833367999926,0],[99.6986671490001,-0.002472878999924,0],[99.6979283270001,-0.002030299999944,0],[99.6973929480001,-0.001737625999965,0],[99.6967719090001,-0.001402121999945,0],[99.6962793600001,-0.001095170999974,0],[99.6956618900001,-0.000741820999963,0],[99.6952335870001,-0.000470562999965,0],[99.69491236,-0.000267118999943,0],[99.694566148,-0.00004582899993,0],[99.694173537,0.000175461000026,0],[99.6939629550001,0.000289675000033,0],[99.6938630180001,0.000346782000065,0],[99.6938504970001,0.000348539000072,0],[99.693523413,0.000394430000028,0],[99.69281979,0.000708365000037,0],[99.6923560380001,0.00099010100007,0],[99.692297829,0.00112308100006,0],[99.6923490020001,0.001272481000058,0],[99.6925399400001,0.001481127000034,0],[99.6921750160001,0.003137413000047,0],[99.6920368510001,0.003281662000063,0],[99.6920035100001,0.003390415000069,0],[99.691847512,0.003590767000048,0],[99.6916018840001,0.003817444000049,0],[99.6912436760001,0.004044122000039,0],[99.690717803,0.004175255000064,0],[99.690337921,0.004162613000062,0],[99.6901485820001,0.004162613000062,0],[99.6899541270001,0.004203827000026,0],[99.6896829130001,0.004667484000038,0],[99.689284474,0.005481273000044,0],[99.6892611850001,0.005528840000068,0],[99.6891410000001,0.00564,0],[99.6888980000001,0.005855,0],[99.6886400000001,0.0061,0],[99.6884200000001,0.006307,0],[99.6881970000001,0.006556,0],[99.6877660000001,0.007066,0],[99.68735,0.007618,0],[99.6872131480001,0.007809593000047,0],[99.68717,0.00787,0],[99.686519,0.008194,0],[99.6861450000001,0.008512,0],[99.6858750000001,0.008925,0],[99.6856231630001,0.009304635000035,0],[99.6855400000001,0.00943,0],[99.6839000000001,0.01099,0],[99.6835550000001,0.011303,0],[99.683053633,0.01175949800006,0],[99.6830410000001,0.011771,0],[99.6826580000001,0.012121,0],[99.6822500000001,0.01255,0],[99.6821945200001,0.012613508000072,0],[99.6818630000001,0.012993,0],[99.6817195660001,0.013125823000053,0],[99.6811060000001,0.013694,0],[99.68066,0.01419,0],[99.6801330000001,0.014818,0],[99.6791069390001,0.015833135000037,0],[99.6791000000001,0.01584,0],[99.6783548860001,0.016623572000071,0],[99.6775500000001,0.01747,0],[99.677233152,0.017805708000026,0],[99.6771515470001,0.017892171000028,0],[99.67587,0.01925,0],[99.6752029040001,0.019947223000031,0],[99.6749482960001,0.020213329000057,0],[99.6743200000001,0.02087,0],[99.6741341210001,0.021067949000042,0],[99.67278,0.02251,0],[99.672632052,0.022659809000061,0],[99.6721971750001,0.023100156000055,0],[99.6719118400001,0.023389081000062,0],[99.6711900000001,0.02412,0],[99.6699495030001,0.025360497000065,0],[99.6696000000001,0.02571,0],[99.6687723790001,0.026522482000075,0],[99.6679600000001,0.02732,0],[99.6675133320001,0.02772085700002,0],[99.6664000000001,0.02872,0],[99.6659133040001,0.029163241000049,0],[99.6657961650001,0.029312782000034,0],[99.6657311260001,0.029449402000068,0],[99.6649102120001,0.030210830000044,0],[99.66472,0.03025,0],[99.664713411,0.030257943000038,0],[99.66326,0.03201,0],[99.6631409410001,0.032132245000071,0],[99.6623630000001,0.032931,0],[99.6617200000001,0.03363,0],[99.6608990000001,0.034336,0],[99.6605984510001,0.034649715000057,0],[99.6601000000001,0.03517,0],[99.6591880000001,0.035945,0],[99.6584700000001,0.03671,0],[99.658405906,0.036765092000053,0],[99.6566900000001,0.03824,0],[99.6561710000001,0.038611,0],[99.6554580000001,0.039233,0],[99.655178,0.039533,0],[99.65502,0.03974,0],[99.654543,0.040132,0],[99.654170773,0.040490586000033,0],[99.654161,0.0405,0],[99.653471037,0.041034315000047,0],[99.6532700000001,0.04119,0],[99.6530189530001,0.041384220000054,0],[99.6529213470001,0.041459732000021,0],[99.6525720000001,0.04173,0],[99.652470383,0.041811446000054,0],[99.6519070000001,0.042263,0],[99.6515200000001,0.04258,0],[99.6513034060001,0.042743417000054,0],[99.6504610000001,0.043379,0],[99.6496900000001,0.04398,0],[99.6478700000001,0.0453,0],[99.6464790000001,0.046352,0],[99.64597,0.04667,0],[99.6454319440001,0.047040628000047,0],[99.644887,0.047416,0],[99.644435678,0.047713019000071,0],[99.64403,0.04798,0],[99.6420100000001,0.04922,0],[99.6401500000001,0.05046,0],[99.6382507310001,0.051689527000065,0],[99.6382500000001,0.05169,0],[99.6362900000001,0.0528,0],[99.6357912220001,0.053163973000039,0],[99.6355108380001,0.053368578000061,0],[99.63444,0.05415,0],[99.6337923470001,0.054586463000021,0],[99.6326000000001,0.05539,0],[99.6316820000001,0.056023,0],[99.6307400000001,0.05665,0],[99.6297660000001,0.057397,0],[99.6296561180001,0.057471,0],[99.6289300000001,0.05796,0],[99.628398625,0.058337325000025,0],[99.62784,0.058734,0],[99.627472632,0.059016138000061,0],[99.6270900000001,0.05931,0],[99.6251800000001,0.06053,0],[99.6233300000001,0.06176,0],[99.622987374,0.061966664000067,0],[99.6214400000001,0.0629,0],[99.620425707,0.06367992600002,0],[99.619994659,0.064011374000074,0],[99.6191151250001,0.064800258000048,0],[99.6185314360001,0.065347646000021,0],[99.6179643770001,0.065809385000023,0],[99.6177494500001,0.065943335000043,0],[99.6175719440001,0.06603188400004,0],[99.6167609130001,0.06638347400002,0],[99.61627,0.06652,0],[99.6147368970001,0.06737673400005,0],[99.6142300000001,0.06766,0],[99.6122670170001,0.068688229000031,0],[99.6121731700001,0.068737387000056,0],[99.61213,0.06876,0],[99.6100700000001,0.0698,0],[99.6092332040001,0.070248717000027,0],[99.6080000000001,0.07091,0],[99.6059700000001,0.07194,0],[99.6056180240001,0.072131827000021,0],[99.6039700000001,0.07303,0],[99.6036310000001,0.073204,0],[99.6032726540001,0.073385372000075,0],[99.6019200000001,0.07407,0],[99.6012800000001,0.07439,0],[99.6008424070001,0.074611922000031,0],[99.59988,0.0751,0],[99.5977800000001,0.07614,0],[99.597404903,0.076315770000065,0],[99.5970028950001,0.076504151000051,0],[99.596328306,0.076820263000059,0],[99.5957100000001,0.07711,0],[99.5954496960001,0.077242075000072,0],[99.5952414430001,0.07734774100004,0],[99.594836984,0.077552959000059,0],[99.59425079,0.077850388000059,0],[99.5936800000001,0.07814,0],[99.592436589,0.078752782000038,0],[99.5915900000001,0.07917,0],[99.5906223010001,0.07963541700002,0],[99.5894900000001,0.08018,0],[99.5890082240001,0.080414134000023,0],[99.589008183,0.080414154000039,0],[99.58891814,0.080457914000021,0],[99.5883106030001,0.080753165000033,0],[99.5873500000001,0.08122,0],[99.5861384140001,0.081811835000053,0],[99.5853013710001,0.082220713000027,0],[99.58518,0.08228,0],[99.584111938,0.082808993000071,0],[99.58306,0.08333,0],[99.5824785440001,0.083607014000052,0],[99.5824098580001,0.083639738000045,0],[99.5822554210001,0.083713313000032,0],[99.5822553890001,0.083713329000034,0],[99.5822553360001,0.083713354000054,0],[99.5822506960001,0.083715564000045,0],[99.582250651,0.083715586000039,0],[99.5819983960001,0.083835764000071,0],[99.5819983710001,0.083835776000058,0],[99.581749555,0.083954316000074,0],[99.581366636,0.084136744000034,0],[99.5809400000001,0.08434,0],[99.58057331,0.084511887000076,0],[99.5788859640001,0.085302830000046,0],[99.5787000000001,0.08539,0],[99.5786648420001,0.085405878000074,0],[99.5786648160001,0.085405890000061,0],[99.5775744750001,0.085898302000032,0],[99.57653,0.08637,0],[99.5743000000001,0.08743,0],[99.5741957340001,0.087497949000067,0],[99.5741290270001,0.087541421000026,0],[99.5736013800001,0.087801568000032,0],[99.5730639990001,0.088066514000047,0],[99.572611405,0.088438992000022,0],[99.5724936670001,0.08853588900007,0],[99.5724105950001,0.088566969000055,0],[99.5716834240001,0.088839028000052,0],[99.5706831110001,0.089136795000059,0],[99.5703700000001,0.08923,0],[99.5682300000001,0.09015,0],[99.568117902,0.090201096000044,0],[99.5660800000001,0.09113,0],[99.564751604,0.091725488000066,0],[99.5640500000001,0.09204,0],[99.5620200000001,0.09301,0],[99.561855161,0.093082117000051,0],[99.55994,0.09392,0],[99.5597670670001,0.094000532000052,0],[99.559372356,0.094184344000041,0],[99.5579000000001,0.09487,0],[99.5574825090001,0.095081351000033,0],[99.5572859930001,0.095180835000065,0],[99.5566180000001,0.095519,0],[99.5558500000001,0.09581,0],[99.5551260450001,0.096141688000046,0],[99.555121,0.096144,0],[99.5538100000001,0.09676,0],[99.5517500000001,0.09772,0],[99.5517444230001,0.097722261000058,0],[99.551637241,0.097765723000066,0],[99.551608721,0.097777288000032,0],[99.551356254,0.097879663000072,0],[99.551356222,0.097879676000048,0],[99.5505860000001,0.098192,0],[99.5502605820001,0.098366114000044,0],[99.5497300000001,0.09865,0],[99.548702,0.099155,0],[99.5480951960001,0.099399015000074,0],[99.5480923580001,0.099400156000058,0],[99.54767,0.09957,0],[99.5472970370001,0.099746476000064,0],[99.5458195780001,0.10044556500003,0],[99.54562,0.10054,0],[99.545009554,0.100815734000037,0],[99.5450095140001,0.100815752000074,0],[99.5444090000001,0.101087,0],[99.544053229,0.10126212900002,0],[99.54357,0.1015,0],[99.5422840000001,0.102059,0],[99.54152,0.10247,0],[99.5408302430001,0.102811464000069,0],[99.5395,0.10347,0],[99.5380723750001,0.10422657600003,0],[99.5373300000001,0.10462,0],[99.5357265900001,0.105370865000054,0],[99.5352800000001,0.10558,0],[99.534209,0.106064,0],[99.5340145740001,0.106156547000069,0],[99.5332300000001,0.10653,0],[99.5329780220001,0.106635796000035,0],[99.5320820000001,0.107012,0],[99.53117,0.10746,0],[99.5291700000001,0.10846,0],[99.527936024,0.109248194000031,0],[99.5272600000001,0.10968,0],[99.5261387520001,0.110444749000067,0],[99.5256306300001,0.110791315000029,0],[99.52531,0.11101,0],[99.5250106920001,0.111175184000047,0],[99.5241651870001,0.111641808000059,0],[99.5241184610001,0.111667595000029,0],[99.5240502840001,0.111705220000033,0],[99.5236491200001,0.111926618000041,0],[99.5236482070001,0.111927122000054,0],[99.523307274,0.112115278000033,0],[99.5231900000001,0.11218,0],[99.523161986,0.112193431000037,0],[99.5227428900001,0.112394368000025,0],[99.5223947740001,0.11256127300004,0],[99.5210000000001,0.11323,0],[99.5209700720001,0.113244307000059,0],[99.520865638,0.113294232000044,0],[99.5189500000001,0.11421,0],[99.5179477500001,0.114665568000021,0],[99.5169700000001,0.11511,0],[99.5164074560001,0.115376068000046,0],[99.5149693330001,0.11605626100004,0],[99.51475,0.11616,0],[99.51255,0.1172,0],[99.512481661,0.117231093000044,0],[99.5104400000001,0.11816,0],[99.5095227470001,0.118596363000051,0],[99.50838,0.11914,0],[99.5065858720001,0.119871256000067,0],[99.5062700000001,0.12,0],[99.50424,0.12092,0],[99.503483675,0.12124207100004,0],[99.5021500000001,0.12181,0],[99.5010689300001,0.122254552000072,0],[99.50001,0.12269,0],[99.4978300000001,0.12351,0],[99.4956300000001,0.12428,0],[99.4951918340001,0.124376738000024,0],[99.49332,0.12479,0],[99.4927595090001,0.124980127000072,0],[99.4923216890001,0.125089581000054,0],[99.49196477,0.125227590000065,0],[99.4916268860001,0.12536559900002,0],[99.491027262,0.12555119700005,0],[99.4905085400001,0.125855768000065,0],[99.49006596,0.126131785000041,0],[99.4866442950001,0.127240614000073,0],[99.4864682140001,0.127245373000051,0],[99.4862397860001,0.12729296200007,0],[99.485949492,0.127469043000076,0],[99.4857591360001,0.127649881000025,0],[99.4855402250001,0.127802167000027,0],[99.485064332,0.128073426000071,0],[99.48463603,0.128278059000024,0],[99.484279111,0.12843986300004,0],[99.4839650210001,0.128601666000066,0],[99.483674728,0.128787264000039,0],[99.4832987720001,0.129025211000055,0],[99.4829275770001,0.129201290000026,0],[99.4824136130001,0.129424960000051,0],[99.4809250000001,0.130029,0],[99.479384113,0.130694637000033,0],[99.4783657040001,0.131113422000055,0],[99.4776375900001,0.131408475000057,0],[99.4768571260001,0.131722564000029,0],[99.4760623870001,0.132069966000074,0],[99.4753818610001,0.132393572000069,0],[99.4750525300001,0.132563599000036,0],[99.4743586920001,0.132921813000053,0],[99.4735258810001,0.133359633000055,0],[99.4727930070001,0.133778419000066,0],[99.4721817230001,0.134100390000071,0],[99.471292399,0.134519769000065,0],[99.4706053300001,0.134757715000035,0],[99.4700848690001,0.134909513000025,0],[99.4682200000001,0.13571,0],[99.4680488210001,0.135773400000062,0],[99.4660600000001,0.13651,0],[99.4643007920001,0.137162738000029,0],[99.46385,0.13733,0],[99.46191695,0.138051553000025,0],[99.4616800000001,0.13814,0],[99.4604860000001,0.138617,0],[99.4595600000001,0.13894,0],[99.4586822360001,0.139244951000023,0],[99.45743,0.13968,0],[99.4555709270001,0.140299691000052,0],[99.45527,0.1404,0],[99.4543262170001,0.140698936000035,0],[99.4543243690001,0.140699521000045,0],[99.4532551880001,0.141038176000052,0],[99.4530600000001,0.1411,0],[99.45088,0.14177,0],[99.4499744350001,0.142055538000022,0],[99.4486600000001,0.14247,0],[99.4469217870001,0.143020952000029,0],[99.44642,0.14318,0],[99.4442700000001,0.14389,0],[99.444149515,0.143930909000062,0],[99.44212,0.14462,0],[99.440239621,0.145229382000025,0],[99.43996,0.14532,0],[99.4380247820001,0.14584136000002,0],[99.4377700000001,0.14591,0],[99.4356200000001,0.1466,0],[99.434986215,0.146788973000071,0],[99.4334400000001,0.14725,0],[99.4312100000001,0.14788,0],[99.4309078140001,0.147932849000028,0],[99.4289800000001,0.14827,0],[99.4284711210001,0.148322177000068,0],[99.4278767200001,0.148383123000031,0],[99.4273220000001,0.14844,0],[99.4272510000001,0.148439,0],[99.4272070000001,0.148432,0],[99.4271900000001,0.14843,0],[99.4270530000001,0.148364,0],[99.4268406210001,0.148375633000057,0],[99.4264239350001,0.148426069000038,0],[99.426001274,0.148477229000036,0],[99.4259961380001,0.148473140000021,0],[99.4258968620001,0.148389683000062,0],[99.4254587720001,0.148110409000026,0],[99.4252900120001,0.147963786000048,0],[99.4251570800001,0.147838116000059,0],[99.4250079640001,0.147665890000042,0],[99.424895844,0.147482037000032,0],[99.424840358,0.147300500000028,0],[99.4248276390001,0.147109662000048,0],[99.4248149210001,0.147006091000037,0],[99.4247133140001,0.146878231000073,0],[99.4247131990001,0.146878086000072,0],[99.4246068510001,0.146847835000074,0],[99.4245190090001,0.146861797000042,0],[99.4244430680001,0.146892743000024,0],[99.4244426100001,0.146892931000025,0],[99.424441523,0.146893373000069,0],[99.4243733660001,0.146921148000047,0],[99.424252004,0.146988651000072,0],[99.4240982630001,0.147049160000051,0],[99.4239910110001,0.147064481000029,0],[99.423935283,0.147072433000062,0],[99.423935256,0.14707243600003,0],[99.4237792420001,0.147049166000045,0],[99.4236197310001,0.147013101000027,0],[99.423481999,0.147010956000031,0],[99.423469455,0.147010760000057,0],[99.4234047630001,0.14701890200007,0],[99.4234047250001,0.147018913000068,0],[99.4234006760001,0.147020654000073,0],[99.42330186,0.147063144000072,0],[99.4231770540001,0.147156209000059,0],[99.4231770220001,0.147156242000051,0],[99.4231007320001,0.147253986000067,0],[99.423057972,0.147372676000032,0],[99.4230267770001,0.147458771000061,0],[99.4230267610001,0.147458793000055,0],[99.422945859,0.147539094000024,0],[99.4227921180001,0.147604259000047,0],[99.4226221930001,0.147650810000073,0],[99.422612298,0.147652387000051,0],[99.422610891,0.147652611000069,0],[99.4226062690001,0.147653347000073,0],[99.4224395780001,0.147679908000043,0],[99.4222026210001,0.14772995900006,0],[99.4220049640001,0.147775336000052,0],[99.4218638180001,0.147815090000051,0],[99.421810775,0.147830029000033,0],[99.421750333,0.147855595000067,0],[99.421749929,0.147855766000021,0],[99.4217483610001,0.147856429000058,0],[99.4216707950001,0.147889239000051,0],[99.4216154270001,0.147912660000031,0],[99.4214408930001,0.147999940000034,0],[99.421282536,0.148102350000045,0],[99.4212825120001,0.148102368000025,0],[99.4211588540001,0.148198936000028,0],[99.4210872370001,0.148276829000054,0],[99.4210860700001,0.148278098000048,0],[99.4210293930001,0.148339731000021,0],[99.420890693,0.148503817000062,0],[99.420684323,0.148811684000066,0],[99.4206843060001,0.148811710000075,0],[99.4205075030001,0.149083974000064,0],[99.4205074880001,0.149083999000027,0],[99.4203271630001,0.149383059000058,0],[99.4202150550001,0.149598347000051,0],[99.4202150360001,0.149598383000068,0],[99.4201156670001,0.14979846500006,0],[99.4201156490001,0.149798497000063,0],[99.4200231900001,0.14995910600004,0],[99.4199653410001,0.150063174000024,0],[99.4199645740001,0.150064554000039,0],[99.419930723,0.150125457000058,0],[99.4199307060001,0.150125495000054,0],[99.4198970630001,0.15018900900003,0],[99.4198567350001,0.150265139000055,0],[99.4198373200001,0.150304230000074,0],[99.419837149,0.150304574000074,0],[99.4198369710001,0.15030493200004,0],[99.419796627,0.150386162000075,0],[99.4197897060001,0.150502536000033,0],[99.4198151250001,0.150600279000059,0],[99.4198671500001,0.15068173800006,0],[99.4199064490001,0.15073759400002,0],[99.419923785,0.150779482000075,0],[99.4199262860001,0.150807147000023,0],[99.4199263120001,0.150807433000068,0],[99.419926317,0.150807483000051,0],[99.4199284140001,0.150830688000042,0],[99.4199274090001,0.15084127800003,0],[99.4199260950001,0.150855124000032,0],[99.4199133930001,0.15088073000004,0],[99.4198382540001,0.150897013000019,0],[99.4197746830001,0.150893523000036,0],[99.4197007120001,0.150880735000044,0],[99.419589736,0.150871424000059,0],[99.4194475630001,0.150872585000059,0],[99.419340069,0.150881910000066,0],[99.4192475950001,0.150906337000038,0],[99.419110039,0.150950559000023,0],[99.4188719250001,0.151054136000027,0],[99.4188718980001,0.151054148000071,0],[99.4185836730001,0.151165495000043,0],[99.4185836460001,0.151165503000072,0],[99.418301634,0.151248124000062,0],[99.418038096,0.151326097000037,0],[99.4178755330001,0.151370068000062,0],[99.4178740240001,0.151370476000068,0],[99.4178732780001,0.151370678000035,0],[99.4178702400001,0.151371500000039,0],[99.417728314,0.151409888000046,0],[99.4177171040001,0.151413497000021,0],[99.4176188600001,0.151445132000049,0],[99.4176184490001,0.151445264000074,0],[99.417617491,0.151445572000057,0],[99.4176164630001,0.151445903000024,0],[99.417500606,0.151483209000048,0],[99.417319132,0.151551872000027,0],[99.4171341910001,0.151627508000047,0],[99.4169971680001,0.151672099000052,0],[99.416905328,0.151702002000036,0],[99.4167854190001,0.151729359000058,0],[99.4166198220001,0.15176716000002,0],[99.416386334,0.151782292000064,0],[99.416143591,0.151768330000039,0],[99.4161435650001,0.151768329000049,0],[99.416059342,0.151754539000024,0],[99.4159020120001,0.151728778000063,0],[99.4156881680001,0.151667099000065,0],[99.415465086,0.151632201000041,0],[99.4152789830001,0.151626387000022,0],[99.4151495230001,0.15163336400002,0],[99.4150679300001,0.151651988000026,0],[99.415064832,0.151652695000053,0],[99.4149761690001,0.151672923000035,0],[99.4149761350001,0.151672934000032,0],[99.4147831160001,0.151743927000041,0],[99.4146178110001,0.151824222000073,0],[99.4144640820001,0.15191033900004,0],[99.4144640530001,0.151910361000034,0],[99.414154313,0.152123295000024,0],[99.4139520240001,0.152232684000069,0],[99.4137250370001,0.152352429000075,0],[99.4137249650001,0.152352467000071,0],[99.413722663,0.152353682000069,0],[99.4136145100001,0.152410737000025,0],[99.413398359,0.152514303000032,0],[99.4132076390001,0.152592274000028,0],[99.413036801,0.152659326000048,0],[99.4130345950001,0.152660192000042,0],[99.412934846,0.152699343000052,0],[99.4127337290001,0.152777314000048,0],[99.4122991140001,0.152905321000048,0],[99.4120725550001,0.15296932900003,0],[99.41207252,0.152969338000048,0],[99.4119251420001,0.153003632000036,0],[99.4118275110001,0.15302635200004,0],[99.4116240690001,0.153055454000025,0],[99.4115211970001,0.153069422000044,0],[99.4114541580001,0.153070582000055,0],[99.4113616860001,0.153068258000076,0],[99.411270271,0.153062212000066,0],[99.411269012,0.153062129000034,0],[99.4112033250001,0.153057785000044,0],[99.411005661,0.153027421000047,0],[99.410849613,0.152998334000074,0],[99.4107609120001,0.152975439000045,0],[99.4107604340001,0.152975316000038,0],[99.4106692880001,0.152951791000021,0],[99.4105504490001,0.152918294000074,0],[99.4104381080001,0.152886629000022,0],[99.4102150250001,0.152824950000024,0],[99.410133273,0.152800372000058,0],[99.4100370100001,0.152771432000065,0],[99.4098012150001,0.152699287000075,0],[99.4095654320001,0.152639954000051,0],[99.4095654010001,0.152639947000068,0],[99.4093076400001,0.152573613000072,0],[99.4090787690001,0.152506126000048,0],[99.4087666730001,0.152403728000024,0],[99.4084788690001,0.152301326000043,0],[99.4082465180001,0.152215227000056,0],[99.408246488,0.152215216000059,0],[99.408043078,0.152138427000068,0],[99.407908632,0.152071511000031,0],[99.407835004,0.15203486300004,0],[99.407615433,0.151916192000044,0],[99.4076153950001,0.151916171000039,0],[99.407606102,0.151910955000062,0],[99.4075646150001,0.15188766700004,0],[99.4074246740001,0.151809116000038,0],[99.4072651530001,0.151724170000023,0],[99.4071125770001,0.151668313000073,0],[99.4069727090001,0.151634570000056,0],[99.406880109,0.151625953000064,0],[99.4068775410001,0.151625714000033,0],[99.406835162,0.151621771000066,0],[99.4067750710001,0.151616012000034,0],[99.406771856,0.151615704000051,0],[99.4067714500001,0.151615665000065,0],[99.4067137870001,0.15161013900007,0],[99.406713756,0.151610123000069,0],[99.4064630120001,0.151555371000029,0],[99.4064335800001,0.151548944000069,0],[99.4061543380001,0.151487960000054,0],[99.4060844260001,0.151464085000043,0],[99.4060836030001,0.151463804000059,0],[99.406024877,0.151443749000066,0],[99.4058491800001,0.151398363000055,0],[99.4057426420001,0.151380933000041,0],[99.4057400900001,0.151380515000028,0],[99.4057386970001,0.151380287000052,0],[99.4057386580001,0.151380281000058,0],[99.4056145310001,0.151359972000023,0],[99.4053798830001,0.151358808000055,0],[99.4052842250001,0.151361820000034,0],[99.405157951,0.151365797000039,0],[99.4050007480001,0.151379764000069,0],[99.4047522370001,0.151461225000048,0],[99.4046395870001,0.151499447000049,0],[99.4045430230001,0.151532212000063,0],[99.4044745900001,0.151561221000065,0],[99.4044734060001,0.151561723000043,0],[99.4044715750001,0.151562499000022,0],[99.404367327,0.15160669100004,0],[99.4041962530001,0.151699790000066,0],[99.4041962260001,0.151699806000067,0],[99.4040679570001,0.151775430000043,0],[99.403965106,0.151851047000036,0],[99.403965074,0.151851066000063,0],[99.4038679860001,0.151901111000029,0],[99.4037408360001,0.151920899000061,0],[99.4036217870001,0.151913917000059,0],[99.4034541730001,0.151865047000058,0],[99.4033763470001,0.151825260000066,0],[99.4033062170001,0.15178940800007,0],[99.4031819610001,0.151743324000051,0],[99.4031801150001,0.15174263900002,0],[99.403178826,0.151742161000072,0],[99.4031770780001,0.151741513000047,0],[99.403130516,0.151724247000061,0],[99.4029929700001,0.151675375000025,0],[99.402834608,0.151586937000047,0],[99.4026982080001,0.151493841000047,0],[99.4025595020001,0.151410057000021,0],[99.4025594610001,0.151410033000047,0],[99.402405769,0.151336757000024,0],[99.402279773,0.151296025000022,0],[99.4022215420001,0.151292400000045,0],[99.4022207610001,0.151292351000052,0],[99.4021676470001,0.151289044000066,0],[99.4021071210001,0.151292528000056,0],[99.4021070690001,0.151292531000024,0],[99.4021067260001,0.15129255100004,0],[99.4020462830001,0.151296030000026,0],[99.4019191340001,0.151322803000028,0],[99.4018266670001,0.151346083000021,0],[99.4017237850001,0.15138214600006,0],[99.4015862370001,0.151397287000066,0],[99.4015862100001,0.151397290000034,0],[99.401457936,0.151403104000053,0],[99.401337723,0.151400772000045,0],[99.4011747330001,0.15139380100004,0],[99.4009696510001,0.15139192700002,0],[99.400965897,0.151391893000039,0],[99.4007932900001,0.151390315000071,0],[99.400547084,0.15138799500005,0],[99.4003378690001,0.151390324000033,0],[99.400140207,0.151397315000054,0],[99.399946028,0.151405462000071,0],[99.39992383,0.15140602300005,0],[99.3997633860001,0.151410112000065,0],[99.3995102440001,0.151410116000022,0],[99.3992825340001,0.151394986000071,0],[99.399083719,0.151337997000041,0],[99.3989045530001,0.151249543000063,0],[99.398711523,0.151148308000074,0],[99.3986405370001,0.151121163000028,0],[99.3986393700001,0.151120717000026,0],[99.3986390950001,0.151120612000057,0],[99.398562407,0.151091287000042,0],[99.3984236920001,0.151085471000044,0],[99.3983312280001,0.151107585000034,0],[99.3982700070001,0.151150604000065,0],[99.398269966,0.151150639000036,0],[99.398179827,0.151246031000028,0],[99.398179805,0.151246062000041,0],[99.398175854,0.151251483000067,0],[99.398172908,0.151255525000067,0],[99.3980619060001,0.151407817000063,0],[99.3979929280001,0.151507959000071,0],[99.397992204,0.151509010000041,0],[99.3979625090001,0.151552121000066,0],[99.3978946770001,0.15165842600004,0],[99.3978938270001,0.151659758000051,0],[99.3978503930001,0.151727839000046,0],[99.3978503720001,0.151727872000038,0],[99.3977267060001,0.151923341000042,0],[99.397609994,0.152135095000062,0],[99.397609973,0.152135135000037,0],[99.3975059540001,0.152329473000066,0],[99.3973996000001,0.152541259000031,0],[99.3973129330001,0.15271227900007,0],[99.39731291,0.15271232300006,0],[99.397280531,0.152771081000026,0],[99.3972135130001,0.152892697000027,0],[99.397213492,0.152892733000044,0],[99.3970875200001,0.15309751500007,0],[99.396961553,0.153274357000043,0],[99.396961526,0.153274388000057,0],[99.3968077960001,0.153443139000046,0],[99.3965147000001,0.15374797000004,0],[99.3965137910001,0.153748915000051,0],[99.396493396,0.153770129000065,0],[99.396340819,0.153953139000066,0],[99.3963061490001,0.153994725000075,0],[99.3962321750001,0.154108762000021,0],[99.3962207450001,0.15414889300007,0],[99.3962134820001,0.154174399000055,0],[99.3961847830001,0.154275166000048,0],[99.3961790070001,0.154397356000061,0],[99.3961799730001,0.154489384000044,0],[99.3961799830001,0.154490267000028,0],[99.3961799830001,0.154490304000035,0],[99.3961801710001,0.154507873000057,0],[99.3961801710001,0.154507903000024,0],[99.396175542,0.154633585000056,0],[99.3961339370001,0.154752279000036,0],[99.3960807660001,0.154853522000053,0],[99.3960218280001,0.154957065000076,0],[99.396021815,0.154957093000064,0],[99.3959420630001,0.155113022000023,0],[99.3959158960001,0.155163182000024,0],[99.395881962,0.155228229000045,0],[99.3958126410001,0.155335250000064,0],[99.3958126030001,0.15533528900005,0],[99.395700483,0.155433040000048,0],[99.3955687090001,0.155519150000032,0],[99.3954150180001,0.155612225000027,0],[99.3954149830001,0.155612250000047,0],[99.395280905,0.155705348000026,0],[99.395164154,0.155805429000054,0],[99.3950430530001,0.155933768000068,0],[99.395032385,0.155945072000065,0],[99.3950323650001,0.155945097000028,0],[99.3949376080001,0.156088210000064,0],[99.3948865260001,0.156204698000067,0],[99.394880974,0.156217371000025,0],[99.3948370460001,0.15635702000003,0],[99.3948257870001,0.156420266000055,0],[99.394825553,0.156421583000053,0],[99.394825423,0.156422310000039,0],[99.3948069960001,0.156525757000054,0],[99.3947769500001,0.156704963000038,0],[99.3947769470001,0.156704992000073,0],[99.3947561480001,0.15688650200002,0],[99.3947341960001,0.157078472000023,0],[99.3947341900001,0.15707850900003,0],[99.3946775520001,0.157372921000047,0],[99.3946390510001,0.157437764000065,0],[99.3946388780001,0.157438055000057,0],[99.3946139820001,0.157479985000066,0],[99.3945446560001,0.157545123000034,0],[99.3945446220001,0.157545148000054,0],[99.3945026590001,0.157572157000061,0],[99.3945017350001,0.157572752000021,0],[99.394432511,0.157617296000069,0],[99.394386975,0.157640424000022,0],[99.3943862,0.157640818000061,0],[99.3943042020001,0.15768246500005,0],[99.3942145380001,0.157722745000058,0],[99.3942143950001,0.157722809000063,0],[99.3942139750001,0.157722998000054,0],[99.3942119770001,0.15772389600005,0],[99.394153938,0.157749968000076,0],[99.394005985,0.157810478000044,0],[99.393836101,0.157890758000065,0],[99.3938360670001,0.15789077300002,0],[99.3936892740001,0.157975729000043,0],[99.393573711,0.15806180800007,0],[99.39357368,0.158061841000062,0],[99.393475433,0.158171232000029,0],[99.3933864470001,0.158273644000076,0],[99.3932766350001,0.158351616000061,0],[99.3931679720001,0.158428411000045,0],[99.393116804,0.158475902000021,0],[99.393093988,0.15849706900002,0],[99.39307847,0.158520174000046,0],[99.393040823,0.158576197000059,0],[99.392991124,0.15869372800006,0],[99.392914836,0.15883337300005,0],[99.3928327740001,0.158943922000049,0],[99.392742608,0.159032370000034,0],[99.3926790470001,0.159095214000047,0],[99.3926790190001,0.159095239000067,0],[99.3926015970001,0.159162707000064,0],[99.3925310910001,0.159263949000035,0],[99.3924721390001,0.159367512000074,0],[99.392372762,0.159487357000046,0],[99.3923727370001,0.159487383000055,0],[99.3921994390001,0.159639773000038,0],[99.392151186,0.159681645000035,0],[99.3920734320001,0.159749154000053,0],[99.3919451520001,0.159863837000046,0],[99.391944939,0.159864027000026,0],[99.3919289760001,0.159878304000074,0],[99.391928953,0.159878326000069,0],[99.3918087380001,0.160007499000073,0],[99.3917289930001,0.16013317900007,0],[99.3917289770001,0.160133202000054,0],[99.3916839010001,0.16025187300005,0],[99.3916661310001,0.160343563000026,0],[99.3916660690001,0.160343883000053,0],[99.3916469160001,0.160442713000066,0],[99.3916449380001,0.160564961000034,0],[99.391643451,0.16065683100004,0],[99.3916440630001,0.16071751100003,0],[99.391644613,0.160772037000072,0],[99.3916480780001,0.160901211000066,0],[99.391648079,0.160901237000076,0],[99.391650396,0.161022235000075,0],[99.3916480840001,0.16114437400006,0],[99.3916480830001,0.16114441600007,0],[99.3916307470001,0.161280566000073,0],[99.3916307430001,0.16128059600004,0],[99.3915960790001,0.161412066000025,0],[99.391532495,0.161579635000066,0],[99.3914492810001,0.161763514000029,0],[99.3913822410001,0.161911287000066,0],[99.3913822220001,0.16191132900002,0],[99.391310574,0.162082359000067,0],[99.391238924,0.162238290000062,0],[99.3912389130001,0.16223831700006,0],[99.39117652,0.162405835000072,0],[99.3911765110001,0.162405862000071,0],[99.3911441430001,0.162514094000073,0],[99.3911293780001,0.162588774000028,0],[99.3911025350001,0.16272471000002,0],[99.3910513180001,0.163023890000034,0],[99.3910409260001,0.163194951000037,0],[99.3909865940001,0.163379985000063,0],[99.3909033730001,0.16356035900003,0],[99.3908259400001,0.163759342000048,0],[99.3908100090001,0.16387162500007,0],[99.3907947330001,0.163979287000075,0],[99.3907957170001,0.164190326000039,0],[99.3907958930001,0.164227105000066,0],[99.390795891,0.164227150000045,0],[99.3907993610001,0.164440101000025,0],[99.3908028340001,0.164639092000073,0],[99.3908015760001,0.164757862000044,0],[99.390800529,0.164856702000066,0],[99.390790129,0.165066154000044,0],[99.3907427460001,0.16536639800006,0],[99.390674748,0.165657043000067,0],[99.3906722460001,0.165667746000054,0],[99.390672237,0.165667787000075,0],[99.3905890330001,0.166058778000036,0],[99.3905531870001,0.166236832000038,0],[99.3905531780001,0.166236878000063,0],[99.3905092690001,0.166463753000073,0],[99.390467669,0.166655764000041,0],[99.390427215,0.166873376000069,0],[99.3904075620001,0.167056069000068,0],[99.3903936990001,0.16724109200004,0],[99.3903809880001,0.167477320000046,0],[99.3903809870001,0.167477347000045,0],[99.3903682760001,0.167714717000024,0],[99.3903567250001,0.167955595000024,0],[99.3903412750001,0.16812187000005,0],[99.3903382380001,0.168154584000035,0],[99.3903185830001,0.16830703100004,0],[99.3902839070001,0.16846412600006,0],[99.3902542470001,0.168539063000026,0],[99.390246259,0.16855924500004,0],[99.390245602,0.16856090400006,0],[99.3902226580001,0.168618864000052,0],[99.3902226440001,0.168618894000076,0],[99.3901544810001,0.168756171000041,0],[99.3901544550001,0.16875621600002,0],[99.3900827960001,0.168888874000061,0],[99.389986864,0.16906227100003,0],[99.3898747580001,0.169267052000066,0],[99.38987474,0.169267084000069,0],[99.3896782460001,0.169630153000071,0],[99.389560348,0.169979259000058,0],[99.389523362,0.170108425000024,0],[99.389508446,0.170195685000067,0],[99.3894990920001,0.170250402000022,0],[99.3894952430001,0.170305507000023,0],[99.389495131,0.17030711600006,0],[99.3894887050001,0.170399348000046,0],[99.3894892160001,0.170470125000065,0],[99.3894892210001,0.170470844000022,0],[99.3894898510001,0.170555280000031,0],[99.3895014110001,0.170721693000075,0],[99.389528005,0.170860167000058,0],[99.3895395580001,0.170997493000073,0],[99.3895412740001,0.171100693000028,0],[99.3895418770001,0.171137126000076,0],[99.3895336910001,0.171224185000028,0],[99.3895314860001,0.17124767200005,0],[99.3895314800001,0.171247699000048,0],[99.389487558,0.171369863000052,0],[99.3894875380001,0.171369900000059,0],[99.389421671,0.171473436000042,0],[99.389394472,0.171503636000068,0],[99.3893430750001,0.171560705000047,0],[99.3892517560001,0.171646827000075,0],[99.389178895,0.171697825000024,0],[99.3891782530001,0.17169827500004,0],[99.3891778000001,0.171698592000041,0],[99.3891772100001,0.17169900500005,0],[99.3891303940001,0.171731773000033,0],[99.3889963130001,0.171823712000048,0],[99.3888552910001,0.171894698000074,0],[99.3885616920001,0.171998267000049,0],[99.388106039,0.172139284000025,0],[99.387980047,0.172180019000052,0],[99.387787018,0.172260314000027,0],[99.3877351410001,0.172289062000061,0],[99.387661027,0.17233013300006,0],[99.387567398,0.172425564000037,0],[99.38751885,0.172527967000065,0],[99.3875188310001,0.172528010000065,0],[99.3874899570001,0.172638516000063,0],[99.3874911180001,0.172747903000072,0],[99.3875061460001,0.172865435000062,0],[99.3875061560001,0.17292515400004,0],[99.3875061580001,0.172956209000063,0],[99.3874830390001,0.173057442000072,0],[99.387439112,0.173141229000066,0],[99.387404368,0.173188778000053,0],[99.38740384,0.173189501000024,0],[99.3874037210001,0.173189664000063,0],[99.3874033480001,0.173190173000023,0],[99.3873651360001,0.173242467000023,0],[99.3872691970001,0.173355350000065,0],[99.387190595,0.173458924000045,0],[99.3871905770001,0.173458954000068,0],[99.3871351130001,0.173560161000069,0],[99.387119291,0.173644836000051,0],[99.3871131500001,0.173677689000044,0],[99.3871120050001,0.173804533000066,0],[99.3871135960001,0.173855212000035,0],[99.3871135970001,0.173855244000038,0],[99.3871154750001,0.173915088000058,0],[99.3871328130001,0.174030294000033,0],[99.3871536140001,0.174111750000066,0],[99.38720793,0.17421061400006,0],[99.387207958,0.174210652000056,0],[99.3873062010001,0.17431771400004,0],[99.387396284,0.174388621000048,0],[99.387540759,0.174479384000051,0],[99.3875892460001,0.174511924000058,0],[99.387655195,0.17455618300005,0],[99.387882909,0.174677201000065,0],[99.387926522,0.174711044000048,0],[99.387926845,0.174711294000076,0],[99.387927624,0.174711898000055,0],[99.387993877,0.17476330900007,0],[99.388103695,0.174869200000046,0],[99.388205418,0.175032121000072,0],[99.3882828660001,0.175203184000054,0],[99.3882828770001,0.175203219000025,0],[99.388351055,0.175380055000062,0],[99.388412336,0.175552278000055,0],[99.3884932460001,0.175730325000075,0],[99.388574164,0.175886250000076,0],[99.3886118140001,0.175946017000058,0],[99.388612128,0.175946516000067,0],[99.388612407,0.175946960000033,0],[99.3886643290001,0.176029383000071,0],[99.3887285120001,0.176121206000062,0],[99.3887286170001,0.176121358000046,0],[99.3887287480001,0.176121545000058,0],[99.3887521790001,0.17615505200007,0],[99.3888538990001,0.176343575000033,0],[99.388912378,0.176489989000061,0],[99.3889127260001,0.176490860000058,0],[99.388912786,0.176491011000053,0],[99.3889128960001,0.176491286000044,0],[99.388913286,0.176492263000057,0],[99.3889440660001,0.176569326000049,0],[99.3890087980001,0.176782286000048,0],[99.3890088110001,0.176782326000023,0],[99.3890885550001,0.177011530000073,0],[99.389125333,0.17711162400002,0],[99.3891258610001,0.177113059000021,0],[99.389126268,0.17711416700007,0],[99.3891706540001,0.177234948000034,0],[99.389308193,0.177635260000045,0],[99.389308203,0.177635288000033,0],[99.3893682990001,0.177828404000024,0],[99.3893683080001,0.177828430000034,0],[99.389430728,0.178005308000024,0],[99.3894695340001,0.178126280000072,0],[99.3895370820001,0.178347422000058,0],[99.389568307,0.17846961500004,0],[99.3895788470001,0.17851210200007,0],[99.3895948800001,0.178576666000026,0],[99.389607261,0.17864630400004,0],[99.3896145360001,0.178687220000029,0],[99.389633782,0.178807576000054,0],[99.389633942,0.178808576000051,0],[99.389636495,0.178824542000029,0],[99.3896607780001,0.178954869000052,0],[99.3896748910001,0.178999739000062,0],[99.3896749730001,0.179,0],[99.3897046980001,0.179094510000027,0],[99.389769426,0.179223678000028,0],[99.389769448,0.179223713000056,0],[99.3897882430001,0.179250726000021,0],[99.3897889890001,0.179251798000053,0],[99.3898422600001,0.179328402000067,0],[99.389947448,0.179451746000041,0],[99.3900399250001,0.179534373000024,0],[99.3903000010001,0.179749643000036,0],[99.390415594,0.179843908000066,0],[99.3904156290001,0.17984393100005,0],[99.3905566180001,0.17995793800003,0],[99.3906941700001,0.180082451000033,0],[99.390783174,0.180182527000056,0],[99.3908606210001,0.180281441000034,0],[99.390909154,0.18036285300002,0],[99.390909176,0.180362898000055,0],[99.3909507970001,0.180462980000073,0],[99.390964662,0.180511840000065,0],[99.3909669760001,0.180560719000027,0],[99.39096757,0.180591950000064,0],[99.390967576,0.180592276000027,0],[99.3909681270001,0.180621236000036,0],[99.3909739170001,0.180664291000028,0],[99.390973929,0.180664329000024,0],[99.390991264,0.180702681000071,0],[99.391010238,0.180727817000047,0],[99.3910105310001,0.180728206000026,0],[99.391053674,0.180785311000022,0],[99.3911296160001,0.180834599000036,0],[99.3911415220001,0.180842322000046,0],[99.3911415480001,0.180842337000058,0],[99.391252486,0.18089003700004,0],[99.3913657620001,0.180947060000051,0],[99.3913657830001,0.180947076000052,0],[99.391440915,0.181014548000064,0],[99.3914628520001,0.181052907000037,0],[99.3914628680001,0.181052942000065,0],[99.391492918,0.18113672800007,0],[99.3915356990001,0.181263570000056,0],[99.3916139500001,0.181553342000029,0],[99.3916139600001,0.181553375000021,0],[99.391705254,0.181777930000067,0],[99.3917052670001,0.181777964000048,0],[99.391805832,0.181992042000047,0],[99.392010429,0.182380711000064,0],[99.3921614850001,0.182676185000048,0],[99.392180453,0.18271328700007,0],[99.3922521160001,0.182858745000033,0],[99.3922966170001,0.182964957000024,0],[99.3923237870001,0.183029805000047,0],[99.3923827410001,0.183219490000056,0],[99.3924544160001,0.183407999000053,0],[99.3925353210001,0.183606989000054,0],[99.3926081560001,0.183816446000037,0],[99.3926081650001,0.183816475000071,0],[99.3926613350001,0.184016602000042,0],[99.3927017890001,0.184216750000076,0],[99.3927113820001,0.18428521800007,0],[99.392727225,0.184398288000068,0],[99.3927318570001,0.18457167400004,0],[99.392728386,0.18477183400006,0],[99.392722619,0.184976642000038,0],[99.392711305,0.185099550000075,0],[99.3927006600001,0.185215197000048,0],[99.3926912970001,0.185285909000072,0],[99.3926912740001,0.185286079000036,0],[99.3926729230001,0.185424656000066,0],[99.3926243830001,0.185673687000076,0],[99.392550418,0.185922722000043,0],[99.392550407,0.185922754000046,0],[99.3925223210001,0.185992448000036,0],[99.3924660320001,0.186132180000072,0],[99.3923307920001,0.186412641000061,0],[99.3921088660001,0.186765233000074,0],[99.3919817270001,0.186908368000047,0],[99.39184649,0.187065465000046,0],[99.391693903,0.187178346000053,0],[99.391650971,0.187202298000045,0],[99.391650042,0.187202816000024,0],[99.3916190100001,0.187220124000021,0],[99.3915332500001,0.187267956000028,0],[99.3914049730001,0.187281923000057,0],[99.391404939,0.187281928000061,0],[99.3912801050001,0.187251666000066,0],[99.391219618,0.187212063000061,0],[99.391161041,0.187173711000071,0],[99.3910338960001,0.187015453000072,0],[99.390927531,0.186789692000048,0],[99.3908870660001,0.18670596000004,0],[99.3908223500001,0.186572086000069,0],[99.3907700870001,0.186510227000042,0],[99.3907171600001,0.186447582000028,0],[99.390565742,0.186344028000065,0],[99.390503526,0.18633555100007,0],[99.3905014910001,0.186335274000044,0],[99.3905014520001,0.18633526900004,0],[99.390394664,0.186320740000042,0],[99.390258266,0.186320744000056,0],[99.3901836040001,0.186324384000045,0],[99.390183547,0.18632438700007,0],[99.39018315,0.18632440600004,0],[99.3901821410001,0.186324455000033,0],[99.3901149390001,0.186327732000052,0],[99.3900407200001,0.186337897000044,0],[99.3900394990001,0.18633806400004,0],[99.389970453,0.186347520000027,0],[99.3898258660001,0.186365576000071,0],[99.389812093,0.186367297000061,0],[99.389812056,0.186367301000075,0],[99.3898097320001,0.186367283000038,0],[99.3896641370001,0.186366146000069,0],[99.3895983090001,0.186360161000039,0],[99.3894849710001,0.186349853000024,0],[99.389324306,0.186317287000065,0],[99.3891855910001,0.186268403000042,0],[99.3891165190001,0.186232868000047,0],[99.389081559,0.18621489700007,0],[99.3889405420001,0.186147385000027,0],[99.388830725,0.186138078000056,0],[99.3887545640001,0.186147034000044,0],[99.3886723730001,0.186156700000026,0],[99.3885001510001,0.186239338000064,0],[99.3883649110001,0.186331254000038,0],[99.388264367,0.186441780000052,0],[99.3882643420001,0.186441811000066,0],[99.388140691,0.186615178000068,0],[99.3881406690001,0.186615214000028,0],[99.3880435770001,0.186778124000057,0],[99.3879568870001,0.186930570000072,0],[99.3879250310001,0.186984150000058,0],[99.387924485,0.18698506800007,0],[99.3879239540001,0.186985962000051,0],[99.38785864,0.187095817000056,0],[99.387780691,0.187219253000023,0],[99.387747677,0.187271532000068,0],[99.3877106080001,0.187327718000063,0],[99.3877104430001,0.187327969000023,0],[99.387642493,0.187430963000054,0],[99.387502629,0.187586893000059,0],[99.387356986,0.187705594000022,0],[99.387306278,0.187743133000026,0],[99.3873049860001,0.187744090000024,0],[99.3871997860001,0.187821971000062,0],[99.3870899810001,0.187916226000027,0],[99.386975545,0.18805005400003,0],[99.3869288590001,0.188129158000038,0],[99.3868807710001,0.188210641000069,0],[99.386832241,0.188304865000021,0],[99.3868322270001,0.188304904000063,0],[99.3868114210001,0.188399167000057,0],[99.3868114110001,0.188399205000053,0],[99.386789465,0.188501571000074,0],[99.3867432370001,0.188619102000075,0],[99.3866831500001,0.188702857000067,0],[99.386683121,0.188702888000023,0],[99.3865964300001,0.188768058000051,0],[99.3865269680001,0.188796032000027,0],[99.3865256170001,0.188796576000072,0],[99.386457723,0.188823918000026,0],[99.3862924270001,0.188870472000076,0],[99.3862653900001,0.18887649900006,0],[99.3861306040001,0.18890654300003,0],[99.385951473,0.188947273000053,0],[99.38595144,0.188947280000036,0],[99.3857607180001,0.188993829000026,0],[99.3856749560001,0.189004317000069,0],[99.385598896,0.189013619000036,0],[99.385398927,0.189025257000026,0],[99.3853988960001,0.189025259000061,0],[99.3852324730001,0.189025263000076,0],[99.3852221530001,0.189024674000052,0],[99.3852121,0.18902410100003,0],[99.385207343,0.189023830000053,0],[99.3850486870001,0.189014782000072,0],[99.384900728,0.188997340000071,0],[99.3848599400001,0.188986874000022,0],[99.384782832,0.188967090000062,0],[99.384673003,0.188921709000056,0],[99.3845759170001,0.188860024000064,0],[99.3844834490001,0.188797192000038,0],[99.384449497,0.18876178000005,0],[99.384448326,0.188760559000059,0],[99.3843875060001,0.188697123000054,0],[99.3843158350001,0.188591231000032,0],[99.3843158170001,0.188591200000076,0],[99.384276539,0.188484195000058,0],[99.384276533,0.188484168000059,0],[99.384246481,0.188345692000041,0],[99.384163953,0.187982986000065,0],[99.3840749410001,0.187781654000048,0],[99.3839789960001,0.187576858000057,0],[99.383834505,0.187362733000043,0],[99.383717754,0.187218383000072,0],[99.3837159180001,0.187216113000034,0],[99.383715716,0.187215864000052,0],[99.3837148700001,0.18721481700004,0],[99.383662272,0.18714978600002,0],[99.3834958370001,0.186964789000058,0],[99.3834958180001,0.186964767000063,0],[99.3833467010001,0.186810001000026,0],[99.383164063,0.186645918000067,0],[99.3831029780001,0.186605969000027,0],[99.3831021710001,0.18660544100004,0],[99.382982584,0.186527233000049,0],[99.3828461850001,0.186467886000059,0],[99.3827074760001,0.186443454000027,0],[99.382554902,0.186434148000046,0],[99.3824551280001,0.18643645100002,0],[99.382455034,0.186436453000056,0],[99.3824536650001,0.186436485000058,0],[99.3824034820001,0.186437647000048,0],[99.3822659290001,0.186446956000054,0],[99.3821006300001,0.186474888000021,0],[99.3819916800001,0.186530732000051,0],[99.381991299,0.186530927000035,0],[99.3819734850001,0.186540057000059,0],[99.3818555870001,0.186620352000034,0],[99.3816972280001,0.186749521000024,0],[99.3815400590001,0.186899616000062,0],[99.3815400290001,0.18689964400005,0],[99.381403639,0.187031137000019,0],[99.381402581,0.187032344000045,0],[99.381262619,0.187191736000045,0],[99.3810626550001,0.187451238000051,0],[99.380968464,0.187582398000075,0],[99.380932515,0.187632459000042,0],[99.3809308130001,0.187634830000036,0],[99.38088466,0.187699111000029,0],[99.38088464,0.187699140000063,0],[99.380810679,0.187837583000032,0],[99.3807837840001,0.187913950000052,0],[99.380783652,0.187914324000076,0],[99.3807655960001,0.187965591000022,0],[99.38070896,0.188076152000065,0],[99.380631522,0.188171573000034,0],[99.3805309630001,0.18827630100003,0],[99.380432709,0.188379890000022,0],[99.38038779,0.18842178500006,0],[99.3803869220001,0.18842259500002,0],[99.380337925,0.188468312000055,0],[99.380279381,0.188507973000071,0],[99.380214245,0.188552100000038,0],[99.3801331450001,0.188604650000059,0],[99.3800974920001,0.18862774400003,0],[99.380057664,0.188646141000049,0],[99.3799437700001,0.188698733000024,0],[99.3798214270001,0.188741500000049,0],[99.3797773190001,0.18875691300002,0],[99.3797772880001,0.188756927000043,0],[99.3795866,0.188819764000073,0],[99.379489785,0.188867661000074,0],[99.3794890280001,0.188868035000041,0],[99.3794525040001,0.188886098000069,0],[99.3794159880001,0.188902846000076,0],[99.3794157230001,0.188902968000036,0],[99.3793357690001,0.188939625000046,0],[99.3792410060001,0.189007122000021,0],[99.379187813,0.189085094000063,0],[99.3791612360001,0.189172366000037,0],[99.3791499690001,0.189219721000029,0],[99.3791346560001,0.189284081000039,0],[99.3791035830001,0.189359522000075,0],[99.3790953450001,0.189379514000052,0],[99.379044503,0.189464457000042,0],[99.3789277560001,0.189628536000043,0],[99.3787827250001,0.18978424900007,0],[99.378664024,0.189908143000025,0],[99.378578491,0.190009201000066,0],[99.3784711310001,0.190134859000068,0],[99.378384721,0.190213412000048,0],[99.3783836050001,0.190214427000058,0],[99.378383173,0.190214820000051,0],[99.378354185,0.190241189000062,0],[99.3783206290001,0.190268410000044,0],[99.378319295,0.190269492000027,0],[99.3782415810001,0.19033256900002,0],[99.3781734510001,0.190379860000064,0],[99.378173152,0.190380068000024,0],[99.3781730040001,0.190380171000072,0],[99.3781721060001,0.190380795000067,0],[99.3781010600001,0.190430110000023,0],[99.3780137460001,0.190484911000055,0],[99.3780114930001,0.190486325000052,0],[99.3779666450001,0.190514463000056,0],[99.377635856,0.190714816000025,0],[99.3775049330001,0.190777208000043,0],[99.3773207690001,0.190838736000046,0],[99.3772251300001,0.190875940000069,0],[99.3771130390001,0.190919563000023,0],[99.3769707920001,0.190975789000049,0],[99.3769707650001,0.190975800000047,0],[99.3768215160001,0.191002169000058,0],[99.3766434820001,0.190995147000024,0],[99.3766434550001,0.190995146000034,0],[99.376453186,0.19096087600002,0],[99.376277744,0.190938915000061,0],[99.376115429,0.190936281000063,0],[99.376115401,0.190936282000052,0],[99.376045735,0.190937330000054,0],[99.375940836,0.190938923000033,0],[99.3758904100001,0.190941462000069,0],[99.3758884920001,0.19094155800002,0],[99.3757837240001,0.190946833000055,0],[99.3756109120001,0.190961774000073,0],[99.3755512290001,0.190962637000041,0],[99.3755499590001,0.190962655000021,0],[99.375488712,0.190963541000031,0],[99.375392698,0.190947719000064,0],[99.3753097780001,0.190898514000025,0],[99.375233843,0.190797463000024,0],[99.375217907,0.190769704000047,0],[99.3752176090001,0.190769184000033,0],[99.3751561560001,0.190662153000062,0],[99.3750741410001,0.190553234000049,0],[99.375074108,0.190553203000036,0],[99.375039089,0.190524513000071,0],[99.3749711240001,0.190468840000051,0],[99.3749662550001,0.190466410000056,0],[99.3748672440001,0.190417014000047,0],[99.3748068960001,0.190396103000069,0],[99.3748056530001,0.190395672000022,0],[99.374730212,0.19036955100006,0],[99.3746849250001,0.190351132000046,0],[99.374684286,0.190350872000067,0],[99.3745984220001,0.19031595000007,0],[99.3744570140001,0.190235121000057,0],[99.3743260970001,0.190141102000041,0],[99.3742196050001,0.190073440000049,0],[99.374088687,0.190037418000031,0],[99.3740282040001,0.190034472000036,0],[99.3739804530001,0.190032157000076,0],[99.3739481900001,0.190037192000034,0],[99.373890546,0.19004620100003,0],[99.3738172430001,0.190100696000059,0],[99.373817209,0.190100727000072,0],[99.373757885,0.19018416900002,0],[99.3737456650001,0.190272035000021,0],[99.3737622550001,0.190352879000045,0],[99.3738111380001,0.190431964000027,0],[99.373860887,0.190511917000038,0],[99.3738800930001,0.190587487000073,0],[99.373880967,0.190670087000058,0],[99.373880951,0.190670126000043,0],[99.3738643790001,0.190735109000059,0],[99.3738015370001,0.190821221000022,0],[99.3736968000001,0.190941593000048,0],[99.373580723,0.191056722000042,0],[99.373489465,0.191150116000074,0],[99.3734887780001,0.191150819000029,0],[99.373485417,0.191154259000029,0],[99.3734751120001,0.191164810000032,0],[99.373362538,0.191281684000046,0],[99.373325391,0.191322884000044,0],[99.373285718,0.191366909000067,0],[99.373236449,0.191419119000045,0],[99.3732028000001,0.191454777000047,0],[99.373102422,0.191546164000044,0],[99.373030827,0.191602277000072,0],[99.372956662,0.19166040600004,0],[99.3728556350001,0.191734570000051,0],[99.3728529590001,0.191736534000029,0],[99.3728309750001,0.191752668000049,0],[99.3728309470001,0.191752691000033,0],[99.3726956940001,0.191848447000041,0],[99.3726275400001,0.191907443000048,0],[99.3726267360001,0.19190813900002,0],[99.3725525580001,0.191972350000071,0],[99.372443473,0.192074259000037,0],[99.3724434520001,0.192074285000047,0],[99.3723727830001,0.192169144000047,0],[99.372372763,0.192169184000022,0],[99.3723448440001,0.192252630000041,0],[99.3723448370001,0.192252661000055,0],[99.3723457030001,0.192324712000072,0],[99.3723561740001,0.192412587000035,0],[99.372363158,0.192487269000026,0],[99.372360557,0.192555824000067,0],[99.372354939,0.192577682000035,0],[99.3723495940001,0.192598537000038,0],[99.3723465800001,0.19261029300003,0],[99.3723176170001,0.192668613000023,0],[99.3723175710001,0.192668706000063,0],[99.3723173400001,0.192669172000024,0],[99.3722968330001,0.192710465000062,0],[99.3722704350001,0.192747605000022,0],[99.3722700470001,0.192748151000046,0],[99.3722287530001,0.192806248000068,0],[99.3721003700001,0.192944967000074,0],[99.3720999400001,0.192945432000045,0],[99.3720987940001,0.192946671000072,0],[99.3720976060001,0.192947955000022,0],[99.371990478,0.193063707000022,0],[99.3719586880001,0.193102490000058,0],[99.371958347,0.193102905000046,0],[99.371916287,0.193154216000039,0],[99.3718726500001,0.193225391000055,0],[99.3718220310001,0.193324684000061,0],[99.3717827520001,0.193414315000041,0],[99.3717199110001,0.193541727000024,0],[99.371670302,0.193633946000034,0],[99.37166999,0.19363452500005,0],[99.3716695110001,0.193635416000063,0],[99.3716689780001,0.193636408000032,0],[99.3716518680001,0.193668229000025,0],[99.3716518470001,0.193668267000021,0],[99.371573282,0.193799192000029,0],[99.3714886330001,0.193930099000056,0],[99.3714886180001,0.19393012200004,0],[99.3713995950001,0.194068955000034,0],[99.371329765,0.194195489000037,0],[99.371248215,0.194335519000049,0],[99.3712468570001,0.194337852000046,0],[99.371236987,0.194362928000032,0],[99.3712281480001,0.194385384000043,0],[99.371191879,0.194477554000059,0],[99.371167455,0.19456204200003,0],[99.371157849,0.194595299000071,0],[99.3711534810001,0.19470162600004,0],[99.3711534810001,0.194701666000071,0],[99.3711569700001,0.194803516000036,0],[99.3711569750001,0.194803560000025,0],[99.371176167,0.194922188000021,0],[99.3712093500001,0.195055746000037,0],[99.371209359,0.195055789000037,0],[99.3712529860001,0.195200726000053,0],[99.371304491,0.195352744000047,0],[99.3713201150001,0.195390202000056,0],[99.3713204150001,0.195390923000048,0],[99.3713205700001,0.195391294000046,0],[99.3713299930001,0.19541388500005,0],[99.3713525000001,0.195467849000067,0],[99.3713686200001,0.195539630000042,0],[99.3713751940001,0.195568905000073,0],[99.371378683,0.195689286000061,0],[99.371369959,0.195790336000073,0],[99.371348142,0.195901053000057,0],[99.371331796,0.195996409000031,0],[99.3713272050001,0.196023185000058,0],[99.3713254560001,0.196111064000036,0],[99.3713328150001,0.196164225000075,0],[99.3713328310001,0.196164342000031,0],[99.371340295,0.196218262000059,0],[99.3713802,0.196317856000064,0],[99.3713821950001,0.196322835000046,0],[99.3714485230001,0.196417728000029,0],[99.3715515220001,0.196492413000044,0],[99.3716972860001,0.196568868000043,0],[99.3718474180001,0.196627725000042,0],[99.372000148,0.196669900000074,0],[99.3722157070001,0.196700649000036,0],[99.3722157450001,0.19670065400004,0],[99.3724173690001,0.196726126000044,0],[99.372564878,0.196765676000041,0],[99.3726783500001,0.19681838200006,0],[99.3727385330001,0.196857787000056,0],[99.3727393410001,0.196858316000032,0],[99.3728031590001,0.196900102000029,0],[99.372948136,0.197012137000058,0],[99.3729492570001,0.197013004000041,0],[99.3729511020001,0.197014430000024,0],[99.373099929,0.197129440000026,0],[99.373199431,0.197206764000043,0],[99.3733408190001,0.19728847600004,0],[99.3734848490001,0.19734822700002,0],[99.37355641,0.197366773000056,0],[99.3736306120001,0.197386004000066,0],[99.3738217540001,0.19740181100002,0],[99.3738722460001,0.19740125200002,0],[99.3739797420001,0.197400056000049,0],[99.3741516910001,0.19738774800004,0],[99.3742303290001,0.197359129000063,0],[99.374231868,0.197358569000073,0],[99.3742321220001,0.197358477000023,0],[99.3742651590001,0.197346444000061,0],[99.3744082920001,0.197268239000039,0],[99.3744462270001,0.197246045000043,0],[99.374466361,0.197234261000062,0],[99.3745208880001,0.197202338000068,0],[99.374634357,0.19714258700003,0],[99.3746914540001,0.197114374000023,0],[99.3746921630001,0.19711402400003,0],[99.3746992700001,0.197110517000056,0],[99.3747285950001,0.197096052000063,0],[99.374764375,0.197075917000063,0],[99.3747649950001,0.197075568000059,0],[99.3747650620001,0.197075530000063,0],[99.3748036600001,0.197053809000067,0],[99.375191187,0.196791877000067,0],[99.3757149050001,0.197564303000036,0],[99.3761049940001,0.198225685000068,0],[99.376193549,0.198378639000055,0],[99.3763018910001,0.198556918000065,0],[99.3764088980001,0.198709781000048,0],[99.376494284,0.198823313000048,0],[99.3764958120001,0.198979208000026,0],[99.3765172270001,0.199193360000038,0],[99.3766528560001,0.199493172000075,0],[99.3767789440001,0.199751183000046,0],[99.377135863,0.200262768000073,0],[99.3771752060001,0.200351289000025,0],[99.3773976050001,0.200851684000042,0],[99.3774451930001,0.201446549000025,0],[99.3775284750001,0.202011672000026,0],[99.377492783,0.202541102000055,0],[99.3774808850001,0.202790945000061,0],[99.377377299,0.203172700000039,0],[99.377357047,0.203210579000029,0],[99.3773210000001,0.203278,0],[99.37728,0.203459,0],[99.37728,0.20357,0],[99.3772670000001,0.203979,0],[99.3773144720001,0.204486411000062,0],[99.377354536,0.204914640000027,0],[99.377373,0.205112,0],[99.377378578,0.205692082000041,0],[99.3773800000001,0.20584,0],[99.3773568450001,0.20604316500004,0],[99.377324076,0.206330690000073,0],[99.3773180000001,0.206384,0],[99.377169,0.207006,0],[99.3771675520001,0.207008639000037,0],[99.3768480000001,0.207591,0],[99.3767324670001,0.207725062000065,0],[99.3766095990001,0.207867635000071,0],[99.3765300000001,0.20796,0],[99.375618,0.209045,0],[99.3755270660001,0.209152897000024,0],[99.3750576180001,0.209709920000023,0],[99.375056112,0.209711707000054,0],[99.37483,0.20998,0],[99.3738980000001,0.210705,0],[99.3729700000001,0.21128,0],[99.372062934,0.21180563300004,0],[99.3716905680001,0.212021415000038,0],[99.3715010080001,0.212131262000071,0],[99.37102,0.21241,0],[99.369079389,0.21337552600005,0],[99.3690004430001,0.213410989000067,0],[99.3689913530001,0.213413783000021,0],[99.3689888530001,0.21341407400007,0],[99.3689798710001,0.213413088000038,0],[99.368954101,0.213408101000027,0],[99.3689526200001,0.213407643000039,0],[99.3689041320001,0.213392634000058,0],[99.3688648710001,0.213390255000036,0],[99.368814699,0.213408901000037,0],[99.36688,0.21442,0],[99.3665238760001,0.214615479000031,0],[99.3663982910001,0.214622776000056,0],[99.3660042390001,0.214648546000035,0],[99.365850713,0.214694918000021,0],[99.3657330120001,0.214808265000045,0],[99.3655897240001,0.214983437000058,0],[99.3653007950001,0.215309063000063,0],[99.36492,0.21553,0],[99.3641690000001,0.216008,0],[99.363795,0.216259,0],[99.3637927620001,0.216260458000022,0],[99.3635340000001,0.216429,0],[99.363389,0.216502,0],[99.3632450000001,0.216554,0],[99.363099128,0.216573820000065,0],[99.3630610000001,0.216579,0],[99.36294,0.21657,0],[99.3627961660001,0.216536504000032,0],[99.3627960480001,0.216536477000034,0],[99.3627101770001,0.216462010000043,0],[99.362633556,0.216344971000069,0],[99.3625463640001,0.21615745400004,0],[99.3624552100001,0.216013824000072,0],[99.362338988,0.215886194000063,0],[99.3623389480001,0.21588616300005,0],[99.3621883550001,0.215775775000054,0],[99.36218833,0.215775758000063,0],[99.362012645,0.215660076000063,0],[99.361829029,0.215556344000049,0],[99.361829002,0.215556329000037,0],[99.3616414430001,0.215453942000067,0],[99.3614036500001,0.215342236000026,0],[99.3611566020001,0.215230532000021,0],[99.3611040210001,0.215215318000048,0],[99.36110383,0.215215263000061,0],[99.360917505,0.215161377000072,0],[99.3607921660001,0.215140684000062,0],[99.3606678290001,0.215120156000069,0],[99.3605526710001,0.215107874000068,0],[99.360552521,0.215107858000067,0],[99.3604683520001,0.215098881000074,0],[99.3603843010001,0.21509241900003,0],[99.3602781220001,0.215084256000068,0],[99.3600548670001,0.215074952000066,0],[99.359987565,0.215075523000053,0],[99.3599865090001,0.215075532000071,0],[99.3598976640001,0.215076286000055,0],[99.359822303,0.215086936000034,0],[99.3598214520001,0.215087056000073,0],[99.359820433,0.215087200000028,0],[99.3597470670001,0.215097568000033,0],[99.3595872500001,0.215153419000046,0],[99.3595872220001,0.215153426000029,0],[99.359455123,0.215198646000033,0],[99.359304524,0.215269140000032,0],[99.3591539290001,0.215347612000073,0],[99.359153903,0.215347627000028,0],[99.358992764,0.215465976000075,0],[99.358873874,0.21557901500006,0],[99.3587655520001,0.215734627000074,0],[99.3586876150001,0.215898210000034,0],[99.358620247,0.216071103000047,0],[99.3585383560001,0.216267910000056,0],[99.358538347,0.21626793400003,0],[99.3584789050001,0.216456786000037,0],[99.3584392810001,0.21663632700006,0],[99.358430034,0.216813208000076,0],[99.3584300320001,0.216813252000065,0],[99.3584287180001,0.21698875800007,0],[99.3584274020001,0.217189577000056,0],[99.358404948,0.217361138000058,0],[99.3583547580001,0.217527380000035,0],[99.3582992680001,0.217773416000057,0],[99.358297957,0.217881143000056,0],[99.3583054010001,0.217942751000066,0],[99.358305434,0.217943024000022,0],[99.358305536,0.217943867000031,0],[99.3583098610001,0.217979556000046,0],[99.3583706250001,0.218109895000055,0],[99.358443256,0.218237523000028,0],[99.3584432760001,0.218237563000059,0],[99.3585014220001,0.218359907000035,0],[99.3585229700001,0.218421693000039,0],[99.3585357480001,0.218458324000039,0],[99.3585423650001,0.218595310000069,0],[99.358537083,0.21877352000007,0],[99.3585370810001,0.218773546000023,0],[99.3585106680001,0.218945081000072,0],[99.3584710390001,0.219051476000061,0],[99.3584182010001,0.219156542000064,0],[99.358327053,0.219301507000068,0],[99.358249136,0.219433137000067,0],[99.3582491160001,0.219433173000027,0],[99.3582042020001,0.219527597000024,0],[99.3581817460001,0.219618033000074,0],[99.3581824550001,0.219682878000071,0],[99.358182458,0.219683127000053,0],[99.358182464,0.219683690000068,0],[99.3581830700001,0.219739057000027,0],[99.358208173,0.219840130000023,0],[99.3582372500001,0.219918577000044,0],[99.358237606,0.219919537000067,0],[99.358241203,0.219929234000062,0],[99.3582412170001,0.219929271000069,0],[99.3582676230001,0.219994401000065,0],[99.3582993220001,0.220070203000034,0],[99.3583323660001,0.22015929600002,0],[99.358336464,0.220191,0],[99.3583365060001,0.220191323000051,0],[99.358344248,0.220251075000022,0],[99.3583442520001,0.220381408000037,0],[99.3583469010001,0.220499765000056,0],[99.3583772860001,0.220602162000034,0],[99.358456548,0.22070856800002,0],[99.3584565790001,0.220708606000073,0],[99.3585728020001,0.220828259000029,0],[99.3586916980001,0.22094130000005,0],[99.3588370210001,0.221096904000035,0],[99.358953274,0.221240526000031,0],[99.3589532940001,0.22124055200004,0],[99.3590391160001,0.221354876000021,0],[99.359039135,0.221354904000066,0],[99.3591184050001,0.221473266000032,0],[99.3592214500001,0.221620881000035,0],[99.3593482740001,0.22178180100002,0],[99.3594935900001,0.22192276800007,0],[99.3596098250001,0.221997456000054,0],[99.3596102050001,0.221997700000031,0],[99.3596117420001,0.221998688000042,0],[99.359611843,0.221998753000037,0],[99.3596133030001,0.221999691000065,0],[99.3597419490001,0.222082353000076,0],[99.3598793020001,0.222138185000063,0],[99.3598793390001,0.222138203000043,0],[99.360064284,0.222200709000049,0],[99.3601246690001,0.222216203000073,0],[99.3601252320001,0.222216348000075,0],[99.360126408,0.222216650000064,0],[99.3601277210001,0.222216987000024,0],[99.360199031,0.222235284000021,0],[99.3603126470001,0.22224725500007,0],[99.360447386,0.222248577000073,0],[99.3606111940001,0.22224458300002,0],[99.3606869920001,0.222245489000045,0],[99.360722153,0.22224589800004,0],[99.3608080280001,0.22224989800003,0],[99.3608582300001,0.222259205000057,0],[99.3609295640001,0.22230176100004,0],[99.3609629870001,0.222344870000029,0],[99.3609640000001,0.22234617700002,0],[99.360971841,0.222356287000025,0],[99.360971868,0.222356330000025,0],[99.3610167570001,0.222444063000069,0],[99.361035717,0.222541078000063,0],[99.3610643200001,0.222687438000037,0],[99.361073569,0.222839048000026,0],[99.36107021,0.222984676000067,0],[99.361068296,0.223067797000056,0],[99.3610682940001,0.223067827000023,0],[99.361051118,0.223253982000074,0],[99.361023248,0.223329252000042,0],[99.3609930160001,0.223410917000024,0],[99.3609553360001,0.223488050000071,0],[99.360954715,0.223489321000045,0],[99.360915064,0.223570514000073,0],[99.3608292000001,0.22370483900005,0],[99.3607433340001,0.223811233000049,0],[99.360743304,0.223811267000031,0],[99.3606336980001,0.223916296000027,0],[99.360521406,0.22399211100003,0],[99.3604520590001,0.224035852000043,0],[99.3604117730001,0.224061283000026,0],[99.3603575180001,0.224110852000024,0],[99.3603113650001,0.224153038000054,0],[99.360246637,0.224243475000037,0],[99.3602230400001,0.224297589000059,0],[99.3602230010001,0.224297679000074,0],[99.3602228330001,0.224298064000038,0],[99.360222691,0.224298390000058,0],[99.3601990820001,0.224352530000033,0],[99.3601832320001,0.224457594000057,0],[99.3601855850001,0.224503361000075,0],[99.360185625,0.224504144000036,0],[99.3601856700001,0.224505020000038,0],[99.360187189,0.224534728000037,0],[99.360194312,0.224569103000022,0],[99.3602070150001,0.224630484000045,0],[99.360253254,0.224732888000062,0],[99.360292578,0.22479118800004,0],[99.360325914,0.224840610000058,0],[99.3603919400001,0.224919052000075,0],[99.3603919660001,0.224919075000059,0],[99.3604897260001,0.225009507000038,0],[99.3605258590001,0.225033756000073,0],[99.3605262760001,0.225034036000068,0],[99.3605266100001,0.225034260000029,0],[99.3605268370001,0.22503441300006,0],[99.360592769,0.225078661000055,0],[99.360677315,0.22513585300004,0],[99.3607935740001,0.225215638000066,0],[99.3610247550001,0.22539916300002,0],[99.361291609,0.225603965000062,0],[99.361389612,0.225666574000059,0],[99.3613902870001,0.225667006000037,0],[99.3614289960001,0.225691744000073,0],[99.3614290230001,0.225691764000032,0],[99.361516189,0.225759561000075,0],[99.3615624190001,0.225832698000033,0],[99.3615707020001,0.225868405000028,0],[99.3615707390001,0.225868564000052,0],[99.3615707760001,0.22586872200003,0],[99.361590172,0.22595239900005,0],[99.3615901730001,0.22602687400007,0],[99.3615835700001,0.226093370000058,0],[99.3615664110001,0.226171795000027,0],[99.3615663990001,0.226171839000074,0],[99.361512239,0.226310152000053,0],[99.3614865540001,0.226362459000029,0],[99.36148633,0.226362915000038,0],[99.3614541170001,0.226428517000045,0],[99.3614012780001,0.226532252000027,0],[99.361380141,0.22663329300002,0],[99.3613801420001,0.226633328000048,0],[99.3613827880001,0.226723763000052,0],[99.3614039190001,0.226807506000057,0],[99.3614039320001,0.226807546000032,0],[99.361427711,0.226911254000072,0],[99.3614277120001,0.226911281000071,0],[99.3614290310001,0.226992407000068,0],[99.361427001,0.227050702000042,0],[99.3614269860001,0.227051131000053,0],[99.3614269830001,0.227051209000024,0],[99.3614263870001,0.227068205000023,0],[99.3614158240001,0.227145349000068,0],[99.3613854430001,0.227217166000059,0],[99.361320725,0.227327521000063,0],[99.361320709,0.227327546000026,0],[99.361197867,0.227491145000045,0],[99.3610367000001,0.22767467400007,0],[99.360895353,0.227839585000027,0],[99.360735312,0.22800950900006,0],[99.360608115,0.228144547000056,0],[99.3605320770001,0.228225278000025,0],[99.3602929770001,0.228465996000068,0],[99.3601780480001,0.22853914500007,0],[99.360178019,0.228539165000029,0],[99.3600736860001,0.228610982000021,0],[99.3600128080001,0.228649854000025,0],[99.3600107720001,0.228651154000033,0],[99.3598821410001,0.228733322000039,0],[99.359584913,0.228883621000023,0],[99.3594448840001,0.228971391000073,0],[99.3593412120001,0.229024989000038,0],[99.3593410290001,0.229025084000057,0],[99.3593394910001,0.229025879000062,0],[99.3592493730001,0.229072470000062,0],[99.3589983790001,0.229184190000069,0],[99.3588755160001,0.229236492000041,0],[99.358873078,0.229237530000034,0],[99.3588015460001,0.229267981000021,0],[99.3587455530001,0.229293572000074,0],[99.3587454670001,0.22929361100006,0],[99.3587448270001,0.229293904000031,0],[99.3587434200001,0.229294547000052,0],[99.358600751,0.229359751000061,0],[99.3584343030001,0.22943822000002,0],[99.3582018050001,0.229553926000051,0],[99.3579560910001,0.229663001000063,0],[99.3578712560001,0.229695703000061,0],[99.3578697230001,0.229696294000064,0],[99.3577077410001,0.22975875100002,0],[99.357632896,0.229788753000037,0],[99.3576317610001,0.229789209000046,0],[99.3576315060001,0.229789311000047,0],[99.3575650700001,0.229815942000073,0],[99.357368238,0.229909048000025,0],[99.357185938,0.23001411100006,0],[99.3569772180001,0.230163069000071,0],[99.356817375,0.230273457000067,0],[99.3566641370001,0.230354586000033,0],[99.3564818350001,0.230414437000036,0],[99.3564577500001,0.230420926000022,0],[99.3562942490001,0.230464980000022,0],[99.3561318910001,0.230521762000024,0],[99.356043255,0.230552761000069,0],[99.355802817,0.230631937000055,0],[99.3555505210001,0.23071503400007,0],[99.3553602870001,0.230772216000048,0],[99.355166093,0.230837388000054,0],[99.3550474080001,0.230894364000051,0],[99.354966619,0.23093314800002,0],[99.3547763890001,0.231046200000037,0],[99.354574277,0.23118052500007,0],[99.3544603190001,0.231264934000023,0],[99.354458788,0.231266068000025,0],[99.3543893560001,0.231317487000069,0],[99.3543893330001,0.231317510000054,0],[99.35421232,0.231463809000047,0],[99.3541043340001,0.231553840000061,0],[99.3540432290001,0.231604779000065,0],[99.353900583,0.231716483000071,0],[99.3539005580001,0.231716500000061,0],[99.3537512870001,0.23181093200003,0],[99.353679829,0.231849520000026,0],[99.3536793530001,0.231849777000036,0],[99.3536059740001,0.231889402000036,0],[99.3534448120001,0.231991812000047,0],[99.353444784,0.231991833000052,0],[99.3532783630001,0.232123477000073,0],[99.3531492960001,0.232242489000043,0],[99.3531370420001,0.232253791000062,0],[99.3531370150001,0.232253813000057,0],[99.3529969900001,0.232348238000043,0],[99.35287149,0.232390804000033,0],[99.3527938440001,0.232408900000053,0],[99.352728819,0.232424055000024,0],[99.352354968,0.232469278000053,0],[99.3521554900001,0.232498546000045,0],[99.3519938920001,0.232527573000027,0],[99.3519913050001,0.232528039000044,0],[99.35187411,0.23254909000002,0],[99.3516627450001,0.232579684000029,0],[99.3514873190001,0.232623131000025,0],[99.3514869030001,0.232623234000073,0],[99.3514859490001,0.232623471000068,0],[99.3514157220001,0.232640880000019,0],[99.3513176850001,0.232675658000062,0],[99.3512320890001,0.23270603800006,0],[99.35112997,0.23274780600002,0],[99.351128154,0.232748549000064,0],[99.3510207260001,0.23279248800003,0],[99.3508661770001,0.23286431300005,0],[99.3506891490001,0.232950758000072,0],[99.3505240220001,0.233022579000021,0],[99.3503403990001,0.233106369000041,0],[99.3502228290001,0.233167546000061,0],[99.350176569,0.233189864000053,0],[99.3500960100001,0.233228729000075,0],[99.3500188730001,0.233244525000032,0],[99.3499401290001,0.233260651000023,0],[99.349798778,0.233267309000041,0],[99.3497987490001,0.233267310000031,0],[99.3496772430001,0.233269967000069,0],[99.3495451380001,0.233287259000065,0],[99.3494648600001,0.233312195000053,0],[99.3494209730001,0.233325841000067,0],[99.349236019,0.233418928000049,0],[99.3490709180001,0.233517339000059,0],[99.3490708940001,0.233517353000025,0],[99.3488978330001,0.233621091000032,0],[99.348739316,0.233719509000025,0],[99.3485623000001,0.233819256000061,0],[99.3483562170001,0.233903048000059,0],[99.3481739200001,0.233957592000024,0],[99.348007468,0.233989501000053,0],[99.3478292410001,0.23402223100004,0],[99.347797417,0.234028072000058,0],[99.3475083310001,0.234109440000054,0],[99.3472161700001,0.23419167000003,0],[99.347097944,0.234234797000056,0],[99.3470338690001,0.234258171000022,0],[99.3468449630001,0.234333982000066,0],[99.346662687,0.234425737000038,0],[99.34666266,0.234425750000071,0],[99.3464724340001,0.234525501000064,0],[99.346397675,0.23456795900006,0],[99.3463178750001,0.234613280000076,0],[99.3461646440001,0.234686430000068,0],[99.3460180000001,0.234727676000034,0],[99.345829101,0.234731662000058,0],[99.3458014810001,0.234732265000048,0],[99.3457075580001,0.23473431900004,0],[99.3455807390001,0.234752941000067,0],[99.3454525990001,0.234810132000064,0],[99.3453455960001,0.234879294000052,0],[99.3452333340001,0.234963060000041,0],[99.345233309,0.234963077000032,0],[99.345122346,0.235044207000044,0],[99.3450034540001,0.23513730600007,0],[99.34490306,0.23520114300004,0],[99.344757744,0.235274294000021,0],[99.3446298330001,0.235310234000053,0],[99.344587323,0.235322175000022,0],[99.3445551900001,0.235323446000052,0],[99.3445543760001,0.235323478000055,0],[99.3444525940001,0.235327511000037,0],[99.3443792240001,0.235323562000076,0],[99.3443535170001,0.235322180000026,0],[99.34425443,0.235302236000052,0],[99.3441764870001,0.235275639000065,0],[99.344085906,0.235270152000055,0],[99.3440668330001,0.235268998000038,0],[99.3439439860001,0.235278311000059,0],[99.343943955,0.235278317000052,0],[99.343819808,0.235307567000064,0],[99.343776237,0.235319700000048,0],[99.3437755410001,0.235319894000042,0],[99.3437749570001,0.235320057000024,0],[99.3436956300001,0.23534214700004,0],[99.3436359770001,0.235365892000061,0],[99.3435820230001,0.235387368000033,0],[99.343435389,0.235464507000074,0],[99.343384369,0.235486522000031,0],[99.3433836090001,0.235486850000029,0],[99.3433244230001,0.235512388000075,0],[99.343235914,0.235548298000026,0],[99.3431355160001,0.235588198000073,0],[99.3429719250001,0.235647116000052,0],[99.3427920440001,0.235711890000061,0],[99.342592573,0.235773073000075,0],[99.3423930980001,0.235826275000022,0],[99.3422160800001,0.235872827000037,0],[99.3420192410001,0.235914067000067,0],[99.3418646850001,0.235924703000023,0],[99.341699555,0.235924707000038,0],[99.341587921,0.23593132000002,0],[99.341587594,0.235931340000036,0],[99.3415872740001,0.235931361000041,0],[99.3415765460001,0.235933726000042,0],[99.341490831,0.23595264100004,0],[99.3413560860001,0.236015151000061,0],[99.341281183,0.23605714100006,0],[99.3412398310001,0.236080333000075,0],[99.3411722660001,0.236124569000026,0],[99.3410773510001,0.236186719000045,0],[99.3409122210001,0.236281154000039,0],[99.340906304,0.23628396600003,0],[99.340724665,0.236370253000075,0],[99.3407246400001,0.236370263000026,0],[99.3406899170001,0.236383068000066,0],[99.3406777750001,0.236387548000039,0],[99.340511953,0.236448729000074,0],[99.3404009830001,0.236488880000024,0],[99.3403428620001,0.236509910000052,0],[99.3401790550001,0.23657774000003,0],[99.3400952060001,0.236596041000041,0],[99.3400950010001,0.236596087000066,0],[99.339990147,0.23661897300002,0],[99.3398091640001,0.236620307000067,0],[99.3396215770001,0.236614992000057,0],[99.33946173,0.236614997000061,0],[99.3392741430001,0.236637610000059,0],[99.339122225,0.236690811000074,0],[99.3390244700001,0.236745341000073,0],[99.3389927740001,0.236768196000071,0],[99.3389925750001,0.236768340000026,0],[99.3389922530001,0.236768572000074,0],[99.338991429,0.236769166000045,0],[99.3389267140001,0.236815830000069,0],[99.3387867490001,0.236928377000027,0],[99.338723278,0.236979415000064,0],[99.3386880300001,0.237005940000074,0],[99.3386604870001,0.237026668000055,0],[99.338658943,0.237027830000045,0],[99.3385924980001,0.237077834000047,0],[99.3384775980001,0.237170911000021,0],[99.3384775700001,0.237170932000026,0],[99.3383652850001,0.237240094000072,0],[99.3383652590001,0.237240108000037,0],[99.3381909020001,0.237319896000031,0],[99.337998037,0.237375753000038,0],[99.337764216,0.237405021000029,0],[99.3375449210001,0.237419652000028,0],[99.3372926200001,0.237440942000035,0],[99.337097085,0.237467542000047,0],[99.3369623440001,0.237500792000048,0],[99.33681204,0.237555315000066,0],[99.3367826770001,0.23756596100003,0],[99.336604353,0.237596549000045,0],[99.3365453750001,0.237602494000043,0],[99.3364061890001,0.23761650900002,0],[99.3362001400001,0.237632469000062,0],[99.3362001080001,0.237632467000026,0],[99.3359742100001,0.237644449000072,0],[99.3357971870001,0.237651104000065,0],[99.3357878610001,0.237652485000069,0],[99.3356624450001,0.237671055000021,0],[99.3355940760001,0.237696494000033,0],[99.3355932150001,0.23769681400006,0],[99.3355409100001,0.237716276000072,0],[99.3354764060001,0.237761860000035,0],[99.3354752990001,0.237762643000053,0],[99.335473962,0.237763588000064,0],[99.335473097,0.237764199000026,0],[99.3354035240001,0.237813365000022,0],[99.3352833120001,0.237906463000058,0],[99.3351908720001,0.237980915000037,0],[99.3351908380001,0.237980937000032,0],[99.3351023290001,0.238036806000025,0],[99.3349940100001,0.238095322000049,0],[99.334558067,0.238144538000029,0],[99.3343203150001,0.238161833000049,0],[99.33432028,0.238161838000053,0],[99.33415647,0.238160507000032,0],[99.3339556720001,0.238141893000034,0],[99.3337429840001,0.238096680000069,0],[99.3335382290001,0.238058111000043,0],[99.3333281760001,0.238043493000021,0],[99.3330732140001,0.238047489000053,0],[99.3328592060001,0.238070103000041,0],[99.3327050190001,0.238087614000051,0],[99.3327047290001,0.238087647000043,0],[99.3326835140001,0.238090058000068,0],[99.3324879950001,0.238104690000057,0],[99.332299086,0.238114005000057,0],[99.332108857,0.238149917000044,0],[99.332007918,0.238188327000046,0],[99.332006742,0.238188775000026,0],[99.332006499,0.238188867000019,0],[99.3320063830001,0.238188911000066,0],[99.3319410870001,0.238213758000029,0],[99.3318155900001,0.238289568000027,0],[99.331746276,0.238347290000036,0],[99.3317085880001,0.238378676000025,0],[99.331606869,0.23846379400004,0],[99.331493261,0.238526303000071,0],[99.3314250000001,0.238535523000053,0],[99.3313849360001,0.23854093500006,0],[99.3312449100001,0.238538284000072,0],[99.331052033,0.238494395000032,0],[99.3308499450001,0.23841329000004,0],[99.33084991,0.238413279000042,0],[99.330684772,0.238358752000067,0],[99.3305090740001,0.238332161000073,0],[99.3304697230001,0.238331811000023,0],[99.3304668070001,0.238331785000071,0],[99.3304657780001,0.238331776000052,0],[99.330464324,0.238331763000076,0],[99.3303584820001,0.238330831000042,0],[99.3301669310001,0.238330836000046,0],[99.3299674530001,0.238318875000061,0],[99.3297719390001,0.238284297000064,0],[99.329676813,0.238273115000027,0],[99.3296759550001,0.238273014000072,0],[99.3295909560001,0.238263022000069,0],[99.329420354,0.238260752000031,0],[99.329391478,0.238260370000035,0],[99.3293914500001,0.238260371000024,0],[99.329202567,0.238268346000041,0],[99.3290030920001,0.238281656000026,0],[99.3288036150001,0.238289640000062,0],[99.3286160280001,0.238289645000066,0],[99.328425806,0.238290973000062,0],[99.3282646390001,0.238296306000052,0],[99.3281061390001,0.238313591000065,0],[99.3281061070001,0.238313595000022,0],[99.3279634350001,0.238334878000046,0],[99.327699226,0.238353504000031,0],[99.3273237400001,0.238347621000059,0],[99.3271906260001,0.238345539000022,0],[99.3271906000001,0.238345537000043,0],[99.3270083210001,0.238337561000037,0],[99.3266409080001,0.23829743500005,0],[99.3263293040001,0.238245812000059,0],[99.3261086940001,0.238205912000069,0],[99.3260576910001,0.23819220300004,0],[99.325935632,0.238159375000066,0],[99.3257308700001,0.238098201000071,0],[99.3257308440001,0.238098192000052,0],[99.3255195,0.23802506200002,0],[99.3253490850001,0.237997138000026,0],[99.3251363960001,0.237978525000074,0],[99.324948835,0.237969219000036,0],[99.324948809,0.237969218000046,0],[99.324717627,0.237962574000051,0],[99.3245642840001,0.237959395000075,0],[99.3245621770001,0.237959351000029,0],[99.324461344,0.23795726100002,0],[99.324286967,0.237957264000045,0],[99.3240888060001,0.237955941000052,0],[99.3238853700001,0.237954614000046,0],[99.323681929,0.237949299000036,0],[99.3234639570001,0.237949305000029,0],[99.323218244,0.237949310000033,0],[99.3229989500001,0.237950645000069,0],[99.322867563,0.237951389000045,0],[99.322762492,0.237951991000045,0],[99.3224771390001,0.237950652000052,0],[99.322338567,0.237951372000055,0],[99.3222182210001,0.237952004000022,0],[99.32212909,0.237952935000067,0],[99.3219658960001,0.237954659000025,0],[99.3218252280001,0.237958185000025,0],[99.321825161,0.237958187000061,0],[99.3218236070001,0.237958226000046,0],[99.3217003660001,0.237961315000064,0],[99.321563444,0.237964132000059,0],[99.321560563,0.23796419100006,0],[99.3213767110001,0.237967973000025,0],[99.3210913660001,0.237971969000057,0],[99.3208935700001,0.237973792000048,0],[99.3208922580001,0.237973804000035,0],[99.320888509,0.237973839000063,0],[99.3208020480001,0.237974649000023,0],[99.3205655850001,0.237974654000027,0],[99.3204860910001,0.237973791000059,0],[99.3203172350001,0.237971987000037,0],[99.3200649440001,0.237965351000071,0],[99.320064916,0.237965348000046,0],[99.3198126240001,0.23795205700003,0],[99.3198125970001,0.23795205600004,0],[99.319554989,0.237942749000069,0],[99.319280216,0.237930784000071,0],[99.3190163040001,0.237919918000046,0],[99.3190159640001,0.237919904000023,0],[99.319012495,0.237919761000057,0],[99.318763688,0.237909517000048,0],[99.3180001250001,0.23786431700006,0],[99.3177544090001,0.237828414000035,0],[99.3175808880001,0.237803075000045,0],[99.317499448,0.237791182000024,0],[99.3172233490001,0.23774996100002,0],[99.31722332,0.237749957000062,0],[99.3170133020001,0.237715386000048,0],[99.316791369,0.237674167000023,0],[99.316590567,0.237640920000047,0],[99.316401656,0.237609006000071,0],[99.3161902880001,0.237570443000038,0],[99.3159749660001,0.237539863000052,0],[99.3157715180001,0.237521242000071,0],[99.3157714910001,0.237521240000035,0],[99.315569397,0.237511940000047,0],[99.3153606700001,0.237511938000068,0],[99.3151545870001,0.237521254000058,0],[99.314994745,0.237539884000057,0],[99.314861319,0.237554514000067,0],[99.3148237340001,0.237563719000036,0],[99.3148226610001,0.23756398200004,0],[99.3147635620001,0.237578456000051,0],[99.3147063160001,0.237601650000045,0],[99.3147057,0.237601900000072,0],[99.3146552380001,0.237622345000034,0],[99.3144845990001,0.237661985000045,0],[99.314412163,0.237651610000057,0],[99.3143813030001,0.237645732000033,0],[99.3142655330001,0.237623678000034,0],[99.3142655010001,0.237623667000037,0],[99.3141743780001,0.237583788000052,0],[99.314174354,0.237583778000044,0],[99.3141736480001,0.237583439000048,0],[99.3139418710001,0.237472079000042,0],[99.3134979970001,0.237287228000071,0],[99.3133724900001,0.237216742000044,0],[99.313262879,0.237159573000042,0],[99.3132628490001,0.23715955900002,0],[99.313255558,0.237156558000038,0],[99.313146595,0.237111685000059,0],[99.3130860640001,0.237100261000023,0],[99.313085474,0.237100149000071,0],[99.3130620540001,0.23709572100006,0],[99.3130404190001,0.237093851000054,0],[99.3129854270001,0.237089080000032,0],[99.3128718180001,0.237089082000068,0],[99.3128004160001,0.237091651000071,0],[99.3127238610001,0.23709440500005,0],[99.3126335440001,0.237096321000024,0],[99.3126323640001,0.237096347000033,0],[99.3125983620001,0.237097068000026,0],[99.3124358840001,0.237097082000048,0],[99.31228924,0.237091754000062,0],[99.3121293950001,0.23707313400007,0],[99.3119378390001,0.237035906000074,0],[99.3117410020001,0.236982713000032,0],[99.3116446640001,0.236959841000044,0],[99.3116009710001,0.236949483000046,0],[99.3113645050001,0.236890962000075,0],[99.311235046,0.236849727000049,0],[99.310776639,0.236755310000035,0],[99.310216503,0.23663030900002,0],[99.3099707950001,0.236562494000054,0],[99.309880945,0.236539411000024,0],[99.3097171530001,0.236497333000045,0],[99.3094661530001,0.236421532000065,0],[99.3092151490001,0.236348390000046,0],[99.3089232010001,0.236261952000064,0],[99.3086893770001,0.236195452000061,0],[99.3084581890001,0.236127638000028,0],[99.3082296440001,0.236057152000058,0],[99.3079984540001,0.235968059000072,0],[99.3079860220001,0.235963631000061,0],[99.307804268,0.235898904000067,0],[99.3075955400001,0.235828416000061,0],[99.3073947440001,0.235765918000027,0],[99.3073947170001,0.235765911000044,0],[99.3072111150001,0.235706077000032,0],[99.3070900230001,0.235673571000063,0],[99.3070327730001,0.235658203000071,0],[99.306333931,0.235457396000072,0],[99.305876852,0.235308456000041,0],[99.3057403770001,0.235259220000046,0],[99.305648309,0.235226004000026,0],[99.3053391710001,0.235108986000057,0],[99.3050683920001,0.234997283000041,0],[99.3050683650001,0.234997273000033,0],[99.3048847470001,0.234938761000024,0],[99.3046786610001,0.234893544000045,0],[99.3044791780001,0.234881577000067,0],[99.3043061210001,0.234870941000054,0],[99.3043060900001,0.234870937000039,0],[99.304277432,0.234866554000064,0],[99.304097395,0.234839027000021,0],[99.3039362270001,0.234784504000061,0],[99.303768452,0.234695402000057,0],[99.303616559,0.23460366300003,0],[99.3036165290001,0.234603641000035,0],[99.303489696,0.234509229000025,0],[99.303377422,0.23440946900007,0],[99.3032849420001,0.234323030000041,0],[99.3031939580001,0.234260878000043,0],[99.3031369830001,0.234221958000035,0],[99.3029678870001,0.234134186000063,0],[99.3028027510001,0.234047752000038,0],[99.3026468670001,0.233957318000023,0],[99.3026468360001,0.233957300000043,0],[99.302418329,0.233830969000053,0],[99.3024182950001,0.233830949000037,0],[99.3022122420001,0.233705962000045,0],[99.3022122140001,0.233705945000054,0],[99.302008797,0.233575633000044,0],[99.3018146030001,0.233428014000026,0],[99.3018145720001,0.233427990000052,0],[99.301617762,0.233275076000041,0],[99.3014288580001,0.233134113000062,0],[99.3012280470001,0.232983829000034,0],[99.3010549890001,0.232854829000075,0],[99.300866081,0.232701886000029,0],[99.3008660390001,0.232701852000048,0],[99.300682447,0.232534322000049,0],[99.3005186350001,0.232380053000043,0],[99.300373317,0.232245732000024,0],[99.300220073,0.232090131000064,0],[99.3000734330001,0.231913255000052,0],[99.2999990640001,0.231817850000027,0],[99.299998411,0.231817012000022,0],[99.2999973270001,0.231815621000067,0],[99.2999241510001,0.231721747000051,0],[99.2997841160001,0.231542209000054,0],[99.299716774,0.23145714900005,0],[99.2997158220001,0.23145594600004,0],[99.299644082,0.231365330000074,0],[99.2995304720001,0.23122435800002,0],[99.2995304460001,0.231224327000064,0],[99.2994300670001,0.231098017000022,0],[99.2993798430001,0.231027759000028,0],[99.2993794910001,0.231027266000069,0],[99.2993794110001,0.23102715400006,0],[99.2993793470001,0.231027064000045,0],[99.2993283440001,0.23095571600004,0],[99.2991724520001,0.230693727000073,0],[99.2990060130001,0.230373253000039,0],[99.2990059890001,0.230373218000068,0],[99.2989440210001,0.230287113000031,0],[99.2989428540001,0.230285492000064,0],[99.2988738880001,0.230189682000059,0],[99.298747086,0.229983587000049,0],[99.2987470610001,0.229983549000053,0],[99.2986228830001,0.229843904000063,0],[99.2985053070001,0.229721553000047,0],[99.298440225,0.229651898000043,0],[99.2984388840001,0.229650462000052,0],[99.2984379820001,0.229649496000036,0],[99.2983798130001,0.22958723000005,0],[99.29832286,0.229542413000047,0],[99.2983214640001,0.229541314000073,0],[99.298234488,0.229472860000044,0],[99.298097119,0.229369146000067,0],[99.298097096,0.22936912900002,0],[99.2979768800001,0.22929199400005,0],[99.2977185700001,0.229119269000023,0],[99.297614917,0.229049951000036,0],[99.2974854460001,0.228972820000024,0],[99.2973797910001,0.228930283000068,0],[99.297275379,0.228922327000021,0],[99.2973797610001,0.228930264000041,0],[99.2972753980001,0.228922286000056,0],[99.2971525410001,0.228926279000063,0],[99.2970668570001,0.228932179000026,0],[99.2970655330001,0.22893227000003,0],[99.2969979790001,0.22893692100007,0],[99.296811716,0.228951554000048,0],[99.296642617,0.228960871000027,0],[99.2963321820001,0.229004756000052,0],[99.2959134050001,0.229080577000047,0],[99.2958213680001,0.229090650000046,0],[99.2958193200001,0.229090875000054,0],[99.2957311010001,0.229100530000039,0],[99.295473497,0.229104534000044,0],[99.2953817540001,0.229105455000024,0],[99.2953788990001,0.229105484000058,0],[99.2952393950001,0.229106898000055,0],[99.2952106100001,0.229107190000036,0],[99.294959604,0.229112511000039,0],[99.2947297490001,0.22911651000004,0],[99.2945170610001,0.229107204000059,0],[99.2943056930001,0.229075291000072,0],[99.294086399,0.229027418000044,0],[99.2940863620001,0.229027411000061,0],[99.2938565360001,0.229003483000042,0],[99.293699325,0.229000825000071,0],[99.293527596,0.228999501000033,0],[99.2934140720001,0.228992744000038,0],[99.2934121740001,0.22899263100004,0],[99.293281881,0.228984876000027,0],[99.2931886490001,0.228963663000059,0],[99.2931873000001,0.228963357000055,0],[99.2931862030001,0.228963106000037,0],[99.293089008,0.228940992000048,0],[99.292896134,0.228865190000022,0],[99.292696655,0.228770768000061,0],[99.2924800010001,0.228673687000025,0],[99.29236611,0.228626754000061,0],[99.292254088,0.228580605000047,0],[99.292021623,0.228491511000072,0],[99.2920215930001,0.228491503000043,0],[99.2917877680001,0.228426333000073,0],[99.29156319,0.228367820000074,0],[99.2912013980001,0.228267807000066,0],[99.291053263,0.228226857000038,0],[99.2909134160001,0.228200318000063,0],[99.2909117950001,0.228200010000023,0],[99.290569759,0.228135101000021,0],[99.2903438600001,0.228135106000025,0],[99.2901536300001,0.228139099000032,0],[99.2900069880001,0.228145754000025,0],[99.2898682850001,0.228193633000046,0],[99.289763533,0.228250512000045,0],[99.2897628760001,0.228250869000021,0],[99.289762425,0.228251114000045,0],[99.2897601720001,0.228252338000061,0],[99.2897507230001,0.228257474000031,0],[99.2896410690001,0.228354560000071,0],[99.289548596,0.228455642000029,0],[99.289444239,0.228697688000068,0],[99.289370267,0.22897298700002,0],[99.2893386740001,0.229238943000041,0],[99.2893372460001,0.229250941000032,0],[99.2876822300001,0.229162040000062,0],[99.287253165,0.229138983000041,0],[99.2872352110001,0.229138018000071,0],[99.285823259,0.229062164000027,0],[99.2857254960001,0.228891938000061,0],[99.285725475,0.228891900000065,0],[99.285640947,0.228735006000022,0],[99.2856409220001,0.228734963000022,0],[99.2855669690001,0.228582061000054,0],[99.285499595,0.228429129000062,0],[99.28542164,0.228244259000064,0],[99.2853674670001,0.228119252000056,0],[99.2853132980001,0.227975614000059,0],[99.2852824140001,0.227893601000062,0],[99.2852551870001,0.227821343000073,0],[99.285199693,0.227675048000037,0],[99.2851926920001,0.227656600000046,0],[99.285165351,0.227584616000058,0],[99.285125727,0.227462293000031,0],[99.2851257180001,0.227462262000074,0],[99.2850913680001,0.227347888000054,0],[99.285049412,0.227201473000036,0],[99.2850121000001,0.227071262000038,0],[99.2849894290001,0.226961825000046,0],[99.2849539680001,0.22679064700003,0],[99.284947361,0.226693562000037,0],[99.28494735,0.226564551000024,0],[99.2849579320001,0.22640629600005,0],[99.2849579370001,0.226406251000071,0],[99.2849869830001,0.226210789000049,0],[99.2850226470001,0.225990023000065,0],[99.2850429260001,0.225889449000022,0],[99.2850430440001,0.225888857000029,0],[99.2850431750001,0.225888207000025,0],[99.2850583110001,0.225813140000071,0],[99.285074034,0.225743488000035,0],[99.285074116,0.225743123000029,0],[99.285074153,0.225742960000048,0],[99.285074159,0.225742933000049,0],[99.2850979390001,0.225637588000041,0],[99.2851164300001,0.225495287000058,0],[99.285117755,0.225367609000045,0],[99.285117756,0.22536756900007,0],[99.2851111420001,0.225235946000055,0],[99.2851015420001,0.225173133000055,0],[99.2851014980001,0.225172846000021,0],[99.285092638,0.225114928000039,0],[99.2850596160001,0.224988578000023,0],[99.285047058,0.224943625000037,0],[99.285047004,0.224943433000021,0],[99.285046965,0.224943292000034,0],[99.2850358370001,0.224903463000032,0],[99.2850094170001,0.224794408000037,0],[99.285009405,0.22479437100003,0],[99.2849658360001,0.224713321000024,0],[99.284965813,0.224713288000032,0],[99.284923527,0.224657424000043,0],[99.2848337090001,0.224594921000062,0],[99.284763694,0.224552364000033,0],[99.2846791490001,0.224504487000047,0],[99.2846791250001,0.224504473000025,0],[99.2845959160001,0.224460602000022,0],[99.28449684,0.224418046000039,0],[99.2844233440001,0.224395438000045,0],[99.284423206,0.224395396000034,0],[99.2844229880001,0.22439532900006,0],[99.2844017560001,0.224388790000035,0],[99.2844017290001,0.224388782000062,0],[99.2843026790001,0.224362197000062,0],[99.2843026470001,0.224362188000043,0],[99.2841745040001,0.224328946000071,0],[99.2840384350001,0.224289050000039,0],[99.2839076450001,0.22425447400002,0],[99.2837847820001,0.224222550000036,0],[99.2836130650001,0.224178675000076,0],[99.283432072,0.224122820000048,0],[99.2830938920001,0.22402174900003,0],[99.282389767,0.223856862000048,0],[99.2822563280001,0.223806314000058,0],[99.2820700660001,0.223734504000049,0],[99.2818078380001,0.223566160000075,0],[99.281682984,0.223492351000061,0],[99.2815948160001,0.223443474000021,0],[99.2815086150001,0.223407567000038,0],[99.281426378,0.223407569000074,0],[99.2813738780001,0.223421540000061,0],[99.2813065330001,0.223470382000073,0],[99.2813064950001,0.22347041200004,0],[99.2812341730001,0.223528263000048,0],[99.281188232,0.223572973000046,0],[99.281187683,0.223573507000026,0],[99.281145,0.223615045000031,0],[99.281100526,0.223664193000047,0],[99.2810637700001,0.223704834000046,0],[99.280977562,0.223786610000047,0],[99.2809382820001,0.223819081000045,0],[99.2808834370001,0.223864419000051,0],[99.280770493,0.223942217000058,0],[99.2807234380001,0.223967726000069,0],[99.2807233440001,0.223967777000041,0],[99.2807226740001,0.223968140000068,0],[99.280667453,0.223998077000033,0],[99.2806014180001,0.224024861000032,0],[99.28060028,0.224025323000035,0],[99.280529733,0.224053937000065,0],[99.280396963,0.224091846000022,0],[99.280244387,0.224117773000046,0],[99.2802443520001,0.224117780000029,0],[99.2801776410001,0.224131304000025,0],[99.2800868800001,0.22414969600004,0],[99.2800868530001,0.224149702000034,0],[99.280057206,0.224154312000053,0],[99.2799649830001,0.224168657000064,0],[99.2798827540001,0.22417064900003,0],[99.279803492,0.224157686000069,0],[99.2797004490001,0.224095850000026,0],[99.2797004340001,0.224095808000072,0],[99.2796782610001,0.224058620000051,0],[99.2796779350001,0.224058073000037,0],[99.279676953,0.224056426000061,0],[99.2796499040001,0.224011060000066,0],[99.2795914610001,0.223950216000048,0],[99.2795221050001,0.22391331700004,0],[99.279442842,0.223914314000069,0],[99.279392349,0.223937997000064,0],[99.279392025,0.223938149000048,0],[99.279391854,0.223938230000044,0],[99.279390569,0.223938833000034,0],[99.2793556540001,0.223955209000053,0],[99.279328219,0.223980784000048,0],[99.2793274530001,0.223981498000057,0],[99.279302139,0.224005086000034,0],[99.2792733190001,0.224035496000056,0],[99.2792710530001,0.224037887000065,0],[99.279260546,0.224048968000034,0],[99.27923775,0.224056956000027,0],[99.2791822660001,0.22405894700006,0],[99.2791538180001,0.22404715700003,0],[99.2790980500001,0.224024045000021,0],[99.2790465530001,0.223952267000072,0],[99.2790465340001,0.22395222900002,0],[99.2790267110001,0.223837521000064,0],[99.2790258650001,0.223800174000075,0],[99.2790247230001,0.223749744000031,0],[99.2790231380001,0.223712548000037,0],[99.279023124,0.223712221000028,0],[99.2790231130001,0.223711964000074,0],[99.2790217470001,0.223679918000073,0],[99.2790078690001,0.223601128000041,0],[99.2789731980001,0.223520326000028,0],[99.27893915,0.223454510000067,0],[99.2789388050001,0.223453844000062,0],[99.278938468,0.223453192000022,0],[99.27892367,0.22342457000002,0],[99.2788761100001,0.22332482500002,0],[99.278876096,0.223324798000021,0],[99.2788295590001,0.223218153000062,0],[99.278829531,0.223218107000037,0],[99.2788087330001,0.223123351000027,0],[99.2788003790001,0.223072626000032,0],[99.278782956,0.222966749000022,0],[99.2787815410001,0.222921535000069,0],[99.2787789910001,0.222840071000064,0],[99.2787760140001,0.222660529000052,0],[99.2787631300001,0.222380247000046,0],[99.2787602340001,0.22235497500003,0],[99.2787602180001,0.222354837000069,0],[99.2787542140001,0.222302441000068,0],[99.278738612,0.222264104000033,0],[99.278738601,0.222264076000044,0],[99.2787205210001,0.222219651000046,0],[99.278698976,0.222196413000063,0],[99.2786986950001,0.222196108000048,0],[99.2786650360001,0.222159805000047,0],[99.2786204530001,0.222129886000062,0],[99.2785847250001,0.222121033000064,0],[99.2785840510001,0.222120867000058,0],[99.2785839190001,0.22212083300002,0],[99.278556053,0.222113929000045,0],[99.2784886800001,0.222108945000059,0],[99.278335106,0.222109943000021,0],[99.278225127,0.222117924000031,0],[99.2781622000001,0.222139961000039,0],[99.2780884040001,0.222165805000031,0],[99.2780411480001,0.222198511000045,0],[99.2780406210001,0.22219887600005,0],[99.27799329,0.222231634000025,0],[99.277923157,0.222287010000059,0],[99.2779231280001,0.222287033000043,0],[99.2779228510001,0.222287252000058,0],[99.277922657,0.222287405000031,0],[99.2778922270001,0.222311432000026,0],[99.277853285,0.222344795000026,0],[99.2777792840001,0.222408194000025,0],[99.2776465160001,0.222512927000025,0],[99.2775573490001,0.222582741000053,0],[99.2774662,0.222631630000024,0],[99.2773700970001,0.222668535000025,0],[99.277256155,0.222702447000074,0],[99.2771999920001,0.222707589000038,0],[99.2771994500001,0.222707640000067,0],[99.2771986870001,0.222707709000019,0],[99.277147164,0.222712427000033,0],[99.2770044910001,0.222710431000053,0],[99.276947255,0.222706866000067,0],[99.2769467780001,0.222706836000043,0],[99.276946524,0.222706820000042,0],[99.2768925340001,0.222703457000023,0],[99.2767548140001,0.222686503000034,0],[99.2766141260001,0.222666550000042,0],[99.2764991940001,0.222632643000054,0],[99.2764070530001,0.22258875700004,0],[99.2763287880001,0.222540879000064,0],[99.2762465380001,0.222446122000065,0],[99.2761960120001,0.222339390000059,0],[99.2761959970001,0.222339354000042,0],[99.27617322,0.222215709000068,0],[99.276159512,0.222155094000072,0],[99.2761454760001,0.222093029000064,0],[99.2761224910001,0.222039591000055,0],[99.2761038570001,0.221996270000034,0],[99.2760444100001,0.221935428000052,0],[99.2759720830001,0.221899522000058,0],[99.2759156120001,0.221886556000072,0],[99.275915582,0.221886552000058,0],[99.275829409,0.221871596000028,0],[99.275786952,0.221861828000044,0],[99.2757863720001,0.22186169400004,0],[99.2757863420001,0.221861687000057,0],[99.2757600500001,0.221855638000022,0],[99.275694662,0.221824716000071,0],[99.2756124240001,0.221750910000026,0],[99.275517306,0.221671119000064,0],[99.2755172750001,0.221671096000023,0],[99.275423178,0.221613261000073,0],[99.2753575130001,0.221580872000061,0],[99.2753568000001,0.221580520000032,0],[99.2753559640001,0.221580108000069,0],[99.2753552120001,0.22157973700007,0],[99.275324099,0.221564390000026,0],[99.275296354,0.221555796000075,0],[99.2752951470001,0.221555422000051,0],[99.275246822,0.221540452000056,0],[99.2751318910001,0.221534474000066,0],[99.2750040820001,0.221544446000053,0],[99.2749450590001,0.221555790000025,0],[99.2748950920001,0.221565393000049,0],[99.2747941170001,0.221588084000075,0],[99.2747841240001,0.221590331000073,0],[99.274784099,0.221590338000055,0],[99.274762422,0.221594068000059,0],[99.2746622560001,0.221611284000062,0],[99.2745592140001,0.22161128700003,0],[99.2744821240001,0.221604231000072,0],[99.274481961,0.22160421600006,0],[99.2744817640001,0.221604198000023,0],[99.274439332,0.221600314000057,0],[99.2743731840001,0.221590996000032,0],[99.274372854,0.221590950000063,0],[99.2743712640001,0.221590726000045,0],[99.2743707850001,0.221590659000071,0],[99.2743695940001,0.221590491000029,0],[99.2743402520001,0.221586364000075,0],[99.2743402230001,0.22158636000006,0],[99.2742084750001,0.221557423000036,0],[99.2740677830001,0.221531499000037,0],[99.2739082730001,0.221521518000031,0],[99.273755695,0.221518537000065,0],[99.2736308360001,0.221510572000057,0],[99.2735875010001,0.221501213000067,0],[99.2735860500001,0.221500899000034,0],[99.2735857470001,0.22150083400004,0],[99.2735198810001,0.221486626000058,0],[99.273432686,0.221452703000068,0],[99.2733633230001,0.221402849000071,0],[99.2733078910001,0.221351019000053,0],[99.2733078540001,0.221350977000043,0],[99.2732434440001,0.221267195000053,0],[99.2732434260001,0.221267167000065,0],[99.2731086940001,0.220974929000022,0],[99.2730175450001,0.220769499000028,0],[99.2730175350001,0.220769466000036,0],[99.2729412460001,0.220599893000042,0],[99.2728958380001,0.220514328000036,0],[99.272863967,0.220454270000062,0],[99.272755965,0.220284699000047,0],[99.2727559470001,0.220284676000063,0],[99.2726598550001,0.220151048000048,0],[99.272552836,0.220013403000053,0],[99.2724616990001,0.219882736000045,0],[99.2724616780001,0.219882703000053,0],[99.272381431,0.219728128000042,0],[99.272323988,0.219603477000021,0],[99.2723239750001,0.219603451000069,0],[99.2722704670001,0.219509689000063,0],[99.2722258810001,0.219463814000051,0],[99.2721495860001,0.21942690100002,0],[99.2721064,0.219413566000071,0],[99.2721059890001,0.21941343900005,0],[99.2720623960001,0.219399978000069,0],[99.2719405390001,0.21936505900004,0],[99.2719405020001,0.219365049000032,0],[99.271836496,0.219317191000073,0],[99.2717393920001,0.219276308000076,0],[99.2716502320001,0.219246375000068,0],[99.2715570920001,0.21924040500005,0],[99.271452083,0.219241401000033,0],[99.2713559700001,0.219245384000033,0],[99.2712648140001,0.21926632900005,0],[99.2711934770001,0.219318201000021,0],[99.2711191690001,0.219398990000059,0],[99.2710468480001,0.219488770000055,0],[99.2710468220001,0.219488802000058,0],[99.2710042410001,0.219554596000023,0],[99.2709685740001,0.219649358000026,0],[99.270956686,0.219722169000022,0],[99.2709566870001,0.219801965000045,0],[99.2709616500001,0.219880766000074,0],[99.2709713500001,0.219925932000024,0],[99.27097137,0.219926025000063,0],[99.2709714010001,0.219926171000054,0],[99.2709775000001,0.219954586000028,0],[99.2710448780001,0.220068287000061,0],[99.2710934280001,0.220150082000032,0],[99.2710934420001,0.22015011000002,0],[99.271140986,0.220258801000057,0],[99.271150887,0.220352554000044,0],[99.271144856,0.220405239000058,0],[99.2711446960001,0.220406634000028,0],[99.271141986,0.220430333000024,0],[99.2711419780001,0.220430364000038,0],[99.2711191810001,0.220512150000047,0],[99.2711191650001,0.220512194000037,0],[99.2710696560001,0.220583968000028,0],[99.2708913120001,0.220704677000072,0],[99.270836827,0.220747085000028,0],[99.270795214,0.220779474000039,0],[99.2707951940001,0.22077949200002,0],[99.2707258560001,0.22086226700003,0],[99.270710696,0.220889613000054,0],[99.2707105120001,0.220889946000057,0],[99.2706782990001,0.220948053000029,0],[99.2706198440001,0.221044807000055,0],[99.2705544570001,0.221083709000027,0],[99.2705152520001,0.22109105200002,0],[99.270514995,0.221091100000024,0],[99.2705144500001,0.221091202000025,0],[99.2704692450001,0.221099670000058,0],[99.2704222140001,0.221093469000039,0],[99.2704216320001,0.221093393000046,0],[99.270421201,0.221093335000035,0],[99.2703860180001,0.221088697000027,0],[99.2703186430001,0.221044808000045,0],[99.270240378,0.220988954000063,0],[99.2701521930001,0.220966014000055,0],[99.27003726,0.22095704000003,0],[99.2699183650001,0.220963027000039,0],[99.2699183340001,0.220963036000057,0],[99.2698054210001,0.220978983000066,0],[99.269752,0.220991150000032,0],[99.2697514560001,0.220991274000028,0],[99.2697221880001,0.220997952000062,0],[99.2696231140001,0.22104680800004,0],[99.2695745720001,0.221091707000028,0],[99.2695411400001,0.221149160000039,0],[99.2695339630001,0.221161498000072,0],[99.269533945,0.22116152500007,0],[99.2695306640001,0.221192706000068,0],[99.269530655,0.221192793000057,0],[99.26953059,0.221193404000076,0],[99.26953058,0.221193499000037,0],[99.2695270170001,0.221227362000036,0],[99.2695286650001,0.22125929200007,0],[99.2695286680001,0.221259351000072,0],[99.2695309810001,0.22130416300007,0],[99.269531859,0.221339104000037,0],[99.26953296,0.221382964000043,0],[99.269531838,0.221432217000029,0],[99.2695309840001,0.221469736000074,0],[99.269529004,0.221555520000038,0],[99.269529989,0.221627339000065,0],[99.2695329650001,0.221678211000039,0],[99.2695353590001,0.221691857000053,0],[99.2695353830001,0.221691990000068,0],[99.2695354030001,0.221692106000035,0],[99.2695389150001,0.221712120000063,0],[99.2695656600001,0.221749023000029,0],[99.2695993340001,0.221781924000027,0],[99.2695993520001,0.221781946000021,0],[99.2696191680001,0.221816849000049,0],[99.269622144,0.22186672700002,0],[99.2696171910001,0.221878702000026,0],[99.2695825160001,0.221921585000075,0],[99.2695210850001,0.221953512000027,0],[99.269438843,0.221985434000032,0],[99.269311036,0.222017350000044,0],[99.2691227870001,0.222058257000072,0],[99.2689424650001,0.222121092000066,0],[99.26883051,0.222200890000067,0],[99.2687571900001,0.222306618000061,0],[99.2687195460001,0.222437287000048,0],[99.2687027030001,0.222585899000023,0],[99.2686630730001,0.222712585000068,0],[99.2686630600001,0.222712615000034,0],[99.2686194840001,0.222779418000073,0],[99.2685659830001,0.22279936700005,0],[99.2684847690001,0.222801357000037,0],[99.2684847400001,0.222801355000058,0],[99.268427267,0.22279538500004,0],[99.268330183,0.222765448000075,0],[99.268235056,0.222731537000072,0],[99.2681379640001,0.222683679000056,0],[99.2680250120001,0.222621827000069,0],[99.2679905290001,0.222604187000059,0],[99.26790413,0.222559991000026,0],[99.2677753310001,0.222494157000028,0],[99.2676792170001,0.222430322000037,0],[99.267622864,0.222385661000033,0],[99.267622057,0.222385022000026,0],[99.2676212420001,0.222384376000036,0],[99.267586087,0.222356516000048,0],[99.2675374450001,0.222306981000031,0],[99.267500897,0.222269771000072,0],[99.2675008720001,0.222269739000069,0],[99.267423594,0.22215901900006,0],[99.267387457,0.222100972000021,0],[99.267386172,0.222098908000021,0],[99.267385775,0.22209827000006,0],[99.2673304530001,0.22200940700003,0],[99.2672899140001,0.221936300000039,0],[99.2672895630001,0.221935668000071,0],[99.2672894030001,0.221935379000058,0],[99.2672402960001,0.221846821000042,0],[99.2671873960001,0.221749743000032,0],[99.267145176,0.221672265000052,0],[99.2670649130001,0.221528634000038,0],[99.266970793,0.221377021000023,0],[99.2669152550001,0.221295311000063,0],[99.266880627,0.221244364000029,0],[99.2667884830001,0.221118682000053,0],[99.266694354,0.220992014000046,0],[99.2665853610001,0.220852372000024,0],[99.266512043,0.220750627000029,0],[99.266450611,0.220662854000068,0],[99.266323813,0.220516260000068,0],[99.2663237820001,0.220516236000037,0],[99.2661395060001,0.220374606000064,0],[99.2660384370001,0.22028382700006,0],[99.265957218,0.220182130000069,0],[99.2659571950001,0.220182095000041,0],[99.2658858570001,0.220077354000068,0],[99.2658363100001,0.219996567000067,0],[99.2658362760001,0.219996524000067,0],[99.2657808270001,0.21994270700003,0],[99.2656956230001,0.219879867000031,0],[99.265647083,0.219826006000062,0],[99.2656232990001,0.219760172000065,0],[99.265625271,0.21968436700007,0],[99.2656678760001,0.219569657000022,0],[99.265693528,0.219514926000045,0],[99.2656936500001,0.21951466500002,0],[99.2656937580001,0.219514434000075,0],[99.2656938540001,0.219514230000073,0],[99.265694093,0.21951371800003,0],[99.2657094690001,0.219480880000049,0],[99.2657094840001,0.219480850000025,0],[99.2657263300001,0.219343231000039,0],[99.2657283,0.219187627000053,0],[99.2657282970001,0.21918759700003,0],[99.265736222,0.21907890600005,0],[99.265736227,0.219078873000058,0],[99.265750917,0.219015160000026,0],[99.2657524150001,0.219008662000022,0],[99.265764968,0.218954229000076,0],[99.2657728820001,0.218842512000037,0],[99.265769914,0.218745761000037,0],[99.2657613690001,0.218704473000059,0],[99.2657613270001,0.218704268000067,0],[99.265750096,0.218650005000029,0],[99.265745698,0.21860132300003,0],[99.265743157,0.218573194000044,0],[99.265746139,0.218486415000029,0],[99.2657728830001,0.218377687000043,0],[99.2657808010001,0.218321848000073,0],[99.2657808440001,0.218321544000048,0],[99.2657810250001,0.218320266000035,0],[99.2657810750001,0.218319910000048,0],[99.2657897140001,0.218259,0],[99.2657926860001,0.218163246000074,0],[99.2657907070001,0.218112374000043,0],[99.2657868860001,0.218098430000055,0],[99.2657827800001,0.218083450000051,0],[99.2657544140001,0.218057009000063,0],[99.265729273,0.21803357400006,0],[99.2656341580001,0.217997672000024,0],[99.2655717440001,0.21797373000004,0],[99.2655212110001,0.217931842000041,0],[99.2654795990001,0.217869993000022,0],[99.265479579,0.217869964000045,0],[99.2654231180001,0.217798180000045,0],[99.265333958,0.217749302000072,0],[99.265314141,0.21774455000002,0],[99.2653137770001,0.217744463000031,0],[99.2652467620001,0.217728366000074,0],[99.2652288740001,0.217724639000039,0],[99.2652287130001,0.217724605000058,0],[99.2652286470001,0.217724591000035,0],[99.2652286210001,0.217724586000031,0],[99.2652180220001,0.21772237700003,0],[99.2652179940001,0.217722347000063,0],[99.2651863470001,0.217693484000051,0],[99.265186316,0.217693453000038,0],[99.265162537,0.217645576000052,0],[99.2651494710001,0.217587803000072,0],[99.2651494190001,0.21758757300006,0],[99.2651397530001,0.217544836000059,0],[99.2651288480001,0.217418155000075,0],[99.265120917,0.217314415000033,0],[99.2651153470001,0.217280081000069,0],[99.2651153240001,0.217279936000068,0],[99.2651040790001,0.217210686000044,0],[99.265094176,0.217172979000054,0],[99.2650812700001,0.21712390600004,0],[99.2650619560001,0.217056738000053,0],[99.265061824,0.217056280000065,0],[99.2650505780001,0.217017175000024,0],[99.2650426470001,0.216948348000074,0],[99.2650426500001,0.216894505000027,0],[99.2650440780001,0.216879302000052,0],[99.265044082,0.216879261000031,0],[99.2650466040001,0.216852599000049,0],[99.2650512980001,0.216830997000045,0],[99.2650513360001,0.216830824000056,0],[99.2650604770001,0.216788761000032,0],[99.2650617200001,0.216771831000074,0],[99.2650617310001,0.216771674000029,0],[99.2650624400001,0.216761822000024,0],[99.2650624400001,0.216736894000064,0],[99.2650624380001,0.216736855000022,0],[99.2650594550001,0.216721490000054,0],[99.265059422,0.216721321000023,0],[99.2650593650001,0.216721029000041,0],[99.2650525500001,0.216686021000044,0],[99.265012917,0.216616205000037,0],[99.2649762550001,0.216550357000074,0],[99.2649039230001,0.21643266600006,0],[99.2648543860001,0.216293032000067,0],[99.264824639,0.216182765000042,0],[99.264813754,0.216142414000046,0],[99.264794206,0.216084434000038,0],[99.264758267,0.215977837000025,0],[99.264712693,0.215848165000068,0],[99.2646898120001,0.215792504000035,0],[99.2646896560001,0.215792124000075,0],[99.2646895030001,0.215791753000076,0],[99.2646770140001,0.215761403000045,0],[99.2646096490001,0.215680594000048,0],[99.264513541,0.215626734000068,0],[99.2644233780001,0.215588837000041,0],[99.2644233560001,0.215588822000029,0],[99.264385309,0.215552582000043,0],[99.2643844880001,0.215551799000025,0],[99.264384335,0.215551654000024,0],[99.264350059,0.215519006000022,0],[99.2642945760001,0.215419269000051,0],[99.264294556,0.215419231000055,0],[99.264232157,0.215290604000074,0],[99.2641568540001,0.215202828000031,0],[99.26405579,0.215141985000059,0],[99.263972562,0.215116049000073,0],[99.2639210410001,0.215090112000041,0],[99.2638576290001,0.215016306000052,0],[99.263833849,0.214946480000037,0],[99.263833849,0.214946435000059,0],[99.2638338470001,0.214840785000035,0],[99.2638338510001,0.214840755000068,0],[99.2638526680001,0.21472708400006,0],[99.263852677,0.214727040000071,0],[99.2638664290001,0.214659601000051,0],[99.2638754600001,0.214615324000022,0],[99.2638765760001,0.214570278000053,0],[99.2638765920001,0.214569610000069,0],[99.2638774360001,0.214535528000056,0],[99.2638712670001,0.214489581000066,0],[99.2638625710001,0.214424817000065,0],[99.263855656,0.214386730000058,0],[99.263845728,0.214332047000028,0],[99.2638378,0.214227317000052,0],[99.2638417620001,0.214085681000029,0],[99.2638754490001,0.213900151000075,0],[99.263927945,0.213670750000063,0],[99.2639665930001,0.213477227000055,0],[99.264028862,0.213247344000024,0],[99.264030259,0.213242187000048,0],[99.2640320890001,0.213235431000044,0],[99.2640884360001,0.213027365000073,0],[99.264154826,0.212732123000023,0],[99.2641815750001,0.212591477000046,0],[99.26420633,0.212407940000048,0],[99.2642251650001,0.212183526000047,0],[99.264238037,0.211993014000029,0],[99.2642449740001,0.211822442000027,0],[99.2642471140001,0.211725949000027,0],[99.2642489340001,0.211643904000027,0],[99.2642489300001,0.211431440000069,0],[99.264248927,0.211253897000063,0],[99.264250905,0.211045431000059,0],[99.264252883,0.210818011000072,0],[99.2642508980001,0.210471892000044,0],[99.2642508970001,0.21047186200002,0],[99.2642501930001,0.210421939000071,0],[99.2642501920001,0.210421885000073,0],[99.2642489120001,0.210330249000037,0],[99.2656133010001,0.21027207000003,0],[99.26560894,0.210193869000022,0],[99.2660427380001,0.210178921000022,0],[99.2660567190001,0.210741294000059,0],[99.2662112030001,0.210736018000034,0],[99.2661675410001,0.209447831000034,0],[99.266065267,0.209454811000057,0],[99.2660647500001,0.209454846000028,0],[99.2660629570001,0.209454969000035,0],[99.2660622450001,0.209455018000028,0],[99.2660130520001,0.209458383000026,0],[99.266022659,0.210083138000073,0],[99.2656234080001,0.210103159000028,0],[99.2656019520001,0.210104234000028,0],[99.2656000790001,0.210085971000069,0],[99.265600067,0.210085855000045,0],[99.2656000250001,0.210085445000061,0],[99.2655967210001,0.210053310000035,0],[99.2655967170001,0.210053273000028,0],[99.2649057120001,0.210080211000047,0],[99.264898057,0.210080509000022,0],[99.2642438220001,0.210106013000029,0],[99.26424195,0.21006266400002,0],[99.2642350300001,0.209902348000071,0],[99.2642251230001,0.209743746000072,0],[99.2642210690001,0.209675635000053,0],[99.264221062,0.209675525000023,0],[99.2642152080001,0.209577177000028,0],[99.264208275,0.209414589000062,0],[99.2642082730001,0.20941454900003,0],[99.2642003440001,0.209255988000052,0],[99.264195381,0.209107373000052,0],[99.2641854780001,0.208950776000052,0],[99.2641735860001,0.208808142000066,0],[99.2641488260001,0.208663512000044,0],[99.264114147,0.208541853000042,0],[99.2641141340001,0.208541816000036,0],[99.264066573,0.208414137000034,0],[99.2639754210001,0.20819670000003,0],[99.263906058,0.208061050000026,0],[99.2638747390001,0.208010343000069,0],[99.2638327430001,0.207942352000032,0],[99.2638132640001,0.207913829000063,0],[99.263774804,0.207857513000022,0],[99.263774379,0.207856892000052,0],[99.263745548,0.207814696000071,0],[99.26364449,0.207690993000028,0],[99.2636444670001,0.207690964000051,0],[99.2635563030001,0.207576292000056,0],[99.263556286,0.207576268000025,0],[99.2634839770001,0.207469561000039,0],[99.2634839610001,0.20746953400004,0],[99.2634754090001,0.20744983700007,0],[99.2634255170001,0.207334911000032,0],[99.263411638,0.207197265000048,0],[99.2634116470001,0.207085542000073,0],[99.263425511,0.206932934000065,0],[99.2634542380001,0.20679229600006,0],[99.2634978310001,0.206620731000044,0],[99.263668237,0.206210774000056,0],[99.263719757,0.206080102000044,0],[99.2637565210001,0.206002555000055,0],[99.2637567660001,0.206002038000065,0],[99.2637568370001,0.206001889000049,0],[99.2637821770001,0.205948437000075,0],[99.2638564870001,0.20584271000007,0],[99.2639486260001,0.205757918000074,0],[99.263990328,0.205726325000057,0],[99.2639907240001,0.205726025000047,0],[99.263991193,0.205725670000049,0],[99.2639914090001,0.205725506000022,0],[99.2640486910001,0.205682110000055,0],[99.264094566,0.205640301000074,0],[99.264094867,0.205640027000072,0],[99.2640952740001,0.205639656000074,0],[99.2641220130001,0.205615286000068,0],[99.2641527760001,0.205573498000035,0],[99.2641531260001,0.205573022000067,0],[99.2641532870001,0.205572803000052,0],[99.2641533190001,0.205572760000052,0],[99.2641535960001,0.20557238300006,0],[99.2641844330001,0.205530494000072,0],[99.2642399160001,0.205418774000066,0],[99.2642696350001,0.205303067000045,0],[99.2642874690001,0.205170413000076,0],[99.2642904320001,0.205016809000028,0],[99.264291036,0.20492603200006,0],[99.2642914180001,0.204867171000046,0],[99.264295631,0.204813226000056,0],[99.2642956380001,0.204813130000048,0],[99.2642956910001,0.204812455000024,0],[99.2643033140001,0.204714578000051,0],[99.264346904,0.204545005000057,0],[99.264346915,0.204544970000029,0],[99.2643560210001,0.204516929000022,0],[99.264359707,0.204505579000056,0],[99.2643598160001,0.204505244000075,0],[99.2643974270001,0.204389401000071,0],[99.2644194590001,0.204321809000021,0],[99.264439043,0.204261726000027,0],[99.2644806490001,0.20414203100006,0],[99.2644806600001,0.204141995000043,0],[99.2645143380001,0.20400238700006,0],[99.2645727930001,0.203792925000073,0],[99.2645886450001,0.203717117000053,0],[99.264591609,0.203647291000038,0],[99.2645698050001,0.203576478000059,0],[99.264549909,0.203536881000048,0],[99.2645496050001,0.203536277000069,0],[99.2645281960001,0.203493689000027,0],[99.264486596,0.20341189200002,0],[99.2644865770001,0.20341185500007,0],[99.264440015,0.203314148000061,0],[99.2644053340001,0.203197448000026,0],[99.2643686750001,0.203029872000059,0],[99.2643290380001,0.20289023600003,0],[99.2643290290001,0.202890209000032,0],[99.2643231920001,0.202875354000071,0],[99.264322786,0.202874320000035,0],[99.264322656,0.202873990000057,0],[99.264322457,0.20287348200003,0],[99.264274544,0.202751586000034,0],[99.2642349100001,0.202650856000048,0],[99.2642002310001,0.202543130000038,0],[99.2641897570001,0.202507384000057,0],[99.2641695200001,0.202438382000025,0],[99.2641219600001,0.202342627000064,0],[99.2640684520001,0.202266821000023,0],[99.2640439190001,0.202237762000038,0],[99.2640435870001,0.202237367000066,0],[99.264017928,0.202206975000024,0],[99.2639376710001,0.202148133000037,0],[99.263853451,0.202095263000047,0],[99.263785215,0.20205530800007,0],[99.263784495,0.202054887000031,0],[99.263783732,0.20205444000004,0],[99.2637563540001,0.202038413000025,0],[99.263623587,0.201987541000051,0],[99.2635525110001,0.201965149000046,0],[99.26355176,0.201964912000051,0],[99.263551163,0.20196472400005,0],[99.2634937920001,0.201946650000025,0],[99.2634224500001,0.201930746000073,0],[99.2634216330001,0.201930564000065,0],[99.263355082,0.201915728000074,0],[99.2631400830001,0.201884818000053,0],[99.2629865100001,0.201887806000059,0],[99.262850804,0.201893796000036,0],[99.2628507750001,0.201893797000025,0],[99.26274377,0.20190477400007,0],[99.262614973,0.201924727000062,0],[99.262614936,0.201924735000034,0],[99.2624683370001,0.201979580000057,0],[99.2624248120001,0.202002751000066,0],[99.2623821380001,0.202025469000034,0],[99.262349079,0.202043392000064,0],[99.2623484840001,0.202043714000069,0],[99.2622662190001,0.202088313000047,0],[99.2622200810001,0.20211080200005,0],[99.2622199470001,0.202110867000044,0],[99.2622194830001,0.202111093000042,0],[99.2621720930001,0.202134193000063,0],[99.262077967,0.202168112000038,0],[99.2620215270001,0.202199007000047,0],[99.2620214950001,0.202199027000063,0],[99.2619571260001,0.202265843000021,0],[99.2619571100001,0.202265867000051,0],[99.2619439310001,0.202292020000073,0],[99.2619194440001,0.202340672000048,0],[99.261916709,0.202354445000026,0],[99.2619166960001,0.202354510000021,0],[99.2619144920001,0.202365607000047,0],[99.2619144930001,0.202386551000075,0],[99.2619263820001,0.20244241000006,0],[99.2619561020001,0.202519215000052,0],[99.2620056490001,0.202599014000043,0],[99.262056182,0.202666840000063,0],[99.262071355,0.202698342000076,0],[99.2620878880001,0.202732668000067,0],[99.262099516,0.202792267000063,0],[99.2620995490001,0.202792438000074,0],[99.2621096830001,0.20284438300007,0],[99.2621156390001,0.202931131000071,0],[99.2621156380001,0.202931163000073,0],[99.2621176120001,0.203022929000042,0],[99.26211435,0.203074423000032,0],[99.2621143440001,0.203074514000036,0],[99.262111673,0.203116686000044,0],[99.2620849210001,0.203217436000045,0],[99.2620353990001,0.203302175000033,0],[99.2620353790001,0.203302218000033,0],[99.26196207,0.203379024000071,0],[99.261962033,0.203379055000028,0],[99.2618580380001,0.203460818000053,0],[99.2617619260001,0.203531633000068,0],[99.2616668140001,0.203604468000037,0],[99.2615776910001,0.203668296000046,0],[99.2615739430001,0.203670980000027,0],[99.2615637710001,0.203678264000075,0],[99.26156374,0.203678290000028,0],[99.2614746070001,0.203747088000057,0],[99.261430514,0.203785983000046,0],[99.2614297110001,0.20378669400003,0],[99.2613705780001,0.203838856000061,0],[99.2611962020001,0.203962543000046,0],[99.2611407300001,0.204008987000066,0],[99.261140637,0.204009065000037,0],[99.2610961270001,0.204046331000029,0],[99.2609811980001,0.204157053000074,0],[99.260893901,0.20423605700006,0],[99.260892772,0.204237079000052,0],[99.2607949330001,0.204325624000035,0],[99.2607403760001,0.204366703000062,0],[99.260739931,0.204367039000033,0],[99.260739228,0.204367568000066,0],[99.2606810010001,0.204411411000024,0],[99.2605621060001,0.204496192000022,0],[99.2604600610001,0.204563032000067,0],[99.2603213450001,0.204643815000054,0],[99.2601984890001,0.204708664000066,0],[99.26008455,0.204765520000024,0],[99.260022318,0.204785623000021,0],[99.2600221500001,0.204785677000075,0],[99.260020297,0.20478627600005,0],[99.2599517900001,0.204808406000041,0],[99.2598646010001,0.204814396000074,0],[99.259745706,0.204808409000066,0],[99.259622849,0.20478547600004,0],[99.259504942,0.204722637000032,0],[99.259410814,0.204648822000024,0],[99.2593711410001,0.204618868000068,0],[99.2593706270001,0.204618480000022,0],[99.2593315510001,0.204588976000025,0],[99.259246347,0.204553068000052,0],[99.2591849130001,0.204553069000042,0],[99.2590828610001,0.204587985000046,0],[99.2589828220001,0.204645827000036,0],[99.2589827950001,0.204645842000048,0],[99.2588916440001,0.204702698000062,0],[99.2588044550001,0.204750576000038,0],[99.2587301510001,0.204812424000067,0],[99.258730131,0.204812443000037,0],[99.2586905150001,0.20487027300004,0],[99.2586815980001,0.204928127000073,0],[99.258687551,0.205014902000073,0],[99.2587004220001,0.205089684000029,0],[99.2587004280001,0.205089714000053,0],[99.258710335,0.205165519000047,0],[99.258708357,0.205257289000031,0],[99.2587014220001,0.20532810800006,0],[99.2586746700001,0.205405905000021,0],[99.2586271370001,0.205489671000066,0],[99.2586271200001,0.205489697000075,0],[99.2585637080001,0.205588448000071,0],[99.2585042810001,0.205679177000036,0],[99.2585042620001,0.205679216000021,0],[99.2584755410001,0.205755027000066,0],[99.2584755270001,0.205755066000052,0],[99.2584606680001,0.205835815000057,0],[99.2584616700001,0.205916610000031,0],[99.258466619,0.206016352000063,0],[99.258469044,0.206041099000061,0],[99.2584690530001,0.206041194000022,0],[99.258473559,0.206087172000025,0],[99.2584775340001,0.206213849000051,0],[99.258467609,0.206285669000067,0],[99.2584309570001,0.20637543600003,0],[99.258393304,0.206439274000047,0],[99.258372239,0.206461618000048,0],[99.2583721600001,0.20646170200007,0],[99.258371997,0.206461875000059,0],[99.2583719290001,0.206461947000037,0],[99.2583378200001,0.206498127000032,0],[99.258247672,0.206570955000075,0],[99.258161708,0.206635012000049,0],[99.2581446250001,0.20664774200003,0],[99.2581446010001,0.206647764000024,0],[99.2580663540001,0.206712587000027,0],[99.2580128480001,0.206766444000039,0],[99.2579613460001,0.206848210000032,0],[99.2579613340001,0.206848244000071,0],[99.2579454870001,0.206924009000033,0],[99.257945486,0.206924049000065,0],[99.257946475,0.206990872000063,0],[99.257961514,0.207040615000039,0],[99.2579742300001,0.207082635000063,0],[99.257974242,0.20708266500003,0],[99.25803763,0.20716343700002,0],[99.2581119330001,0.207222280000053,0],[99.258206052,0.20727813700006,0],[99.2582932510001,0.207333992000031,0],[99.258322359,0.207360231000052,0],[99.2583229150001,0.207360734000019,0],[99.2583596370001,0.20739383800003,0],[99.2584024080001,0.207432531000052,0],[99.258428,0.207455683000035,0],[99.2585023120001,0.207524504000048,0],[99.258514839,0.207538881000062,0],[99.2585518480001,0.207581356000048,0],[99.2585696180001,0.207617820000053,0],[99.2585697370001,0.20761806500002,0],[99.258577614,0.207634228000074,0],[99.258590493,0.207677114000035,0],[99.2585974310001,0.207739953000043,0],[99.258614278,0.207827727000051,0],[99.258629139,0.207887577000065,0],[99.2586519280001,0.207962397000074,0],[99.2586628230001,0.20804019000002,0],[99.258662825,0.20813490200004,0],[99.2586628230001,0.20813494500004,0],[99.2586539110001,0.208216741000058,0],[99.2586278830001,0.208303649000072,0],[99.2585944670001,0.208415229000025,0],[99.2585583970001,0.208477322000022,0],[99.258533045,0.208520965000048,0],[99.25851221,0.208560055000021,0],[99.258512098,0.208560264000027,0],[99.2584894510001,0.208602753000037,0],[99.2584389200001,0.208682549000059,0],[99.2583959900001,0.20874632500005,0],[99.2583959350001,0.208746406000046,0],[99.2583785,0.20877233300007,0],[99.258314108,0.208865050000043,0],[99.25831408,0.208865088000039,0],[99.258250676,0.208952876000069,0],[99.2581961860001,0.209037648000049,0],[99.258166896,0.209101787000066,0],[99.2581565720001,0.209124386000042,0],[99.258156554,0.209124428000052,0],[99.258129819,0.209191230000044,0],[99.258129807,0.209191263000037,0],[99.258099083,0.209275048000052,0],[99.2580990710001,0.209275083000023,0],[99.2580584710001,0.209411698000054,0],[99.2580358260001,0.209474809000028,0],[99.2579901120001,0.209602216000064,0],[99.2578831120001,0.209885495000037,0],[99.257848433,0.209978257000046,0],[99.2578167360001,0.210067024000068,0],[99.257780073,0.21016379200006,0],[99.2577394470001,0.210266521000051,0],[99.2577267670001,0.210299504000034,0],[99.2577266430001,0.210299826000039,0],[99.257703781,0.210359292000021,0],[99.257666982,0.210442650000061,0],[99.257666638,0.210443431000044,0],[99.2576562450001,0.210466998000072,0],[99.2576562340001,0.210467023000035,0],[99.257619569,0.210546815000043,0],[99.257604873,0.210574722000047,0],[99.257604459,0.210575508000034,0],[99.257604326,0.21057576000004,0],[99.2575759760001,0.210629598000025,0],[99.2575095970001,0.210719372000028,0],[99.257460058,0.210777222000047,0],[99.257460027,0.210777258000064,0],[99.2574035870001,0.210834086000034,0],[99.2573500810001,0.210880961000043,0],[99.2573239920001,0.21089930200003,0],[99.2572975730001,0.210917875000064,0],[99.2572272250001,0.210956769000063,0],[99.2571946560001,0.210975506000068,0],[99.257171741,0.210988689000033,0],[99.2571310860001,0.211012731000039,0],[99.2571296510001,0.211013581000032,0],[99.2570300580001,0.211072478000062,0],[99.2569320650001,0.211134528000059,0],[99.2568725310001,0.211172225000041,0],[99.2567645300001,0.211237068000059,0],[99.2566198810001,0.211277965000022,0],[99.2565204640001,0.211299169000029,0],[99.256520406,0.211299181000072,0],[99.2565029940001,0.211302900000021,0],[99.256502964,0.211302902000057,0],[99.2564944360001,0.21130338200004,0],[99.256493483,0.211303436000037,0],[99.256379118,0.211309887000027,0],[99.256255271,0.211296929000071,0],[99.2561888870001,0.211251038000057,0],[99.256173032,0.211212136000029,0],[99.2561760070001,0.211161272000027,0],[99.2562176110001,0.211063515000035,0],[99.256217624,0.211063476000049,0],[99.2562631920001,0.210932856000056,0],[99.2562701290001,0.210809162000032,0],[99.2562493180001,0.210670528000037,0],[99.2562106770001,0.210576757000069,0],[99.2561621180001,0.210500951000029,0],[99.2561106040001,0.210451100000057,0],[99.256077969,0.210431802000073,0],[99.2560772080001,0.210431352000057,0],[99.256019446,0.210397218000026,0],[99.2559144270001,0.210397220000061,0],[99.255867858,0.210405201000071,0],[99.25576284,0.210456083000054,0],[99.255686546,0.210488996000038,0],[99.2556865130001,0.21048901100005,0],[99.2555993620001,0.210536869000066,0],[99.2555151490001,0.210593733000053,0],[99.255515115,0.210593758000073,0],[99.255445792,0.21066055700004,0],[99.25538793,0.210731642000042,0],[99.2553873640001,0.210732338000071,0],[99.255387333,0.210732372000052,0],[99.2553348270001,0.210777258000064,0],[99.255306997,0.210790443000064,0],[99.2552842950001,0.21080119800007,0],[99.2552050310001,0.210797210000067,0],[99.2552049970001,0.210797195000055,0],[99.255139634,0.210770287000059,0],[99.2550742770001,0.210702493000042,0],[99.2550742490001,0.210702459000061,0],[99.2550646060001,0.210690463000049,0],[99.2550197400001,0.210634649000042,0],[99.2549961270001,0.210617744000047,0],[99.2549957300001,0.210617460000037,0],[99.2549513870001,0.210585753000032,0],[99.254890619,0.210570752000024,0],[99.254889758,0.210570539000059,0],[99.2548463590001,0.210559826000065,0],[99.2548100060001,0.210549990000061,0],[99.2548096570001,0.210549896000032,0],[99.2548094640001,0.21054984400007,0],[99.254779983,0.210541868000064,0],[99.2547344010001,0.210511949000022,0],[99.254700718,0.210467067000025,0],[99.254652171,0.210419194000053,0],[99.2545937120001,0.210396247000062,0],[99.2545062730001,0.21038840500006,0],[99.2544936360001,0.210387273000038,0],[99.254493601,0.210387273000038,0],[99.2543896350001,0.210395240000025,0],[99.254389604,0.210395248000054,0],[99.2543868650001,0.210396369000023,0],[99.254299443,0.210432161000028,0],[99.2542564330001,0.210455439000043,0],[99.2542561290001,0.21045560400006,0],[99.254256103,0.210455618000026,0],[99.254253808,0.210456860000022,0],[99.254207303,0.210482030000037,0],[99.2541691270001,0.210507254000049,0],[99.2541677240001,0.210508181000023,0],[99.2541121890001,0.21054487400005,0],[99.2540527420001,0.210589758000026,0],[99.2539556510001,0.210656591000031,0],[99.2538755950001,0.210719204000043,0],[99.2538748430001,0.21071979200002,0],[99.253874662,0.210719934000053,0],[99.2538665470001,0.210726281000063,0],[99.2538357610001,0.210750359000031,0],[99.2537327200001,0.210847111000021,0],[99.2536485080001,0.210923914000034,0],[99.2535603310001,0.211003713000025,0],[99.2534801030001,0.211092464000046,0],[99.2534800830001,0.21109248700003,0],[99.2534097340001,0.211168293000071,0],[99.2533374110001,0.211267044000067,0],[99.2532858910001,0.211348841000074,0],[99.2532323840001,0.211445599000058,0],[99.2531263650001,0.211658048000061,0],[99.2531263480001,0.211658081000053,0],[99.253068913,0.211728873000027,0],[99.2530066890001,0.211780932000067,0],[99.2529985950001,0.211787703000027,0],[99.2529985640001,0.211787721000064,0],[99.2529044440001,0.211839602000055,0],[99.2529044080001,0.211839621000024,0],[99.2528063680001,0.211882495000054,0],[99.2527215100001,0.211886894000031,0],[99.252710253,0.211887477000062,0],[99.2526942760001,0.211886700000036,0],[99.2526892450001,0.211886455000069,0],[99.252587394,0.21188150200004,0],[99.252493271,0.211873512000068,0],[99.2524537400001,0.211872107000033,0],[99.2524090480001,0.211870519000058,0],[99.2523823180001,0.211872716000073,0],[99.2523605010001,0.21187451000003,0],[99.252316518,0.211889976000066,0],[99.2522981010001,0.211896442000068,0],[99.2522980780001,0.211896455000044,0],[99.2522445910001,0.211927382000056,0],[99.2521742360001,0.211993212000039,0],[99.2521138000001,0.21205107000003,0],[99.2520714510001,0.212087957000051,0],[99.2520708320001,0.212088497000025,0],[99.2520706160001,0.212088685000026,0],[99.2520696980001,0.212089485000035,0],[99.2520256240001,0.212127874000032,0],[99.2519433880001,0.212203681000062,0],[99.2518621400001,0.212278494000032,0],[99.251796756,0.212347320000049,0],[99.251796723,0.212347358000045,0],[99.251739285,0.21242213000005,0],[99.2516838000001,0.212512892000063,0],[99.2516550720001,0.21256177500004,0],[99.251582463,0.212724355000034,0],[99.2515625230001,0.212759686000027,0],[99.2515620390001,0.212760543000059,0],[99.2515489290001,0.212783796000053,0],[99.251506916,0.212841875000038,0],[99.2515068820001,0.212841912000044,0],[99.251466544,0.212881244000073,0],[99.2514354140001,0.212902052000061,0],[99.251435164,0.212902219000057,0],[99.251434992,0.212902334000034,0],[99.2514343650001,0.212902753000037,0],[99.2514160140001,0.212915019000036,0],[99.2514028950001,0.212918406000028,0],[99.2513918550001,0.212921255000026,0],[99.2513663350001,0.21292784000002,0],[99.2513107020001,0.212932966000039,0],[99.2512453240001,0.212931258000026,0],[99.2512227990001,0.212925878000021,0],[99.2511773800001,0.21291502300005,0],[99.251122609,0.212882117000049,0],[99.251082264,0.212843633000034,0],[99.251082233,0.212843600000042,0],[99.2510457400001,0.21279746600004,0],[99.2510062630001,0.212749161000033,0],[99.250964643,0.212714106000021,0],[99.2509213270001,0.21268931700007,0],[99.25089725,0.212682836000056,0],[99.250878442,0.212677773000053,0],[99.2508631030001,0.212677291000034,0],[99.250862893,0.212677284000051,0],[99.250862678,0.212677277000068,0],[99.250837678,0.212676490000035,0],[99.2508160500001,0.212680338000041,0],[99.2508160200001,0.212680344000034,0],[99.2507981910001,0.212697440000056,0],[99.2507964920001,0.212705993000043,0],[99.250799036,0.212714543000061,0],[99.2508168750001,0.212737197000024,0],[99.2508355590001,0.212761560000047,0],[99.2508448890001,0.212787623000054,0],[99.2508453630001,0.212802570000065,0],[99.250845365,0.21280262800002,0],[99.2508453760001,0.212802966000027,0],[99.250845751,0.212814994000041,0],[99.2508419630001,0.212826887000062,0],[99.2508351290001,0.21284834100004,0],[99.2508215380001,0.212873995000052,0],[99.2508088020001,0.212883398000031,0],[99.2508054260001,0.212883180000063,0],[99.2508053650001,0.212883176000048,0],[99.250805294,0.212883172000033,0],[99.2507952190001,0.212882541000056,0],[99.2507745940001,0.212874033000048,0],[99.2507744070001,0.212873956000067,0],[99.2507599730001,0.21286800200005,0],[99.2507319520001,0.212847056000044,0],[99.2507254560001,0.212839326000051,0],[99.2506971190001,0.212805611000022,0],[99.250687687,0.212782832000073,0],[99.2506875910001,0.212782601000072,0],[99.250678866,0.212761563000072,0],[99.2506724420001,0.212742340000034,0],[99.2506723920001,0.212742191000075,0],[99.250672346,0.212742054000046,0],[99.250672325,0.212741992000019,0],[99.250663579,0.212715821000074,0],[99.2506427930001,0.212657726000032,0],[99.2506427740001,0.212657683000032,0],[99.2506147830001,0.212604721000048,0],[99.2506147540001,0.212604676000069,0],[99.2505782520001,0.212549995000074,0],[99.2505782280001,0.212549962000026,0],[99.250540017,0.21249866200003,0],[99.250507745,0.212455490000025,0],[99.2504835380001,0.212405903000047,0],[99.2504674020001,0.212337930000047,0],[99.250465977,0.212311458000045,0],[99.2504659750001,0.212311425000053,0],[99.250465934,0.212310665000075,0],[99.2504635810001,0.212266973000055,0],[99.2504627210001,0.212209259000019,0],[99.250461881,0.212140864000048,0],[99.2504601950001,0.212078913000028,0],[99.250460187,0.212078880000035,0],[99.2504478590001,0.212024589000066,0],[99.250428775,0.211982310000053,0],[99.2504287510001,0.211982269000032,0],[99.2503986020001,0.211943372000064,0],[99.2503599680001,0.211908315000073,0],[99.2503466620001,0.211897257000032,0],[99.250323445,0.211877963000063,0],[99.250280982,0.211845475000075,0],[99.250244035,0.211815973000057,0],[99.2501986080001,0.211781780000024,0],[99.2501582980001,0.211749754000039,0],[99.2501582630001,0.211749728000029,0],[99.2500826790001,0.211692869000046,0],[99.2500057760001,0.211641323000038,0],[99.2500000000001,0.211637633000066,0],[99.249982226,0.211626289000037,0],[99.2499821870001,0.21162626000006,0],[99.2499003730001,0.211579420000021,0],[99.249826596,0.211558440000033,0],[99.2497544010001,0.21155843300005,0],[99.2496308780001,0.21158265400004,0],[99.249521799,0.211634334000053,0],[99.2494656580001,0.21167794400003,0],[99.249403095,0.211790989000065,0],[99.2493437530001,0.211929871000052,0],[99.249306856,0.212031618000026,0],[99.2492936080001,0.212166425000021,0],[99.2492924140001,0.212178573000074,0],[99.2492924150001,0.212178612000059,0],[99.2493100550001,0.212293226000043,0],[99.2493169700001,0.212305874000037,0],[99.2493806470001,0.212422421000042,0],[99.2494784840001,0.212554811000075,0],[99.2494785090001,0.212554844000067,0],[99.2495651230001,0.21269049600005,0],[99.2496517440001,0.212843895000049,0],[99.2496517530001,0.212843920000068,0],[99.249687049,0.212974723000059,0],[99.2496886280001,0.213084577000075,0],[99.249688651,0.213086129000033,0],[99.2496886470001,0.213086157000021,0],[99.249669403,0.213171745000068,0],[99.2496412350001,0.213239100000067,0],[99.24964119,0.213239207000072,0],[99.249641151,0.213239301000044,0],[99.2496309240001,0.213263780000034,0],[99.2496309110001,0.213263805000054,0],[99.2495651310001,0.213376850000031,0],[99.2494833210001,0.213464052000063,0],[99.249380681,0.213586795000026,0],[99.2493378950001,0.213651379000055,0],[99.2493373440001,0.213652211000067,0],[99.2493004610001,0.213707907000071,0],[99.2492250720001,0.213848404000032,0],[99.249111182,0.214126180000051,0],[99.248981282,0.214298946000042,0],[99.2489812520001,0.214298976000066,0],[99.2488641400001,0.214403957000059,0],[99.248772719,0.214463704000025,0],[99.2486155160001,0.214542842000071,0],[99.2484599110001,0.214597752000032,0],[99.2483807030001,0.214620536000041,0],[99.2482802490001,0.214649432000044,0],[99.248146105,0.214689624000073,0],[99.2481454950001,0.21468980800006,0],[99.247961037,0.214768957000047,0],[99.2477396840001,0.21486584400003,0],[99.247563213,0.214978890000054,0],[99.247563181,0.21497891100006,0],[99.247434909,0.215062853000063,0],[99.2474348840001,0.215062869000064,0],[99.2473113660001,0.215129077000029,0],[99.2471349090001,0.215179148000061,0],[99.2468493760001,0.215209842000036,0],[99.2468493490001,0.215209849000075,0],[99.2466231910001,0.215298676000032,0],[99.2465243570001,0.215349691000029,0],[99.2464355020001,0.215395557000022,0],[99.246243044,0.215513427000076,0],[99.2462430150001,0.215513442000031,0],[99.245967109,0.215655567000056,0],[99.245766598,0.215733088000036,0],[99.2456571340001,0.215768811000032,0],[99.2456571070001,0.21576882100004,0],[99.2456558540001,0.215769229000045,0],[99.2455339960001,0.215808998000057,0],[99.2453286690001,0.215886517000058,0],[99.2451824410001,0.215956728000037,0],[99.245182076,0.215956903000063,0],[99.2451201330001,0.215986645000044,0],[99.2449292470001,0.216043168000056,0],[99.2447511930001,0.216067396000028,0],[99.2445635060001,0.216072243000042,0],[99.2443276970001,0.216090014000031,0],[99.244087091,0.216169156000035,0],[99.244025826,0.216201471000034,0],[99.243888166,0.216274124000051,0],[99.2437648980001,0.216352504000042,0],[99.2437052970001,0.216390402000059,0],[99.243532052,0.216501831000073,0],[99.2433828790001,0.216555133000043,0],[99.2433354070001,0.21656321100005,0],[99.2431647110001,0.21659227300006,0],[99.2429561750001,0.216592276000029,0],[99.2427829280001,0.216584209000075,0],[99.2426225150001,0.216551912000057,0],[99.242545567,0.216521083000032,0],[99.2424653090001,0.216488928000047,0],[99.2423434440001,0.21643167700006,0],[99.2422728110001,0.216398495000021,0],[99.2420225650001,0.216287074000036,0],[99.241806006,0.216209553000056,0],[99.2418059780001,0.216209543000048,0],[99.2416102970001,0.216132047000031,0],[99.2413632590001,0.216065833000073,0],[99.2412076630001,0.21602223800005,0],[99.2411718540001,0.215998205000062,0],[99.2411707950001,0.215997494000021,0],[99.2411017890001,0.215951182000026,0],[99.2409622270001,0.215836520000039,0],[99.240771339,0.215671806000046,0],[99.2406012980001,0.215502238000056,0],[99.2406012710001,0.215502209000022,0],[99.240440876,0.215297141000065,0],[99.2403125590001,0.21506785300005,0],[99.2403125480001,0.215067822000037,0],[99.2402435660001,0.214853036000022,0],[99.2401617460001,0.214573657000074,0],[99.2400751280001,0.214310427000044,0],[99.240075119,0.214310398000066,0],[99.239967634,0.214069801000051,0],[99.2398617580001,0.213880861000064,0],[99.2397881460001,0.21378272100003,0],[99.2397430500001,0.21372259900005,0],[99.239621158,0.213578901000062,0],[99.2396211320001,0.213578870000049,0],[99.2394751590001,0.213391538000053,0],[99.239329178,0.213167070000054,0],[99.2392441790001,0.212981370000023,0],[99.2392441580001,0.212981349000074,0],[99.239229719,0.212789167000039,0],[99.2392417890001,0.212670967000065,0],[99.2392473630001,0.212616382000022,0],[99.2393532290001,0.212351524000042,0],[99.239413959,0.212241643000027,0],[99.239414475,0.212240709000071,0],[99.2394638900001,0.212151271000039,0],[99.2395140960001,0.212067538000042,0],[99.2395147970001,0.212066368000023,0],[99.239526761,0.212046408000049,0],[99.2395467470001,0.212013067000044,0],[99.2395761930001,0.211963937000064,0],[99.239691684,0.211766918000023,0],[99.2397428030001,0.211687231000042,0],[99.2397911410001,0.211611880000021,0],[99.239816922,0.21157613400004,0],[99.2398174590001,0.211575389000075,0],[99.2398761630001,0.211493993000033,0],[99.2399642620001,0.211387326000022,0],[99.239965323,0.211386043000061,0],[99.23996585,0.211385405000044,0],[99.239966608,0.211384487000032,0],[99.2400028820001,0.211340568000026,0],[99.240129611,0.21119845100003,0],[99.2402274570001,0.211103174000073,0],[99.2402522350001,0.211070182000071,0],[99.240277189,0.211036956000044,0],[99.240314776,0.210918912000068,0],[99.2403172960001,0.210910995000063,0],[99.2403173040001,0.210910953000052,0],[99.24032085,0.210859851000066,0],[99.2403213000001,0.21085335600003,0],[99.240322716,0.210832942000025,0],[99.240323689,0.210818954000047,0],[99.2403236980001,0.210665521000067,0],[99.240330117,0.210507259000053,0],[99.2403670100001,0.210353844000053,0],[99.240392667,0.210219797000036,0],[99.240397478,0.210016363000022,0],[99.240397478,0.210016318000044,0],[99.24039106,0.209867744000064,0],[99.2403511520001,0.209650981000038,0],[99.2403510090001,0.209650203000024,0],[99.240322081,0.209493081000062,0],[99.2402980200001,0.209331628000029,0],[99.2402980150001,0.209331589000044,0],[99.2402771600001,0.209150717000057,0],[99.2402514870001,0.209002145000056,0],[99.2402514780001,0.209002105000025,0],[99.240203367,0.208884259000058,0],[99.2401552410001,0.208803514000067,0],[99.2401552150001,0.208803470000021,0],[99.240135992,0.20877282500004,0],[99.2400814810001,0.208730840000044,0],[99.2400814540001,0.208730832000072,0],[99.2400253010001,0.208716309000067,0],[99.2399290530001,0.208717921000073,0],[99.239840831,0.20873892100002,0],[99.239738167,0.208759912000062,0],[99.2396852530001,0.208755083000028,0],[99.2396852310001,0.208755069000063,0],[99.2396403450001,0.208713115000023,0],[99.2396403100001,0.208713085000056,0],[99.2396162520001,0.208672707000062,0],[99.239558532,0.208601679000026,0],[99.239558501,0.208601655000052,0],[99.239484717,0.208554824000032,0],[99.239430177,0.208545145000073,0],[99.2393226920001,0.208556447000035,0],[99.2393226610001,0.208556449000071,0],[99.2392665500001,0.208570977000022,0],[99.239199177,0.208624266000072,0],[99.2391540280001,0.208679391000032,0],[99.2391237800001,0.208716323000033,0],[99.239072449,0.208814830000051,0],[99.2390451850001,0.208931105000033,0],[99.2390403370001,0.208997013000044,0],[99.2390355620001,0.209061919000021,0],[99.23904358,0.209181424000064,0],[99.2390788750001,0.209334831000035,0],[99.2391189830001,0.209462421000069,0],[99.239138235,0.209615842000062,0],[99.2391382380001,0.209753071000023,0],[99.2391382370001,0.209753109000076,0],[99.2390869060001,0.209841926000024,0],[99.2390275420001,0.20986776500007,0],[99.2388815780001,0.209867770000074,0],[99.2388815460001,0.209867768000038,0],[99.23874843,0.209859700000038,0],[99.2386819280001,0.209851916000048,0],[99.238610474,0.209843553000042,0],[99.238430812,0.209796718000064,0],[99.238262412,0.209735358000046,0],[99.2382623860001,0.209735347000048,0],[99.238212231,0.209712460000048,0],[99.2381244300001,0.209672395000041,0],[99.238076301,0.209636040000021,0],[99.238075946,0.20963577200007,0],[99.2380281740001,0.209599694000076,0],[99.2379078580001,0.209431752000057,0],[99.2379078280001,0.209431707000022,0],[99.2378916660001,0.209398847000045,0],[99.237821233,0.209255730000052,0],[99.237744332,0.209087025000031,0],[99.237743885,0.209086046000039,0],[99.2377137460001,0.209019961000024,0],[99.237638367,0.208887532000062,0],[99.2375356950001,0.208782554000038,0],[99.237535667,0.208782527000039,0],[99.237473133,0.208713118000048,0],[99.2374089620001,0.208587155000032,0],[99.237349598,0.208420810000064,0],[99.2373343400001,0.208384820000049,0],[99.2373339910001,0.208383996000066,0],[99.2372886470001,0.208277089000035,0],[99.23718919,0.208199574000048,0],[99.2371294650001,0.208178960000055,0],[99.2370769,0.208160818000067,0],[99.2370355800001,0.208153687000049,0],[99.2369646110001,0.20814144000002,0],[99.2368282680001,0.208113989000026,0],[99.236791155,0.208096453000053,0],[99.2367496560001,0.20807684600004,0],[99.236749644,0.208076817000062,0],[99.2366870980001,0.207988021000062,0],[99.236656096,0.207921135000049,0],[99.2366421830001,0.207891119000067,0],[99.2366421850001,0.207860449000066,0],[99.2366485960001,0.207800689000067,0],[99.236670609,0.207729529000062,0],[99.2366708550001,0.207728734000057,0],[99.236679069,0.207702183000038,0],[99.236687341,0.207676272000072,0],[99.2367079420001,0.207611746000055,0],[99.2367512610001,0.207518080000057,0],[99.2367801290001,0.207432484000037,0],[99.236777842,0.207379531000072,0],[99.2367778350001,0.207379364000076,0],[99.236777815,0.207378916000039,0],[99.2367769090001,0.207358188000057,0],[99.2367611400001,0.20734485600002,0],[99.2367368120001,0.207324288000052,0],[99.2366469870001,0.207319444000063,0],[99.2365250670001,0.20735336000007,0],[99.2364641130001,0.207384038000043,0],[99.236401576,0.207426008000027,0],[99.2364015530001,0.207426028000043,0],[99.236326154,0.207508399000062,0],[99.2362154780001,0.207632744000023,0],[99.236128857,0.207765169000027,0],[99.236087157,0.207850776000043,0],[99.2359925320001,0.208031599000037,0],[99.235992508,0.208031641000048,0],[99.2359251340001,0.20814791500004,0],[99.235925104,0.208147930000052,0],[99.2358513450001,0.208193135000045,0],[99.235819528,0.208204720000026,0],[99.235818222,0.208205195000062,0],[99.2357759550001,0.208220585000049,0],[99.23567489,0.208230276000052,0],[99.2356405090001,0.208229510000024,0],[99.23563999,0.208229498000037,0],[99.235602709,0.208228667000071,0],[99.2354551330001,0.208223821000047,0],[99.235423052,0.208244812000032,0],[99.2353989870001,0.208283583000025,0],[99.2353989730001,0.208283614000038,0],[99.2353925640001,0.208312647000071,0],[99.2353957760001,0.20834332000004,0],[99.2354374810001,0.208386932000053,0],[99.235516089,0.208428920000074,0],[99.2355946860001,0.208477365000022,0],[99.2356540390001,0.208541957000023,0],[99.235654041,0.208545201000049,0],[99.2356588520001,0.208592021000072,0],[99.2356588540001,0.208592057000033,0],[99.235655647,0.208714756000063,0],[99.2356512370001,0.208846922000021,0],[99.2356492320001,0.208906935000073,0],[99.235633195,0.209094270000037,0],[99.235609659,0.209211175000064,0],[99.2356095600001,0.209211666000044,0],[99.2355850750001,0.209333280000067,0],[99.23550808,0.209599741000034,0],[99.2354166540001,0.20986621000003,0],[99.2353524910001,0.210108451000053,0],[99.2353300360001,0.210281244000043,0],[99.2353260840001,0.210408627000049,0],[99.2353236230001,0.210487955000076,0],[99.235323636,0.210649442000033,0],[99.2353224220001,0.210787415000027,0],[99.235322421,0.210787487000061,0],[99.2353224060001,0.210789249000072,0],[99.235322018,0.210833511000033,0],[99.2353220130001,0.210833551000064,0],[99.2352899380001,0.211074181000072,0],[99.235289934,0.211074210000049,0],[99.2352338040001,0.211305113000037,0],[99.2351912130001,0.211437041000067,0],[99.2351911120001,0.211437355000044,0],[99.235171241,0.211498905000042,0],[99.2350814120001,0.211729837000064,0],[99.2350188660001,0.211896177000028,0],[99.234983571,0.212078673000065,0],[99.2349815090001,0.212169067000048,0],[99.2349803650001,0.212219167000057,0],[99.2349803660001,0.212324143000046,0],[99.2349627170001,0.212495330000024,0],[99.2348825160001,0.212695579000069,0],[99.234828259,0.212814655000045,0],[99.234828007,0.212815208000052,0],[99.2348023110001,0.212871603000053,0],[99.234654746,0.213231737000058,0],[99.234572939,0.213396458000034,0],[99.234484695,0.213587031000031,0],[99.234407703,0.213740443000063,0],[99.2343098810001,0.213927776000048,0],[99.23425854,0.214011835000065,0],[99.2342023840001,0.214103809000051,0],[99.2341494,0.214181689000043,0],[99.2341489710001,0.21418232000002,0],[99.234148485,0.214183035000076,0],[99.2340419750001,0.214339592000044,0],[99.2338698550001,0.214550889000066,0],[99.2338690450001,0.21455188300007,0],[99.233793344,0.214644814000053,0],[99.2335302690001,0.214890293000053,0],[99.2332367120001,0.215088933000061,0],[99.233046685,0.215166239000041,0],[99.2328437070001,0.215248813000073,0],[99.2326191290001,0.215305343000068,0],[99.232367276,0.215324726000063,0],[99.2321587390001,0.215326340000047,0],[99.2315581990001,0.215243502000021,0],[99.2313646960001,0.215182627000047,0],[99.231231548,0.215137411000057,0],[99.2310807580001,0.215072816000031,0],[99.2309604470001,0.215008215000069,0],[99.2308529690001,0.214942006000058,0],[99.2308132250001,0.214915913000027,0],[99.230742288,0.214869340000064,0],[99.2306926310001,0.21484295700003,0],[99.2306920880001,0.214842668000074,0],[99.230626789,0.214807974000053,0],[99.2305337480001,0.214765985000042,0],[99.2304326830001,0.214715922000039,0],[99.230352558,0.21466773100002,0],[99.2303091700001,0.214641634000031,0],[99.2303091370001,0.214641609000068,0],[99.2302257520001,0.214573810000047,0],[99.230143936,0.21449629500006,0],[99.2300637320001,0.214409088000025,0],[99.2300637040001,0.214409057000069,0],[99.230055823,0.21439868300007,0],[99.2299177530001,0.214216920000069,0],[99.2298439520001,0.214061363000042,0],[99.229843712,0.21406085700005,0],[99.2298150860001,0.21400052000007,0],[99.229748509,0.213897753000026,0],[99.229694759,0.213814808000052,0],[99.2296947400001,0.213814777000039,0],[99.2296439660001,0.213751912000021,0],[99.2295552020001,0.213642012000037,0],[99.2293980050001,0.213525737000055,0],[99.229261675,0.213467617000049,0],[99.229261647,0.213467606000052,0],[99.2291076500001,0.213414306000061,0],[99.2289279860001,0.213375549000034,0],[99.2287659740001,0.213351334000038,0],[99.228592727,0.213340027000072,0],[99.2284050390001,0.213319040000044,0],[99.2282221670001,0.213294814000051,0],[99.228034488,0.213239910000027,0],[99.227950283,0.21320309500004,0],[99.227948456,0.21320229600002,0],[99.2278756730001,0.213170475000027,0],[99.227689592,0.213071962000072,0],[99.2275404090001,0.213021902000037,0],[99.2273815950001,0.212968613000044,0],[99.227246849,0.212916935000067,0],[99.2272010870001,0.212890104000053,0],[99.2271008760001,0.212831350000044,0],[99.2269741540001,0.212726380000049,0],[99.2268506290001,0.212645632000033,0],[99.226743147,0.212610105000067,0],[99.2267011810001,0.212605009000072,0],[99.2266501070001,0.212598806000074,0],[99.2265735570001,0.212599780000062,0],[99.2265233850001,0.212600419000069,0],[99.22644381,0.212611246000051,0],[99.2264431940001,0.212611330000072,0],[99.2264046810001,0.212616575000027,0],[99.2262923910001,0.212650490000044,0],[99.226248007,0.212666495000065,0],[99.2261849100001,0.21268924900005,0],[99.2261356670001,0.212698491000026,0],[99.2261354440001,0.212698533000037,0],[99.226090271,0.21270701100002,0],[99.225976373,0.212707013000056,0],[99.2258881850001,0.212694104000036,0],[99.2258881480001,0.212694102000057,0],[99.225804742,0.212681176000046,0],[99.2256619630001,0.212677949000067,0],[99.225578548,0.212687639000023,0],[99.2254935280001,0.212705419000031,0],[99.225328339,0.21282003400006,0],[99.2253283030001,0.212820066000063,0],[99.225167894,0.212986412000021,0],[99.2250796610001,0.213102692000064,0],[99.2249561510001,0.213210887000059,0],[99.2249561230001,0.213210889000038,0],[99.2248454720001,0.213249647000055,0],[99.2247931190001,0.213254918000075,0],[99.2247926590001,0.213254965000033,0],[99.224792322,0.213254999000071,0],[99.2247914210001,0.213255090000075,0],[99.224749224,0.213259338000057,0],[99.2246449560001,0.213246433000052,0],[99.224600384,0.213235652000037,0],[99.224524644,0.213217352000072,0],[99.2244741220001,0.213190227000041,0],[99.2244739320001,0.21319012500004,0],[99.224356205,0.213126919000047,0],[99.224213444,0.213013880000062,0],[99.2240594410001,0.212897603000044,0],[99.223894214,0.212802325000041,0],[99.2237674960001,0.212747420000028,0],[99.2236407550001,0.21269897600007,0],[99.2234803440001,0.212635990000024,0],[99.223302286,0.212564938000071,0],[99.2231544790001,0.212492979000046,0],[99.2231065770001,0.212469657000042,0],[99.222954196,0.21238407200002,0],[99.222790559,0.212280717000056,0],[99.222585237,0.212162830000068,0],[99.2224344420001,0.212083693000068,0],[99.222285264,0.211988433000045,0],[99.2220911480001,0.21184147200006,0],[99.2220911240001,0.211841453000034,0],[99.2218970530001,0.211725192000074,0],[99.221824977,0.211684181000066,0],[99.2218246640001,0.211684003000073,0],[99.2217494710001,0.211641218000068,0],[99.2216921730001,0.211604961000035,0],[99.2216914680001,0.211604515000033,0],[99.2216371810001,0.211570163000033,0],[99.2215156520001,0.211450478000074,0],[99.2214227410001,0.21135212400003,0],[99.2213832840001,0.211310357000059,0],[99.22132021,0.211264175000053,0],[99.2212541060001,0.211215777000064,0],[99.2212306040001,0.210969839000029,0],[99.2212940200001,0.210801939000021,0],[99.221335384,0.210744541000054,0],[99.2213358970001,0.210743829000023,0],[99.221336331,0.210743227000023,0],[99.2213809300001,0.210681338000029,0],[99.2214227370001,0.210617593000052,0],[99.2214385920001,0.210593428000038,0],[99.2214386270001,0.210593374000041,0],[99.221463139,0.210556005000058,0],[99.2214725370001,0.210409394000067,0],[99.2214584320001,0.210383387000036,0],[99.2214584060001,0.21038334900004,0],[99.2214227440001,0.210349557000029,0],[99.2213785850001,0.210307723000028,0],[99.2209581150001,0.210168202000034,0],[99.2208759060001,0.210183916000062,0],[99.2208757510001,0.210183946000029,0],[99.2208747320001,0.21018414100007,0],[99.220772557,0.210203671000045,0],[99.2207230320001,0.210273787000062,0],[99.2207227950001,0.210274122000044,0],[99.2206973930001,0.21031008500006,0],[99.220682647,0.210376223000026,0],[99.2206715710001,0.210425961000055,0],[99.2206175320001,0.210631689000024,0],[99.22058466,0.210830291000036,0],[99.2205846520001,0.210830330000022,0],[99.220521234,0.210879992000059,0],[99.220426612,0.210873187000061,0],[99.2204249070001,0.210873064000054,0],[99.220389696,0.210870544000045,0],[99.2202205820001,0.210837439000045,0],[99.21990951,0.210816013000056,0],[99.219710611,0.210827320000021,0],[99.2195165370001,0.21088222700007,0],[99.2195165100001,0.210882236000032,0],[99.219354487,0.210964600000068,0],[99.2191812390001,0.211061502000064,0],[99.2189374170001,0.211190694000038,0],[99.2187513370001,0.211282746000052,0],[99.2185732840001,0.211366721000047,0],[99.2183454980001,0.211473314000045,0],[99.2179540910001,0.211620283000059,0],[99.2177493200001,0.211705884000025,0],[99.2177492470001,0.211705915000039,0],[99.2177480330001,0.21170642200002,0],[99.217490495,0.211814081000057,0],[99.217301208,0.21187868100003,0],[99.2171103220001,0.211957811000048,0],[99.2169339040001,0.212019174000034,0],[99.2169338690001,0.212019187000067,0],[99.216714106,0.212074091000034,0],[99.216540851,0.212095093000073,0],[99.2164310640001,0.212097051000057,0],[99.2163595970001,0.212098334000075,0],[99.2162505150001,0.212098332000039,0],[99.2161526520001,0.212111248000042,0],[99.2161125530001,0.212133858000072,0],[99.2161003580001,0.212147671000025,0],[99.2160999220001,0.212148164000041,0],[99.2160612210001,0.212191996000058,0],[99.2160546320001,0.212210416000062,0],[99.2160545830001,0.212210553000034,0],[99.2160467800001,0.212232365000034,0],[99.2160596150001,0.212353489000066,0],[99.216117366,0.212489143000028,0],[99.2161499680001,0.212522707000062,0],[99.2161500610001,0.21252280300007,0],[99.2161879490001,0.212561809000022,0],[99.21629864,0.212616715000024,0],[99.2164429800001,0.212657073000059,0],[99.216443014,0.212657088000071,0],[99.216585776,0.212699078000071,0],[99.2166852330001,0.212753984000074,0],[99.216711891,0.212786571000038,0],[99.2167120190001,0.212786728000026,0],[99.2167750660001,0.212863798000058,0],[99.2168087580001,0.212947782000072,0],[99.2168199850001,0.213062430000036,0],[99.2168167710001,0.213199702000054,0],[99.2167975310001,0.213395107000053,0],[99.2167470470001,0.213533734000066,0],[99.2167449500001,0.213539493000042,0],[99.2167269600001,0.213588912000034,0],[99.2166323280001,0.21379723900003,0],[99.2165312590001,0.213979690000031,0],[99.216531246,0.213979712000025,0],[99.216495222,0.214036366000073,0],[99.2164141590001,0.214163820000067,0],[99.216355095,0.214250978000052,0],[99.2163545640001,0.214251761000071,0],[99.216297055,0.214336625000044,0],[99.2161430610001,0.214543339000045,0],[99.216005017,0.214715955000031,0],[99.2160036770001,0.214717631000042,0],[99.21600234,0.214719302000049,0],[99.215891221,0.21485825000002,0],[99.2154532930001,0.215312056000073,0],[99.2153169480001,0.215412184000058,0],[99.2149720660001,0.215607605000059,0],[99.2146175350001,0.215759795000054,0],[99.2146022210001,0.21576636900005,0],[99.2144378780001,0.215836918000036,0],[99.21415877,0.215909600000032,0],[99.2140121200001,0.215925359000039,0],[99.2140106740001,0.215925515000038,0],[99.2138732350001,0.215940284000055,0],[99.21365667,0.215949991000059,0],[99.213537053,0.215955827000073,0],[99.213491451,0.215958053000065,0],[99.213491418,0.215958055000044,0],[99.2134359330001,0.215966263000041,0],[99.2134358050001,0.215966282000068,0],[99.2133165960001,0.215983900000026,0],[99.2131770720001,0.216033948000074,0],[99.2131770440001,0.216033963000029,0],[99.2130070060001,0.216134085000022,0],[99.2128353880001,0.216263257000037,0],[99.2128353570001,0.216263284000036,0],[99.212658907,0.216440931000022,0],[99.21250652,0.216610510000066,0],[99.212360543,0.216781690000062,0],[99.212217722,0.216907313000036,0],[99.212217282,0.216907701000025,0],[99.2122081830001,0.216915707000055,0],[99.2122081560001,0.216915727000071,0],[99.2120477440001,0.217011014000036,0],[99.2119747040001,0.217025190000072,0],[99.211914597,0.21703685600005,0],[99.211866726,0.217034559000069,0],[99.2118135410001,0.217032008000047,0],[99.2117678650001,0.217013894000047,0],[99.211707667,0.216990021000072,0],[99.2115966850001,0.216923768000072,0],[99.2115697090001,0.216907666000054,0],[99.2113804300001,0.216765555000052,0],[99.2112023640001,0.216621828000029,0],[99.2110323090001,0.21647648000004,0],[99.2108590540001,0.216313390000039,0],[99.2106890540001,0.216137373000038,0],[99.2106890300001,0.216137349000064,0],[99.21054465,0.215988782000068,0],[99.2105446250001,0.215988757000048,0],[99.2105258060001,0.215972675000046,0],[99.2104067050001,0.215870893000044,0],[99.2102703470001,0.215769151000075,0],[99.210134,0.215683567000042,0],[99.2101211980001,0.215679161000025,0],[99.2101208450001,0.215679039000065,0],[99.2100120750001,0.215641580000067,0],[99.2098805350001,0.215639962000068,0],[99.209880506,0.215639976000034,0],[99.209740981,0.215709410000045,0],[99.2097131830001,0.215744235000045,0],[99.2096687920001,0.215799848000074,0],[99.209635824,0.215875287000074,0],[99.2096356420001,0.215875703000052,0],[99.2096158850001,0.215920929000049,0],[99.2096158720001,0.215920968000034,0],[99.2095803620001,0.216053329000033,0],[99.2095725450001,0.216082468000025,0],[99.2095228220001,0.216302096000049,0],[99.2094666820001,0.21662507700006,0],[99.209434602,0.21687700800004,0],[99.2094220370001,0.216993125000045,0],[99.20940734,0.21712893800003,0],[99.209351198,0.217367942000067,0],[99.209272598,0.217539133000059,0],[99.2092725860001,0.217539158000022,0],[99.2091587030001,0.217686099000048,0],[99.2090555720001,0.217778516000067,0],[99.209054644,0.217779348000022,0],[99.2090541220001,0.217779816000075,0],[99.2090127320001,0.217816906000053,0],[99.2088748030001,0.217942857000025,0],[99.2088747860001,0.217942878000031,0],[99.208712758,0.218117287000041,0],[99.2085652090001,0.218314270000064,0],[99.208565181,0.218314312000075,0],[99.2084561020001,0.218496805000029,0],[99.208342235,0.218701868000039,0],[99.2083422170001,0.218701899000052,0],[99.2082138870001,0.218908613000053,0],[99.2080727270001,0.219062052000027,0],[99.2078802360001,0.21920577100002,0],[99.2078802060001,0.219205791000036,0],[99.207864412,0.219214975000057,0],[99.2077289900001,0.219293715000049,0],[99.207694147,0.219313976000024,0],[99.2075112840001,0.219423791000054,0],[99.2074296050001,0.219484820000048,0],[99.2073557130001,0.219540033000044,0],[99.20735568,0.219540068000072,0],[99.2072466000001,0.219675724000069,0],[99.2071799550001,0.21980581300005,0],[99.2071794240001,0.219806848000076,0],[99.207179276,0.219807139000068,0],[99.2071782200001,0.219809200000043,0],[99.2071680070001,0.219829134000065,0],[99.2070861970001,0.220150517000036,0],[99.207060529,0.220284553000056,0],[99.2070011820001,0.220420208000064,0],[99.2069192120001,0.220501590000026,0],[99.2069182060001,0.220502588000045,0],[99.2068856860001,0.220534874000066,0],[99.206720449,0.22063823600007,0],[99.2065231760001,0.220767415000068,0],[99.2065231560001,0.22076743100007,0],[99.2064268720001,0.220856597000022,0],[99.2064028360001,0.22087885600007,0],[99.2063483000001,0.220980609000037,0],[99.2063338720001,0.221137249000037,0],[99.206345378,0.221278533000032,0],[99.2063453870001,0.221278654000059,0],[99.2063499220001,0.221334278000029,0],[99.2063964330001,0.221486073000051,0],[99.206483059,0.221642725000038,0],[99.206600167,0.221779989000026,0],[99.206717268,0.221881722000035,0],[99.206766669,0.221913784000037,0],[99.206766745,0.221913833000031,0],[99.2067671080001,0.221914068000046,0],[99.2067683720001,0.221914888000072,0],[99.2068616400001,0.221975397000051,0],[99.2070316830001,0.222085219000064,0],[99.207145579,0.222188564000021,0],[99.207195304,0.222254771000053,0],[99.2072402190001,0.222395276000043,0],[99.2072402220001,0.222395306000067,0],[99.20724504,0.222530896000023,0],[99.207245039,0.222530929000072,0],[99.2072386250001,0.222629435000044,0],[99.2072161680001,0.222719871000038,0],[99.2071263380001,0.222912059000066,0],[99.2070188600001,0.22308969900007,0],[99.206933087,0.223214185000074,0],[99.206895349,0.223268955000037,0],[99.2068535380001,0.223312854000028,0],[99.2068531780001,0.223313232000066,0],[99.2068530230001,0.223313395000048,0],[99.2067830610001,0.223386851000043,0],[99.206685205,0.223459515000059,0],[99.2065939060001,0.223469593000061,0],[99.2064510010001,0.223485362000019,0],[99.206337708,0.223504544000036,0],[99.2063345320001,0.223505082000031,0],[99.2062697380001,0.223516045000054,0],[99.206269708,0.223516052000036,0],[99.2060339220001,0.223583887000075,0],[99.2058558740001,0.223677552000026,0],[99.205709932,0.223767968000061,0],[99.2057098980001,0.22376799400007,0],[99.2055655240001,0.223879418000024,0],[99.2054484280001,0.22402315100004,0],[99.205331324,0.224160420000032,0],[99.2052013970001,0.224270240000067,0],[99.2052013670001,0.224270266000076,0],[99.2050249390001,0.224401061000037,0],[99.204869338,0.224538322000058,0],[99.2048189430001,0.224626341000032,0],[99.2048187230001,0.224626726000054,0],[99.20479076,0.224675598000033,0],[99.2047763150001,0.224782153000035,0],[99.204776317,0.224782182000069,0],[99.204798769,0.224921075000054,0],[99.2048597200001,0.225058331000071,0],[99.2049575780001,0.225195611000061,0],[99.2050843000001,0.225337718000048,0],[99.205183762,0.225463679000029,0],[99.2052219720001,0.225543815000037,0],[99.205222329,0.225544563000028,0],[99.205241512,0.225584795000032,0],[99.2052543470001,0.225728528000047,0],[99.2052443640001,0.225848151000037,0],[99.205238309,0.225920700000074,0],[99.2051885870001,0.226083814000049,0],[99.205119606,0.226225928000019,0],[99.2050105280001,0.226401955000028,0],[99.2049078690001,0.226561838000066,0],[99.2048404940001,0.226692645000071,0],[99.2048260650001,0.226771782000071,0],[99.204829272,0.226875137000036,0],[99.2048525380001,0.226989642000035,0],[99.2048581550001,0.227017260000025,0],[99.2048982470001,0.22715286600004,0],[99.2048982520001,0.227152906000072,0],[99.2049223180001,0.227337008000063,0],[99.2049754010001,0.227877853000052,0],[99.2049754020001,0.227877888000023,0],[99.2049773350001,0.228064838000023,0],[99.2049657370001,0.228195320000054,0],[99.2049193130001,0.228351113000031,0],[99.2048632190001,0.228473805000021,0],[99.204831181,0.228539883000053,0],[99.2048307200001,0.228540834000057,0],[99.2047839050001,0.228637390000074,0],[99.2047316850001,0.228752280000037,0],[99.2046871920001,0.228847712000061,0],[99.2046736630001,0.228908038000043,0],[99.204673659,0.228908076000039,0],[99.2046717200001,0.229015187000073,0],[99.204675594,0.22909501700002,0],[99.204696863,0.229213829000059,0],[99.2046968710001,0.22921386400003,0],[99.2047104110001,0.229295615000069,0],[99.2047142790001,0.229412459000059,0],[99.2047142820001,0.22941250100007,0],[99.204718143,0.229533167000056,0],[99.2047181500001,0.229533206000042,0],[99.2047587750001,0.229685098000061,0],[99.204790055,0.22973547700002,0],[99.204816813,0.229778573000033,0],[99.2048450220001,0.229821701000049,0],[99.2048451470001,0.229821893000064,0],[99.204845462,0.229822375000026,0],[99.2048690350001,0.229858415000024,0],[99.204890317,0.22993047600005,0],[99.2048911240001,0.229944300000057,0],[99.2048922500001,0.22996358000006,0],[99.2048899420001,0.230032219000066,0],[99.204889918,0.230032931000039,0],[99.204889908,0.230033235000064,0],[99.204888387,0.230078480000032,0],[99.2048671090001,0.230232320000027,0],[99.2048264940001,0.230397817000039,0],[99.2048264850001,0.230397856000025,0],[99.2048151930001,0.230433464000043,0],[99.2047820000001,0.230538073000048,0],[99.2046910830001,0.230686078000076,0],[99.2046137080001,0.23078539100004,0],[99.2044918490001,0.230865244000029,0],[99.204417069,0.230902884000045,0],[99.2043757850001,0.230923664000045,0],[99.2042693920001,0.230985983000039,0],[99.2042171570001,0.23105415200007,0],[99.2041823490001,0.231157357000029,0],[99.204175977,0.231270192000068,0],[99.2041726720001,0.23132873000003,0],[99.204176547,0.23148063900004,0],[99.2041804070001,0.231628637000028,0],[99.2041784790001,0.23177468800003,0],[99.2041784790001,0.231774718000054,0],[99.2041707660001,0.231930481000063,0],[99.204165457,0.231991255000025,0],[99.2041654450001,0.231991387000051,0],[99.2041610810001,0.232041492000064,0],[99.2041500730001,0.23209098600006,0],[99.2041500000001,0.232091316000037,0],[99.2041320640001,0.232171963000042,0],[99.204025684,0.232409528000062,0],[99.2040256720001,0.232409553000025,0],[99.203764554,0.232947012000068,0],[99.2037645440001,0.232947046000049,0],[99.203662233,0.233045223000033,0],[99.203640749,0.233065844000066,0],[99.203640722,0.233065865000071,0],[99.2035169750001,0.233145654000054,0],[99.203516945,0.233145681000053,0],[99.2033602480001,0.233213855000031,0],[99.2031262300001,0.233303413000044,0],[99.20312619,0.233303428000056,0],[99.202851513,0.233410541000069,0],[99.2025981,0.233490389000053,0],[99.2023021420001,0.23357803500005,0],[99.201986837,0.233653988000071,0],[99.2018047190001,0.23369630000002,0],[99.2018017820001,0.233696982000026,0],[99.2016096280001,0.23374162500005,0],[99.2014130920001,0.233793142000025,0],[99.2014106340001,0.233793787000025,0],[99.2014100200001,0.233793948000027,0],[99.2014069720001,0.233794747000047,0],[99.2012827170001,0.233827317000021,0],[99.2011139840001,0.233885372000032,0],[99.2011099900001,0.233886746000053,0],[99.2009770800001,0.233932475000074,0],[99.2006753410001,0.234020113000042,0],[99.200675313,0.234020120000025,0],[99.2003948280001,0.234080489000064,0],[99.2002674060001,0.234098154000037,0],[99.2001278860001,0.234117497000057,0],[99.1998512650001,0.234136984000031,0],[99.1998512370001,0.234136986000067,0],[99.1995185480001,0.234158399000023,0],[99.1993996410001,0.234166154000036,0],[99.199249664,0.234175935000053,0],[99.1989614770001,0.234185671000034,0],[99.1989614400001,0.23418567300007,0],[99.198700294,0.234187624000072,0],[99.1983275320001,0.234197554000048,0],[99.197895583,0.234209059000023,0],[99.197725355,0.234220115000028,0],[99.1977250510001,0.234220135000044,0],[99.1975957490001,0.234228533000021,0],[99.1974203680001,0.234263016000057,0],[99.1972688380001,0.234292810000056,0],[99.197025109,0.234345387000076,0],[99.1967813700001,0.234396028000049,0],[99.196675209,0.234428990000026,0],[99.1966751020001,0.234429023000075,0],[99.19667481,0.234429114000022,0],[99.196672789,0.234429742000032,0],[99.196574388,0.23446029400003,0],[99.196413894,0.234518175000062,0],[99.1964074530001,0.234520498000052,0],[99.1963151770001,0.234553768000069,0],[99.1962525230001,0.234583870000051,0],[99.1962520920001,0.234584077000022,0],[99.1962497820001,0.23458518700005,0],[99.1961043380001,0.234655043000032,0],[99.1959128660001,0.234756295000068,0],[99.195912831,0.234756311000069,0],[99.1956381430001,0.234875105000071,0],[99.195382808,0.235005594000029,0],[99.1951313380001,0.235139962000062,0],[99.1948972850001,0.235270451000019,0],[99.1946941620001,0.235371714000053,0],[99.194513493,0.235458330000029,0],[99.1939991630001,0.235707529000024,0],[99.193702155,0.235707533000038,0],[99.1934170280001,0.235731458000032,0],[99.1933041620001,0.235629797000058,0],[99.193120015,0.235420495000028,0],[99.1930130910001,0.235366675000023,0],[99.1927457830001,0.235318838000069,0],[99.1924487750001,0.235348742000042,0],[99.1921636480001,0.235402567000051,0],[99.192044846,0.235474331000034,0],[99.191874576,0.235524505000058,0],[99.1918013000001,0.235546096000064,0],[99.191730019,0.235641779000048,0],[99.1917478450001,0.236018529000035,0],[99.19183695,0.236257733000059,0],[99.191943875,0.236377335000043,0],[99.1921339620001,0.236514875000069,0],[99.192175546,0.236664379000047,0],[99.1921814890001,0.23688564400004,0],[99.1920448700001,0.237250435000021,0],[99.1918191490001,0.237657088000049,0],[99.1916112470001,0.237908257000072,0],[99.1915874900001,0.238153444000034,0],[99.1917044890001,0.238472714000068,0],[99.1917452070001,0.238583825000035,0],[99.1917452970001,0.238584071000048,0],[99.1917695540001,0.238637689000029,0],[99.191769858,0.238638362000074,0],[99.191800341,0.238705742000036,0],[99.191928019,0.238871269000072,0],[99.1919819660001,0.238924825000026,0],[99.1919825860001,0.23892544000006,0],[99.1919828760001,0.238925728000027,0],[99.192067298,0.239009537000072,0],[99.192130019,0.239071722000062,0],[99.1921300610001,0.239071764000073,0],[99.1921306090001,0.239072308000061,0],[99.192194966,0.239136115000065,0],[99.19228782,0.239264648000074,0],[99.1923358600001,0.239375512000038,0],[99.19236714,0.239447700000028,0],[99.192419365,0.239665811000066,0],[99.192427186,0.239787239000066,0],[99.1924272160001,0.239787707000062,0],[99.1924273320001,0.239789510000037,0],[99.1924273390001,0.239789611000049,0],[99.1924329110001,0.239876133000053,0],[99.1924522630001,0.24013319200003,0],[99.1924936020001,0.240294865000067,0],[99.19250256,0.240329876000033,0],[99.192612818,0.240530474000025,0],[99.1927598340001,0.240680420000047,0],[99.1929087950001,0.240807,0],[99.1930674100001,0.240976424000053,0],[99.193093241,0.241019382000047,0],[99.1930932750001,0.24101943900007,0],[99.1930935670001,0.241019925000046,0],[99.193111914,0.24105041100006,0],[99.193115586,0.241075634000026,0],[99.193115661,0.241076148000047,0],[99.193115692,0.241076359000033,0],[99.193115704,0.241076440000029,0],[99.19311573,0.241076619000069,0],[99.1931215760001,0.241116638000051,0],[99.1931261770001,0.241216202000032,0],[99.1931261810001,0.241216278000024,0],[99.1931293160001,0.241284111000027,0],[99.1931260840001,0.241405391000058,0],[99.193126082,0.241405463000035,0],[99.1931215820001,0.241574276000051,0],[99.1931145440001,0.241623888000049,0],[99.1931144700001,0.241624411000032,0],[99.1931144650001,0.241624447000049,0],[99.193114457,0.241624506000051,0],[99.193111919,0.241642436000063,0],[99.1930867710001,0.241817710000021,0],[99.1930710830001,0.241951974000074,0],[99.1930710500001,0.241952256000047,0],[99.1930635610001,0.242016344000035,0],[99.1930493900001,0.242132656000024,0],[99.1930492280001,0.24213399100006,0],[99.1930491860001,0.24213433500006,0],[99.1930384200001,0.242222785000024,0],[99.1930229380001,0.242466200000024,0],[99.193022941,0.242647302000023,0],[99.19303068,0.242787523000061,0],[99.1930587100001,0.242865829000039,0],[99.1930588910001,0.242866334000041,0],[99.1931080590001,0.243003689000034,0],[99.193200914,0.243206219000058,0],[99.193228703,0.243304676000037,0],[99.1932288250001,0.243305109000062,0],[99.1932288740001,0.243305283000041,0],[99.193229096,0.243306070000074,0],[99.1932492830001,0.243377592000058,0],[99.193266689,0.243574272000046,0],[99.1932434880001,0.243683341000065,0],[99.193195126,0.243809916000032,0],[99.1931177470001,0.243955977000041,0],[99.1930326400001,0.244121506000056,0],[99.1929688010001,0.244308463000039,0],[99.192943658,0.244458418000022,0],[99.1929404530001,0.244527813000047,0],[99.1929404480001,0.244527914000059,0],[99.1929359230001,0.244625892000045,0],[99.1929390120001,0.244725335000055,0],[99.1929417490001,0.244812852000052,0],[99.1929558990001,0.244893657000034,0],[99.1929707510001,0.244978372000048,0],[99.193007493,0.245143914000039,0],[99.1930120150001,0.245215641000073,0],[99.1930120260001,0.245215822000034,0],[99.1930171810001,0.245297749000031,0],[99.1930141760001,0.245343145000049,0],[99.1930141720001,0.245343207000076,0],[99.1930094460001,0.245414595000057,0],[99.1929842930001,0.245465223000053,0],[99.19291272,0.245574296000029,0],[99.1929699920001,0.245762085000024,0],[99.192939584,0.246098887000073,0],[99.192897767,0.246229016000029,0],[99.1927761150001,0.246428037000044,0],[99.1926164440001,0.246500759000071,0],[99.1924775160001,0.24660837600004,0],[99.1924833040001,0.246674589000065,0],[99.1925181270001,0.246744693000039,0],[99.1926088470001,0.246883488000037,0],[99.192711493,0.24691027700004,0],[99.1928065370001,0.246998304000044,0],[99.192754596,0.247218074000045,0],[99.1927193320001,0.247268510000026,0],[99.1927193070001,0.247268545000054,0],[99.192682554,0.247414605000074,0],[99.1926651470001,0.247511981000059,0],[99.1926459190001,0.247559113000023,0],[99.1926206560001,0.247621037000044,0],[99.1925394180001,0.247755417000064,0],[99.1924426990001,0.247848877000024,0],[99.192336309,0.247918994000031,0],[99.1922755360001,0.24795550500005,0],[99.1922744020001,0.247956187000057,0],[99.1922163730001,0.247991049000063,0],[99.192151848,0.248032753000075,0],[99.1920596890001,0.248092317000044,0],[99.1919675460001,0.24814940400006,0],[99.191901375,0.248397727000054,0],[99.1919381060001,0.248534975000041,0],[99.1920212700001,0.248690458000056,0],[99.192128197,0.248863880000044,0],[99.1920913920001,0.249014733000024,0],[99.1920693740001,0.249104977000059,0],[99.1920692340001,0.249105166000049,0],[99.1919381170001,0.249282494000056,0],[99.191813375,0.249360238000065,0],[99.1915993100001,0.249486682000054,0],[99.191632709,0.24954933500004,0],[99.1916478240001,0.249580896000055,0],[99.191647845,0.249580931000025,0],[99.1916736460001,0.249624936000032,0],[99.1916910750001,0.249652543000025,0],[99.1917000020001,0.249666684000033,0],[99.191727492,0.249703916000044,0],[99.1917549790001,0.24974000800006,0],[99.191773062,0.24976524300007,0],[99.19178521,0.24977326100003,0],[99.191785349,0.249773353000023,0],[99.1917854820001,0.249773441000059,0],[99.1917982610001,0.249781858000063,0],[99.1918109970001,0.249789855000074,0],[99.191811069,0.249789900000053,0],[99.1918112110001,0.249789989000021,0],[99.1918300390001,0.249801810000065,0],[99.19189786,0.24983995100007,0],[99.1919507040001,0.249884101000021,0],[99.1919951550001,0.249936553000055,0],[99.1920495470001,0.24999996400004,0],[99.1920495800001,0.250000003000025,0],[99.192067539,0.250010314000065,0],[99.192078006,0.250016333000076,0],[99.1920780400001,0.250016342000038,0],[99.1922291970001,0.250095789000056,0],[99.1923717620001,0.25015558900003,0],[99.1926083970001,0.250235883000073,0],[99.1926440770001,0.250300483000046,0],[99.1926758580001,0.250367838000045,0],[99.1926760460001,0.250368236000043,0],[99.1926763170001,0.250368810000055,0],[99.192712208,0.250444876000074,0],[99.1927578250001,0.250592186000063,0],[99.192758359,0.250593911000067,0],[99.192758488,0.250594329000023,0],[99.1928034090001,0.250739327000019,0],[99.1928240560001,0.250837961000059,0],[99.19282423,0.250838792000025,0],[99.192824493,0.250840047000054,0],[99.1928469360001,0.250947158000031,0],[99.192854207,0.251027910000062,0],[99.1928623050001,0.251117854000029,0],[99.1928601980001,0.251234084000032,0],[99.192858211,0.251343728000052,0],[99.192835281,0.251432141000066,0],[99.192824784,0.251472652000075,0],[99.1928410570001,0.251662579000026,0],[99.1927697780001,0.251824044000045,0],[99.1924311930001,0.252146978000042,0],[99.192189268,0.25225135300002,0],[99.1921892300001,0.25225135900007,0],[99.1921383100001,0.25257534900004,0],[99.192138298,0.252575388000025,0],[99.19211547,0.252641225000048,0],[99.1920126000001,0.252773636000029,0],[99.1917421470001,0.253121751000037,0],[99.191468904,0.253420763000065,0],[99.191171899,0.253707814000052,0],[99.1906491670001,0.253905167000028,0],[99.190310577,0.253964974000041,0],[99.1893839130001,0.254162332000021,0],[99.188736432,0.254042738000066,0],[99.1882716530001,0.253918672000054,0],[99.1882715820001,0.253918670000076,0],[99.1881609550001,0.253919212000028,0],[99.1880661810001,0.253919690000032,0],[99.1879460700001,0.25391683600003,0],[99.1879426340001,0.253916754000045,0],[99.1878059590001,0.25391350600006,0],[99.187537541,0.253903195000021,0],[99.187256318,0.253887214000031,0],[99.187256286,0.253887212000052,0],[99.1872348520001,0.253883770000073,0],[99.1870473210001,0.253853696000022,0],[99.186987871,0.25383331300003,0],[99.186987167,0.25383307200002,0],[99.1869059400001,0.253805223000029,0],[99.1867833210001,0.25375236900004,0],[99.186783259,0.253752375000033,0],[99.1863885750001,0.253791981000063,0],[99.1862493510001,0.253754607000076,0],[99.1859244970001,0.253679859000044,0],[99.1852747890001,0.253586429000052,0],[99.1847457430001,0.253633156000035,0],[99.1845693930001,0.253595784000026,0],[99.1840496250001,0.25342759900002,0],[99.1829265590001,0.253278111000043,0],[99.1821933150001,0.253025834000027,0],[99.1818392910001,0.252638295000054,0],[99.1818391680001,0.252638216000037,0],[99.181228026,0.252315704000068,0],[99.1810423940001,0.252222267000036,0],[99.180847478,0.25186719900006,0],[99.180318426,0.251540166000041,0],[99.1798450640001,0.251278541000033,0],[99.1794923610001,0.250867410000069,0],[99.179241754,0.250474967000059,0],[99.1790282760001,0.250213338000037,0],[99.1788797710001,0.250138588000027,0],[99.1784620980001,0.249858274000076,0],[99.1782764640001,0.249577957000042,0],[99.1781001080001,0.24900797600003,0],[99.1777009940001,0.248409966000054,0],[99.1771533660001,0.247083128000043,0],[99.1769027510001,0.246055292000051,0],[99.1768208180001,0.245156896000026,0],[99.1768137490001,0.245095632000073,0],[99.1768149110001,0.24504917500002,0],[99.17681587,0.245010850000028,0],[99.1768160130001,0.245010148000063,0],[99.1769491370001,0.244354685000076,0],[99.177072749,0.243674254000041,0],[99.1770840710001,0.243558109000048,0],[99.1770946810001,0.243485477000036,0],[99.17709469,0.243485444000044,0],[99.1771215740001,0.243400657000052,0],[99.1771215830001,0.243400632000032,0],[99.1771484760001,0.243338669000025,0],[99.1771937560001,0.243262423000033,0],[99.177237641,0.243198315000029,0],[99.1772864640001,0.243124923000039,0],[99.1773211380001,0.243060073000038,0],[99.177348033,0.242988879000052,0],[99.1773480410001,0.242988842000045,0],[99.1773614840001,0.24291973000004,0],[99.1773784680001,0.242841362000036,0],[99.1773944070001,0.242805923000049,0],[99.177412432,0.242765826000038,0],[99.1774577300001,0.242684617000066,0],[99.177500378,0.242639869000072,0],[99.1775005280001,0.242639712000027,0],[99.1775582280001,0.242579170000056,0],[99.1776148470001,0.242534997000064,0],[99.1776148760001,0.242534975000069,0],[99.1776249160001,0.242527548000055,0],[99.1776260030001,0.242526743000042,0],[99.177626208,0.242526592000047,0],[99.177626875,0.242526098000042,0],[99.1776707500001,0.242493671000034,0],[99.177725083,0.242456007000044,0],[99.1777570850001,0.242433823000056,0],[99.1778285760001,0.242379674000063,0],[99.1778480780001,0.242360241000029,0],[99.1778484260001,0.24235989500005,0],[99.1778495490001,0.242358775000071,0],[99.1778943830001,0.242314125000064,0],[99.1779517100001,0.242237178000039,0],[99.1779690550001,0.242206555000053,0],[99.177969137,0.242206411000041,0],[99.1779692970001,0.242206128000021,0],[99.1780033640001,0.242145981000021,0],[99.1780394630001,0.242067604000056,0],[99.1780720150001,0.241971428000056,0],[99.1781045700001,0.241888060000065,0],[99.1781427780001,0.241810414000042,0],[99.1781873630001,0.241742009000063,0],[99.1782404470001,0.241669325000032,0],[99.1782779470001,0.241602372000045,0],[99.1783055550001,0.241531821000024,0],[99.1783158710001,0.241509896000025,0],[99.1783159170001,0.241509797000049,0],[99.1783310320001,0.24147767300002,0],[99.1783628680001,0.241433505000032,0],[99.1784265690001,0.241377926000041,0],[99.1784874300001,0.241323781000062,0],[99.1785447520001,0.241260373000046,0],[99.1786070310001,0.241184123000039,0],[99.1786756540001,0.241110764000041,0],[99.178675678,0.241110745000071,0],[99.178684768,0.241105029000039,0],[99.1786854950001,0.24110457200004,0],[99.1787549420001,0.241060878000042,0],[99.1788511990001,0.241035228000044,0],[99.1789792880001,0.241047331000061,0],[99.1790755370001,0.241066573000069,0],[99.1791229840001,0.241070035000064,0],[99.1791632920001,0.241072977000044,0],[99.179224832,0.241070132000061,0],[99.1792248620001,0.241070128000047,0],[99.1792984610001,0.241044467000052,0],[99.1792984950001,0.241044455000065,0],[99.1793727730001,0.241003872000022,0],[99.179426527,0.240968641000052,0],[99.1794266960001,0.240968530000032,0],[99.179426785,0.24096847200002,0],[99.179447785,0.240954708000061,0],[99.179469618,0.240944117000026,0],[99.179525637,0.240916944000048,0],[99.1795637810001,0.240897997000047,0],[99.1795787130001,0.240890580000041,0],[99.1796000900001,0.240873873000055,0],[99.179632498,0.240848545000063,0],[99.179678498,0.24079795900002,0],[99.1797223740001,0.240738828000076,0],[99.1797620040001,0.240683971000067,0],[99.1798080080001,0.240643351000074,0],[99.1798256370001,0.240635996000037,0],[99.179857542,0.240622686000052,0],[99.179887288,0.240620655000043,0],[99.1798993100001,0.240619840000022,0],[99.1799509640001,0.240624828000023,0],[99.1800061660001,0.240646198000036,0],[99.180062783,0.240679681000074,0],[99.1801175570001,0.240706677000048,0],[99.1801307330001,0.240713181000046,0],[99.1801573720001,0.240717604000054,0],[99.180212108,0.240726707000022,0],[99.180251657,0.240725999000063,0],[99.1802920810001,0.240725276000035,0],[99.1803713510001,0.240716722000059,0],[99.180456275,0.24070034500005,0],[99.1805390740001,0.24068965400005,0],[99.1806296700001,0.240682524000022,0],[99.1806310640001,0.240682483000057,0],[99.180704673,0.240680387000054,0],[99.180752506,0.240686293000067,0],[99.1807796940001,0.240689650000036,0],[99.1808568280001,0.240724563000072,0],[99.180901421,0.240754482000057,0],[99.1809445860001,0.240794380000068,0],[99.180969094,0.24082050100003,0],[99.1809806860001,0.240832857000044,0],[99.1810167770001,0.240878455000029,0],[99.1810424180001,0.240915949000055,0],[99.181042678,0.240916330000061,0],[99.1810542890001,0.240933308000024,0],[99.1810656150001,0.240947159000029,0],[99.1810657840001,0.240947365000068,0],[99.1810840090001,0.240969651000057,0],[99.1811186940001,0.241005262000044,0],[99.181178135,0.24103376100004,0],[99.1812220200001,0.241038752000065,0],[99.181264474,0.241034479000064,0],[99.181304815,0.241020945000059,0],[99.181321171,0.241012554000065,0],[99.1813423250001,0.241001702000062,0],[99.1813862110001,0.240972506000048,0],[99.181400409,0.24096445400005,0],[99.181400819,0.240964222000059,0],[99.181401378,0.240963905000058,0],[99.1814315000001,0.240946847000032,0],[99.181452618,0.240937277000057,0],[99.1814529420001,0.24093713000002,0],[99.181452973,0.240937116000055,0],[99.1814739630001,0.240927603000046,0],[99.1814932520001,0.240922835000049,0],[99.1814935340001,0.24092276500005,0],[99.1814936200001,0.240922743000056,0],[99.1814937490001,0.240922711000053,0],[99.1815142950001,0.240917632000048,0],[99.181552513,0.24091407100002,0],[99.181606302,0.240909081000041,0],[99.1816211670001,0.240907892000052,0],[99.1816508850001,0.240905515000065,0],[99.1816891060001,0.240901245000032,0],[99.1817183890001,0.240893199000027,0],[99.181719242,0.240892965000057,0],[99.1817197110001,0.240892837000047,0],[99.1817280370001,0.240890556000068,0],[99.181777562,0.24086989500006,0],[99.1818138020001,0.240852344000075,0],[99.181814215,0.24085214400003,0],[99.1818146560001,0.240851931000066,0],[99.1818334760001,0.240842808000025,0],[99.1818335010001,0.240842796000038,0],[99.1818625060001,0.240827707000051,0],[99.1818964560001,0.240810045000046,0],[99.1819336560001,0.240786818000061,0],[99.181934928,0.240786024000045,0],[99.181952364,0.240775133000056,0],[99.1820125250001,0.240722402000074,0],[99.1820726770001,0.240665405000072,0],[99.182117969,0.240614106000066,0],[99.1821568870001,0.240567805000069,0],[99.182196521,0.240518638000026,0],[99.1822297950001,0.240468761000045,0],[99.1822552670001,0.240428155000075,0],[99.182280033,0.240383978000068,0],[99.182304091,0.240341944000022,0],[99.1823194350001,0.240313327000024,0],[99.182319534,0.240313143000037,0],[99.1823281570001,0.240297060000046,0],[99.1823423110001,0.240267132000042,0],[99.1823642470001,0.240231512000037,0],[99.1823932650001,0.240201583000044,0],[99.1824399690001,0.240167384000074,0],[99.1824611260001,0.240155442000059,0],[99.1824866810001,0.240141019000021,0],[99.182499018,0.240134119000061,0],[99.1825121590001,0.240126770000074,0],[99.182531264,0.240114664000032,0],[99.18255179,0.240086165000037,0],[99.1825595620001,0.240069765000044,0],[99.1825699990001,0.240042407000033,0],[99.1825700940001,0.240042158000051,0],[99.1825793880001,0.24001776800003,0],[99.182588358,0.239997165000034,0],[99.1825884930001,0.239996855000072,0],[99.18258868,0.239996426000062,0],[99.182588787,0.239996181000038,0],[99.1826020340001,0.239965755000071,0],[99.182630331,0.239931550000051,0],[99.182669263,0.239900921000071,0],[99.1826947260001,0.239879539000071,0],[99.1827096000001,0.239855319000071,0],[99.182709613,0.239855292000072,0],[99.18272303,0.239813324000067,0],[99.1827230480001,0.239813279000032,0],[99.1827230470001,0.239784074000056,0],[99.1827159760001,0.239729926000052,0],[99.182698278,0.239685750000035,0],[99.1826931570001,0.239673537000044,0],[99.1826930920001,0.239673381000046,0],[99.182684834,0.239653686000054,0],[99.1826593630001,0.239613784000028,0],[99.1826282160001,0.239573890000031,0],[99.1825928250001,0.239531142000033,0],[99.1825728800001,0.239510369000072,0],[99.1825517730001,0.239488404000042,0],[99.182515691,0.239460611000027,0],[99.1824710970001,0.239434966000033,0],[99.1824710670001,0.239434954000046,0],[99.182421564,0.239418580000063,0],[99.1823698970001,0.239408599000058,0],[99.182314702,0.239400765000028,0],[99.182267988,0.239397201000031,0],[99.1822241140001,0.239391502000046,0],[99.18218518,0.239383669000063,0],[99.182152633,0.239363720000028,0],[99.1820868390001,0.239310313000033,0],[99.1820868130001,0.239310287000023,0],[99.182037978,0.239261125000041,0],[99.1819802690001,0.239222132000066,0],[99.1819793490001,0.239221511000039,0],[99.181932535,0.239189879000037,0],[99.181863885,0.239165660000026,0],[99.1818346890001,0.239161884000055,0],[99.181834279,0.239161831000047,0],[99.181786742,0.239155682000046,0],[99.1817355590001,0.239155314000072,0],[99.181687663,0.239154969000026,0],[99.1816215010001,0.239156239000067,0],[99.1816204710001,0.239156259000026,0],[99.1815758500001,0.239157115000069,0],[99.181509222,0.239158493000048,0],[99.1815081400001,0.239158515000042,0],[99.1815065660001,0.239158548000034,0],[99.1814038700001,0.239160672000025,0],[99.181310452,0.23915356200007,0],[99.1812856130001,0.239148445000069,0],[99.1812853690001,0.239148395000029,0],[99.1812847950001,0.239148277000027,0],[99.181244641,0.239140019000047,0],[99.1811936860001,0.239121492000038,0],[99.181150513,0.239098693000074,0],[99.181115833,0.239069479000023,0],[99.1810952880001,0.239054757000019,0],[99.181095079,0.23905460800006,0],[99.1810740800001,0.239039561000027,0],[99.181033745,0.239026744000057,0],[99.1809785330001,0.239027448000058,0],[99.180932678,0.23903316000002,0],[99.1809321650001,0.239033224000025,0],[99.1809099220001,0.239035986000033,0],[99.180909892,0.239035995000052,0],[99.180823547,0.239055949000033,0],[99.1807365010001,0.239073050000059,0],[99.1806621920001,0.239078041000027,0],[99.1805992000001,0.239075186000036,0],[99.180529849,0.239058088000036,0],[99.180494222,0.239040327000055,0],[99.1804935820001,0.239040008000075,0],[99.1804555360001,0.239021040000068,0],[99.1803783830001,0.238963348000027,0],[99.1802694410001,0.238871454000048,0],[99.1802694120001,0.238871427000049,0],[99.18017174,0.238780948000056,0],[99.1800960260001,0.238708990000021,0],[99.1800047440001,0.238617823000027,0],[99.1800047180001,0.238617794000049,0],[99.1799127200001,0.238525881000044,0],[99.1798544050001,0.238465135000069,0],[99.1798535890001,0.238464284000031,0],[99.1798313340001,0.238441101000035,0],[99.1797513700001,0.238367717000074,0],[99.1796791690001,0.238308578000044,0],[99.179620764,0.238261640000076,0],[99.1795949440001,0.238240904000065,0],[99.179529878,0.238178224000023,0],[99.1795298500001,0.238178196000035,0],[99.1794633370001,0.238097717000073,0],[99.179463318,0.238097694000032,0],[99.1793918290001,0.238003646000038,0],[99.17933027,0.237910314000032,0],[99.1792729620001,0.237804195000024,0],[99.179272939,0.237804155000049,0],[99.1792163420001,0.237688777000074,0],[99.179216323,0.237688739000021,0],[99.1791618230001,0.237573316000066,0],[99.1791618010001,0.237573268000062,0],[99.1791165370001,0.237475711000059,0],[99.1791165180001,0.237475671000027,0],[99.1790776130001,0.237397337000061,0],[99.1790217000001,0.237321820000034,0],[99.178959423,0.237263384000073,0],[99.1788723660001,0.237198561000071,0],[99.1787839080001,0.237142985000048,0],[99.178712428,0.237090979000072,0],[99.1786522690001,0.237041820000059,0],[99.1786259140001,0.237016981000068,0],[99.178585748,0.236979124000072,0],[99.178505063,0.23689932800005,0],[99.1784702150001,0.236860269000033,0],[99.17843005,0.236815252000042,0],[99.1783814550001,0.236760093000044,0],[99.178381104,0.236759694000057,0],[99.1783635200001,0.236739736000061,0],[99.1783040700001,0.236661362000063,0],[99.178304042,0.236661318000074,0],[99.1782616080001,0.236595813000065,0],[99.1782332990001,0.236536681000075,0],[99.1782198540001,0.236486100000036,0],[99.1782127710001,0.236397036000028,0],[99.1782120700001,0.236326504000033,0],[99.178212074,0.236326460000043,0],[99.178224093,0.236241722000045,0],[99.178238245,0.236136276000025,0],[99.1782538180001,0.236035100000038,0],[99.1782672670001,0.235948182000072,0],[99.1782708010001,0.235883341000033,0],[99.1782559430001,0.235824207000064,0],[99.1782191350001,0.235784310000042,0],[99.1781604020001,0.235752974000036,0],[99.1780790120001,0.23572731400003,0],[99.1780085650001,0.235702417000027,0],[99.1780079010001,0.235702183000058,0],[99.1780072990001,0.235701970000036,0],[99.1779862880001,0.235694548000026,0],[99.1778921760001,0.235656069000072,0],[99.1778107850001,0.235624722000068,0],[99.1777506340001,0.235592659000019,0],[99.1777285300001,0.235571802000038,0],[99.1777284090001,0.235571687000061,0],[99.1777166630001,0.235560604000057,0],[99.1776826870001,0.235501467000063,0],[99.1776826700001,0.235501431000046,0],[99.1776437660001,0.235398160000045,0],[99.1776437560001,0.235398136000072,0],[99.1776104990001,0.235292002000051,0],[99.1775821890001,0.235188692000065,0],[99.177554431,0.235094153000034,0],[99.1775489280001,0.235075411000025,0],[99.1775191990001,0.235002734000034,0],[99.1774816960001,0.234930778000034,0],[99.1774498380001,0.234867375000022,0],[99.1774498280001,0.234867350000059,0],[99.1774444340001,0.234851732000038,0],[99.1774444220001,0.234851698000057,0],[99.1774443960001,0.234851622000065,0],[99.1774335710001,0.234820343000024,0],[99.1774144550001,0.234754090000024,0],[99.1774017280001,0.234697840000024,0],[99.1774017180001,0.23469779900006,0],[99.1773741200001,0.234607317000041,0],[99.177360062,0.234567102000028,0],[99.1773599730001,0.234566849000032,0],[99.177347221,0.234530370000073,0],[99.177338068,0.234506209000074,0],[99.1773153720001,0.234446303000027,0],[99.1772835290001,0.234383604000072,0],[99.177258055,0.234335158000022,0],[99.1772580360001,0.234335122000061,0],[99.1772163130001,0.234269635000032,0],[99.177216296,0.234269608000034,0],[99.1771865700001,0.234225434000052,0],[99.1771419880001,0.234157745000061,0],[99.177091031,0.234092920000023,0],[99.177091004,0.234092886000042,0],[99.1770471360001,0.234038069000064,0],[99.177027304,0.234011684000052,0],[99.1770270120001,0.234011296000062,0],[99.177011765,0.233991030000027,0],[99.1769799200001,0.23393902600003,0],[99.1769671740001,0.233892713000046,0],[99.1769664710001,0.233864930000038,0],[99.176977095,0.233816467000054,0],[99.1769806890001,0.233808454000041,0],[99.1769807520001,0.233808313000054,0],[99.176990527,0.233786553000073,0],[99.1770145940001,0.233751640000037,0],[99.1770528040001,0.233705334000035,0],[99.1770528370001,0.233705292000025,0],[99.1770888950001,0.233663292000074,0],[99.1771193050001,0.233624151000072,0],[99.1771193330001,0.233624108000072,0],[99.1771568340001,0.233566395000025,0],[99.1771785290001,0.233525840000027,0],[99.1771785890001,0.233525728000075,0],[99.177186561,0.233510826000042,0],[99.1771962350001,0.233491134000076,0],[99.177196398,0.233490801000073,0],[99.1772184100001,0.233445993000032,0],[99.177252384,0.233372602000031,0],[99.1772565690001,0.233362179000039,0],[99.1772567080001,0.23336183300006,0],[99.1772568150001,0.233361565000052,0],[99.1772764360001,0.233312753000064,0],[99.1773167790001,0.233221553000021,0],[99.1773408330001,0.233168123000041,0],[99.177340869,0.233168078000062,0],[99.1774469910001,0.233010673000024,0],[99.1774629430001,0.232979710000052,0],[99.1774859130001,0.232935144000066,0],[99.1775037450001,0.232909403000065,0],[99.1775234230001,0.232880996000063,0],[99.1775234570001,0.232880973000022,0],[99.1775772080001,0.232833262000042,0],[99.1776217920001,0.232812592000073,0],[99.1776600210001,0.232801916000028,0],[99.1777343150001,0.232791218000045,0],[99.177800844,0.232791217000056,0],[99.1778281250001,0.232789930000024,0],[99.1778461360001,0.232789081000021,0],[99.177904873,0.232777678000048,0],[99.1779459250001,0.232753461000073,0],[99.1779664370001,0.232706431000054,0],[99.177966445,0.232706392000068,0],[99.177965741,0.232678649000036,0],[99.1779593680001,0.232635185000049,0],[99.1779367290001,0.232575333000057,0],[99.177916204,0.232526207000035,0],[99.1779161950001,0.232526176000022,0],[99.1779155460001,0.232523018000052,0],[99.1778984970001,0.232440004000068,0],[99.177898494,0.232439973000055,0],[99.177896376,0.232332384000074,0],[99.1779024250001,0.232245950000049,0],[99.1779034560001,0.232231225000021,0],[99.1779331660001,0.232110841000065,0],[99.177933178,0.232110807000026,0],[99.177955104,0.232050960000038,0],[99.177982001,0.232003927000051,0],[99.1780074850001,0.231956902000036,0],[99.178024463,0.231901347000075,0],[99.1780265900001,0.231862865000039,0],[99.178023049,0.231793074000052,0],[99.1780230470001,0.231793047000053,0],[99.178012434,0.231701851000025,0],[99.1779961570001,0.23163915300006,0],[99.177996148,0.231639121000057,0],[99.1779784620001,0.231585006000046,0],[99.177957238,0.231514468000057,0],[99.1779388290001,0.231430397000054,0],[99.1779197210001,0.231324951000033,0],[99.177903443,0.231219506000059,0],[99.1778907,0.231141130000026,0],[99.1778779640001,0.231070597000041,0],[99.1778690510001,0.231037703000027,0],[99.177868925,0.231037239000045,0],[99.1778567280001,0.230992230000027,0],[99.177820636,0.230906019000031,0],[99.1778065840001,0.230874086000028,0],[99.177806403,0.230873677000034,0],[99.177795868,0.230849736000039,0],[99.1777823580001,0.230825510000045,0],[99.1777821960001,0.230825220000042,0],[99.1777820730001,0.230825,0],[99.1777732200001,0.230809124000075,0],[99.177763838,0.230799170000068,0],[99.1777635780001,0.230798895000021,0],[99.1777470330001,0.230781340000021,0],[99.1777130620001,0.23075854700005,0],[99.1776614030001,0.230739292000067,0],[99.1776019800001,0.230729337000071,0],[99.1776019500001,0.230729334000046,0],[99.1775545350001,0.230727195000043,0],[99.177538584,0.23072877200002,0],[99.1775383780001,0.230728793000026,0],[99.1775113630001,0.23073146400003,0],[99.1774568700001,0.230744998000034,0],[99.1774186550001,0.230759965000061,0],[99.177386826,0.230778206000025,0],[99.1773726520001,0.230786329000068,0],[99.1773617420001,0.230792242000064,0],[99.1773266490001,0.230811264000067,0],[99.1772629600001,0.230846178000036,0],[99.177224526,0.230865202000075,0],[99.1772239060001,0.230865509000068,0],[99.177178036,0.230888213000071,0],[99.1771150480001,0.230911727000034,0],[99.17701951,0.23092882800006,0],[99.1769718260001,0.23093093600005,0],[99.1769717870001,0.230930938000029,0],[99.176971414,0.23093095400003,0],[99.1769704770001,0.230930996000041,0],[99.17693883,0.230932410000037,0],[99.1768903120001,0.23093084900006,0],[99.176887875,0.230930770000043,0],[99.1768873220001,0.230930752000063,0],[99.176886493,0.230930725000064,0],[99.1768716060001,0.23093024800005,0],[99.176844572,0.230928698000071,0],[99.1768232920001,0.230927480000048,0],[99.1767972900001,0.230925991000049,0],[99.1767300540001,0.23092740200002,0],[99.1766987390001,0.230927766000036,0],[99.1766684870001,0.230928117000076,0],[99.1764660760001,0.230970862000049,0],[99.17646605,0.230970868000043,0],[99.1763316180001,0.230998655000064,0],[99.176212723,0.231022170000074,0],[99.1761002010001,0.231035001000066,0],[99.176011734,0.231039272000032,0],[99.1759654200001,0.231040483000072,0],[99.17596446,0.231040509000024,0],[99.1759634890001,0.231040534000044,0],[99.1759633760001,0.231040537000069,0],[99.1759027430001,0.231042123000066,0],[99.1758581890001,0.231043127000021,0],[99.175857239,0.231043148000026,0],[99.1758079140001,0.231044259000043,0],[99.1757585160001,0.231043632000024,0],[99.1756960910001,0.231042840000043,0],[99.1755807370001,0.231037142000048,0],[99.1754738760001,0.231022893000045,0],[99.175361352,0.231002231000048,0],[99.1752360830001,0.230983,0],[99.1751263950001,0.230955226000049,0],[99.175020224,0.230925294000031,0],[99.1750000010001,0.230917808000072,0],[99.174923983,0.230889669000021,0],[99.1749239530001,0.230889657000034,0],[99.1748418870001,0.23085332900007,0],[99.1747968810001,0.230828447000022,0],[99.174755551,0.230805597000028,0],[99.174676988,0.23075358400007,0],[99.174590648,0.230681630000049,0],[99.1745078470001,0.230605392000029,0],[99.1744215090001,0.230518476000043,0],[99.174355689,0.23044509500005,0],[99.1742884640001,0.230362445000026,0],[99.1742884330001,0.23036240700003,0],[99.174219807,0.230269824000061,0],[99.1741603580001,0.230178628000033,0],[99.17410232,0.230079597000042,0],[99.1740315420001,0.229981993000024,0],[99.1740315160001,0.229981957000064,0],[99.1740128690001,0.229958751000026,0],[99.173968567,0.229903621000062,0],[99.1739055780001,0.229833794000058,0],[99.1738484950001,0.229778220000071,0],[99.173841178,0.229771097000025,0],[99.17381865,0.229749944000048,0],[99.1737675750001,0.229701986000066,0],[99.1737290990001,0.229668903000061,0],[99.1737290040001,0.229668822000065,0],[99.173699635,0.229643569000075,0],[99.173677346,0.229626410000037,0],[99.1736770800001,0.229626206000034,0],[99.173627444,0.229587993000052,0],[99.1735644540001,0.22954168900003,0],[99.1734943110001,0.229496837000056,0],[99.1734597130001,0.229474714000048,0],[99.1733507260001,0.229422695000039,0],[99.1732346650001,0.229369270000063,0],[99.1730704760001,0.229300875000035,0],[99.172980598,0.229259558000024,0],[99.1728949690001,0.22921681400004,0],[99.172783849,0.229156249000027,0],[99.1727838200001,0.22915621900006,0],[99.172698214,0.229097823000075,0],[99.17262178,0.229040120000036,0],[99.172600946,0.229022800000052,0],[99.1725446460001,0.228975994000052,0],[99.172473874,0.228912583000067,0],[99.1723967290001,0.228839920000041,0],[99.1723967040001,0.228839900000025,0],[99.172321707,0.228766543000063,0],[99.1722558970001,0.228700273000072,0],[99.1721801670001,0.228615489000049,0],[99.1721065620001,0.22852785200007,0],[99.1720939800001,0.228513631000055,0],[99.1720769820001,0.228494419000072,0],[99.1720315490001,0.228443070000026,0],[99.171982713,0.228388211000038,0],[99.1719826820001,0.228388177000056,0],[99.1719239810001,0.228316261000032,0],[99.1719219270001,0.228313697000033,0],[99.171868068,0.22824643000007,0],[99.1718157190001,0.228173083000058,0],[99.1718156950001,0.228173047000041,0],[99.1718046450001,0.228157986000042,0],[99.1717597740001,0.228096826000069,0],[99.1717123700001,0.228048370000067,0],[99.1717123430001,0.228048347000026,0],[99.1716394680001,0.22800632700006,0],[99.1715715280001,0.227984244000027,0],[99.1715436170001,0.227983075000054,0],[99.1715205730001,0.227982109000038,0],[99.171471748,0.227982824000037,0],[99.1714490730001,0.227985636000028,0],[99.171420083,0.227989231000038,0],[99.1713712480001,0.228002767000021,0],[99.171339189,0.228013432000068,0],[99.1713387170001,0.228013589000057,0],[99.1713376180001,0.228013955000051,0],[99.171296248,0.228027722000036,0],[99.1712762810001,0.228030340000032,0],[99.171236789,0.228035546000058,0],[99.1711653090001,0.228036976000055,0],[99.1711356260001,0.228036233000068,0],[99.1710796730001,0.228034833000038,0],[99.1709920600001,0.228027651000048,0],[99.170984134,0.228027001000044,0],[99.1708737320001,0.228010615000073,0],[99.1707668700001,0.227977133000024,0],[99.170671322,0.227937236000059,0],[99.1705715410001,0.227895194000041,0],[99.170516508,0.227867071000048,0],[99.1704795400001,0.227848178000045,0],[99.1703847040001,0.227795450000031,0],[99.1702863290001,0.227742016000036,0],[99.17028629,0.227741998000056,0],[99.17016885,0.227681458000063,0],[99.1700881660001,0.227635154000041,0],[99.1699926480001,0.227576716000044,0],[99.1699402610001,0.227544666000028,0],[99.1699402230001,0.227544632000047,0],[99.1698142830001,0.227444215000048,0],[99.1697508070001,0.22739655700002,0],[99.1697308070001,0.227381541000057,0],[99.1697307800001,0.227381517000026,0],[99.169708158,0.227361534000067,0],[99.1697046770001,0.227358459000072,0],[99.169632397,0.227294609000069,0],[99.169546063,0.227201265000076,0],[99.16947953,0.227105082000037,0],[99.169430704,0.227006757000026,0],[99.169412289,0.226954977000048,0],[99.169412171,0.226954644000045,0],[99.1694120880001,0.226954411000065,0],[99.1694119680001,0.226954074000048,0],[99.1693861100001,0.226881362000029,0],[99.1693740000001,0.226795068000058,0],[99.1693676980001,0.226750264000032,0],[99.1693680210001,0.226690512000062,0],[99.1693684290001,0.226615607000042,0],[99.1693684310001,0.226615576000029,0],[99.169383645,0.226509709000027,0],[99.1693839910001,0.22650730600003,0],[99.169387601,0.226496550000036,0],[99.169391305,0.226485516000025,0],[99.1694179350001,0.226406176000069,0],[99.1694179510001,0.226406144000066,0],[99.1694604150001,0.226309248000064,0],[99.1694654610001,0.226280795000037,0],[99.1694655160001,0.226280486000064,0],[99.169471028,0.226249400000029,0],[99.169463949,0.226196680000044,0],[99.1694271540001,0.226143240000056,0],[99.1693563840001,0.226084821000029,0],[99.169356345,0.22608479400003,0],[99.1692756990001,0.226044211000044,0],[99.1691780400001,0.226014998000039,0],[99.169176915,0.226014841000051,0],[99.1690827850001,0.226001748000044,0],[99.1690704590001,0.226000038000052,0],[99.1690582940001,0.225998951000065,0],[99.1689904940001,0.225992916000052,0],[99.1689126510001,0.225997902000074,0],[99.1687838440001,0.226021417000027,0],[99.1686833480001,0.226075569000045,0],[99.168601261,0.226126151000074,0],[99.1685347640001,0.226171007000062,0],[99.1685347310001,0.226171033000071,0],[99.168478824,0.226220205000061,0],[99.1684207930001,0.226290032000065,0],[99.16839178,0.226348444000052,0],[99.168380056,0.226405377000049,0],[99.1683797470001,0.226406872000041,0],[99.1683797430001,0.226406910000037,0],[99.1683797430001,0.226452470000027,0],[99.1683797460001,0.226452499000061,0],[99.1683938950001,0.226500891000057,0],[99.168393903,0.226500918000056,0],[99.168411603,0.226560051000035,0],[99.1684151310001,0.22661419800005,0],[99.168412705,0.22664517000004,0],[99.1684108900001,0.226668346000054,0],[99.1683967370001,0.226715366000064,0],[99.1683401210001,0.226795877000029,0],[99.1683155590001,0.226820987000053,0],[99.1683151860001,0.22682136800006,0],[99.1682941180001,0.226842906000059,0],[99.1682776260001,0.226857080000059,0],[99.168277178,0.226857465000023,0],[99.1682771540001,0.226857485000039,0],[99.168236091,0.226892775000067,0],[99.1681738130001,0.226951203000056,0],[99.1681537700001,0.22697137900002,0],[99.1681536090001,0.226971541000069,0],[99.16815339,0.226971762000062,0],[99.1681065750001,0.227018887000042,0],[99.1680715540001,0.227057923000075,0],[99.1680710310001,0.227058506000049,0],[99.1680471280001,0.22708515000005,0],[99.1679912230001,0.22716138800007,0],[99.1679508810001,0.227220516000045,0],[99.1679231800001,0.227268687000048,0],[99.167922859,0.227269245000059,0],[99.1679119600001,0.227288199000043,0],[99.1678940200001,0.227320279000025,0],[99.1678939610001,0.227320385000041,0],[99.167893678,0.227320891000033,0],[99.1678709180001,0.227361591000033,0],[99.16783058,0.227427847000058,0],[99.1678305660001,0.227427872000021,0],[99.1677824540001,0.227503372000058,0],[99.167754141,0.227546311000026,0],[99.167727959,0.227586019000057,0],[99.167636664,0.227702866000072,0],[99.1675602320001,0.227786934000051,0],[99.1675106980001,0.227838947000066,0],[99.167464055,0.227889639000068,0],[99.167463872,0.227889838000067,0],[99.1674484230001,0.227906648000044,0],[99.1674315220001,0.227925489000029,0],[99.1673896830001,0.227972179000062,0],[99.167345233,0.228025177000063,0],[99.1673450000001,0.228025455000022,0],[99.1673359340001,0.228036275000022,0],[99.1673359000001,0.228036309000061,0],[99.167278577,0.228091178000057,0],[99.1672127530001,0.228138189000049,0],[99.1671517460001,0.228175993000036,0],[99.1671511260001,0.228176375000032,0],[99.167183171,0.22821125300004,0],[99.167250558,0.228284597000027,0],[99.1678338770001,0.228919485000063,0],[99.168516632,0.22966260000004,0],[99.1685170000001,0.229663001000063,0],[99.171208,0.233326,0],[99.172514811,0.235396510000044,0],[99.1727718170001,0.235803711000074,0],[99.1727720000001,0.235804,0],[99.1734250580001,0.236981202000038,0],[99.1734360980001,0.237001104000058,0],[99.1753100000001,0.240379,0],[99.175480485,0.242424143000051,0],[99.175486596,0.242497448000051,0],[99.1755620000001,0.243402,0],[99.175454668,0.244519098000069,0],[99.175128021,0.247918786000071,0],[99.1751280000001,0.247919,0],[99.1750950000001,0.249447,0],[99.17641688,0.251040228000022,0],[99.176498,0.251138,0],[99.180816,0.254017,0],[99.1829871730001,0.256423494000046,0],[99.183045258,0.256487874000072,0],[99.1851340000001,0.258803,0],[99.1868171950001,0.261808526000038,0],[99.1868880650001,0.261935072000028,0],[99.1869048930001,0.26196512100006,0],[99.187149,0.262401,0],[99.1896389620001,0.266580936000025,0],[99.1896390000001,0.266581,0],[99.1921041420001,0.268617092000056,0],[99.1961428600001,0.271952884000029,0],[99.1961430000001,0.271953,0],[99.1958030210001,0.275255792000053,0],[99.1958030000001,0.275256,0],[99.1937371320001,0.277813836000064,0],[99.1937370000001,0.277814,0],[99.1910840150001,0.282486973000061,0],[99.191084,0.282487,0],[99.1906821470001,0.285032066000042,0],[99.1904600000001,0.286439,0],[99.189012,0.288818,0],[99.1890118160001,0.288818236000054,0],[99.1875872110001,0.290637206000042,0],[99.187437,0.290829,0],[99.1872930000001,0.292269,0],[99.1875751620001,0.292889364000075,0],[99.1878628640001,0.293521910000038,0],[99.1880130000001,0.293852,0],[99.1881342940001,0.29414782300006,0],[99.188276145,0.294493783000064,0],[99.1889130000001,0.296047001000034,0],[99.1890571820001,0.296785028000045,0],[99.1897995340001,0.300584916000048,0],[99.189848,0.300833,0],[99.1899036520001,0.301621148000038,0],[99.1899495690001,0.302271432000055,0],[99.190020243,0.303272310000068,0],[99.1900640000001,0.303892,0],[99.1901111990001,0.30587614500007,0],[99.190117,0.30612,0],[99.1901170460001,0.306120390000046,0],[99.1903520000001,0.308102,0],[99.19126378,0.30906641100006,0],[99.1912996900001,0.30910439400003,0],[99.1922230000001,0.310081,0],[99.1936630000001,0.311628001000031,0],[99.1943047610001,0.312018279000029,0],[99.195924,0.313003,0],[99.1959243490001,0.313002961000052,0],[99.1961344890001,0.312979080000048,0],[99.1985200000001,0.312708,0],[99.2007520000001,0.313715001000048,0],[99.2025870000001,0.315479,0],[99.2034564910001,0.316159350000021,0],[99.2041155110001,0.316675013000065,0],[99.2041500000001,0.316702,0],[99.204150187,0.316702038000074,0],[99.2062570000001,0.317134,0],[99.2072324640001,0.317290161000074,0],[99.2080560000001,0.317422,0],[99.2098560000001,0.318429,0],[99.211102828,0.319353051000064,0],[99.211799,0.319869,0],[99.2129889080001,0.322094829000036,0],[99.2129890000001,0.322095,0],[99.2130780460001,0.322186272000067,0],[99.214749,0.323899,0],[99.2154213040001,0.324469992000047,0],[99.216189,0.325122,0],[99.21806,0.326094,0],[99.2197180000001,0.32733,0],[99.219718427,0.327330148000044,0],[99.221658,0.328001,0],[99.2224731200001,0.328560396000057,0],[99.2234940000001,0.329261,0],[99.226019857,0.329504986000074,0],[99.2260198230001,0.329505342000061,0],[99.227054147,0.329547428000069,0],[99.2280884720001,0.32958951400002,0],[99.2297766880001,0.329637350000041,0],[99.2299308120001,0.329641978000041,0],[99.231369794,0.329685188000042,0],[99.2325320640001,0.329622498000049,0],[99.233093674,0.329613335000033,0],[99.2332391250001,0.329595582000024,0],[99.233878335,0.32951756600005,0],[99.2346154410001,0.329445736000025,0],[99.235331698,0.329505125000026,0],[99.2366484360001,0.329601283000045,0],[99.237480653,0.329541418000019,0],[99.2383396710001,0.329413995000039,0],[99.2386430000001,0.329369,0],[99.238963444,0.329208677000054,0],[99.2389860630001,0.329197360000023,0],[99.2402260000001,0.328577,0],[99.2416660000001,0.328289,0],[99.242172694,0.328623716000038,0],[99.242652809,0.328940874000068,0],[99.2426530000001,0.328941,0],[99.243169922,0.329493440000022,0],[99.2436740190001,0.330032172000074,0],[99.2436816910001,0.330040371000052,0],[99.2439945680001,0.330543443000067,0],[99.2440073940001,0.330565078000063,0],[99.244346492,0.331137085000023,0],[99.2447221900001,0.33160625000005,0],[99.2452881140001,0.33223818700003,0],[99.24542603,0.332434470000067,0],[99.245511633,0.332567880000056,0],[99.245701883,0.333736025000064,0],[99.245720932,0.33482757500002,0],[99.2457590010001,0.335804224000071,0],[99.2457970730001,0.336914923000052,0],[99.2457780720001,0.337776674000054,0],[99.2460824380001,0.338236266000024,0],[99.246689367,0.338380449000056,0],[99.2489483200001,0.338372167000045,0],[99.2495915740001,0.338458358000025,0],[99.2500770940001,0.338523413000075,0],[99.2510170050001,0.339086093000049,0],[99.251723451,0.339139869000064,0],[99.2522125420001,0.339222114000052,0],[99.253021313,0.339319377000038,0],[99.2554984130001,0.338963720000038,0],[99.2561310300001,0.338659739000036,0],[99.256335376,0.33856154800003,0],[99.2572103850001,0.338255125000046,0],[99.258145938,0.338361151000072,0],[99.258884343,0.338676380000038,0],[99.259569152,0.339135961000068,0],[99.2601260000001,0.339804,0],[99.26099,0.341315,0],[99.2611124270001,0.341713812000023,0],[99.261421,0.342719,0],[99.261964,0.344236,0],[99.2619642080001,0.344236093000063,0],[99.262753,0.34459,0],[99.2636880000001,0.344554,0],[99.2651280000001,0.343726,0],[99.2664950000001,0.343259001000035,0],[99.267503,0.342863,0],[99.2678034670001,0.342580823000048,0],[99.2680780000001,0.342323001000068,0],[99.268217791,0.342115910000075,0],[99.2684429710001,0.342098776000057,0],[99.2692038580001,0.342176551000023,0],[99.26967347,0.342302210000071,0],[99.2702777040001,0.342499915000076,0],[99.2706543130001,0.34286471300004,0],[99.2715043810001,0.343487062000065,0],[99.272610065,0.344300903000033,0],[99.2733769050001,0.344695849000061,0],[99.2738643530001,0.344917256000031,0],[99.2741912970001,0.344995044000029,0],[99.274926764,0.345275926000056,0],[99.2760562170001,0.345302209000067,0],[99.276391,0.34531,0],[99.277319972,0.34479350600003,0],[99.2776860000001,0.34459,0],[99.2795935920001,0.343788294000035,0],[99.2796192980001,0.343777490000036,0],[99.280853,0.343259001000035,0],[99.283372,0.341891,0],[99.2839203990001,0.341566138000076,0],[99.2839515650001,0.341547676000062,0],[99.2853150000001,0.34074,0],[99.286682,0.339876,0],[99.288055,0.339167,0],[99.2880554400001,0.339167031000045,0],[99.288913,0.339228,0],[99.2897770000001,0.340236,0]]],[[[99.1909955720001,0.246874972000057,0],[99.190964163,0.246902098000021,0],[99.190950312,0.246909218000042,0],[99.1909408450001,0.246914084000025,0],[99.1909032490001,0.24695176900002,0],[99.1908946830001,0.247003165000024,0],[99.1909032490001,0.247051706000036,0],[99.1909199390001,0.247067857000047,0],[99.190947507,0.247094537000066,0],[99.1910274570001,0.247138795000069,0],[99.1910681790001,0.24716012500005,0],[99.1911473820001,0.247201612000026,0],[99.1911959230001,0.247251581000057,0],[99.1912516020001,0.247281562000069,0],[99.191322986,0.247324393000042,0],[99.191407219,0.247347235000063,0],[99.1914614710001,0.247350091000044,0],[99.191545853,0.247327147000021,0],[99.1916399300001,0.247281562000069,0],[99.1916497510001,0.247273651000057,0],[99.1916913270001,0.247240160000047,0],[99.191708459,0.247180197000034,0],[99.191689899,0.247095964000039,0],[99.1916587060001,0.247033025000064,0],[99.1916187900001,0.246947259000024,0],[99.1915847500001,0.246906500000023,0],[99.191562,0.24689,0],[99.1915210000001,0.246832,0],[99.191472,0.246716,0],[99.1914015080001,0.246643391000021,0],[99.191322986,0.246587711000075,0],[99.191248747,0.246564869000053,0],[99.1911887850001,0.246570579000036,0],[99.191087419,0.246627686000068,0],[99.1910374510001,0.24668336600007,0],[99.1910218900001,0.246724214000039,0],[99.1910184150001,0.246796450000033,0],[99.1910112770001,0.246840708000036,0],[99.1909955720001,0.246874972000057,0]]],[[[99.7509131730001,-0.148954086999936,0],[99.7509369680001,-0.148887461999948,0],[99.7510131110001,-0.148792283999967,0],[99.750984557,-0.148735176999935,0],[99.750917932,-0.148687587999973,0],[99.750917932,-0.148568614999931,0],[99.7509512440001,-0.148459159999959,0],[99.750932209,-0.14831639199997,0],[99.7508513070001,-0.148187901999961,0],[99.7507942000001,-0.148121276999973,0],[99.7507704060001,-0.147964231999936,0],[99.7507561290001,-0.147788151999976,0],[99.7507894410001,-0.147640625999941,0],[99.7508513080001,-0.147474062999947,0],[99.750879861,-0.147378884999966,0],[99.750956004,-0.14729798299993,0],[99.7511035300001,-0.147236116999977,0],[99.7512748520001,-0.147255152999946,0],[99.7514223780001,-0.147307500999943,0],[99.7515556280001,-0.147355089999962,0],[99.7516317710001,-0.147402678999924,0],[99.7516698420001,-0.147526410999944,0],[99.7516841190001,-0.147702491999951,0],[99.7516698420001,-0.147921401999952,0],[99.75163653,-0.14806892799993,0],[99.7516174930001,-0.14819265999995,0],[99.7515508690001,-0.148330668999961,0],[99.751536592,-0.148421088999953,0],[99.75154611,-0.148544820999973,0],[99.7515506980001,-0.148611341999924,0],[99.7515556280001,-0.148682829999927,0],[99.7515270750001,-0.148811319999936,0],[99.751484244,-0.148920775999954,0],[99.7514033420001,-0.149082577999934,0],[99.7513462350001,-0.149182515999939,0],[99.7512986460001,-0.149187274999974,0],[99.7511987090001,-0.149125408999964,0],[99.7510654580001,-0.149077819999945,0],[99.7509462450001,-0.14904691299995,0],[99.7509369670001,-0.149044507999974,0],[99.7509131730001,-0.148954086999936,0]]],[[[99.7519535170001,-0.147967996999967,0],[99.751957324,-0.147874721999926,0],[99.7519896850001,-0.14772243699997,0],[99.752020142,-0.147667232999936,0],[99.7520707950001,-0.147636574999979,0],[99.7520924780001,-0.147623450999959,0],[99.7521495840001,-0.147636775999956,0],[99.7522009290001,-0.147669103999931,0],[99.752200981,-0.14766913699998,0],[99.7522033600001,-0.147674327999937,0],[99.75220339,-0.147674393999978,0],[99.7522219200001,-0.147714822999944,0],[99.7522295350001,-0.147779543999945,0],[99.7522352450001,-0.147863300999973,0],[99.7522352450001,-0.147918503999961,0],[99.7521990770001,-0.147979417999977,0],[99.752164813,-0.14804984999995,0],[99.752124838,-0.14811457199994,0],[99.7520943810001,-0.148171678999972,0],[99.7520753460001,-0.148204039999939,0],[99.752036063,-0.148193325999955,0],[99.752033467,-0.148192617999939,0],[99.7519992030001,-0.148177388999954,0],[99.7519668420001,-0.148129799999936,0],[99.7519535170001,-0.148068885999976,0],[99.7519535170001,-0.147967996999967,0]]]]}}]}