{"type":"FeatureCollection","name":"Kota Langsa","crs":{"type":"name","properties":{"name":"urn:ogc:def:crs:OGC:1.3:CRS84"}},"features":[{"type":"Feature","properties":{"kode_kk":"11.74","kode_prov":"11","kab_kota":"Kota Langsa","provinsi":"Aceh","fid":"11.74","nama":"Kota Langsa","label":"Kota Langsa, Provinsi Aceh, 11.74"},"geometry":{"type":"MultiPolygon","coordinates":[[[[97.9664908180001,4.44214586800007,0],[97.9663654670001,4.44226535500007,0],[97.966216279,4.44237882400006,0],[97.96607306,4.44248631900007,0],[97.965947709,4.44260580500003,0],[97.96595347,4.44274940800005,0],[97.9659530860001,4.44302463000002,0],[97.9659411470001,4.44338905700005,0],[97.9658507410001,4.44332251300006,0],[97.9657531660001,4.44326142100005,0],[97.9657166210001,4.44323883400006,0],[97.965638686,4.44319066600002,0],[97.9654955920001,4.44311131400002,0],[97.9653782550001,4.44304726000007,0],[97.9652265700001,4.44295451400006,0],[97.9651885850001,4.44293191900005,0],[97.9648440220001,4.44272695800004,0],[97.9646942420001,4.44263038200006,0],[97.964438575,4.44247931600006,0],[97.964208689,4.44238087600007,0],[97.9639854850001,4.44229296100002,0],[97.963911081,4.44225950800006,0],[97.9636916420001,4.44209310500003,0],[97.963543783,4.44201854100004,0],[97.9634576330001,4.44201081500006,0],[97.963230937,4.44195359400004,0],[97.963072228,4.44188771100005,0],[97.9629281780001,4.44180453000007,0],[97.9628346750001,4.44172897600004,0],[97.9627678730001,4.44165244700002,0],[97.962616133,4.44146973000005,0],[97.9625569240001,4.44133481100005,0],[97.9624834160001,4.44120947300007,0],[97.962393605,4.44112769400004,0],[97.9622528850001,4.44103147100003,0],[97.9621264930001,4.44097292600003,0],[97.9620215890001,4.44096401800005,0],[97.9619167370001,4.44097666800008,0],[97.96191193,4.44097724800002,0],[97.9618814460001,4.44099252100006,0],[97.9617254350001,4.44107068500006,0],[97.9616628730001,4.44110302700005,0],[97.961378675,4.44126831100004,0],[97.96124015,4.44127249000007,0],[97.961214705,4.44127269000006,0],[97.9611444440001,4.44127324300007,0],[97.9609382120001,4.44125722000007,0],[97.960811242,4.44122858600002,0],[97.9605733770001,4.44114139600003,0],[97.960503868,4.44114541300007,0],[97.960385042,4.44115228100003,0],[97.960293908,4.44116737100006,0],[97.9601481000001,4.44119151200005,0],[97.9599502250001,4.44119522500006,0],[97.9598408080001,4.44117072700004,0],[97.9596695860001,4.44113239100005,0],[97.9596662010001,4.44113163300005,0],[97.959598526,4.44111648100005,0],[97.9593815530001,4.44108072400007,0],[97.959262337,4.44105926200007,0],[97.959182447,4.44102222300006,0],[97.9591168580001,4.44097799700006,0],[97.9590417040001,4.44088831200003,0],[97.958978394,4.44067299600005,0],[97.958924648,4.44050433500007,0],[97.9588876610001,4.44044932300005,0],[97.9588256270001,4.44037159400006,0],[97.9587648150001,4.44034172200003,0],[97.9586837300001,4.44029870100007,0],[97.9585597380001,4.44026527900007,0],[97.9584488730001,4.44025577600007,0],[97.958229524,4.44023198400004,0],[97.9580793170001,4.44021413100006,0],[97.9578766560001,4.44018913200006,0],[97.9577576990001,4.44018128300007,0],[97.957667976,4.44017536300004,0],[97.9576508710001,4.44017299700005,0],[97.9574748940001,4.44017562000005,0],[97.9572763720001,4.44020463500004,0],[97.9572420090001,4.44020965700003,0],[97.957231629,4.44021117400007,0],[97.9572045850001,4.44021981800006,0],[97.9569272310001,4.44030584300003,0],[97.956884034,4.44031924100005,0],[97.956686313,4.44037266400005,0],[97.9564988640001,4.44039393800006,0],[97.9562722000001,4.44037589300007,0],[97.956222616,4.44037194600003,0],[97.9560022940001,4.44034680600004,0],[97.9558728360001,4.44031508900002,0],[97.9558728040001,4.44031508100005,0],[97.9558017990001,4.44029768600006,0],[97.955760593,4.44028759000003,0],[97.9557021850001,4.44027862400003,0],[97.9555596330001,4.44025673900006,0],[97.9554773790001,4.44024411100003,0],[97.9553098630001,4.44018989600005,0],[97.9552857560001,4.44018209400002,0],[97.9551904450001,4.44014508600003,0],[97.9549339530001,4.44004549200002,0],[97.9548729570001,4.44001285800005,0],[97.9547438720001,4.43998248400004,0],[97.954727501,4.43997754000003,0],[97.9546002020001,4.43993909900007,0],[97.9544610870001,4.43989548400003,0],[97.9543199540001,4.43987613800005,0],[97.9541502000001,4.43986249500006,0],[97.95401481,4.43986650600004,0],[97.9539627240001,4.43986690200006,0],[97.953943295,4.43986679900007,0],[97.953901203,4.43986657600004,0],[97.953894668,4.43986643300002,0],[97.9538783290001,4.43986607500005,0],[97.9537782210001,4.43986388200005,0],[97.9536141710001,4.43986364900007,0],[97.9534272290001,4.43986338400003,0],[97.9532517330001,4.43986313500005,0],[97.9532148520001,4.43986480400002,0],[97.953213873,4.43986484900006,0],[97.9531110140001,4.43986950400006,0],[97.9530565140001,4.43986791000003,0],[97.952818322,4.43972516900004,0],[97.952704151,4.43952397500004,0],[97.9525805110001,4.43927490400006,0],[97.9525210680001,4.43910175600007,0],[97.9524950210001,4.43902588600002,0],[97.9524285800001,4.43879604200004,0],[97.9524001340001,4.43870998000006,0],[97.952400089,4.43870984500006,0],[97.9522857430001,4.43863309900007,0],[97.9521045920001,4.43858497700006,0],[97.9519901520001,4.43857524200007,0],[97.951967229,4.43859703800007,0],[97.9517991390001,4.43875685600005,0],[97.9517929730001,4.43875932100002,0],[97.951703707,4.43879501200007,0],[97.9514843370001,4.43879470000007,0],[97.9510359930001,4.43884192700006,0],[97.9508765750001,4.43889241100004,0],[97.9506447670001,4.43896581800004,0],[97.9506010210001,4.43897268700005,0],[97.9502822490001,4.43902274000004,0],[97.9501785350001,4.43903329700004,0],[97.9499764210001,4.43905387000007,0],[97.9497869420001,4.43897380100003,0],[97.9496794250001,4.43893043100007,0],[97.9495494600001,4.43889671300008,0],[97.9493948150001,4.43886397200004,0],[97.9492607160001,4.43882669800007,0],[97.949186018,4.43880623700005,0],[97.9491287760001,4.43877489700003,0],[97.9490186260001,4.43868200200006,0],[97.948884691,4.43854719200004,0],[97.948721027,4.43835849200002,0],[97.9486198530001,4.43824167800005,0],[97.948545187,4.43821020000007,0],[97.9483814850001,4.43818749100006,0],[97.94820909,4.43813194100005,0],[97.9480695880001,4.43806858100004,0],[97.9479707930001,4.43802749500003,0],[97.9479266330001,4.43798940100004,0],[97.9477577090001,4.43781038600002,0],[97.947579181,4.43759474100005,0],[97.9474970240001,4.43751923700006,0],[97.947440004,4.43746597500007,0],[97.9473661710001,4.43740603900005,0],[97.9472768270001,4.43735445700003,0],[97.947157561,4.43729259300005,0],[97.9470163570001,4.43726528600007,0],[97.9468872690001,4.43726982700002,0],[97.946817815,4.43726034600007,0],[97.9467499030001,4.43723457300007,0],[97.9466986890001,4.43719268700005,0],[97.9466534860001,4.43712674000005,0],[97.9465936010001,4.43698010400004,0],[97.9465225370001,4.43694084800006,0],[97.9464498300001,4.43697567600003,0],[97.9463638980001,4.43704017100004,0],[97.9462636950001,4.43707951600004,0],[97.9461685140001,4.43710937500003,0],[97.9460683130001,4.43714752300002,0],[97.945944254,4.43719521100007,0],[97.9458392710001,4.43724292500002,0],[97.9457671170001,4.43728817300007,0],[97.945709364,4.43735085300005,0],[97.945646448,4.43742207800005,0],[97.9452170630001,4.43736643800003,0],[97.94506212,4.43733390800003,0],[97.9448854330001,4.43728464000003,0],[97.9447665900001,4.43723416600005,0],[97.9446105310001,4.43718289400005,0],[97.9445032770001,4.43715043200007,0],[97.9444460760001,4.43713240100004,0],[97.944363874,4.43708920500006,0],[97.944292407,4.43704243500002,0],[97.9441995170001,4.43698702700004,0],[97.9441482330001,4.43695817500003,0],[97.9440669720001,4.43693654500004,0],[97.9440073170001,4.43695510200007,0],[97.9439664600001,4.43701319900003,0],[97.9439525780001,4.43707425700006,0],[97.9439486530001,4.43713956100004,0],[97.9438523910001,4.43710283200005,0],[97.943733723,4.43702502100007,0],[97.9437233780001,4.43700737000006,0],[97.9436863540001,4.43694420000003,0],[97.9436797910001,4.43686473500003,0],[97.943688309,4.43679028100007,0],[97.943681267,4.43671129500007,0],[97.94363846,4.43663225700004,0],[97.943583501,4.43657784100003,0],[97.9435205730001,4.43653157300002,0],[97.9434554810001,4.43650438600002,0],[97.9433801660001,4.43649317500007,0],[97.94329873,4.43649832300002,0],[97.943247533,4.43654963900002,0],[97.9432900410001,4.43661450200005,0],[97.943318569,4.43667437300007,0],[97.9432774100001,4.43673540100002,0],[97.9432054950001,4.43676446100005,0],[97.943133957,4.43676794900006,0],[97.943027015,4.43674333400003,0],[97.942905163,4.43668864400007,0],[97.942694212,4.43663808500003,0],[97.9425745780001,4.43666192100005,0],[97.9425511050001,4.43666659800004,0],[97.942187022,4.43659398700004,0],[97.942069201,4.43645743800005,0],[97.942016654,4.43645642600006,0],[97.9419375410001,4.43645208900006,0],[97.9418716200001,4.43644847500002,0],[97.941839665,4.43644672300007,0],[97.9418188860001,4.43644558400007,0],[97.9417546560001,4.43641475800007,0],[97.9417037850001,4.43638423600004,0],[97.9416529760001,4.43635361800006,0],[97.9416144630001,4.43633745900007,0],[97.941583957,4.43630752000007,0],[97.941540043,4.43626442100003,0],[97.9414893300001,4.43623386600007,0],[97.9414124470001,4.43620162700006,0],[97.9413600610001,4.43619822700003,0],[97.9412823810001,4.43617957000004,0],[97.94123003,4.43617617300004,0],[97.941151527,4.43617108000007,0],[97.9410992050001,4.43616768500004,0],[97.941056813,4.43616489800007,0],[97.9410469170001,4.43616424700002,0],[97.9409947440001,4.43616059500005,0],[97.940968663,4.43615877000002,0],[97.9408904470001,4.43615329600004,0],[97.940838322,4.43614964800003,0],[97.9407862150001,4.43614600100005,0],[97.940720319,4.43614295600003,0],[97.940680768,4.43614115300005,0],[97.940614844,4.43613814800005,0],[97.9406015050001,4.43613754000006,0],[97.940548914,4.43613514200007,0],[97.940507235,4.43613324200004,0],[97.940496167,4.43613273800003,0],[97.9404170390001,4.43612913000004,0],[97.9403545310001,4.43608451000006,0],[97.940316023,4.43606901100003,0],[97.9402642970001,4.43605297900007,0],[97.9402137580001,4.43602306200006,0],[97.9401788210001,4.43596594400003,0],[97.9401559450001,4.43592327600004,0],[97.9401354570001,4.43585294700006,0],[97.9400874130001,4.43579545700004,0],[97.9400817530001,4.43578355800003,0],[97.9400537870001,4.43572477000004,0],[97.9400320220001,4.43566874800007,0],[97.9400091200001,4.43562649600005,0],[97.940013746,4.43557164000003,0],[97.940007511,4.43548891800003,0],[97.9400144410001,4.43540685600004,0],[97.9399935280001,4.43533800800003,0],[97.939958253,4.43528243100008,0],[97.9399213170001,4.43525328400005,0],[97.9398869300001,4.43518457500005,0],[97.9398371720001,4.43515456000006,0],[97.9398011430001,4.43511228900007,0],[97.9397788320001,4.43505777100006,0],[97.9397440860001,4.43500188400003,0],[97.939708538,4.43495918600007,0],[97.9396738620001,4.43490337800006,0],[97.9396367570001,4.43487478800006,0],[97.9396016750001,4.43481957100005,0],[97.939554597,4.43475043900003,0],[97.9395101700001,4.43471196700006,0],[97.939505533,4.43470795200005,0],[97.9394695110001,4.43466613000004,0],[97.939434523,4.43461104500005,0],[97.939398538,4.43456927000005,0],[97.9393635920001,4.43451424600005,0],[97.939354677,4.43446054600003,0],[97.9393307180001,4.43443274100002,0],[97.9392977990001,4.43435139100006,0],[97.939295438,4.43433377100007,0],[97.9392889710001,4.43428550500005,0],[97.9392768040001,4.43427182300007,0],[97.9392566550001,4.43417925100005,0],[97.939261673,4.43410103400004,0],[97.9392520230001,4.43404827300003,0],[97.9392457200001,4.43394343700004,0],[97.9392603850001,4.43391803500003,0],[97.9393148400001,4.43388152600005,0],[97.9393814360001,4.43385867500007,0],[97.9394228800001,4.43382154600005,0],[97.939489452,4.43379870500007,0],[97.939543853,4.43376222700005,0],[97.9396112210001,4.43372639400008,0],[97.939664775,4.43370293400005,0],[97.9396831050001,4.43369205000005,0],[97.9397053320001,4.43367885300006,0],[97.9397981380001,4.43365698400004,0],[97.9398355540001,4.43364055900003,0],[97.9398517530001,4.43363344700003,0],[97.9399053560001,4.43360991500003,0],[97.9399719580001,4.43358698400004,0],[97.9400247680001,4.43357641200004,0],[97.940092871,4.43352759600003,0],[97.940133416,4.43350349200006,0],[97.9401609490001,4.43347879800007,0],[97.9402423930001,4.43341803600003,0],[97.940284164,4.43336834100006,0],[97.9403525690001,4.43330702400004,0],[97.9404337380001,4.43324653200006,0],[97.9404746540001,4.43320986700007,0],[97.9405155650001,4.43317320500006,0],[97.9405550910001,4.43316227900004,0],[97.9406223820001,4.43312641000006,0],[97.940663681,4.43308934900006,0],[97.9407171710001,4.43306585300007,0],[97.9407592200001,4.43301586500007,0],[97.940801121,4.43296603100003,0],[97.9408420940001,4.43292929700004,0],[97.940870084,4.43289196900002,0],[97.9408987480001,4.43284180500007,0],[97.9409151070001,4.43277820900005,0],[97.940917814,4.43272685800002,0],[97.940933494,4.43267611400006,0],[97.940949172,4.43262537400005,0],[97.940951877,4.43257403800004,0],[97.9409675530001,4.43252331000002,0],[97.9409709320001,4.43245915200004,0],[97.9409729590001,4.43242066000005,0],[97.9409626930001,4.43236873600006,0],[97.94095379,4.43229114800005,0],[97.9409436480001,4.43223912900004,0],[97.9409335060001,4.43218711800006,0],[97.940884468,4.43213328200005,0],[97.9408483760001,4.43208008000005,0],[97.9408122680001,4.43202689400005,0],[97.9407639010001,4.43196025700007,0],[97.9407407340001,4.43190771300004,0],[97.9407182450001,4.43184235500007,0],[97.9406950810001,4.43178981900007,0],[97.9406712410001,4.43175010200002,0],[97.940661693,4.43168539300007,0],[97.9406514660001,4.43163350400005,0],[97.9406415380001,4.43158144600005,0],[97.9406189330001,4.43152862600004,0],[97.940596338,4.43147582500006,0],[97.9405866690001,4.43142368400004,0],[97.9405632740001,4.43138379300007,0],[97.9405294170001,4.43130468200007,0],[97.940533493,4.43124039100007,0],[97.9405109370001,4.43118770100006,0],[97.9405150150001,4.43112346500004,0],[97.9404916560001,4.43108366000007,0],[97.940471481,4.43099256600004,0],[97.9404625180001,4.43092784000004,0],[97.940454387,4.43086284800006,0],[97.940444411,4.43082360600005,0],[97.9404484730001,4.43076900100004,0],[97.9403694740001,4.43078474100002,0],[97.939980833,4.43078418400006,0],[97.9398119400001,4.43072740900004,0],[97.9396994350001,4.43062548900002,0],[97.9393448150001,4.43046668800002,0],[97.9391605440001,4.43044293300005,0],[97.9389900350001,4.43042095300007,0],[97.9387647360001,4.43042062900003,0],[97.9385225400001,4.43042028100007,0],[97.938353566,4.43042003800002,0],[97.9380100340001,4.43038562500004,0],[97.93756519,4.43030018700006,0],[97.937193617,4.43018093400002,0],[97.9370810650001,4.43011293300003,0],[97.9369460720001,4.42998271300007,0],[97.9368787490001,4.42979605900007,0],[97.9368451880001,4.42963206600007,0],[97.9368062940001,4.42925889400004,0],[97.9367783170001,4.42912882900004,0],[97.9366941210001,4.42892519100008,0],[97.936587322,4.42877239900002,0],[97.936469146,4.42869873600006,0],[97.9362608180001,4.42864755700003,0],[97.9360918690001,4.42863035400006,0],[97.9359510570001,4.42863015200004,0],[97.935725582,4.42875419900002,0],[97.935601563,4.42882751300004,0],[97.9354438300001,4.42884424500005,0],[97.935044153,4.42868537800007,0],[97.9349430110001,4.42851563500005,0],[97.934887212,4.42814809200007,0],[97.9348874790001,4.42796153500007,0],[97.9349158840001,4.42779197800007,0],[97.934916135,4.42761672700004,0],[97.9348825180001,4.42749230700002,0],[97.9348151470001,4.42733957200005,0],[97.934668946,4.42716976400004,0],[97.9345789320001,4.42709614200004,0],[97.9342806160001,4.42695438000004,0],[97.934032942,4.42684661100003,0],[97.9339150900001,4.42654681900007,0],[97.9338927950001,4.42638284200007,0],[97.9339323760001,4.42627548700005,0],[97.934022697,4.42613428600004,0],[97.9341524690001,4.42597618200006,0],[97.9341751600001,4.42586314900007,0],[97.9341753300001,4.42574443100006,0],[97.9341529700001,4.42562568000005,0],[97.9339842480001,4.42545018600003,0],[97.933725424,4.42526325500006,0],[97.9334102430001,4.42509885700002,0],[97.9331287520001,4.42500799900006,0],[97.9329654360001,4.42499080300007,0],[97.9327344590001,4.42502439000003,0],[97.9325654300001,4.42506371900004,0],[97.9322441470001,4.42522719900006,0],[97.9320975670001,4.42532309300003,0],[97.931928772,4.42519847800003,0],[97.9316361460001,4.42501715100002,0],[97.9313097420001,4.42482446900004,0],[97.9310565920001,4.42460928000003,0],[97.9308879600001,4.42437159900004,0],[97.930747555,4.42408873400007,0],[97.9306735050001,4.42391818300007,0],[97.930629664,4.42381720700007,0],[97.9303991660001,4.42351725200007,0],[97.930117765,4.42336420700002,0],[97.92983065,4.42326768700002,0],[97.9295154470001,4.42312024600005,0],[97.9292228630001,4.42291065300003,0],[97.929121781,4.42270133600005,0],[97.9290602140001,4.42242989100004,0],[97.929054825,4.42226028600004,0],[97.9290383100001,4.42199455900004,0],[97.9290385370001,4.42183626800005,0],[97.9290354190001,4.42181477300005,0],[97.9290106510001,4.42164401700006,0],[97.9289646840001,4.42149873100004,0],[97.9289265470001,4.42137819300007,0],[97.9288704260001,4.42123678000007,0],[97.9288032600001,4.42094271400003,0],[97.9287079640001,4.42062599400003,0],[97.9286236250001,4.42052411400005,0],[97.9284154050001,4.42039944100003,0],[97.9282690940001,4.42030877700006,0],[97.9279593300001,4.42029702200006,0],[97.92784105,4.42029685100005,0],[97.9276044580001,4.42031912200002,0],[97.927311445,4.42040914900002,0],[97.927018407,4.42051613600006,0],[97.9267029050001,4.42057786500004,0],[97.926387435,4.42061698000003,0],[97.9260607580001,4.42061650700003,0],[97.925705984,4.42057076600003,0],[97.9254018870001,4.42045344700006,0],[97.9252852560001,4.42040845200006,0],[97.925267439,4.42042530900005,0],[97.9252903120001,4.42045873800004,0],[97.9253541580001,4.42057126000003,0],[97.9253578650001,4.42063510700007,0],[97.9253549350001,4.42081774800005,0],[97.9253398450001,4.42103661500005,0],[97.9252968760001,4.42124280700006,0],[97.9252791220001,4.42132800000007,0],[97.9253117160001,4.42155171600007,0],[97.925293352,4.42174263000004,0],[97.9252819430001,4.42199218000007,0],[97.925190424,4.42214915500006,0],[97.9250899790001,4.42222870000006,0],[97.924876537,4.42228460500007,0],[97.9246791940001,4.42227361100004,0],[97.9245619150001,4.42222525600005,0],[97.9244286140001,4.42219026300006,0],[97.9243166270001,4.42217136200003,0],[97.9241912850001,4.42216582600003,0],[97.9239974270001,4.42217889600005,0],[97.9239473060001,4.42218918500004,0],[97.9238898880001,4.42220348000006,0],[97.9238177810001,4.42225094400004,0],[97.923716299,4.42234448700003,0],[97.923620101,4.42247283800003,0],[97.9235105880001,4.42258778500008,0],[97.9234091490001,4.42265188300007,0],[97.9232810510001,4.42270791100003,0],[97.9230627690001,4.42278100600004,0],[97.922874795,4.42284196000003,0],[97.9226004500001,4.42253185100003,0],[97.9219094630001,4.42175078200006,0],[97.9216308520001,4.42159134600007,0],[97.9216065690001,4.42157745000003,0],[97.9203894520001,4.42088094900004,0],[97.9199858540001,4.42068834200006,0],[97.919907224,4.42065081700002,0],[97.9195765540001,4.42049301300005,0],[97.9194363970001,4.42042612600005,0],[97.919414278,4.42042269800004,0],[97.9188375290001,4.42018987500006,0],[97.917183347,4.41952211000006,0],[97.914822579,4.42043875800005,0],[97.91372727,4.42086404500003,0],[97.913883265,4.42135037100007,0],[97.9146215250001,4.42365196000003,0],[97.9151661390001,4.42534983200005,0],[97.91717377,4.42638510200004,0],[97.9174161810001,4.42651010500003,0],[97.9174233290001,4.42651379100005,0],[97.9178429900001,4.42673019500006,0],[97.919340381,4.42684067100004,0],[97.9199350690001,4.42688454600005,0],[97.9210734760001,4.42693773700006,0],[97.9217895460001,4.42661317100004,0],[97.921799837,4.42660850600004,0],[97.9224315690001,4.42632216500004,0],[97.9227120790001,4.42619502000002,0],[97.922980608,4.42671922400007,0],[97.923738353,4.42819844200005,0],[97.924739974,4.42876616800004,0],[97.9248179740001,4.42882953600002,0],[97.9248532130001,4.42903262500005,0],[97.9249746410001,4.42915485500004,0],[97.9252032840001,4.42933467800003,0],[97.925367528,4.42952876700002,0],[97.9255747230001,4.42970138000004,0],[97.925681824,4.42983794800006,0],[97.9259673720001,4.43024042300004,0],[97.9262664700001,4.43077897700005,0],[97.9262764370001,4.43084561900002,0],[97.9263083820001,4.43093865600002,0],[97.9263185040001,4.43100542800005,0],[97.9263178580001,4.43104587300007,0],[97.9263280380001,4.43111311700005,0],[97.9263499470001,4.43115303100006,0],[97.9263604290001,4.43120709300007,0],[97.926393562,4.43126050600006,0],[97.9264264660001,4.43134158600003,0],[97.9264819630001,4.43144989800004,0],[97.926515044,4.43156182200005,0],[97.9265481250001,4.43170109800008,0],[97.9265817740001,4.43179765000002,0],[97.9265811810001,4.43188292000002,0],[97.9266036670001,4.43196704000007,0],[97.9266034890001,4.43199572300006,0],[97.9266027730001,4.43211098400008,0],[97.926614111,4.43215359100003,0],[97.9266255580001,4.43218177600005,0],[97.926648486,4.43225502100006,0],[97.9266597920001,4.43234436100005,0],[97.9266713000001,4.43240528400003,0],[97.926682811,4.43248156000004,0],[97.9267061830001,4.43255917400006,0],[97.9267414860001,4.43266872400005,0],[97.9267770580001,4.43279452600007,0],[97.9268009510001,4.43288934600002,0],[97.926801035,4.43298280300007,0],[97.926825319,4.43317347600004,0],[97.926827841,4.43317866100006,0],[97.9268495680001,4.43322332600007,0],[97.9268497520001,4.43328767900005,0],[97.9268498420001,4.43331891100007,0],[97.9268499840001,4.43336850500003,0],[97.926850217,4.43344976800006,0],[97.9268261570001,4.43357885100005,0],[97.9268018320001,4.43365938200003,0],[97.9267773910001,4.43375694500003,0],[97.9267528140001,4.43378832600007,0],[97.9266910950001,4.43388196500007,0],[97.9266663910001,4.43389635200003,0],[97.926616821,4.43396201500002,0],[97.9266008600001,4.43397797400007,0],[97.9265796600001,4.43399917100004,0],[97.926529772,4.43407123500003,0],[97.92646799,4.43411928100005,0],[97.9264549520001,4.43412942000003,0],[97.926442535,4.43413071600003,0],[97.926404484,4.43420036300006,0],[97.9263787420001,4.43426856600007,0],[97.9263528860001,4.43433706900004,0],[97.9263489800001,4.43435730000004,0],[97.926339446,4.43440668800002,0],[97.926338269,4.43449376900003,0],[97.9263370830001,4.43458133700005,0],[97.92633613,4.43465174500005,0],[97.926350245,4.43467811400006,0],[97.926419803,4.43480806100007,0],[97.926437116,4.43480764200007,0],[97.926487615,4.43482479600004,0],[97.9265042250001,4.43483358900005,0],[97.9265381530001,4.43484196200006,0],[97.9265714210001,4.43485956900003,0],[97.9266220360001,4.43487676400002,0],[97.9266411830001,4.43488121700005,0],[97.926664219,4.43488657400007,0],[97.9266897850001,4.43488739800006,0],[97.9267397630001,4.43490750700005,0],[97.9267859300001,4.43492359200008,0],[97.926798391,4.43492793400003,0],[97.926806936,4.43492821100006,0],[97.926849131,4.43493885700002,0],[97.9268994170001,4.43495907700003,0],[97.926932665,4.43497878000005,0],[97.9269654890001,4.43500784900004,0],[97.9270079510001,4.43501858700006,0],[97.927040994,4.43504752500007,0],[97.9270747150001,4.43506629600006,0],[97.9271164230001,4.43510311500006,0],[97.927132665,4.43513032500005,0],[97.9271748830001,4.43515840300006,0],[97.9272082190001,4.43519521100006,0],[97.9272335900001,4.43521392600007,0],[97.927267079,4.43525088900003,0],[97.927300948,4.43527895400007,0],[97.927343046,4.43532540300004,0],[97.9273937570001,4.43538135500006,0],[97.92742694,4.43544608500002,0],[97.9274522310001,4.43548341400003,0],[97.927476895,4.43554834300005,0],[97.9275023500001,4.43558595400003,0],[97.9275104800001,4.43561386800008,0],[97.9275442250001,4.43567970600003,0],[97.9275526340001,4.43569853300005,0],[97.9275692830001,4.43574556500005,0],[97.9275676450001,4.43582019700006,0],[97.9275666170001,4.43586704000006,0],[97.9275653780001,4.43592345400003,0],[97.9275641300001,4.43598019400002,0],[97.9275632760001,4.43601856100003,0],[97.927553468,4.43605683700002,0],[97.9275436330001,4.43609522000003,0],[97.927542524,4.43614360100003,0],[97.9275231920001,4.43620148100007,0],[97.9275218120001,4.43626000900002,0],[97.9275021160001,4.43632820100004,0],[97.927482323,4.43639673100006,0],[97.9274537590001,4.43644721900006,0],[97.9274440890001,4.43646797200006,0],[97.927406804,4.43649862800004,0],[97.9273694550001,4.43652889300006,0],[97.9272935830001,4.43661277900003,0],[97.927274819,4.43662412700007,0],[97.927227218,4.43666849200002,0],[97.9271709880001,4.43669212500004,0],[97.9271415150001,4.43673601200004,0],[97.9270747480001,4.43678169200007,0],[97.9270458970001,4.43680441300006,0],[97.9269868160001,4.43687991900003,0],[97.926956433,4.43693354000004,0],[97.9269352760001,4.43698720000003,0],[97.9269140260001,4.43704109500004,0],[97.9269031110001,4.43707350400007,0],[97.926872152,4.43712898700005,0],[97.9268509110001,4.43717445000004,0],[97.926829581,4.43722010000005,0],[97.9268081650001,4.43726594000003,0],[97.92677724,4.43731164700006,0],[97.92673075,4.43738337500002,0],[97.9267252210001,4.43739190500003,0],[97.9267028500001,4.43744933000005,0],[97.9266912880001,4.43748389100006,0],[97.9266783370001,4.43754161000004,0],[97.9266550140001,4.43761138100007,0],[97.926622394,4.43767134600006,0],[97.9266089480001,4.43773128900006,0],[97.926596294,4.43777893100003,0],[97.9265925980001,4.43783834000004,0],[97.9265880520001,4.43791050500005,0],[97.926585005,4.43795886100003,0],[97.926581947,4.43800741400003,0],[97.9265689410001,4.43805709300005,0],[97.9265642780001,4.43813061100008,0],[97.9265603710001,4.43819222400003,0],[97.926559647,4.43820364100003,0],[97.9265556560001,4.43826657800003,0],[97.9265408540001,4.43834237600004,0],[97.9265291820001,4.43836840900002,0],[97.926523671,4.43845560600005,0],[97.926509051,4.43853015400003,0],[97.9265045980001,4.43860364500006,0],[97.9265001190001,4.43867754400003,0],[97.926496366,4.43873943900007,0],[97.9264933520001,4.43878916200003,0],[97.9264880520001,4.43887662500003,0],[97.9264857700001,4.43891428500007,0],[97.9264930040001,4.43896370700003,0],[97.9264995070001,4.43902596900006,0],[97.9265052800001,4.43910124200005,0],[97.9265110440001,4.43917720900004,0],[97.92652703,4.43925389300006,0],[97.926524649,4.43929342400003,0],[97.926542317,4.43934424000003,0],[97.9265592670001,4.43940853200007,0],[97.926576293,4.43947311700003,0],[97.9265492060001,4.43965180700008,0],[97.9265546500001,4.43967411600005,0],[97.926551369,4.43970239300006,0],[97.9265531390001,4.43973063000004,0],[97.9265458730001,4.43976478200005,0],[97.926548423,4.43980342100002,0],[97.9265487120001,4.43983111700004,0],[97.9265480130001,4.43985342600007,0],[97.9265536330001,4.43989924900006,0],[97.9265563980001,4.43991075100007,0],[97.926559287,4.43994534300003,0],[97.9265621900001,4.43998008800003,0],[97.9265663690001,4.43999752500002,0],[97.9265720960001,4.44004420100003,0],[97.9265749,4.44005591500007,0],[97.9265737850001,4.44009703400008,0],[97.926578008,4.44011473100005,0],[97.9265754850001,4.44015022600007,0],[97.9265729510001,4.44018588400007,0],[97.9265745110001,4.44021572700007,0],[97.926569128,4.44023967600003,0],[97.9265692660001,4.44026370500006,0],[97.9265751010001,4.44031198200003,0],[97.9265836750001,4.44034838400006,0],[97.9265838370001,4.44037274200002,0],[97.9265939050001,4.44041554700004,0],[97.9265955280001,4.44044626200002,0],[97.9265998690001,4.44046474500004,0],[97.9265917880001,4.44050190100006,0],[97.926595095,4.44053934800007,0],[97.926589844,4.44058935300006,0],[97.926581506,4.44060195200007,0],[97.926574745,4.44064605100004,0],[97.9265678080001,4.44066505600006,0],[97.9265650550001,4.44067773700004,0],[97.926556771,4.44071590300007,0],[97.9265512250001,4.44074144900003,0],[97.926539985,4.44076712300006,0],[97.9265457670001,4.44079274100005,0],[97.9265458720001,4.44081848600007,0],[97.9265274970001,4.44086389700004,0],[97.9265190230001,4.44090296400003,0],[97.9265047680001,4.44094227500005,0],[97.9264961700001,4.44095545800008,0],[97.9264889990001,4.44097522100003,0],[97.9264832520001,4.44100160900007,0],[97.9264789300001,4.44103468700007,0],[97.9264688050001,4.44106796200003,0],[97.926462992,4.44109465400004,0],[97.926448425,4.44113492000002,0],[97.926439611,4.44117532500007,0],[97.9264220360001,4.44120250400005,0],[97.9264092640001,4.44125065600002,0],[97.9264007020001,4.44126465400007,0],[97.9263851000001,4.44129969300008,0],[97.926376486,4.44131378400004,0],[97.9263576450001,4.44133504300004,0],[97.9263536770001,4.44137026400006,0],[97.9263288180001,4.44139176200002,0],[97.9263232110001,4.44142016600006,0],[97.9263100910001,4.44144165500006,0],[97.92629099,4.44146328500005,0],[97.926271833,4.44148497900005,0],[97.926264544,4.44150657500006,0],[97.926246436,4.44153513200007,0],[97.9262192520001,4.44158374800003,0],[97.9262186160001,4.44161189200003,0],[97.926194664,4.44164682400003,0],[97.9261864280001,4.44166795100006,0],[97.926174722,4.44170330800006,0],[97.9261664360001,4.44172457100007,0],[97.926153286,4.44175296700007,0],[97.9261414570001,4.44178866700003,0],[97.9261295800001,4.44182451100005,0],[97.9261252680001,4.44186787800004,0],[97.9261141220001,4.44187495800003,0],[97.9261007760001,4.44190384100006,0],[97.9260836780001,4.44194162400004,0],[97.926076042,4.44196461100006,0],[97.9260541400001,4.44197968900005,0],[97.9260351730001,4.44200998600007,0],[97.926002559,4.44203892600007,0],[97.925966352,4.44208305900003,0],[97.9259377370001,4.44209809900002,0],[97.9259134310001,4.44209916600005,0],[97.925876944,4.44210076700006,0],[97.9258526,4.44210183500007,0],[97.9258221480001,4.44210317000005,0],[97.9257855750001,4.44210477500008,0],[97.9257550710001,4.44210611400007,0],[97.9257465360001,4.44210164900005,0],[97.9257280590001,4.44209198300007,0],[97.9257010760001,4.44207786800007,0],[97.9256606590001,4.44205672500004,0],[97.92564846,4.44205725200004,0],[97.9256215550001,4.44204317400005,0],[97.925589814,4.44203692600007,0],[97.9255568570001,4.44202312800007,0],[97.9255385490001,4.44202391000005,0],[97.9255117280001,4.44200986100003,0],[97.9254605240001,4.44199686300004,0],[97.9254337680001,4.44198284100003,0],[97.9254009380001,4.44196909100003,0],[97.9253692730001,4.44196285900006,0],[97.9253448440001,4.44196388100005,0],[97.9253131730001,4.44195764800003,0],[97.9252865220001,4.44194366200003,0],[97.9252557990001,4.44194466100004,0],[97.925230737,4.44194466300007,0],[97.9251931360001,4.44194466600004,0],[97.9251617940001,4.44194466800008,0],[97.9251179030001,4.44194467100004,0],[97.9250865430001,4.44194467400007,0],[97.9250489030001,4.44194467600005,0],[97.925023804,4.44194467800003,0],[97.9249987000001,4.44194468000006,0],[97.924968301,4.44195223900005,0],[97.9249243290001,4.44195224400005,0],[97.9248875790001,4.44195981400003,0],[97.9248643110001,4.44197497100004,0],[97.9248157930001,4.44199016400006,0],[97.924778883,4.44199777600005,0],[97.924759964,4.44199778100005,0],[97.9247112510001,4.44201302400006,0],[97.924693173,4.44202065600007,0],[97.9246573120001,4.44203671200006,0],[97.9246339860001,4.44205269400004,0],[97.9246097230001,4.44206092300004,0],[97.9246034320001,4.44206103500005,0],[97.9245728010001,4.44206930900003,0],[97.9245426850001,4.44208470200005,0],[97.9245116580001,4.44209228200003,0],[97.9244814340001,4.44210772200006,0],[97.924451149,4.44212319400003,0],[97.9244327850001,4.44213091600005,0],[97.924409612,4.44215438500004,0],[97.9243558520001,4.44219353800003,0],[97.92430031,4.44221694000004,0],[97.9242760650001,4.44223268400003,0],[97.924238152,4.44224036500003,0],[97.9242068400001,4.44224868000003,0],[97.9241572270001,4.44226610900006,0],[97.9241195560001,4.44227509800004,0],[97.9240697070001,4.44229260400004,0],[97.9240568700001,4.44229286100006,0],[97.9240068550001,4.44231042000007,0],[97.9239746950001,4.44231106700005,0],[97.9239360810001,4.44231184500006,0],[97.923916766,4.44231223300005,0],[97.923871633,4.44231297800007,0],[97.9238264050001,4.44231346600003,0],[97.923813479,4.44231360500004,0],[97.9237746900001,4.44231402300005,0],[97.923742895,4.44232267200005,0],[97.9237040550001,4.44232309200004,0],[97.9236457640001,4.44232372400006,0],[97.923626325,4.44232393400006,0],[97.9235682780001,4.44232598100007,0],[97.9235489320001,4.44232675700005,0],[97.923503758,4.44232856800005,0],[97.923478371,4.44233816100007,0],[97.9234460380001,4.44233946000003,0],[97.923420154,4.44234050000006,0],[97.9233877790001,4.44234180100005,0],[97.923361861,4.44234284300006,0],[97.923322956,4.44234440700006,0],[97.9232781890001,4.44236342500005,0],[97.9232326570001,4.44236526400005,0],[97.9232066180001,4.44236631500007,0],[97.923180921,4.44237661600005,0],[97.923148423,4.44237888000004,0],[97.9231226410001,4.44238932800005,0],[97.9230900590001,4.44239160300003,0],[97.9230509120001,4.44239433400003,0],[97.923018433,4.44240528100005,0],[97.9229857890001,4.44241521800006,0],[97.922939914,4.44242549500007,0],[97.9229070150001,4.44242680100007,0],[97.922880767,4.44243631700004,0],[97.9228412790001,4.44244637500003,0],[97.92282808,4.44244690200003,0],[97.9227884590001,4.44244848300002,0],[97.9227422180001,4.44246734600006,0],[97.9226891960001,4.44248653600005,0],[97.922655976,4.44249642400007,0],[97.9226159350001,4.44252375400004,0],[97.922542428,4.44254394500007,0],[97.922482249,4.44254966300002,0],[97.922468849,4.44255141400004,0],[97.9224353340001,4.44255427000007,0],[97.9224084900001,4.44255655700005,0],[97.9223614460001,4.44256056600005,0],[97.922341632,4.44254577600003,0],[97.922314714,4.44254806100002,0],[97.9222612440001,4.44253612600005,0],[97.9222410140001,4.44253783700003,0],[97.9222212550001,4.44252305200007,0],[97.9221747920001,4.44250231700005,0],[97.92214834,4.44248812900003,0],[97.9221348390001,4.44248925600004,0],[97.9221154510001,4.44246630900005,0],[97.922075862,4.44244507700006,0],[97.9220498190001,4.44242276400007,0],[97.921997865,4.44237825300007,0],[97.9219854310001,4.44235496900006,0],[97.9219662940001,4.44233227600006,0],[97.9219344830001,4.44229455600004,0],[97.9219027770001,4.44225695900008,0],[97.9218901240001,4.44224195500004,0],[97.9218648680001,4.44221200700002,0],[97.9218459690001,4.44218959700004,0],[97.9218204620001,4.44216737100004,0],[97.9217946810001,4.44215240600005,0],[97.921763168,4.44212185700007,0],[97.9217383900001,4.44209117500003,0],[97.921700892,4.44205317300003,0],[97.9216952100001,4.44203770600006,0],[97.9216512740001,4.44200012000005,0],[97.9216329210001,4.44197737500002,0],[97.9215715220001,4.44190966000002,0],[97.921540652,4.44188006100006,0],[97.921503289,4.44185074600006,0],[97.9214737060001,4.44180612400004,0],[97.921468249,4.44179116300006,0],[97.921431715,4.44175454500004,0],[97.9214132070001,4.44174005000002,0],[97.921131937,4.44171076400005,0],[97.9203352600001,4.44162781400007,0],[97.9198506480001,4.44164536600005,0],[97.9192261350001,4.44206451000002,0],[97.9188036780001,4.44285434100004,0],[97.918352994,4.44368728900002,0],[97.917915044,4.44429120500007,0],[97.917732185,4.44466446800004,0],[97.9178226660001,4.44540794000005,0],[97.917727627,4.44612403500003,0],[97.9173878550001,4.44648404000003,0],[97.916801257,4.44664721000004,0],[97.917369277,4.44764249600007,0],[97.9175435240001,4.44795082600007,0],[97.9175782240001,4.44803997600008,0],[97.9175988360001,4.44809293200007,0],[97.9175797840001,4.44828209400004,0],[97.9176248100001,4.44849362100007,0],[97.917620029,4.44856351500005,0],[97.917613583,4.44865776900002,0],[97.9176113030001,4.44869110400003,0],[97.9176335380001,4.44879168600005,0],[97.9176964050001,4.44886800200004,0],[97.9177691840001,4.44889569500003,0],[97.917843383,4.44892392800006,0],[97.9181314200001,4.44923500200002,0],[97.9181900090001,4.44930412000002,0],[97.9182823200001,4.44936408500007,0],[97.918428207,4.44947498600004,0],[97.9184550050001,4.44949297400007,0],[97.9185353500001,4.44958283700004,0],[97.9185561360001,4.44963671500005,0],[97.9185411890001,4.44966660800003,0],[97.9185560400001,4.44970252800005,0],[97.9186425120001,4.44981042000006,0],[97.918767276,4.44996609100002,0],[97.9188817240001,4.45011125600007,0],[97.9188356110001,4.45010122900004,0],[97.918756929,4.45009752400006,0],[97.9186512670001,4.45015837600005,0],[97.9186387990001,4.45016555600006,0],[97.9185313980001,4.45023360500005,0],[97.918398945,4.45031238600006,0],[97.9182737290001,4.45033374000008,0],[97.9182218060001,4.45032857900003,0],[97.918127106,4.45031916600004,0],[97.9179804560001,4.45032254000006,0],[97.917919527,4.45040860500006,0],[97.9178701290001,4.45057766700006,0],[97.9178692010001,4.45058084200002,0],[97.9178152680001,4.45077461200003,0],[97.9177362660001,4.45098988400002,0],[97.9175000100001,4.45112235900007,0],[97.9173793360001,4.45119264500005,0],[97.917310076,4.45107061000004,0],[97.9172251580001,4.45092098400005,0],[97.917050696,4.45101791500002,0],[97.9170586160001,4.45102889700007,0],[97.917063602,4.45103814600003,0],[97.9170679220001,4.45104491900003,0],[97.917075223,4.45105348600003,0],[97.9170855250001,4.45106386600003,0],[97.917090579,4.45107321900002,0],[97.9170956470001,4.45108259800003,0],[97.9171030320001,4.45109127300003,0],[97.9171081330001,4.45110070600003,0],[97.9171116420001,4.45111345400005,0],[97.9171174780001,4.45112551200003,0],[97.9171217260001,4.45114092500006,0],[97.9171252800001,4.45115382100005,0],[97.9171254570001,4.45115446200003,0],[97.9171295620001,4.45116935800007,0],[97.9171324270001,4.45117975300008,0],[97.91713674,4.45119540400003,0],[97.91713873,4.45121186900008,0],[97.9171392790001,4.45122313400003,0],[97.91714218,4.45123368600002,0],[97.9171427360001,4.45124501700008,0],[97.9171385810001,4.45125788000007,0],[97.917133687,4.45126811500006,0],[97.917131871,4.45128029500006,0],[97.917127683,4.45129326300003,0],[97.917120389,4.45130433200006,0],[97.917119568,4.45130687100004,0],[97.9171161730001,4.45131737000003,0],[97.9171064720001,4.45132925000007,0],[97.9171007850001,4.45133693400004,0],[97.917093428,4.45134810200005,0],[97.917085339,4.45135657100008,0],[97.9170748560001,4.45136581000003,0],[97.917061001,4.45138205300003,0],[97.9170487910001,4.45139483800006,0],[97.9170406360001,4.45140337600003,0],[97.9170378840001,4.45140708900004,0],[97.917034861,4.45141116700006,0],[97.91702738,4.45142249400004,0],[97.9170191850001,4.45143094600007,0],[97.9170102850001,4.45143643800003,0],[97.9170044690001,4.45144405900004,0],[97.91699213,4.45145651900003,0],[97.9169856110001,4.45146135100003,0],[97.916976047,4.45147102200002,0],[97.916973242,4.45147385900003,0],[97.9169643010001,4.45147994300004,0],[97.9169560220001,4.45148894800008,0],[97.916947727,4.45149796900006,0],[97.9169363390001,4.45150487800004,0],[97.9169249400001,4.45151179500004,0],[97.916908699,4.45152031500004,0],[97.916904506,4.45152243400003,0],[97.9168924570001,4.45152852200005,0],[97.9168834540001,4.45153433100006,0],[97.916870262,4.45154444700006,0],[97.9168630140001,4.45154671700004,0],[97.9168541930001,4.45155240800005,0],[97.9168539930001,4.45155253700005,0],[97.916844327,4.45155556500004,0],[97.91682983,4.45156010600004,0],[97.9168190070001,4.45156949100004,0],[97.9168075440001,4.45157608200003,0],[97.916800289,4.45157835400005,0],[97.9167803730001,4.45159360600007,0],[97.9167634500001,4.45161095400005,0],[97.9167561790001,4.45161323100007,0],[97.9167476960001,4.45162192400005,0],[97.916730719,4.45162723900006,0],[97.9167167640001,4.45163462900007,0],[97.9167046350001,4.45163842700003,0],[97.9166973590001,4.45164070600003,0],[97.9166852310001,4.45164450300007,0],[97.9166815840001,4.45164564500004,0],[97.91667068,4.45164905900003,0],[97.9166615550001,4.45165493900004,0],[97.9166470000001,4.45165949700004,0],[97.9166354380001,4.45166614100003,0],[97.916624933,4.45167218000006,0],[97.916623869,4.45167279100002,0],[97.9166134100001,4.45168515800003,0],[97.9166018180001,4.45169182300003,0],[97.9165926490001,4.45169773100002,0],[97.916592161,4.45169822800005,0],[97.9165840240001,4.45170651200004,0],[97.9165742930001,4.45170955800006,0],[97.9165651070001,4.45171547700005,0],[97.9165559130001,4.45172140100004,0],[97.916539404,4.45172964400007,0],[97.9165344100001,4.45173351800003,0],[97.9165258070001,4.45174019400002,0],[97.9165160350001,4.45174335500008,0],[97.916501376,4.45174809800005,0],[97.9164867160001,4.45175284100003,0],[97.9164744980001,4.45175679400006,0],[97.9164622800001,4.45176074700004,0],[97.9164525030001,4.45176390800003,0],[97.9164373460001,4.45176573500004,0],[97.916430016,4.45176810600003,0],[97.9164173140001,4.45176914000007,0],[97.91640462,4.45177017300006,0],[97.9163890180001,4.45176908000008,0],[97.9163816970001,4.45177144900003,0],[97.9163632190001,4.45176823200006,0],[97.916355444,4.45176768700003,0],[97.916339909,4.45176659800006,0],[97.9163370190001,4.45176447900008,0],[97.916327304,4.45176755400007,0],[97.9163094250001,4.45176709500004,0],[97.916298844,4.45176434300004,0],[97.9162882800001,4.45176159500005,0],[97.916277731,4.45175885000003,0],[97.9162627840001,4.45176053400007,0],[97.9162546840001,4.45175703100006,0],[97.9162413490001,4.45175216700005,0],[97.9162308670001,4.45174943800004,0],[97.9162131670001,4.45174899600005,0],[97.9162003120001,4.45174703400005,0],[97.9161874760001,4.45174507500008,0],[97.9161697820001,4.45174468300007,0],[97.916157469,4.45175225300005,0],[97.916136823,4.45176029200007,0],[97.916146143,4.45172936800003,0],[97.916075134,4.45172408100007,0],[97.9160403050001,4.45171389000006,0],[97.9159227800001,4.45167950300004,0],[97.9158629130001,4.45166198700002,0],[97.9156700090001,4.45163278600006,0],[97.915563681,4.45161669200007,0],[97.9154888570001,4.45161204000004,0],[97.9154492390001,4.45160957800005,0],[97.9153714620001,4.45162345600005,0],[97.9153490730001,4.45162745100004,0],[97.915256232,4.45164401700004,0],[97.9151679830001,4.45160604400007,0],[97.915094061,4.45157976400003,0],[97.9149891530001,4.45156785900002,0],[97.9148460980001,4.45155358300002,0],[97.914700656,4.45153452200003,0],[97.9146272350001,4.45152332300006,0],[97.9145599810001,4.45151306500003,0],[97.9144647940001,4.45149575100004,0],[97.9144288410001,4.45148921100002,0],[97.914309615,4.45145338500004,0],[97.914188015,4.45143431100007,0],[97.9140878680001,4.45141043900003,0],[97.9139543430001,4.45138419300002,0],[97.9138637400001,4.45137227900005,0],[97.913789835,4.45137710700004,0],[97.913694472,4.45137955300004,0],[97.913575263,4.45137483500002,0],[97.9134751280001,4.45137010500002,0],[97.9134012110001,4.45135339700005,0],[97.9132152500001,4.45135350100003,0],[97.9131127370001,4.45136073700007,0],[97.9130006710001,4.45133926500006,0],[97.912917194,4.45127949000005,0],[97.91280749,4.45121733800005,0],[97.91273118,4.45118388100002,0],[97.9126334190001,4.45116240000004,0],[97.912516596,4.45116007300004,0],[97.9123950100001,4.45116731900004,0],[97.9122948840001,4.45117934000007,0],[97.9121709200001,4.45119855200005,0],[97.912035008,4.45116752100006,0],[97.911975382,4.45112448300006,0],[97.9119581670001,4.45109931700006,0],[97.911918116,4.45104076600006,0],[97.9118894550001,4.45094746100006,0],[97.9119013160001,4.45083977600007,0],[97.9119155550001,4.45072251800002,0],[97.911939342,4.45062439800006,0],[97.9119345140001,4.45051672300002,0],[97.911903463,4.45041384800004,0],[97.9118724140001,4.45031336500006,0],[97.9118437440001,4.45020570300005,0],[97.9118269910001,4.45008846300004,0],[97.9118245390001,4.44996642900003,0],[97.911838775,4.44984438600005,0],[97.9118887810001,4.44973428700007,0],[97.911972157,4.44961220500005,0],[97.9120817730001,4.44951642900003,0],[97.9121937730001,4.44942065300006,0],[97.9123042100001,4.44929637000007,0],[97.912312904,4.44928658600003,0],[97.9124034450001,4.44918842900006,0],[97.912501127,4.44906873200006,0],[97.9126155150001,4.44898013200003,0],[97.912751347,4.44886759200006,0],[97.9128657210001,4.44875506400007,0],[97.9129658260001,4.44870475800008,0],[97.9130635690001,4.44869513200007,0],[97.9131446330001,4.44870226500007,0],[97.9132614750001,4.44874048500003,0],[97.9133711680001,4.44878349500004,0],[97.9134713270001,4.44883129500005,0],[97.913585787,4.44887190900005,0],[97.9136859400001,4.44890774600003,0],[97.9138051510001,4.44891725000002,0],[97.913929124,4.44891718000002,0],[97.9140673860001,4.44888838800006,0],[97.9141555730001,4.44884287500003,0],[97.914236594,4.44877343700006,0],[97.9142842350001,4.44869923100003,0],[97.9143104020001,4.44859632400005,0],[97.9143150940001,4.44845992900002,0],[97.914322138,4.44826610500007,0],[97.9143125020001,4.44808664600004,0],[97.9142551830001,4.44790721500004,0],[97.9141907320001,4.44776368000004,0],[97.91414301,4.44769192200005,0],[97.914069086,4.44766324900007,0],[97.914009482,4.44766089000007,0],[97.9139451170001,4.44767049700005,0],[97.9138616010001,4.44773656100006,0],[97.9138331130001,4.44775909600003,0],[97.9137377800001,4.44781418500003,0],[97.9136305230001,4.44786449500003,0],[97.9135423380001,4.44791240200004,0],[97.913454158,4.44796987900003,0],[97.9133540460001,4.44800582800002,0],[97.913256313,4.44803459700006,0],[97.913151418,4.44804422800007,0],[97.9130489,4.44804189200005,0],[97.912932084,4.44805152900005,0],[97.912805732,4.44806117200005,0],[97.912660298,4.44805407500007,0],[97.912569703,4.44805651800004,0],[97.9125015490001,4.44804515700002,0],[97.9124695610001,4.44803982400003,0],[97.9124299370001,4.44804817100004,0],[97.912367057,4.44806141700008,0],[97.9122550160001,4.44808301600006,0],[97.9121548890001,4.44809264300005,0],[97.9120356810001,4.44808792400005,0],[97.9119666030001,4.44806767400007,0],[97.9119379160001,4.44805926500004,0],[97.9118139240001,4.44802583400002,0],[97.91172807,4.44797802500005,0],[97.9116040600001,4.44791348800004,0],[97.9115253730001,4.44789199600007,0],[97.9114443130001,4.44789204200003,0],[97.911353724,4.44790405600003,0],[97.9112369270001,4.44794719300006,0],[97.9111871840001,4.44797052600006,0],[97.91112967,4.44799750300007,0],[97.9110224190001,4.44805977700003,0],[97.9109223230001,4.44812444000007,0],[97.9108150710001,4.44818432100004,0],[97.910724492,4.44821547800007,0],[97.9106219930001,4.44824664200007,0],[97.910543348,4.44830172200005,0],[97.910460792,4.44835307900007,0],[97.910460679,4.44835314900007,0],[97.9104432500001,4.44836399200005,0],[97.9104428950001,4.44836440400007,0],[97.9103193560001,4.44850763200003,0],[97.9102597930001,4.44857945100006,0],[97.9102026400001,4.44869912500008,0],[97.9101478750001,4.44882358400002,0],[97.9100859490001,4.44893368900006,0],[97.9100168740001,4.44905097700007,0],[97.909912057,4.44920178500007,0],[97.9098477490001,4.44931667800006,0],[97.909764377,4.44944593800005,0],[97.9096762360001,4.44957520100007,0],[97.9095952280001,4.44966856700006,0],[97.9094736810001,4.44974520600005,0],[97.9094021800001,4.44978592400003,0],[97.9092996620001,4.44978358800006,0],[97.9092209460001,4.44971184700006,0],[97.9091934310001,4.44968579400006,0],[97.9091350730001,4.44963053800006,0],[97.9090539580001,4.44953008300007,0],[97.90897046,4.44943202300004,0],[97.908884599,4.44937224900002,0],[97.908786831,4.44933641100005,0],[97.9087033700001,4.44930535000003,0],[97.908567465,4.44928628300005,0],[97.9085428560001,4.44927854900004,0],[97.908445854,4.44924806500006,0],[97.908314712,4.44921942300005,0],[97.9082026520001,4.44920752100006,0],[97.9081573380001,4.44917883200003,0],[97.9081096240001,4.44912143000005,0],[97.908073829,4.44905923600004,0],[97.9080618660001,4.44898267100007,0],[97.9080744710001,4.44893540200007,0],[97.9080880370001,4.44888455000006,0],[97.9081332820001,4.44878881100004,0],[97.9081999970001,4.44871459500007,0],[97.9082653900001,4.44867078800007,0],[97.9083143920001,4.44863796100003,0],[97.908419264,4.44858526000007,0],[97.9085980120001,4.44847748200004,0],[97.9087124010001,4.44838888300006,0],[97.9088363180001,4.44828592200003,0],[97.9089054130001,4.44820692000008,0],[97.9089482620001,4.44808964600003,0],[97.908979194,4.44797716500005,0],[97.9089791250001,4.44785273700006,0],[97.9089480660001,4.44773311200004,0],[97.9089193930001,4.44761827100007,0],[97.9088692770001,4.44752737000005,0],[97.908802472,4.44743647900003,0],[97.908676056,4.44733126400007,0],[97.9086044860001,4.44724516100007,0],[97.908576779,4.44720661500003,0],[97.908487575,4.44708251200007,0],[97.9083683060001,4.44696772200007,0],[97.9082347720001,4.44692233100005,0],[97.9080967850001,4.44689516700004,0],[97.908089325,4.44689369800005,0],[97.9080560360001,4.44688926200007,0],[97.9079820330001,4.44687940000006,0],[97.9079057470001,4.44688901400002,0],[97.9078557030001,4.44692972000007,0],[97.9078104210001,4.44695845900003,0],[97.907768165,4.44700720800006,0],[97.907746091,4.44703267300002,0],[97.9077055970001,4.44709730300002,0],[97.9076849670001,4.44720529200004,0],[97.9076818240001,4.44722174400005,0],[97.9076676000001,4.44736771600003,0],[97.907641449,4.44750412300004,0],[97.907598626,4.44766925300007,0],[97.9075844060001,4.44782240300003,0],[97.9075463930001,4.44806410200005,0],[97.9075369030001,4.44814785700004,0],[97.9075083370001,4.44822683700005,0],[97.9074773830001,4.44829864000008,0],[97.9074297390001,4.44836805900007,0],[97.9073701560001,4.44840398500003,0],[97.907301024,4.44841838000002,0],[97.9071913780001,4.44845911900006,0],[97.9071079550001,4.44849745100004,0],[97.9070388370001,4.44853577500004,0],[97.906995958,4.44860040500004,0],[97.9069673920001,4.44867938500005,0],[97.9069578940001,4.44874878300004,0],[97.9069650870001,4.44882295800005,0],[97.9070151940001,4.44889710800004,0],[97.9070653050001,4.44897843700005,0],[97.907132097,4.44904540000005,0],[97.9072203300001,4.44908363700006,0],[97.9073204750001,4.44910511700004,0],[97.907444464,4.44913376300002,0],[97.9075326990001,4.44917439200003,0],[97.907601867,4.44922699700004,0],[97.907628113,4.44926526800003,0],[97.9076472180001,4.44932268600007,0],[97.9076591780001,4.44939446500007,0],[97.9076592040001,4.44944232200004,0],[97.9076330190001,4.44951651500003,0],[97.9075877450001,4.44955961100004,0],[97.907523391,4.44959075400004,0],[97.907444727,4.44961233300006,0],[97.9073303060001,4.44964111000007,0],[97.9072325700001,4.44966509300002,0],[97.907132441,4.44967232700003,0],[97.907022764,4.44965803000002,0],[97.9068630290001,4.44965811900005,0],[97.90674146,4.44969647200003,0],[97.906646111,4.44972523900003,0],[97.9065245190001,4.44972052000003,0],[97.9064565570001,4.44971568600005,0],[97.9064243820001,4.44971339700004,0],[97.9063290270001,4.44973019900004,0],[97.9062408280001,4.44975417700005,0],[97.906194886,4.44977726400003,0],[97.906150256,4.44979969100007,0],[97.9061121550001,4.44988106900007,0],[97.9060883560001,4.44995765300007,0],[97.9060860120001,4.45003183300003,0],[97.906095603,4.45012993400007,0],[97.9061027020001,4.45015032500004,0],[97.9061314210001,4.45023280700002,0],[97.906167209,4.45028064400003,0],[97.9062292350001,4.45035239600003,0],[97.90630321,4.45047439000007,0],[97.9063557150001,4.45057486100006,0],[97.906372451,4.45066099400003,0],[97.9063724950001,4.45073995800004,0],[97.9063653760001,4.45080217600002,0],[97.906341581,4.45088593900005,0],[97.9062915630001,4.45097450200007,0],[97.90625823,4.45105587800003,0],[97.9062630430001,4.45113723200006,0],[97.9063012700001,4.45128556800006,0],[97.9063395000001,4.45143868900004,0],[97.9063542280001,4.45146165500006,0],[97.9064254020001,4.45157264100004,0],[97.9065208110001,4.45165394500003,0],[97.9066209680001,4.45169696100004,0],[97.9067639780001,4.45162988200002,0],[97.9069117120001,4.45148144400002,0],[97.9070213080001,4.45134738400003,0],[97.9070784510001,4.45120856700004,0],[97.9070497600001,4.45106022600004,0],[97.907003246,4.45098029800005,0],[97.9069829410001,4.45094540600007,0],[97.906954264,4.45082099400003,0],[97.906987578,4.45070611800003,0],[97.9070638090001,4.45059600500002,0],[97.9072020570001,4.45053850000005,0],[97.9072974320001,4.45055759000007,0],[97.9073475160001,4.45055576700003,0],[97.9074309390001,4.45055273100007,0],[97.9074786030001,4.45051920400005,0],[97.9075318420001,4.45046303600003,0],[97.9075739130001,4.45041865200005,0],[97.9076644830001,4.45037074500004,0],[97.9077216380001,4.45036433900003,0],[97.9077932170001,4.45035631600007,0],[97.9078885630001,4.45032276300003,0],[97.908007716,4.45022698300005,0],[97.9080954500001,4.45018465700002,0],[97.9081268900001,4.45016948900007,0],[97.9081841140001,4.45017902800004,0],[97.9083414840001,4.45021244100008,0],[97.908441667,4.45030331400005,0],[97.9084635670001,4.45038790000007,0],[97.908475116,4.45043250900005,0],[97.9084937220001,4.45061359500005,0],[97.9084942920001,4.45061914100006,0],[97.9085611130001,4.45073874600007,0],[97.9086232160001,4.45094928200007,0],[97.9086615050001,4.45120768900006,0],[97.9086234750001,4.45141828100003,0],[97.908575866,4.45155230700004,0],[97.9083995020001,4.45166247600002,0],[97.9082135960001,4.45176307900005,0],[97.9078560630001,4.45191641900004,0],[97.907555711,4.45200272900007,0],[97.907326878,4.45207942700006,0],[97.907059872,4.45210828900002,0],[97.9068786660001,4.45208446000004,0],[97.9067387370001,4.45207727400003,0],[97.9066021,4.45207025600007,0],[97.906428083,4.45199177700005,0],[97.9063159340001,4.45194120000002,0],[97.9060870010001,4.45183604100004,0],[97.905796089,4.45174527400007,0],[97.9057687650001,4.45173421700002,0],[97.9055480850001,4.45164491100007,0],[97.9053906810001,4.45154928400007,0],[97.905305119,4.45146886500004,0],[97.9052380190001,4.45140579700006,0],[97.9051664120001,4.45125269400006,0],[97.9051401610001,4.45121524400002,0],[97.9050423410001,4.45107569100003,0],[97.90487534,4.45086999800003,0],[97.9047608290001,4.45073606100004,0],[97.9046606200001,4.45059733100004,0],[97.90449843,4.45046820600004,0],[97.904417294,4.45032946500004,0],[97.904283734,4.45023861100003,0],[97.904173981,4.45008552800005,0],[97.9040690570001,4.45004251500006,0],[97.904007015,4.44994204900007,0],[97.9039068010001,4.44979374700006,0],[97.9037112620001,4.44971728300004,0],[97.9035920310001,4.44966949200006,0],[97.9034870720001,4.44956426400006,0],[97.9033916530001,4.44946381600005,0],[97.903392518,4.44943912900004,0],[97.9033963480001,4.44932981400007,0],[97.9034391870001,4.44919100500005,0],[97.903505851,4.44902346900005,0],[97.9036487750001,4.44879846300006,0],[97.903692316,4.44876183500003,0],[97.9038537150001,4.44862606500004,0],[97.9039891130001,4.44853998700006,0],[97.9040872770001,4.44847758000003,0],[97.9041478540001,4.44840859800007,0],[97.9042302340001,4.44831478800006,0],[97.904287406,4.44822861400007,0],[97.9042587110001,4.44807070100006,0],[97.9041966140001,4.44786973600003,0],[97.9040439090001,4.44764489200003,0],[97.9038960130001,4.44749661600002,0],[97.903694343,4.44739115100003,0],[97.9036766130001,4.44738187900003,0],[97.9034572,4.44724321400003,0],[97.903271219,4.44720503100007,0],[97.903132956,4.44723382000006,0],[97.902954971,4.44725843900005,0],[97.9028897960001,4.44726745400004,0],[97.9026704680001,4.44728671600006,0],[97.9024558880001,4.44726769100004,0],[97.9022890470001,4.44735392500007,0],[97.902107936,4.44750238000006,0],[97.901950608,4.44754553800004,0],[97.9018409050001,4.44748338300008,0],[97.9017880580001,4.44736421500005,0],[97.901783617,4.44735420100005,0],[97.901802633,4.44724890500004,0],[97.9019360410001,4.44706219000005,0],[97.9021266400001,4.44682280000006,0],[97.902198125,4.44674242300005,0],[97.902326783,4.44659776300006,0],[97.9027404920001,4.44619554800005,0],[97.9027433370001,4.44619214300008,0],[97.902814085,4.44610051800004,0],[97.9028193730001,4.44609367000004,0],[97.902900113,4.44598910300004,0],[97.9029802410001,4.44587768000002,0],[97.9031228710001,4.44570756300004,0],[97.90318532,4.44546226100005,0],[97.9032447880001,4.44521397000005,0],[97.9033395820001,4.44504318800006,0],[97.9033823060001,4.44469428700006,0],[97.9034437240001,4.44452484000004,0],[97.903452165,4.44426353600005,0],[97.9033647780001,4.44402669100003,0],[97.9032187650001,4.44383151400007,0],[97.903075641,4.44368658600007,0],[97.902839607,4.44367235800007,0],[97.902605356,4.44357696000003,0],[97.902526268,4.44354475100005,0],[97.9022802470001,4.44357790600003,0],[97.902084146,4.44359378700005,0],[97.9019297620001,4.44353502600006,0],[97.9018423780001,4.44358572300007,0],[97.901748592,4.44367290000002,0],[97.9016190290001,4.44377652800006,0],[97.901428105,4.44387677500004,0],[97.9012919830001,4.44395191500007,0],[97.9011277770001,4.44400375900005,0],[97.9008958850001,4.44405877400004,0],[97.900891513,4.44405981100005,0],[97.9007056130001,4.44416878700002,0],[97.900534027,4.44429809400003,0],[97.900383887,4.44440465800005,0],[97.900212561,4.44451872100007,0],[97.9000049310001,4.44462022000005,0],[97.8997835200001,4.44469841700004,0],[97.899596381,4.44472125100003,0],[97.8993624030001,4.44468579200003,0],[97.8992327920001,4.44473181900003,0],[97.8991610340001,4.44475707100003,0],[97.899088583,4.44475024100007,0],[97.899018229,4.44470601100005,0],[97.8989750470001,4.44470692200002,0],[97.898853489,4.44476441600006,0],[97.898667598,4.44489373100004,0],[97.8983817150001,4.44528152800007,0],[97.8979813240001,4.44554017200005,0],[97.8978670800001,4.44589916200005,0],[97.8979815710001,4.44599960000005,0],[97.8978959120001,4.44631550300005,0],[97.897424067,4.44670340000005,0],[97.897402931,4.44673525700006,0],[97.8970810330001,4.44722044100007,0],[97.897037481,4.44727387400008,0],[97.8969517260001,4.44737908500002,0],[97.8966283490001,4.44777582700004,0],[97.8963614260001,4.44795782800003,0],[97.895830011,4.44831777400003,0],[97.895410596,4.44867214200002,0],[97.8953865290001,4.44869240200006,0],[97.895057906,4.44896904500007,0],[97.8946670590001,4.44924682600004,0],[97.894342926,4.44944799900003,0],[97.8941050380001,4.44961928600003,0],[97.8940509070001,4.44969646600003,0],[97.8939905000001,4.44978259500004,0],[97.8937285790001,4.45004877200006,0],[97.8935632480001,4.45014195500005,0],[97.8934937290001,4.45021748400006,0],[97.8930429590001,4.45039334200004,0],[97.89290945,4.45051084100004,0],[97.8928218490001,4.45065940600006,0],[97.89281544,4.45091108000003,0],[97.8928148910001,4.45093264100007,0],[97.892814732,4.45093889300006,0],[97.892773622,4.45102421500007,0],[97.892698028,4.45118110900006,0],[97.8925098610001,4.45139865800007,0],[97.892372987,4.45151229600003,0],[97.8921961720001,4.45165574900005,0],[97.8921819770001,4.45169384700006,0],[97.8921734580001,4.45171671200006,0],[97.8921625310001,4.45170615400002,0],[97.8918179030001,4.45137318500002,0],[97.891559574,4.45111733200002,0],[97.8913876390001,4.45098969000003,0],[97.8907921910001,4.45042126900006,0],[97.8904040840001,4.44994447800002,0],[97.890231155,4.44966659000005,0],[97.8897597310001,4.44952663300006,0],[97.889573161,4.44934184800007,0],[97.8893649220001,4.44911427900007,0],[97.8892139000001,4.44891494700005,0],[97.8888710720001,4.44881706200005,0],[97.8884920340001,4.44863355800004,0],[97.8883621140001,4.44839115700006,0],[97.8883032420001,4.44811250700008,0],[97.8883151350001,4.44775468300003,0],[97.8883563460001,4.44751829600006,0],[97.888101045,4.44772033300006,0],[97.887499334,4.44836112600007,0],[97.8870762590001,4.44906512400007,0],[97.886960533,4.44925670400005,0],[97.8869070200001,4.44934529300002,0],[97.8867379220001,4.44964692600007,0],[97.886250407,4.45030842500006,0],[97.8860246120001,4.45066052000004,0],[97.8860255580001,4.45080361200007,0],[97.885976321,4.45090410900002,0],[97.8858062290001,4.45105549500005,0],[97.8856814210001,4.45131113300005,0],[97.885676802,4.45130676000002,0],[97.885673319,4.45130382200006,0],[97.8856713490001,4.45129691300002,0],[97.8856656280001,4.45129114100007,0],[97.8856627480001,4.45128016700005,0],[97.8856619220001,4.45127473700006,0],[97.8856611940001,4.45126798400003,0],[97.8856591580001,4.45126250600003,0],[97.8856595500001,4.45125719000004,0],[97.885656408,4.45125033700003,0],[97.8856543850001,4.45124489800003,0],[97.8856526650001,4.45123552200005,0],[97.8856518570001,4.45123019100004,0],[97.8856509510001,4.45122618200003,0],[97.8856469510001,4.45118417500004,0],[97.88564725,4.45118031600003,0],[97.8856456660001,4.45116991000003,0],[97.8856442890001,4.45115700300005,0],[97.885642519,4.45114923500006,0],[97.8856420380001,4.45114030000002,0],[97.8856404790001,4.45113007000003,0],[97.8856399030001,4.45112246200006,0],[97.8856381530001,4.45111480700007,0],[97.88563651,4.45110593200008,0],[97.885635742,4.45110088500007,0],[97.8856340070001,4.45109330100007,0],[97.885634209,4.45109082500005,0],[97.885633446,4.45108581200003,0],[97.885628426,4.45107560500003,0],[97.885626712,4.45106810300007,0],[97.8856260630001,4.45106191600007,0],[97.8856234040001,4.45105195300005,0],[97.8856215000001,4.45104695300006,0],[97.8856175990001,4.45103819400003,0],[97.885614446,4.45103436100004,0],[97.8856127700001,4.45102699100005,0],[97.8856109930001,4.45102084400003,0],[97.8856072410001,4.45101098800006,0],[97.885605264,4.45100726800007,0],[97.8856023600001,4.45100110000004,0],[97.88560155,4.45099742800005,0],[97.8855998210001,4.45099130400007,0],[97.8855971790001,4.45098274900005,0],[97.8855888960001,4.45094131000008,0],[97.8855878960001,4.45092972500004,0],[97.88558333,4.45091235000007,0],[97.8855808170001,4.45090086300007,0],[97.885578158,4.45088754800003,0],[97.8855755150001,4.45087431500002,0],[97.885573202,4.45086489700003,0],[97.885569381,4.45085546100006,0],[97.8855655770001,4.45084606700004,0],[97.885558115,4.45082763000005,0],[97.8855523270001,4.45080965500006,0],[97.8855470760001,4.45079886800005,0],[97.8855468300001,4.45079534100006,0],[97.8855413670001,4.45078111600003,0],[97.885535819,4.45076523900002,0],[97.8855323750001,4.45075818000004,0],[97.8855287110001,4.45074768900002,0],[97.8855219930001,4.45073541400006,0],[97.8855182610001,4.45072331900008,0],[97.8855165670001,4.45071985100003,0],[97.8855114990001,4.45070947700003,0],[97.885506664,4.45070252900007,0],[97.8855060180001,4.45070019700006,0],[97.885444771,4.45062088300006,0],[97.885443964,4.45062049500007,0],[97.885437875,4.45061374800002,0],[97.8854333640001,4.45061024400007,0],[97.885427253,4.45060339700007,0],[97.8854242770001,4.45060159800005,0],[97.8854196410001,4.45059486700006,0],[97.8854135730001,4.45058806800006,0],[97.8854104790001,4.45058307100004,0],[97.8854060140001,4.45057959800005,0],[97.8854014930001,4.45057453200008,0],[97.8853955420001,4.45056938800008,0],[97.885389488,4.45056108000006,0],[97.8853850620001,4.45055764100005,0],[97.8853806420001,4.45055420700004,0],[97.8853747430001,4.45054911100004,0],[97.8853673260001,4.45054079200003,0],[97.8853644160001,4.45053904400004,0],[97.8853599380001,4.45053250500007,0],[97.8853555190001,4.45052754800003,0],[97.8853467530001,4.45051922300007,0],[97.8853438250001,4.45051593800002,0],[97.8853380200001,4.45051093100005,0],[97.8853279720001,4.45050567400006,0],[97.8853207510001,4.45049906200006,0],[97.8853150250001,4.45049563200007,0],[97.8853064800001,4.45049203500002,0],[97.885296489,4.45048529000007,0],[97.8852921900001,4.45048044000004,0],[97.885283675,4.45047534200006,0],[97.8852794320001,4.45047355900005,0],[97.885273758,4.45046864900007,0],[97.885265309,4.45046661200007,0],[97.885258272,4.45046466400004,0],[97.885251241,4.45046271700005,0],[97.885244216,4.45046077100005,0],[97.8852386010001,4.45046042700005,0],[97.885232988,4.45045705700005,0],[97.8852259830001,4.45045360700004,0],[97.885220383,4.45045175500007,0],[97.885214788,4.45044990400004,0],[97.885206398,4.45044788400003,0],[97.8852008000001,4.45044754100007,0],[97.885190988,4.45044844600005,0],[97.8851853520001,4.45045111600007,0],[97.885176927,4.45045210900003,0],[97.885169922,4.45045167900003,0],[97.885161516,4.45045116400007,0],[97.8851559130001,4.45045082000007,0],[97.885148846,4.45045340800004,0],[97.8851417340001,4.45045751300006,0],[97.8851375250001,4.45045725400007,0],[97.885130394,4.45046136700006,0],[97.8851246120001,4.45046709500002,0],[97.885115952,4.45047419100007,0],[97.8851058010001,4.45048275800002,0],[97.885104341,4.45048420400002,0],[97.885094139,4.45049281400003,0],[97.8850883750001,4.45049570300006,0],[97.8850795380001,4.45050479800005,0],[97.8850751020001,4.45050936300004,0],[97.885069232,4.45051387900003,0],[97.885064835,4.45051687600005,0],[97.8850604300001,4.45051987800002,0],[97.8850515270001,4.45052749800004,0],[97.885042512,4.45053676100002,0],[97.88503504,4.45054290100006,0],[97.885029059,4.45054750600002,0],[97.885022898,4.45055537000007,0],[97.8850168800001,4.45056000800002,0],[97.8850138220001,4.45056314700003,0],[97.885006064,4.45057265900004,0],[97.8849999930001,4.45057734200003,0],[97.8849936220001,4.45058699100002,0],[97.8849903280001,4.45059349200005,0],[97.884979419,4.45060471000005,0],[97.8849762900001,4.45060792800007,0],[97.8849638250001,4.45061917500004,0],[97.8849575080001,4.45062566800004,0],[97.8849527550001,4.45063055400004,0],[97.884944805,4.45063872500003,0],[97.8849400180001,4.45064364600006,0],[97.884933737,4.45064851900003,0],[97.8849274390001,4.45065340600007,0],[97.884919381,4.45066168100004,0],[97.8849131710001,4.45066488100002,0],[97.884902072,4.45067308700004,0],[97.8848988120001,4.45067642900005,0],[97.8848922750001,4.45068313100006,0],[97.8848845050001,4.45068630900005,0],[97.8848795710001,4.45069136100005,0],[97.8848716200001,4.45069630600005,0],[97.8848634920001,4.45070302100004,0],[97.8848538250001,4.45070970100005,0],[97.8848523170001,4.45070964000007,0],[97.884844286,4.45071463600004,0],[97.8848365650001,4.45071610400004,0],[97.8848241270001,4.45071916400002,0],[97.8848165590001,4.45071886200003,0],[97.8848099670001,4.45072394800007,0],[97.884802204,4.45072542500003,0],[97.8847942460001,4.45072868600005,0],[97.8847442060001,4.45072112300005,0],[97.884731484,4.45072829300005,0],[97.8847163030001,4.45073529200005,0],[97.8847138680001,4.45073510800006,0],[97.8846992570001,4.45073400400003,0],[97.8846822190001,4.45073271700005,0],[97.8846724860001,4.45073198100005,0],[97.8846627550001,4.45073124600003,0],[97.8846530280001,4.45073051100007,0],[97.884641313,4.45072419900004,0],[97.8846322690001,4.45071539200006,0],[97.8846230190001,4.45070930500003,0],[97.884609642,4.45069480600006,0],[97.884603322,4.45068358700007,0],[97.884596786,4.45067506000004,0],[97.8845902670001,4.45066655300008,0],[97.8845719830001,4.45065452400007,0],[97.8845676660001,4.45064888300004,0],[97.8845561540001,4.45064273700007,0],[97.8845475730001,4.45063147800005,0],[97.884541658,4.45061783800003,0],[97.8845336350001,4.45060146700007,0],[97.8845277710001,4.45058793900006,0],[97.8845256490001,4.45058517000007,0],[97.8845171790001,4.45057411400006,0],[97.884501357,4.45056514600003,0],[97.8844942440001,4.45056462300005,0],[97.884480022,4.45056357700003,0],[97.8844683940001,4.45056030100005,0],[97.884449267,4.45055941700002,0],[97.8844325250001,4.45055864300002,0],[97.8844205650001,4.45055809000007,0],[97.8844133870001,4.45055775800006,0],[97.88440954,4.45055669700002,0],[97.884401757,4.45055454900006,0],[97.884388083,4.45054857900004,0],[97.8843792070001,4.45054283900004,0],[97.884370345,4.45053710800005,0],[97.8843638810001,4.45053149600005,0],[97.8843550440001,4.45052578300005,0],[97.8843414560001,4.45051985600003,0],[97.8843247780001,4.45051908100004,0],[97.8843080950001,4.45051830500006,0],[97.8843053730001,4.45051817800004,0],[97.8842914080001,4.45051752900002,0],[97.884281871,4.45051708600005,0],[97.8842723320001,4.45051664300007,0],[97.884255636,4.45051586600005,0],[97.8842437070001,4.45051531100006,0],[97.8842246170001,4.45051442400006,0],[97.8842094680001,4.45051902000006,0],[97.884201465,4.45052395800008,0],[97.8841938690001,4.45052626400008,0],[97.8841810500001,4.45053099300003,0],[97.884160578,4.45053804800006,0],[97.8841430750001,4.45055599500006,0],[97.8841302930001,4.45057427500006,0],[97.884118808,4.45058458100004,0],[97.8841049590001,4.45060845800003,0],[97.8841040280001,4.45061388800002,0],[97.884100194,4.45062193900003,0],[97.8840861250001,4.45063230100004,0],[97.8840778510001,4.45063744000004,0],[97.884066149,4.45064796900004,0],[97.8840625450001,4.45065113400005,0],[97.8840576050001,4.45065547100006,0],[97.8840463210001,4.45066528400002,0],[97.8840354880001,4.45067238500008,0],[97.8840184740001,4.45068717500004,0],[97.884013279,4.45068936900003,0],[97.8840070960001,4.45069706600003,0],[97.8839985450001,4.45070450000003,0],[97.8839894760001,4.45071471400007,0],[97.883980889,4.45072218200005,0],[97.883964178,4.45073437700006,0],[97.8839553660001,4.45074215300002,0],[97.8839411540001,4.45075236600007,0],[97.8839304410001,4.45075711700002,0],[97.883920957,4.45076786400006,0],[97.8839084570001,4.45078128500006,0],[97.883898312,4.45079500900005,0],[97.8838911300001,4.45080612900006,0],[97.8838809100001,4.45081995600003,0],[97.883874275,4.45082823000007,0],[97.8838208060001,4.45087634700008,0],[97.8837954250001,4.45087941800006,0],[97.8837802340001,4.45088343400005,0],[97.8837447450001,4.45089099500007,0],[97.883729466,4.45088957700005,0],[97.883699059,4.45089761300005,0],[97.8836737880001,4.45091157100006,0],[97.883648382,4.45091464600006,0],[97.8836229760001,4.45091772000006,0],[97.8835924480001,4.45091487300004,0],[97.8835771910001,4.45091345000003,0],[97.8835568580001,4.45091155400007,0],[97.8835314560001,4.45090918500006,0],[97.8834959180001,4.45090587100003,0],[97.883475623,4.45090941400002,0],[97.883450269,4.45091254800008,0],[97.8834250530001,4.45092175300005,0],[97.8833947580001,4.45093058800006,0],[97.883374539,4.45093459300006,0],[97.8833643940001,4.45093925800006,0],[97.8833440910001,4.45094859300002,0],[97.8833238140001,4.45094678800007,0],[97.883298417,4.45095567700002,0],[97.8832831760001,4.45095989800006,0],[97.8832578370001,4.45095763800003,0],[97.8832375760001,4.45095583000005,0],[97.883212261,4.45095357200006,0],[97.8831922190001,4.45093507100006,0],[97.8831720790001,4.45092771500003,0],[97.8831469960001,4.45091437300005,0],[97.8831352400001,4.45090350500004,0],[97.883127088,4.45089596900004,0],[97.8830968710001,4.45089328900002,0],[97.8830717060001,4.45089105700004,0],[97.8830515830001,4.45088927200004,0],[97.8830264410001,4.45088704300002,0],[97.883001312,4.45088481400006,0],[97.882986105,4.45088899900003,0],[97.8829754990001,4.45091022500003,0],[97.8829645800001,4.45094261200006,0],[97.8829537670001,4.45096954700006,0],[97.8829380180001,4.45099052000006,0],[97.8829323470001,4.45101245400002,0],[97.882928097,4.45102889700007,0],[97.882926662,4.45103444600005,0],[97.8829209610001,4.45105649500005,0],[97.882900384,4.45106636600002,0],[97.882880126,4.45106493100008,0],[97.882859872,4.45106349600007,0],[97.8828345590001,4.45106170300005,0],[97.88281469,4.45104875000004,0],[97.8827892070001,4.45103213800007,0],[97.882784949,4.45102936200004,0],[97.8827702090001,4.45101682100005,0],[97.8827405850001,4.45099751300006,0],[97.8827309470001,4.45098537800004,0],[97.882711263,4.45097255400003,0],[97.882682033,4.45094749900005,0],[97.8826772500001,4.45094136800003,0],[97.8826576660001,4.45092820600007,0],[97.88264338,4.45090988000004,0],[97.8826193900001,4.45088506300004,0],[97.882605196,4.45086684700004,0],[97.882586055,4.45084822600006,0],[97.8825719470001,4.45082980300003,0],[97.882557891,4.45081083200006,0],[97.8825342660001,4.45078516200005,0],[97.8825203210001,4.45076633100007,0],[97.882506419,4.45074755800005,0],[97.8824879510001,4.45072261800004,0],[97.8824695590001,4.45069778100003,0],[97.8824554830001,4.45068494300006,0],[97.882437215,4.45066026100005,0],[97.882418676,4.45064136300005,0],[97.8824005490001,4.45061686000003,0],[97.8823870030001,4.45059854800007,0],[97.882369006,4.45057422000002,0],[97.8823551840001,4.45056164800008,0],[97.882337308,4.45053747000003,0],[97.88230502,4.45051206900007,0],[97.882281698,4.45049875200004,0],[97.882272873,4.45048678000006,0],[97.882246089,4.45045652100004,0],[97.8822268910001,4.45045478200007,0],[97.8821950780001,4.45042974600005,0],[97.8821763860001,4.45042253300005,0],[97.8821438530001,4.45040856600002,0],[97.8821347730001,4.45040224100006,0],[97.8820980730001,4.45038245400002,0],[97.882061504,4.45036273600005,0],[97.8820298040001,4.45034351300006,0],[97.881998223,4.45032432100004,0],[97.8819798700001,4.45031713800006,0],[97.8819756840001,4.45031131200005,0],[97.881938538,4.45030235800004,0],[97.8819255220001,4.45029029700004,0],[97.881906724,4.45028851300003,0],[97.8818849450001,4.45027025700006,0],[97.881872027,4.45025826700004,0],[97.8818439400001,4.45025561200003,0],[97.8818205520001,4.45025340200004,0],[97.8817831650001,4.45024986800007,0],[97.881749858,4.45025208800007,0],[97.8817218600001,4.45024944000005,0],[97.8817125320001,4.45024855800006,0],[97.8816905260001,4.45023575100004,0],[97.8816632630001,4.45022782100006,0],[97.8816367190001,4.45021462400007,0],[97.8816135150001,4.45021243900004,0],[97.8815903270001,4.45021025500006,0],[97.881566455,4.45021334400008,0],[97.8815425780001,4.45021643300004,0],[97.8815226080001,4.45022524100006,0],[97.88150798,4.45022921000003,0],[97.881487973,4.45023803200007,0],[97.8814618100001,4.45025703200002,0],[97.881433976,4.45025438600004,0],[97.8813872710001,4.45031256900006,0],[97.881331743,4.45029230200004,0],[97.8812767780001,4.45028746700007,0],[97.8811943300001,4.45028008200006,0],[97.8811256700001,4.45027393200007,0],[97.881069805,4.45023775700002,0],[97.880958035,4.45015012400006,0],[97.8809031060001,4.45013009800005,0],[97.8807793270001,4.45005859600008,0],[97.8807241980001,4.45000842700006,0],[97.880696582,4.44997585000004,0],[97.8806417120001,4.44992592800003,0],[97.88057358,4.44987531700002,0],[97.8805058170001,4.44983989000002,0],[97.880465255,4.44982166200003,0],[97.880397718,4.44978635100006,0],[97.8803169590001,4.44976493600007,0],[97.8802497400001,4.44974463300002,0],[97.8801827190001,4.44973966500004,0],[97.8801157840001,4.44973497400002,0],[97.880022104,4.44972841000003,0],[97.8799418280001,4.44972274900005,0],[97.8798880720001,4.44973312100007,0],[97.8797944060001,4.44969489700003,0],[97.8797009830001,4.44965677200003,0],[97.879594662,4.44960265900005,0],[97.8795550880001,4.44956938000007,0],[97.8794751460001,4.44956246900006,0],[97.879382859,4.44950984500002,0],[97.8792640170001,4.44946991200004,0],[97.879134159,4.44939214600004,0],[97.8789526070001,4.44929855300006,0],[97.8788746930001,4.44926662100005,0],[97.8788357700001,4.44925066900004,0],[97.8787968710001,4.44923472700003,0],[97.8786922300001,4.44921574800003,0],[97.878614579,4.44918390900006,0],[97.878548832,4.44918009100007,0],[97.8784699610001,4.44917363000008,0],[97.8784174080001,4.44916932500007,0],[97.8783247490001,4.44917583700004,0],[97.8782590960001,4.44917085200007,0],[97.8782065570001,4.44916754700006,0],[97.8781408900001,4.44916341600003,0],[97.878062103,4.44915846200007,0],[97.8780095850001,4.44915515800005,0],[97.8779317300001,4.44913587400004,0],[97.8778270320001,4.44912693200007,0],[97.8778018880001,4.44910994200006,0],[97.8777376850001,4.44908890200003,0],[97.8776986190001,4.44908483400008,0],[97.8776486,4.44905098400005,0],[97.87754786,4.44899767100003,0],[97.8774971010001,4.44897815900003,0],[97.8774076350001,4.44895466800006,0],[97.8773441390001,4.44893405600004,0],[97.8772572230001,4.44888307500003,0],[97.8772443110001,4.44888192300004,0],[97.8771823580001,4.44884721200003,0],[97.8770978680001,4.44877985100004,0],[97.87706081,4.44876145900002,0],[97.8770122800001,4.44872785800004,0],[97.8769651160001,4.44868055500007,0],[97.876909218,4.44859077300003,0],[97.8768877090001,4.44854679900004,0],[97.8768549160001,4.44848787500007,0],[97.876846146,4.44844561400004,0],[97.876817605,4.44834578800004,0],[97.8768229900001,4.44829101600004,0],[97.8765296030001,4.44822282500007,0],[97.8760142630001,4.44842306400005,0],[97.8757135420001,4.44860927200006,0],[97.875341093,4.44892460200003,0],[97.875026,4.44915386400004,0],[97.8745130840001,4.44950337600005,0],[97.8745108860001,4.44950487300002,0],[97.8740378240001,4.44982722600002,0],[97.8740283110001,4.44984748600007,0],[97.873707703,4.45053031200007,0],[97.8736356030001,4.45090353600006,0],[97.8736903800001,4.45109707600005,0],[97.873720984,4.45120520600005,0],[97.873906402,4.45157882500007,0],[97.8739632140001,4.45185173300007,0],[97.873962755,4.45215327100004,0],[97.873819122,4.45252638600005,0],[97.8736180210001,4.45305736100005,0],[97.8732311310001,4.45345882000004,0],[97.8728586340001,4.45380286500006,0],[97.872643204,4.45434817700004,0],[97.872228421,4.45427574600006,0],[97.8719958190001,4.45434344900002,0],[97.8718849090001,4.45437573200007,0],[97.8715415060001,4.45440392200004,0],[97.8712981620001,4.45448970300004,0],[97.8709690000001,4.45456099200004,0],[97.870707339,4.45461859600005,0],[97.870499528,4.45479098700002,0],[97.870257355,4.45490213800002,0],[97.8698931530001,4.45509183600007,0],[97.8696986630001,4.45520487700003,0],[97.86945846,4.45544236900002,0],[97.8691894680001,4.45531999000002,0],[97.8689571960001,4.45508073700006,0],[97.868534992,4.45478240300002,0],[97.8682602680001,4.45464088400007,0],[97.8681000670001,4.45466585000003,0],[97.8679227220001,4.45473676700004,0],[97.8677966930001,4.45482050400005,0],[97.8677589630001,4.45502988800007,0],[97.867729281,4.45519460900005,0],[97.8677940000001,4.45523200000002,0],[97.8677980000001,4.45523500000007,0],[97.8678200000001,4.45523300000002,0],[97.8678426880001,4.45523038200002,0],[97.867846,4.45523000000003,0],[97.8678474120001,4.45523335300004,0],[97.8678540000001,4.45524900000004,0],[97.867895,4.45526700000005,0],[97.867908087,4.45527260900008,0],[97.8679210000001,4.45527500000003,0],[97.8679230000001,4.45527600000003,0],[97.867949308,4.45529178500004,0],[97.8679410000001,4.45527600000003,0],[97.86794,4.45527300000003,0],[97.8679450000001,4.45527500000003,0],[97.8679930000001,4.45530200000007,0],[97.868049,4.45531100000005,0],[97.8681004060001,4.45533742300006,0],[97.8681560000001,4.45536600000003,0],[97.8681740000001,4.45538700000003,0],[97.868189692,4.45540638500006,0],[97.8681910000001,4.45540800000003,0],[97.8681925240001,4.45541204800003,0],[97.8682180000001,4.45546300000007,0],[97.8682214120001,4.45548878300002,0],[97.8682230000001,4.45549300000005,0],[97.868228,4.45552200000003,0],[97.868232,4.45555300000007,0],[97.8682410000001,4.45561100000003,0],[97.868252,4.45566800000006,0],[97.8682680000001,4.45572300000003,0],[97.8682755,4.45575925000003,0],[97.8682777830001,4.45577028300005,0],[97.8682810000001,4.45579200000003,0],[97.8682842280001,4.45584203500005,0],[97.8682850000001,4.45585400000004,0],[97.8682850000001,4.45588800000007,0],[97.8682920000001,4.45598600000005,0],[97.8683090000001,4.45605700000004,0],[97.868322,4.45609400000006,0],[97.8683700000001,4.45618900000005,0],[97.8683718660001,4.45619239300004,0],[97.8684030000001,4.45624900000007,0],[97.8684190000001,4.45627700000006,0],[97.868429,4.45630500000004,0],[97.8684660000001,4.45637400000004,0],[97.8684860000001,4.45640600000007,0],[97.8684930000001,4.45641700000004,0],[97.86852,4.45646300000004,0],[97.8685340000001,4.45649500000007,0],[97.8685410000001,4.45650700000004,0],[97.868565,4.45655400000004,0],[97.8686040000001,4.45662100000004,0],[97.8686270000001,4.45665900000006,0],[97.868657,4.45670900000005,0],[97.8686645120001,4.45672129300004,0],[97.8686737800001,4.45673645800002,0],[97.8686930000001,4.45676300000002,0],[97.8686980000001,4.45676700000007,0],[97.8687012350001,4.45677832400003,0],[97.8687090000001,4.45678900000007,0],[97.868704,4.45680100000004,0],[97.8687004000001,4.45679860000007,0],[97.8687,4.45679900000005,0],[97.868703193,4.45680937600002,0],[97.8687410000001,4.45685300000002,0],[97.8687560000001,4.45687700000002,0],[97.868796,4.45698400000003,0],[97.8688090000001,4.45705700000002,0],[97.8688190000001,4.45713800000004,0],[97.8688260000001,4.45719200000002,0],[97.868835,4.45728700000006,0],[97.868839,4.45736100000005,0],[97.868841,4.45739800000007,0],[97.8688460000001,4.45746700000007,0],[97.8688710000001,4.45758400000005,0],[97.8689230000001,4.45771900000005,0],[97.868969103,4.45774065400008,0],[97.868974,4.45774800000004,0],[97.869072998,4.45780054500005,0],[97.869104,4.45781700000003,0],[97.8692290000001,4.45790600000004,0],[97.869246,4.45792600000004,0],[97.8693240000001,4.45800300000008,0],[97.8693460000001,4.45802700000007,0],[97.8694760000001,4.45815800000003,0],[97.869539,4.45820600000008,0],[97.869582,4.45825000000002,0],[97.869606,4.45827300000008,0],[97.869628,4.45829200000003,0],[97.8696590000001,4.45831600000002,0],[97.8696760000001,4.45832250000007,0],[97.869684905,4.45832590500004,0],[97.869693,4.45832900000005,0],[97.869715,4.45832900000005,0],[97.869762,4.45831300000003,0],[97.8698100000001,4.45829100000003,0],[97.869897,4.45829400000002,0],[97.8699560000001,4.45830800000005,0],[97.869984,4.45832300000006,0],[97.8700370000001,4.45837500000005,0],[97.870052,4.45841000000007,0],[97.8700580000001,4.45845000000003,0],[97.8700537940001,4.45847657400003,0],[97.8700400000001,4.45858200000004,0],[97.870033085,4.45860966200007,0],[97.8700293480001,4.45862460900003,0],[97.8700250000001,4.45864200000005,0],[97.8699940000001,4.45877200000007,0],[97.870006,4.45889800000003,0],[97.8700690000001,4.45908200000002,0],[97.8700910000001,4.45914100000005,0],[97.8701070000001,4.45919900000007,0],[97.8701170000001,4.45925600000004,0],[97.870122,4.45930600000003,0],[97.8701250000001,4.45935100000003,0],[97.8701282640001,4.45937166900006,0],[97.8701310000001,4.45938900000004,0],[97.8701380000001,4.45942500000007,0],[97.870146,4.45946300000003,0],[97.8701520000001,4.45954400000005,0],[97.87014,4.45962700000007,0],[97.8701375190001,4.45966918300007,0],[97.8701356550001,4.45970086000005,0],[97.8701350000001,4.45971200000002,0],[97.8701290000001,4.45979600000004,0],[97.870124,4.45987800000006,0],[97.870123,4.45992000000007,0],[97.870116684,4.45998157800005,0],[97.870116162,4.45998666900005,0],[97.870106191,4.46003590900006,0],[97.8701090000001,4.46006400000005,0],[97.8701303620001,4.46010519700008,0],[97.8701370000001,4.46011800000002,0],[97.8701580000001,4.46015200000005,0],[97.8701591810001,4.46015351800003,0],[97.8701705440001,4.46016812800002,0],[97.8701709060001,4.46016859300005,0],[97.870163883,4.46019700200003,0],[97.8700064750001,4.46080541900005,0],[97.8697431290001,4.46131523800005,0],[97.8694429080001,4.46168149700003,0],[97.869292799,4.46186821600003,0],[97.869271467,4.46211947700004,0],[97.8693180000001,4.46235238100007,0],[97.8693288310001,4.46240659100005,0],[97.869314698,4.46275117000005,0],[97.8692833220001,4.46284579900004,0],[97.869221855,4.46303118100008,0],[97.8692162660001,4.46325432900005,0],[97.8692148430001,4.46331115000004,0],[97.8692293380001,4.46369160700004,0],[97.8691732500001,4.46393267100007,0],[97.869150829,4.46402904000007,0],[97.8691155820001,4.46413211700008,0],[97.8690434470001,4.46434307300007,0],[97.8689937030001,4.46448854800002,0],[97.868900953,4.46495520200006,0],[97.8688725760001,4.46542182400003,0],[97.8688267810001,4.46569017900003,0],[97.8687982590001,4.46586726500004,0],[97.868772843,4.46591458800003,0],[97.868636285,4.46616884700006,0],[97.8683493610001,4.46637213900004,0],[97.8684236600001,4.46647350600006,0],[97.8685866610001,4.46669589100003,0],[97.8683221510001,4.46696522100007,0],[97.8679252300001,4.46740554800004,0],[97.8680465310001,4.46775142100006,0],[97.868070775,4.46779019000007,0],[97.868419148,4.46808591300004,0],[97.8684333470001,4.46812009300004,0],[97.8686206520001,4.46857096500003,0],[97.8686465420001,4.46863328500007,0],[97.8687190030001,4.46884576500003,0],[97.8688837350001,4.46932880600002,0],[97.8690419160001,4.46978030200006,0],[97.8690557070001,4.46995209800002,0],[97.868819784,4.47017475300004,0],[97.8687888570001,4.47020450100007,0],[97.8686517790001,4.47033635500003,0],[97.8684873450001,4.47048718800005,0],[97.8683372250001,4.47065596000004,0],[97.86804033,4.47096212000002,0],[97.8680299060001,4.47114066900002,0],[97.8681296870001,4.47162218200003,0],[97.8681626920001,4.47206783500008,0],[97.8682827220001,4.47233417300004,0],[97.86818974,4.47251947400002,0],[97.8685743920001,4.47292008400007,0],[97.8690723130001,4.47335952100002,0],[97.8694033180001,4.47375118500003,0],[97.86942702,4.47412647800007,0],[97.869582452,4.47438819300004,0],[97.8696868370001,4.47454068600007,0],[97.8698270400001,4.47481942700006,0],[97.87009292,4.47494608900007,0],[97.870312111,4.47520887300004,0],[97.870469443,4.47525011200003,0],[97.870543829,4.47524816000004,0],[97.8706658880001,4.47522321300005,0],[97.870799376,4.47516763100003,0],[97.870854653,4.47509486000007,0],[97.8709127720001,4.47498475900005,0],[97.871012846,4.47486027900004,0],[97.8711033930001,4.47475494800005,0],[97.8713799290001,4.47469259300004,0],[97.8715277540001,4.47470208900006,0],[97.8717518700001,4.47470197600006,0],[97.871942618,4.47472580700003,0],[97.872152418,4.47470655800004,0],[97.8722954510001,4.47466819900006,0],[97.872495707,4.47463459700003,0],[97.8727388720001,4.47458661600007,0],[97.872879261,4.47457610700008,0],[97.8729038590001,4.47457426600005,0],[97.872996356,4.47456734200006,0],[97.8731727510001,4.47449546700005,0],[97.8733730260001,4.47450015000004,0],[97.8735828360001,4.47450004300003,0],[97.8737497370001,4.47451431500002,0],[97.873978584,4.47444241200003,0],[97.8740617780001,4.47441712300002,0],[97.874183594,4.47438009300004,0],[97.8743981310001,4.47429862600006,0],[97.874631778,4.47428893500006,0],[97.8748654560001,4.47434145800003,0],[97.875056192,4.47434136100003,0],[97.875124934,4.47431953500006,0],[97.875133362,4.47431685900006,0],[97.8752373620001,4.47428383900007,0],[97.8754662530001,4.47429807900005,0],[97.8756808360001,4.47430754000004,0],[97.876067096,4.47434562800004,0],[97.8763181210001,4.47437161900007,0],[97.876504024,4.47439086700007,0],[97.876664969,4.47441232000006,0],[97.876865255,4.47443734200004,0],[97.8770726910001,4.47445877100006,0],[97.8773151720001,4.47447300300007,0],[97.8774045960001,4.47450526000006,0],[97.8775548020001,4.47450877200004,0],[97.8777121410001,4.47447279800002,0],[97.877805116,4.47445480400006,0],[97.8779374210001,4.47441884300002,0],[97.8780482800001,4.47440801700003,0],[97.8782163320001,4.47433973400007,0],[97.8783486330001,4.47429659400007,0],[97.8785203080001,4.47432163100007,0],[97.8786383280001,4.47432515900005,0],[97.8787849380001,4.47428919000004,0],[97.8789243780001,4.47422092100004,0],[97.879038789,4.47415984400004,0],[97.8791389250001,4.47415979300007,0],[97.8792283380001,4.47417051400004,0],[97.879432207,4.47420989100004,0],[97.879614626,4.47426363500006,0],[97.8797648330001,4.47426714700003,0],[97.8799329190001,4.47426705900006,0],[97.8801116970001,4.47419518100003,0],[97.8802797610001,4.47415202200006,0],[97.880444261,4.47413399000004,0],[97.880519371,4.47414830800005,0],[97.8807304060001,4.47421280600003,0],[97.8809592690001,4.47417320400007,0],[97.8812024700001,4.47419820300007,0],[97.8814456640001,4.47420884400003,0],[97.8817353530001,4.47422663900005,0],[97.881985694,4.47422650900006,0],[97.8821966740001,4.47418332700005,0],[97.882500609,4.47408625700007,0],[97.882786712,4.47408610800005,0],[97.8829834410001,4.47414702300006,0],[97.88304322,4.47419720600004,0],[97.8830098780001,4.47426781200005,0],[97.8829622480001,4.47437192700005,0],[97.8829038950001,4.47448681400004,0],[97.8828288600001,4.47461606800005,0],[97.88277407,4.47470582800003,0],[97.8827121200001,4.47478133500005,0],[97.8824961990001,4.47540933400006,0],[97.8823891480001,4.47586881800004,0],[97.882360738,4.47625408300007,0],[97.8824182380001,4.47679244500006,0],[97.8824136630001,4.47716573300005,0],[97.8823518630001,4.47752947900005,0],[97.8822577610001,4.47787307100003,0],[97.8824421640001,4.47779885600005,0],[97.8824911180001,4.47777058100007,0],[97.8828644810001,4.47755493400007,0],[97.8832685980001,4.47732496800006,0],[97.8838035050001,4.47710279100005,0],[97.884108643,4.47702414500003,0],[97.8843279700001,4.47698574400005,0],[97.8846396650001,4.47690817100005,0],[97.8846784880001,4.47706069500003,0],[97.8846934730001,4.47722220500003,0],[97.884682991,4.47748717900004,0],[97.884923514,4.47746819700006,0],[97.88521869,4.47742805400003,0],[97.8854428380001,4.47739757100004,0],[97.885831765,4.47739397700008,0],[97.8859327280001,4.47738308300006,0],[97.8865602450001,4.47746438800004,0],[97.8865689560001,4.47746303300005,0],[97.8870162650001,4.47758288000006,0],[97.887206748,4.47760118800005,0],[97.8873117110001,4.47761127700005,0],[97.887737299,4.47761755900007,0],[97.888223172,4.47766449100004,0],[97.8885010210001,4.47748412700003,0],[97.888690791,4.47736093900005,0],[97.8890394750001,4.47742597400003,0],[97.8898524300001,4.47781559000003,0],[97.8904350660001,4.47816655700007,0],[97.8905061520001,4.47822378500007,0],[97.8905250500001,4.47822316600002,0],[97.8908200560001,4.47825665400006,0],[97.8908146190001,4.47829270300002,0],[97.890969576,4.47869589800007,0],[97.8911002940001,4.47898118900002,0],[97.8911196390001,4.47899728700003,0],[97.8915976070001,4.47939502600002,0],[97.8917217750001,4.47976037700005,0],[97.891727566,4.47991597000004,0],[97.8916572400001,4.48024995000003,0],[97.8916204320001,4.48060551800006,0],[97.8914641380001,4.48096137700003,0],[97.8914024740001,4.48155830100006,0],[97.891385325,4.48161007700003,0],[97.891250153,4.48201818900003,0],[97.8912014960001,4.48212250100005,0],[97.8911118670001,4.48231465100002,0],[97.8911017450001,4.48235001600005,0],[97.890982738,4.48289002000007,0],[97.8908704780001,4.48328827000006,0],[97.8907996020001,4.48346057700007,0],[97.89071855,4.48370127000004,0],[97.8906485640001,4.48401040900006,0],[97.890646889,4.48402696400007,0],[97.8906039620001,4.48445131200003,0],[97.8905933520001,4.48448253000004,0],[97.890471926,4.48497273400005,0],[97.890471457,4.48497462800003,0],[97.8904000320001,4.48526297700005,0],[97.8904586560001,4.48577971200007,0],[97.8904727830001,4.48579776900004,0],[97.8904810480001,4.48580833100004,0],[97.8905223790001,4.48609229900006,0],[97.8906138630001,4.48629922800006,0],[97.890782212,4.48668001400006,0],[97.890794929,4.48670877900003,0],[97.8908041030001,4.48672952900006,0],[97.8909421150001,4.48698535900007,0],[97.8910855650001,4.48761090500005,0],[97.8911610680001,4.48794014900005,0],[97.8911851920001,4.48804282100002,0],[97.8912077470001,4.48813272500007,0],[97.8913346630001,4.48857618000005,0],[97.8915637280001,4.48937655500004,0],[97.891576801,4.48970874900004,0],[97.891567846,4.48980966400006,0],[97.8914536020001,4.49018439900004,0],[97.8914108850001,4.49039828900004,0],[97.891346356,4.49063504600002,0],[97.891294648,4.49081274700006,0],[97.8911621540001,4.49126807700003,0],[97.891099528,4.49144868700006,0],[97.8910416210001,4.49161568700003,0],[97.8910383840001,4.49169530600005,0],[97.890983196,4.49200120800003,0],[97.8909931700001,4.49203545000006,0],[97.891144748,4.49213314200006,0],[97.8913608160001,4.49236886600005,0],[97.8913380010001,4.49269575300002,0],[97.891155499,4.49290041100005,0],[97.8910181320001,4.49315614300002,0],[97.8909578600001,4.49334894800006,0],[97.8909564860001,4.49335334200003,0],[97.890928644,4.49344240500005,0],[97.8908850810001,4.49374977800005,0],[97.890910739,4.49396882200006,0],[97.890875081,4.49424836700007,0],[97.8908809440001,4.49445214100007,0],[97.8907972910001,4.49468966700005,0],[97.8906168270001,4.49490574200007,0],[97.8905536560001,4.49521614700006,0],[97.8905899840001,4.49580023100003,0],[97.8907419970001,4.49630876700007,0],[97.8907935390001,4.49641060200003,0],[97.890896049,4.49645082200004,0],[97.890943877,4.49651110800005,0],[97.8910389530001,4.49671467300004,0],[97.8911519230001,4.49691228300003,0],[97.8912351210001,4.49708591500007,0],[97.891294374,4.49732532300004,0],[97.891389604,4.49742717800007,0],[97.8915621610001,4.49764282700005,0],[97.8918121730001,4.49788850900006,0],[97.891932813,4.49804251800003,0],[97.8920685720001,4.49815041800002,0],[97.8922186600001,4.49824398000004,0],[97.8923687540001,4.49833395300004,0],[97.8924436790001,4.49845970900003,0],[97.8924112270001,4.49863196800004,0],[97.8925325540001,4.49882241100005,0],[97.8928179750001,4.49900885200003,0],[97.892942841,4.49922442800005,0],[97.8929962600001,4.49938006600007,0],[97.8930436810001,4.49955962700005,0],[97.893085113,4.49975712700007,0],[97.8930610230001,4.49991863000002,0],[97.893108381,4.50014007100003,0],[97.8932453780001,4.50021805800003,0],[97.8933520530001,4.50063702700004,0],[97.8933935030001,4.50082256200005,0],[97.893477315,4.50091747800008,0],[97.8934887250001,4.50093040000007,0],[97.8935122820001,4.50112189000004,0],[97.8935358840001,4.50128346600007,0],[97.893726481,4.50139743200003,0],[97.893726282,4.50152905700003,0],[97.893630618,4.50171438300004,0],[97.8936898440001,4.50197174000004,0],[97.8937312500001,4.50218718900004,0],[97.8938740460001,4.50237287800007,0],[97.894004802,4.50263632700006,0],[97.8939747690001,4.50278585500007,0],[97.8940700090001,4.50288172700004,0],[97.8941609610001,4.50295671600003,0],[97.8942681660001,4.50302508400006,0],[97.8943646720001,4.50307189800003,0],[97.894504172,4.50307211000006,0],[97.894629158,4.50320871200006,0],[97.8947863370001,4.50334536200006,0],[97.894853631,4.50348741800002,0],[97.8948612140001,4.50350342600007,0],[97.8950077160001,4.50360416200004,0],[97.8951292940001,4.50362947500003,0],[97.8951219940001,4.50372638800008,0],[97.8950002430001,4.50381594800007,0],[97.894924911,4.50395942400007,0],[97.8948228450001,4.50396669800006,0],[97.8946990490001,4.50430010900004,0],[97.8947345480001,4.50447965200004,0],[97.8948092680001,4.50474181900006,0],[97.89494841,4.50497895500007,0],[97.8950697440001,4.50516580800007,0],[97.8951839310001,4.50534786400004,0],[97.8954278450001,4.50568627100006,0],[97.8955374010001,4.50577737900005,0],[97.895699129,4.50606002000006,0],[97.8958039510001,4.50612718900004,0],[97.8957753450001,4.50622912600005,0],[97.895770386,4.50624679700007,0],[97.8958559800001,4.50641445000002,0],[97.8960369150001,4.50661096600004,0],[97.8961941060001,4.50674043600003,0],[97.89625112,4.50688411400006,0],[97.8964463780001,4.50707107900007,0],[97.8965911170001,4.50725311700006,0],[97.8967094270001,4.50763547200006,0],[97.896945126,4.50788711400003,0],[97.8971737260001,4.50810284800002,0],[97.8973809300001,4.50827547200004,0],[97.8975022760001,4.50845514500003,0],[97.89763084,4.50859175200003,0],[97.8977164490001,4.50874983200003,0],[97.897742162,4.50880963000003,0],[97.897809125,4.50896535900006,0],[97.8979447250001,4.50918095100008,0],[97.898101851,4.50935349900004,0],[97.8982876690001,4.50947583400006,0],[97.898480652,4.50959099900007,0],[97.898716548,4.50971340900003,0],[97.89881754,4.50975359500006,0],[97.8989882340001,4.50982151500006,0],[97.8992528210001,4.50989371200006,0],[97.8994958060001,4.51005921000007,0],[97.8996600870001,4.51023176800004,0],[97.8997099160001,4.51039697400006,0],[97.899902748,4.51061265300007,0],[97.9000527320001,4.51077801000002,0],[97.9002957280001,4.51093632800007,0],[97.9006514170001,4.51091606300002,0],[97.9008823190001,4.51095875500005,0],[97.9011325120001,4.51108836600002,0],[97.901504183,4.51131149500003,0],[97.9015479620001,4.51133190700006,0],[97.9018250390001,4.51146109300004,0],[97.9019081870001,4.51167062300004,0],[97.9021225980001,4.51180855500007,0],[97.9023905750001,4.51200639900003,0],[97.9024890640001,4.51209528400005,0],[97.9025632280001,4.51216221700003,0],[97.9027896270001,4.51225828700007,0],[97.903060053,4.51225390900004,0],[97.9033849960001,4.51278808200004,0],[97.9034326500001,4.51290958500005,0],[97.9035061500001,4.51309698600005,0],[97.903584466,4.51334838900004,0],[97.903654019,4.51364858400007,0],[97.9038612900001,4.51377812900006,0],[97.904089754,4.51408719600005,0],[97.9042318470001,4.51418093200004,0],[97.9042970140001,4.51422392100005,0],[97.9043371860001,4.51429188400004,0],[97.9044754120001,4.51452573200004,0],[97.9047272070001,4.51461372000006,0],[97.9049953030001,4.51483502200006,0],[97.9050844650001,4.51490862100007,0],[97.9054217500001,4.51528366800005,0],[97.9056986850001,4.51559160800002,0],[97.9063767630001,4.51662888200002,0],[97.9066699530001,4.51702315500006,0],[97.9066845610001,4.51704280000007,0],[97.907822819,4.51857349600004,0],[97.9078532790001,4.51862045400003,0],[97.907895818,4.51868603300005,0],[97.9079503730001,4.51877013600006,0],[97.9080059830001,4.51886503400004,0],[97.908128762,4.51907455400004,0],[97.908146909,4.51910552100003,0],[97.9081546770001,4.51911877800006,0],[97.9082126960001,4.51921778700006,0],[97.9085827110001,4.52045730200007,0],[97.9086349040001,4.52063785800004,0],[97.9086534190001,4.52068914900002,0],[97.9086821400001,4.52084576600004,0],[97.9087850230001,4.52089605700007,0],[97.9090547320001,4.52096979600003,0],[97.9093455540001,4.52100311400005,0],[97.9094919720001,4.52101291500003,0],[97.90962699,4.52101469200005,0],[97.9098481970001,4.52107629100004,0],[97.9101513720001,4.52118204800007,0],[97.9105765910001,4.52132245000007,0],[97.9108454330001,4.52142432600004,0],[97.9110246210001,4.52151840900007,0],[97.9112571090001,4.52169106800005,0],[97.911680113,4.52203823900004,0],[97.912019259,4.52232976100004,0],[97.912196426,4.52250042200006,0],[97.9122764140001,4.52259244100003,0],[97.9123238510001,4.52276482300005,0],[97.9122889860001,4.52311704900006,0],[97.912307555,4.52345786700005,0],[97.9123302740001,4.52357468900004,0],[97.9124215430001,4.52377777000004,0],[97.912501369,4.52397891800007,0],[97.9125182280001,4.52418763000003,0],[97.9125312680001,4.52439825100004,0],[97.912628209,4.52463580100004,0],[97.9127119620001,4.52476228800003,0],[97.9128396280001,4.52486586600003,0],[97.9131846440001,4.52505975400004,0],[97.9133675750001,4.52520362100006,0],[97.9134437710001,4.52528031700007,0],[97.913489401,4.52538568600005,0],[97.913513885,4.52559823900003,0],[97.9135229840001,4.52589309400003,0],[97.9135245630001,4.52611327100004,0],[97.913510838,4.52636214200004,0],[97.9135678740001,4.52649433200003,0],[97.913655491,4.52658827700003,0],[97.9138404130001,4.52667662500005,0],[97.9139834040001,4.52673810500005,0],[97.9140939600001,4.52680145200003,0],[97.9141853510001,4.52692412000005,0],[97.9143033300001,4.52712724100007,0],[97.9143889110001,4.52730733700002,0],[97.9145280660001,4.52754294100004,0],[97.914621309,4.52770198900004,0],[97.9147069420001,4.52784762400006,0],[97.9148020710001,4.52802199200005,0],[97.914887664,4.52819443000004,0],[97.914944715,4.52831704700003,0],[97.9150149880001,4.52852775400004,0],[97.915153542,4.52900660100005,0],[97.9153057620001,4.52927678200007,0],[97.9155113740001,4.52956427500004,0],[97.9158483260001,4.53005107800004,0],[97.915959554,4.53022500200007,0],[97.9160510040001,4.53035304100007,0],[97.9161175630001,4.53047168500007,0],[97.9161811010001,4.53056964800004,0],[97.916273431,4.53070260900006,0],[97.916298,4.53073900000004,0],[97.916407,4.53091900000004,0],[97.916524,4.53111900000005,0],[97.91666,4.53126000000003,0],[97.916793484,4.53139758800006,0],[97.9168690530001,4.53142488900005,0],[97.9173082,4.53161099900007,0],[97.9176442290001,4.53175748700005,0],[97.9180946120001,4.53198072900005,0],[97.9184401090001,4.53217509600006,0],[97.918714175,4.53229516600004,0],[97.9190335120001,4.53244162900006,0],[97.9190916950001,4.53246432400005,0],[97.9196555680001,4.53268427300003,0],[97.919962953,4.53284986300002,0],[97.9202916230001,4.53313514600006,0],[97.9207988370001,4.53363129600007,0],[97.9210765820001,4.53384422800002,0],[97.9212062230001,4.53390377300002,0],[97.9213530690001,4.53394036900005,0],[97.9215380910001,4.53396362000007,0],[97.921889073,4.53399860600007,0],[97.9223315870001,4.53406244700005,0],[97.922921079,4.53415378900007,0],[97.92342175,4.53423829800005,0],[97.9243357330001,4.53446067300007,0],[97.9245703010001,4.53452228800006,0],[97.9249345050001,4.53464727700003,0],[97.925331111,4.53479337400006,0],[97.9260498890001,4.53510651800002,0],[97.926709551,4.53540234100007,0],[97.9270165120001,4.53553490300004,0],[97.92718052,4.53557726700006,0],[97.9273236020001,4.53557939400002,0],[97.927596414,4.53558171400005,0],[97.9280866450001,4.53563222100007,0],[97.928754236,4.53572702500003,0],[97.9290155570001,4.53575996100005,0],[97.9292731130001,4.53575842800007,0],[97.9296966780001,4.53573608200003,0],[97.930440779,4.53569697900002,0],[97.9307880210001,4.53568217600002,0],[97.9310169940001,4.53565762600005,0],[97.9313566330001,4.53562366700004,0],[97.9317115060001,4.53560887500004,0],[97.9319461520001,4.53561879600005,0],[97.932241478,4.53565050200007,0],[97.9322530000001,4.53548200000006,0],[97.9331090000001,4.53532000000007,0],[97.9332000000001,4.53537700000004,0],[97.9335710010001,4.53529134700005,0],[97.9341829670001,4.53515096600006,0],[97.9342151060001,4.53514434200002,0],[97.9345618570001,4.53507288000003,0],[97.9348902,4.53499892900004,0],[97.9351049150001,4.53493941600004,0],[97.93653613,4.53457023500005,0],[97.9365726390001,4.53456686500004,0],[97.9365822020001,4.53455835100004,0],[97.9365289840001,4.53438079500006,0],[97.9365249190001,4.53436707000003,0],[97.9364958100001,4.53426877700002,0],[97.9362455990001,4.53342390000006,0],[97.9361068030001,4.53296384000004,0],[97.9357112630001,4.53151815500007,0],[97.9354727210001,4.53068120200004,0],[97.935425067,4.53049027300005,0],[97.935819725,4.53038588100003,0],[97.9359328800001,4.53032874600007,0],[97.9361247050001,4.53026584800006,0],[97.9361750290001,4.53025416900005,0],[97.936395227,4.53020306500002,0],[97.9365188100001,4.53016639100002,0],[97.936597082,4.53013013000003,0],[97.9374074740001,4.52992837700003,0],[97.937502921,4.52988902900006,0],[97.937584051,4.52985564400007,0],[97.9379072940001,4.52977953600004,0],[97.938011046,4.52976891900005,0],[97.9383366970001,4.52967725800005,0],[97.9389412200001,4.52951761700007,0],[97.9392205300001,4.52948111600006,0],[97.939491258,4.52943963200005,0],[97.9395724560001,4.52935957800003,0],[97.9398215180001,4.52880328100002,0],[97.939903287,4.52865837200005,0],[97.9402812650001,4.52873619300004,0],[97.9404117350001,4.52877659500007,0],[97.9406941870001,4.52882120800007,0],[97.9408110830001,4.52879146400005,0],[97.9410340700001,4.52878221800006,0],[97.9413535890001,4.52880661800003,0],[97.9416874,4.52884300500006,0],[97.9417804330001,4.52884428100003,0],[97.9418209720001,4.52882525200005,0],[97.94190968,4.52874212100005,0],[97.9421054790001,4.52857009600007,0],[97.942227131,4.52854873500007,0],[97.9423463680001,4.52854891000004,0],[97.942859017,4.52859752400002,0],[97.9430736190001,4.52861459000007,0],[97.943276283,4.52864121200003,0],[97.9434884240001,4.52871092500004,0],[97.9436242850001,4.52875898800005,0],[97.9437434490001,4.52880942000007,0],[97.9438673750001,4.52886464500006,0],[97.9440174960001,4.52894623300006,0],[97.944184072,4.52906170400007,0],[97.9442700910001,4.52907583600006,0],[97.9443488360001,4.52904244600006,0],[97.944477712,4.52897323100007,0],[97.9445897950001,4.52897339500004,0],[97.9446930880001,4.52900518500007,0],[97.9447165990001,4.52901242100006,0],[97.9447304320001,4.52901667800006,0],[97.9447922860001,4.52911967600005,0],[97.944761923,4.52935409700007,0],[97.9447551250001,4.52940852000006,0],[97.944740268,4.52952744700002,0],[97.944736806,4.52955516100008,0],[97.9447197100001,4.52983275000003,0],[97.9447246300001,4.52988053700005,0],[97.9447445380001,4.53007392100005,0],[97.9447458920001,4.53008706800006,0],[97.9447498910001,4.53010123700005,0],[97.944811455,4.53031936600007,0],[97.944847269,4.53039845400002,0],[97.9448862260001,4.53046247500004,0],[97.9448979220001,4.53048308500007,0],[97.9449247900001,4.53053043000006,0],[97.944950836,4.53056075700005,0],[97.944982661,4.53059781500002,0],[97.94502772,4.53065028100002,0],[97.9450691110001,4.53069847600005,0],[97.9450888250001,4.53072143100007,0],[97.945208452,4.53080730300007,0],[97.9452499610001,4.53083546500005,0],[97.9452908850001,4.53086322900003,0],[97.945351907,4.53089741100007,0],[97.9454429240001,4.53092887700006,0],[97.9455284950001,4.53094921400003,0],[97.945552429,4.53095490300007,0],[97.9456555260001,4.53095505300007,0],[97.945683231,4.53095509300005,0],[97.945967388,4.53091576300005,0],[97.9460922370001,4.53089063900006,0],[97.9462955480001,4.53083635600007,0],[97.94655758,4.53075379000006,0],[97.9468932410001,4.53065650200006,0],[97.9470998030001,4.53063502300006,0],[97.9471550330001,4.53062928000003,0],[97.9471598840001,4.53062877600007,0],[97.9472090680001,4.53063418400006,0],[97.9472185330001,4.53063522500003,0],[97.94726689,4.53064054300006,0],[97.9473151480001,4.53065052200003,0],[97.9473442,4.53065653000004,0],[97.947395025,4.53066704000003,0],[97.9474574990001,4.53068250500007,0],[97.9475039180001,4.53069452200003,0],[97.9475291080001,4.53070104300002,0],[97.9475342120001,4.53070236400004,0],[97.9475370090001,4.53070365500002,0],[97.9475705630001,4.53071914800006,0],[97.947628029,4.53074763500007,0],[97.9477177150001,4.53079962900006,0],[97.9478012230001,4.53083803500004,0],[97.9478387240001,4.53085528100007,0],[97.9478658200001,4.53086774300004,0],[97.947882398,4.53087093700003,0],[97.9479693160001,4.53088768300006,0],[97.948055061,4.53090162300003,0],[97.948122282,4.53091136000006,0],[97.948181483,4.53091993500004,0],[97.948247307,4.53092650800005,0],[97.9482993550001,4.53093170500006,0],[97.9483338940001,4.53093515400008,0],[97.948345772,4.53093634000004,0],[97.9483869900001,4.53094337900006,0],[97.948421948,4.53094934900002,0],[97.9484654170001,4.53095677200002,0],[97.948532383,4.53096820800005,0],[97.948588779,4.53097783900006,0],[97.948613117,4.53098199500005,0],[97.9486769700001,4.53098564800007,0],[97.9487290930001,4.53098863000002,0],[97.9487731020001,4.53099073900006,0],[97.9488308830001,4.53099350800005,0],[97.9488926160001,4.53099646600003,0],[97.9489559890001,4.53099950300003,0],[97.9490159970001,4.53100237800004,0],[97.94906482,4.53100471800008,0],[97.94908637,4.53100555000003,0],[97.9491009130001,4.53100611100007,0],[97.9491280680001,4.53100702900002,0],[97.9491587850001,4.53100806800006,0],[97.9491768970001,4.53100868100006,0],[97.9491846120001,4.53100772500005,0],[97.9491905140001,4.53100801900007,0],[97.9492046020001,4.53100872100003,0],[97.9493984440001,4.53098625900003,0],[97.949506904,4.53097369100004,0],[97.9497667110001,4.53094358500005,0],[97.9497667370001,4.53094358200002,0],[97.9499296550001,4.53092470400003,0],[97.950003747,4.53091611800005,0],[97.950096628,4.53091528700003,0],[97.9501937530001,4.53091441800007,0],[97.9506001720001,4.53091078200003,0],[97.9506834640001,4.53092042800006,0],[97.9507249050001,4.53092522600002,0],[97.9507929860001,4.53093311000003,0],[97.9508523430001,4.53093998400004,0],[97.950894926,4.53095033700004,0],[97.950934562,4.53095997400004,0],[97.951026261,4.53098226900005,0],[97.9510867700001,4.53100666000006,0],[97.9511373590001,4.53102705300006,0],[97.9511872580001,4.53104716800004,0],[97.9512419970001,4.53106988000008,0],[97.9512784950001,4.53110262100006,0],[97.9513371720001,4.53115525900006,0],[97.9513900090001,4.53120265900003,0],[97.951408798,4.53123454400003,0],[97.9514480620001,4.53130117900002,0],[97.951481921,4.53135864000006,0],[97.9514998400001,4.53138905000003,0],[97.951522008,4.53147858800003,0],[97.951552109,4.53160016500004,0],[97.9515677950001,4.53166352100004,0],[97.9515808290001,4.53171616600002,0],[97.9515820920001,4.53174633600003,0],[97.9515839590001,4.53179091800007,0],[97.951587111,4.53186616500005,0],[97.9515894420001,4.53192183700003,0],[97.9515906730001,4.53195121100003,0],[97.9515801750001,4.53202420100007,0],[97.9515798960001,4.53202614100007,0],[97.951572023,4.53208088400004,0],[97.9515665550001,4.53211889900007,0],[97.951559816,4.53216575900007,0],[97.951548856,4.53219041000006,0],[97.9515226650001,4.53224932000006,0],[97.9514854760001,4.53233296500002,0],[97.951437228,4.53244148700003,0],[97.951400725,4.53250993300003,0],[97.951355972,4.53259385100006,0],[97.9513553190001,4.53259507600006,0],[97.95132735,4.53264752000007,0],[97.9512926080001,4.53271266600007,0],[97.9512738650001,4.53274781100004,0],[97.9512449320001,4.53279262600006,0],[97.9512073600001,4.53285082400004,0],[97.951169926,4.53290880800006,0],[97.9511367690001,4.53296016700006,0],[97.9511057500001,4.53300821400006,0],[97.9510707760001,4.53306238700003,0],[97.9510405390001,4.53310922300005,0],[97.9510277540001,4.53312902600004,0],[97.951001541,4.53316962900004,0],[97.9509848020001,4.53319555800005,0],[97.950957498,4.53323785000003,0],[97.9509330280001,4.53330219300005,0],[97.950894416,4.53340372000002,0],[97.9508619420001,4.53348911000006,0],[97.9508254410001,4.53358508900004,0],[97.950802744,4.53364476800004,0],[97.9507843800001,4.53369305400003,0],[97.9507632930001,4.53374850300003,0],[97.9507511900001,4.53379798700007,0],[97.950735932,4.53386037600006,0],[97.9507130440001,4.53395396000008,0],[97.950699205,4.53401054600005,0],[97.950681053,4.53408476600003,0],[97.9506697250001,4.53413108300003,0],[97.9506608630001,4.53416732100004,0],[97.9506590340001,4.53424320500005,0],[97.950657984,4.53428683000004,0],[97.9506558250001,4.53437644900004,0],[97.9506533140001,4.53448066400006,0],[97.9506519070001,4.53453905100002,0],[97.9506500310001,4.53461692900004,0],[97.9506531950001,4.53468457800005,0],[97.9506577270001,4.53478147300007,0],[97.9506618060001,4.53486869000005,0],[97.9506647540001,4.53493171300005,0],[97.9506664400001,4.53496777000004,0],[97.950670083,4.53504566100003,0],[97.9506724810001,4.53509693800004,0],[97.9506744050001,4.53513806800004,0],[97.9506765710001,4.53518438900005,0],[97.950678042,4.53521584200007,0],[97.9506796650001,4.53525053200002,0],[97.9507026740001,4.53531140900003,0],[97.9507265450001,4.53537456900006,0],[97.9507608160001,4.53546524300003,0],[97.950782469,4.53550426100003,0],[97.950825847,4.53558242400004,0],[97.9508720910001,4.53566575500003,0],[97.950915378,4.53574375500006,0],[97.950953784,4.53581295900005,0],[97.9510013130001,4.53587674800002,0],[97.9510537240001,4.53594708900005,0],[97.9510855300001,4.53598977600006,0],[97.951134632,4.53605567700004,0],[97.9511976940001,4.53614031200004,0],[97.951242644,4.53616577200006,0],[97.9513285410001,4.53621442500003,0],[97.95133601,4.53621865500003,0],[97.9513710310001,4.53623849200005,0],[97.9514479100001,4.53628203600005,0],[97.951523272,4.53632472200007,0],[97.951643043,4.53637128300005,0],[97.9517666570001,4.53641933800003,0],[97.9519351180001,4.53648482800003,0],[97.9520860810001,4.53654351400007,0],[97.9521462660001,4.53656691100002,0],[97.9522356570001,4.53660166200007,0],[97.952337404,4.53663009700006,0],[97.9524021970001,4.53664820500006,0],[97.9525083610001,4.53667787400002,0],[97.9525092820001,4.53667813100003,0],[97.9526512470001,4.53671780600007,0],[97.9527271760001,4.53673902600002,0],[97.9528009430001,4.53675964100006,0],[97.9528423130001,4.53677120300006,0],[97.9528972620001,4.53678655900006,0],[97.952959342,4.53679474200004,0],[97.9530631810001,4.53680842800003,0],[97.9531725320001,4.53682284100006,0],[97.9533214190001,4.53684246500006,0],[97.9533502140001,4.53684626000006,0],[97.9534708410001,4.53686216000006,0],[97.953587762,4.53687757100005,0],[97.953681176,4.53688988300007,0],[97.953733049,4.53689204100004,0],[97.953832375,4.53689617200007,0],[97.953951772,4.53690113800008,0],[97.9541133700001,4.53690786000004,0],[97.9541902780001,4.53691105800004,0],[97.9542025060001,4.53691045500005,0],[97.954381239,4.53690163300007,0],[97.954584524,4.53689159800007,0],[97.9547580720001,4.53688303200005,0],[97.954849606,4.53687851400002,0],[97.9548866250001,4.53687668700007,0],[97.9549589700001,4.53687311600004,0],[97.954994764,4.53687134900002,0],[97.955149679,4.53684503700003,0],[97.9552995270001,4.53681958600004,0],[97.9553140370001,4.53681712100007,0],[97.9554400600001,4.53680046200003,0],[97.9557145400001,4.53669169000005,0],[97.9558882060001,4.53662286900004,0],[97.956316541,4.53642632600003,0],[97.9565506700001,4.53631157000007,0],[97.95675177,4.53613549600004,0],[97.957035438,4.53588713000005,0],[97.9572445920001,4.53569753000005,0],[97.957369783,4.53558404300003,0],[97.9576110260001,4.53536276000006,0],[97.9577976530001,4.53510135100004,0],[97.9578661040001,4.53500547300007,0],[97.95806889,4.53466220600006,0],[97.9583424410001,4.53421327800004,0],[97.9586380800001,4.53377346200006,0],[97.958779119,4.53357346900003,0],[97.9590588830001,4.53322596700002,0],[97.9592988700001,4.53292974200002,0],[97.959495857,4.53268864100005,0],[97.9597206780001,4.53247261000007,0],[97.9601738540001,4.53210401800004,0],[97.9603709890001,4.53194329000007,0],[97.9605119190001,4.53182838700008,0],[97.960794472,4.53159801700002,0],[97.9616546560001,4.53087547300004,0],[97.9619404000001,4.53070736700005,0],[97.961960344,4.53070176500006,0],[97.9636251970001,4.53007654800007,0],[97.9651869240001,4.53028221100004,0],[97.9666646760001,4.53084673600006,0],[97.967101041,4.53109965000004,0],[97.9672850050001,4.53120627400006,0],[97.9677661640001,4.53148515100003,0],[97.9682920850001,4.53182550200006,0],[97.9688324190001,4.53253706500004,0],[97.969891578,4.53399605800007,0],[97.9705194310001,4.53521750500005,0],[97.9710904570001,4.53615168300007,0],[97.9721766390001,4.53705787500007,0],[97.973277436,4.53774869500006,0],[97.9745388640001,4.53868581900002,0],[97.9747474740001,4.53884079700003,0],[97.9750784540001,4.53908668400004,0],[97.977265796,4.54043957800008,0],[97.9791807140001,4.54219414700003,0],[97.9800091540001,4.54366986400004,0],[97.980321872,4.54472302900007,0],[97.9803976110001,4.54504330400005,0],[97.980549463,4.54568543600004,0],[97.980490316,4.54608950100004,0],[97.9804338810001,4.54647504300004,0],[97.9802407490001,4.54678834400005,0],[97.9799032380001,4.54733586000003,0],[97.9794728580001,4.54812502100003,0],[97.9782567810001,4.55001161500007,0],[97.978054672,4.55032516200004,0],[97.9770831330001,4.55183238500007,0],[97.9761386280001,4.55329766800003,0],[97.9757325940001,4.55411812400007,0],[97.9751222030001,4.55535151000004,0],[97.9746742410001,4.55655587700005,0],[97.9746698910001,4.55658890800004,0],[97.9748358910001,4.55667624000006,0],[97.9756310650001,4.55709458100006,0],[97.9759732630001,4.55727461100003,0],[97.9761264840001,4.55735522100002,0],[97.976177991,4.55738231900006,0],[97.97618343,4.55739877100007,0],[97.9761905270001,4.55740261600005,0],[97.9762030850001,4.55740154000006,0],[97.9762129270001,4.55739552900008,0],[97.9762224900001,4.55738359100008,0],[97.9762429900001,4.55735853800007,0],[97.9762835000001,4.55730903000006,0],[97.976323451,4.55725592800007,0],[97.976396218,4.55716066700006,0],[97.9765176750001,4.55701560000006,0],[97.9766035710001,4.55690939400006,0],[97.9766588290001,4.55683657700007,0],[97.976743647,4.55672214800006,0],[97.9768136490001,4.55662113200003,0],[97.9768454300001,4.55658089700006,0],[97.976883173,4.55654039100006,0],[97.9769150420001,4.55650462500006,0],[97.977006793,4.55640165500006,0],[97.9770407240001,4.55636029700003,0],[97.977072461,4.55631594800008,0],[97.9771129750001,4.55624749700007,0],[97.9771414590001,4.55618943900004,0],[97.9772325600001,4.55601967600006,0],[97.977254798,4.55598407300005,0],[97.9773100720001,4.55590523100005,0],[97.9773839540001,4.55579900900005,0],[97.977465963,4.55567839100007,0],[97.9775081720001,4.55562544300005,0],[97.9775836640001,4.55554060600002,0],[97.9776493100001,4.55546396800003,0],[97.9777220460001,4.55536739700005,0],[97.9777664220001,4.55529970900005,0],[97.9778052870001,4.55523673700003,0],[97.977868249,4.55512666300007,0],[97.9779229330001,4.55502860100006,0],[97.9779706310001,4.55495032600004,0],[97.978024808,4.55487038800004,0],[97.9781337210001,4.55470941000004,0],[97.9782212920001,4.55457909200004,0],[97.9783243530001,4.55442035900006,0],[97.9784002530001,4.55431353200004,0],[97.9785255790001,4.55412460100007,0],[97.978596199,4.55401401200004,0],[97.9786772130001,4.55388587400006,0],[97.9787530010001,4.55376391200002,0],[97.978791615,4.55370572700002,0],[97.9788430470001,4.55363564500004,0],[97.9788731310001,4.55360609100006,0],[97.9789261700001,4.55355903100002,0],[97.978965003,4.55352510300003,0],[97.9789890660001,4.55350211700005,0],[97.9790147720001,4.55347036800003,0],[97.979034486,4.55343805900003,0],[97.9790536450001,4.55340246600002,0],[97.97907503,4.55334768200004,0],[97.9790942160001,4.55329290300006,0],[97.979117214,4.55325128200008,0],[97.9791363780001,4.55321843000007,0],[97.9791531480001,4.55319318900007,0],[97.979199318,4.55312369700005,0],[97.9792513090001,4.55304704000002,0],[97.9792846920001,4.55299831500002,0],[97.9793070310001,4.55296651800006,0],[97.9793596540001,4.55289866900006,0],[97.9794313290001,4.55280998200004,0],[97.9794988470001,4.55272513500006,0],[97.9795418560001,4.55266708700003,0],[97.9795949370001,4.55259044000007,0],[97.979689615,4.55245026400007,0],[97.979741059,4.55237744000004,0],[97.9798027640001,4.55227962300006,0],[97.9798680390001,4.55218086700006,0],[97.9799145680001,4.55211022600002,0],[97.9799485140001,4.55205217600007,0],[97.9799890230001,4.55197988900005,0],[97.9800525310001,4.55186620900002,0],[97.980100167,4.55178986900006,0],[97.9801483260001,4.55171978100003,0],[97.9802605100001,4.55155880700005,0],[97.9803398640001,4.55144437000007,0],[97.980361213,4.55140932200004,0],[97.9803803890001,4.55136769600006,0],[97.980397919,4.55132991100004,0],[97.9804230990001,4.55128829300003,0],[97.980435679,4.55127131500006,0],[97.9804564730001,4.55124558300002,0],[97.9805040580001,4.55119249100005,0],[97.9805481260001,4.55113749700007,0],[97.9805833830001,4.55109888500004,0],[97.9806353480001,4.55104634200006,0],[97.980664339,4.55101185700005,0],[97.980676933,4.55099104400006,0],[97.9806857010001,4.55096694100007,0],[97.9806868310001,4.55093953600004,0],[97.9806868850001,4.55090117400005,0],[97.9806886040001,4.55084472500005,0],[97.9806899470001,4.55078397100004,0],[97.9806990980001,4.55076033800003,0],[97.980711145,4.55073733500006,0],[97.980733033,4.55070995800003,0],[97.9807685660001,4.55068261100007,0],[97.9808013630001,4.55066621300006,0],[97.9808767580001,4.55062700500002,0],[97.9809074060001,4.55060278300004,0],[97.9809506070001,4.55056557800003,0],[97.980993256,4.55052891400004,0],[97.9810572470001,4.55046214200007,0],[97.9811285230001,4.55038191300002,0],[97.9812071170001,4.55030122100004,0],[97.9813077520001,4.55019942200005,0],[97.981451813,4.55005049300007,0],[97.9815205290001,4.54997282200003,0],[97.9816484900001,4.54983123200003,0],[97.981716352,4.54975879700004,0],[97.981789092,4.54968107400003,0],[97.9818743010001,4.54958902800007,0],[97.9819127150001,4.54954478200005,0],[97.9819603190001,4.54948456200003,0],[97.982035813,4.54939039900006,0],[97.982117707,4.54928578200003,0],[97.9821474220001,4.54925353800007,0],[97.9821867970001,4.54921851600005,0],[97.9822726350001,4.54915341100002,0],[97.982424429,4.54904156700007,0],[97.9824678260001,4.54899694100004,0],[97.9825011990001,4.54895533400003,0],[97.9825367810001,4.54889948500005,0],[97.9825948160001,4.54879323900008,0],[97.9826343140001,4.54872375800005,0],[97.982656132,4.54869247900007,0],[97.9826840280001,4.54866127600008,0],[97.9827234000001,4.54862845200006,0],[97.982793922,4.54857647800003,0],[97.9829321350001,4.54846970700004,0],[97.9830158990001,4.54840305800008,0],[97.9830738580001,4.54835654700003,0],[97.9831361990001,4.54830292400004,0],[97.9831826770001,4.54826079300005,0],[97.9832231550001,4.54821755100005,0],[97.9832771220001,4.54815298400007,0],[97.9833063300001,4.54810311800003,0],[97.9833287770001,4.54806204800008,0],[97.983361652,4.54798975000006,0],[97.983429254,4.54783051500004,0],[97.983455328,4.54778489700004,0],[97.9834881610001,4.54773616200004,0],[97.983520979,4.54770388000003,0],[97.9835969920001,4.54763218500005,0],[97.9836814970001,4.54754806900007,0],[97.9837069280001,4.54751779100008,0],[97.9837348300001,4.54748165800004,0],[97.9837709600001,4.54742087000005,0],[97.983802751,4.54734364000007,0],[97.9839059650001,4.54705572300003,0],[97.98394253,4.54697882200003,0],[97.9840038730001,4.54685284400006,0],[97.9840914820001,4.54666962300007,0],[97.9841260050001,4.54660912700007,0],[97.984171442,4.54653190800002,0],[97.9841960790001,4.54649084100004,0],[97.9842032060001,4.54647386400006,0],[97.9842108030001,4.54643157300006,0],[97.9842153850001,4.54635659000007,0],[97.984217755,4.54622176400005,0],[97.984213793,4.54604025800006,0],[97.9842066180001,4.54598717600004,0],[97.984197421,4.54592522900003,0],[97.9841849350001,4.54586876000008,0],[97.984170261,4.54581776900005,0],[97.9841539390001,4.54577116200005,0],[97.984127259,4.54571356900004,0],[97.984071197,4.54562396300003,0],[97.984059163,4.54559015800004,0],[97.984048842,4.54555232500007,0],[97.9840423650001,4.54549806200004,0],[97.9840353920001,4.54540542800004,0],[97.984033078,4.54517993700006,0],[97.984039136,4.54507494400002,0],[97.9840579770001,4.54487985400004,0],[97.9840652060001,4.54478340500003,0],[97.9840669040001,4.54474229600004,0],[97.984064205,4.54471927200007,0],[97.984046182,4.54461491200004,0],[97.9840278560001,4.54454986500002,0],[97.9840137020001,4.54451313000004,0],[97.983991373,4.54447035000004,0],[97.983963036,4.54442427000004,0],[97.9838941580001,4.54432065200007,0],[97.983886748,4.54430029500003,0],[97.9838813220001,4.54427452600004,0],[97.9838786710001,4.54421752800005,0],[97.983882027,4.54416382200003,0],[97.9838935920001,4.54387521400002,0],[97.9838935930001,4.54382352800008,0],[97.9838935970001,4.54370235400006,0],[97.9838954420001,4.54355657300005,0],[97.983906275,4.54341702300007,0],[97.983911527,4.54337901800005,0],[97.9839312820001,4.54330998500006,0],[97.9839967490001,4.54312373800008,0],[97.984015716,4.54307498000003,0],[97.98405023,4.54299665100007,0],[97.9841099340001,4.54287506600002,0],[97.984184263,4.54271263900006,0],[97.984223322,4.54263791200003,0],[97.9842671040001,4.54257110200007,0],[97.9843289410001,4.54248350400007,0],[97.984366477,4.54242973700002,0],[97.98440041,4.54237990900003,0],[97.984418502,4.54234165800005,0],[97.9844546590001,4.54225282600004,0],[97.9844924600001,4.54217066600006,0],[97.9845083580001,4.54212630300003,0],[97.984513307,4.54210054900005,0],[97.9845171730001,4.54206876000006,0],[97.984513409,4.54202710100003,0],[97.9845052730001,4.54198653900005,0],[97.984475854,4.54190358300002,0],[97.9844716010001,4.54185604900005,0],[97.9844727330001,4.54182645400005,0],[97.984478767,4.54180398500006,0],[97.9844886180001,4.54179194200003,0],[97.9845039210001,4.54178648200002,0],[97.9845301390001,4.54178158900004,0],[97.984568385,4.54176739700006,0],[97.9845951650001,4.54175373100003,0],[97.9846164890001,4.54173567000004,0],[97.984648221,4.54170063700008,0],[97.984665738,4.54167216900004,0],[97.984700779,4.54160973300003,0],[97.9847336320001,4.54154620900005,0],[97.984753901,4.54150238500006,0],[97.9847809450001,4.54141788000004,0],[97.9848158620001,4.54132654100005,0],[97.984854774,4.54122958400006,0],[97.9848851360001,4.54115710600007,0],[97.9849144880001,4.54110032900007,0],[97.984951692,4.54105160000006,0],[97.985012414,4.54098153000007,0],[97.985093351,4.54090052500004,0],[97.9852106020001,4.54077716200004,0],[97.9852465020001,4.54073686700002,0],[97.985277147,4.54069197300004,0],[97.985303967,4.54064980500004,0],[97.9853220510001,4.54060872800005,0],[97.9853363030001,4.54056874100007,0],[97.9853461960001,4.54052654900005,0],[97.9853588710001,4.54044107100003,0],[97.9853622670001,4.54034794800003,0],[97.985373946,4.54020541600005,0],[97.9853966950001,4.53995443100007,0],[97.9854161200001,4.53972809800007,0],[97.98542925,4.53956193600004,0],[97.9854048000001,4.53947147200006,0],[97.985376247,4.53941079600003,0],[97.9853334160001,4.53933941200006,0],[97.9852905860001,4.53927516600004,0],[97.985226341,4.53921449000006,0],[97.9851585260001,4.53916809100002,0],[97.9850692960001,4.53912169100005,0],[97.985019327,4.53908599900006,0],[97.984987205,4.53906458400007,0],[97.98496579,4.53904673800002,0],[97.984872991,4.53893966200008,0],[97.984862283,4.53880046400008,0],[97.984869421,4.53866840400002,0],[97.9849354010001,4.53851759200006,0],[97.9849343370001,4.53850694300007,0],[97.9849256410001,4.53847953200005,0],[97.9849049140001,4.53845757700003,0],[97.9848792750001,4.53844164800006,0],[97.984856349,4.53843229900002,0],[97.9847777430001,4.53839985200005,0],[97.984738463,4.53837349300005,0],[97.984670539,4.53832974800002,0],[97.984646259,4.53830649100007,0],[97.9846168170001,4.53827137100006,0],[97.984550298,4.53819345200003,0],[97.98448541,4.53811662900006,0],[97.9844409870001,4.53807056600004,0],[97.9844134300001,4.53803870200005,0],[97.984391063,4.53802223500003,0],[97.984361586,4.53801177300005,0],[97.9843320960001,4.53801063700007,0],[97.984282949,4.53800180300004,0],[97.9842152530001,4.53798635800007,0],[97.9841497340001,4.53797366500004,0],[97.9840678340001,4.53795710600002,0],[97.9840383550001,4.53794829000003,0],[97.984019253,4.53793730000007,0],[97.9840072590001,4.53792194200003,0],[97.98399964,4.53790439300008,0],[97.9839990360001,4.53790076700005,0],[97.9838573530001,4.53789064700004,0],[97.9834100150001,4.53766221800004,0],[97.9829721940001,4.53741475400005,0],[97.9825153370001,4.53685320200003,0],[97.9822678730001,4.53647248800007,0],[97.9820870340001,4.53614888100003,0],[97.981915713,4.53586334600004,0],[97.9818586060001,4.53570154200003,0],[97.9823589200001,4.53547484200004,0],[97.982513468,4.53540481400006,0],[97.983269953,4.53506204000007,0],[97.9837875790001,4.53482749600005,0],[97.983817274,4.53481404100006,0],[97.983901281,4.53477597600005,0],[97.984002929,4.53478540800006,0],[97.9840770790001,4.53476999100008,0],[97.9841959570001,4.53469345600007,0],[97.9842985550001,4.53458186100005,0],[97.984404791,4.53448097200004,0],[97.9844968680001,4.53439448800003,0],[97.9846812440001,4.53425371200007,0],[97.9848194340001,4.53413471700003,0],[97.9849757150001,4.53405494300006,0],[97.985125162,4.53401813900007,0],[97.985201282,4.53403013200005,0],[97.9852905700001,4.53405634100005,0],[97.9853740400001,4.53410047500006,0],[97.9854424950001,4.53412086600002,0],[97.9855375590001,4.53412318900007,0],[97.9855997670001,4.53409891300004,0],[97.9857153760001,4.53406532400004,0],[97.985792373,4.53403200300005,0],[97.9858393270001,4.53400464400005,0],[97.985906916,4.53392986300003,0],[97.9860099270001,4.53379203500003,0],[97.9860568140001,4.53369930600007,0],[97.9861184280001,4.53358859100007,0],[97.9861300220001,4.53354678000005,0],[97.9861298170001,4.53351697400007,0],[97.9861206200001,4.53347530700006,0],[97.9861203950001,4.53344252000005,0],[97.9861259460001,4.53338584700003,0],[97.986199522,4.53328697200004,0],[97.9863145770001,4.53317290700005,0],[97.9864593130001,4.53305565500006,0],[97.98652402,4.53296280300003,0],[97.9866920040001,4.53277087100003,0],[97.9867980880001,4.53264792600004,0],[97.9869160310001,4.53252191700005,0],[97.9870577760001,4.53240170500004,0],[97.987214453,4.53229331300003,0],[97.987276476,4.53224221100004,0],[97.9873683850001,4.53221772900002,0],[97.9874516290001,4.53222907600002,0],[97.9875200230001,4.53224052600007,0],[97.9876327220001,4.53221590000004,0],[97.9877334390001,4.53217645300003,0],[97.987789461,4.53211645000005,0],[97.9878039420001,4.53206269600003,0],[97.9877914680001,4.53197634000003,0],[97.9878058680001,4.53191066300008,0],[97.9878290140001,4.53182108000004,0],[97.9878725410001,4.53167174100003,0],[97.9879548230001,4.53154299800002,0],[97.9880903200001,4.53137811900007,0],[97.988229033,4.53124898600004,0],[97.9883054760001,4.53113518800006,0],[97.9883638540001,4.53098574600006,0],[97.9883755210001,4.53088263000006,0],[97.9883556610001,4.53075876800006,0],[97.9883738500001,4.53063941100004,0],[97.9883685410001,4.53055837100004,0],[97.9883681800001,4.53050591200002,0],[97.98838234,4.53042259200004,0],[97.9884068710001,4.53036161400007,0],[97.988445142,4.53022542700006,0],[97.9884693290001,4.53011437500004,0],[97.9884830940001,4.53004274100005,0],[97.988482602,4.52997120700007,0],[97.9884961710001,4.52987095900005,0],[97.9884991700001,4.52978866900003,0],[97.988552041,4.52970245800003,0],[97.988594515,4.52965924100005,0],[97.9886403570001,4.52958738500007,0],[97.9886898120001,4.52952265900007,0],[97.9887538420001,4.52950433100006,0],[97.9888036900001,4.52949683200006,0],[97.9888965280001,4.52952122900007,0],[97.9890036720001,4.52955267900006,0],[97.9891217530001,4.52961982400006,0],[97.9892216700001,4.52963701700003,0],[97.989285824,4.52963657300006,0],[97.9893750240001,4.52965026400005,0],[97.9894824620001,4.52972463500004,0],[97.9895650500001,4.52981348600002,0],[97.9896336520001,4.52994178000006,0],[97.98968146,4.53015606400004,0],[97.9897438930001,4.53042390000007,0],[97.9897879150001,4.53060601800007,0],[97.9897851630001,4.53072407500002,0],[97.9897751830001,4.53082787400007,0],[97.989711792,4.53093919700007,0],[97.9896376840001,4.53104701700005,0],[97.9896326080001,4.53108639800007,0],[97.9896425890001,4.53114916600003,0],[97.9896527510001,4.53116495100005,0],[97.9897459460001,4.53124120900003,0],[97.9898139220001,4.53127829600004,0],[97.989946284,4.53134891800005,0],[97.9900322400001,4.53140913000004,0],[97.990097914,4.53145696400003,0],[97.990154509,4.53148041800006,0],[97.9902051020001,4.53149497200008,0],[97.9902407430001,4.53149472500007,0],[97.990273394,4.53149151800005,0],[97.9902822220001,4.53147953400003,0],[97.9902909680001,4.53145562700007,0],[97.990290804,4.53143178200003,0],[97.990285843,4.53139406600008,0],[97.9902779380001,4.53138044400004,0],[97.990240869,4.53133270500007,0],[97.9902272460001,4.53130966600003,0],[97.9902261710001,4.53129157300003,0],[97.9902327670001,4.53126691600005,0],[97.9902480810001,4.53124775200007,0],[97.990266117,4.53124065900005,0],[97.9902841430001,4.53124122700007,0],[97.990327086,4.53124749400007,0],[97.9903687070001,4.53125316800003,0],[97.990413258,4.53125285900006,0],[97.990439887,4.53123777100006,0],[97.9904662690001,4.53118691600002,0],[97.9904892100001,4.53106752700006,0],[97.9905035890001,4.53099887000008,0],[97.9904972590001,4.53094227900004,0],[97.9904758750001,4.53085598600006,0],[97.990436834,4.53079366000003,0],[97.9903771250001,4.53074936200005,0],[97.9903412180001,4.53071086100005,0],[97.990320141,4.53066927600003,0],[97.9902872860001,4.53064267700006,0],[97.990227884,4.53064308800003,0],[97.990174444,4.53064643900007,0],[97.9901328010001,4.53063778500007,0],[97.9901029160001,4.53061116500004,0],[97.9900937190001,4.53056949800003,0],[97.9901053740001,4.53053662900004,0],[97.9901526090001,4.53049457100008,0],[97.9902499040001,4.53038957200005,0],[97.9903059050001,4.53032658800004,0],[97.9903438600001,4.53023094100007,0],[97.9903492880001,4.53015638500005,0],[97.990346361,4.53007622300004,0],[97.990298152,4.52997640300003,0],[97.990235752,4.52988622000004,0],[97.9902399140001,4.52980034600006,0],[97.9903010680001,4.52970930800006,0],[97.9903525550001,4.52959449000002,0],[97.9903945040001,4.52947497000002,0],[97.9904935770001,4.52936936200007,0],[97.990540803,4.52932611200004,0],[97.990683071,4.52928220500007,0],[97.990839726,4.52925727400003,0],[97.9910060490001,4.52925612300004,0],[97.9910965350001,4.52928411200003,0],[97.9912632190001,4.52933542000005,0],[97.9914583820001,4.52938176100002,0],[97.9916396500001,4.52948065900006,0],[97.9918114130001,4.52957962300007,0],[97.9919355250001,4.52965984000002,0],[97.992102274,4.52972068500003,0],[97.99234499,4.52977146600006,0],[97.992554607,4.52984632200003,0],[97.9926121230001,4.52991746100003,0],[97.992660103,4.52998389800007,0],[97.992670165,4.53006490400003,0],[97.992661087,4.53012696600007,0],[97.992604521,4.53019412700007,0],[97.9925338630001,4.53028523100005,0],[97.9924966,4.53039518000003,0],[97.9924784120001,4.53051453600006,0],[97.992469563,4.53060998100005,0],[97.9924709410001,4.53081027700006,0],[97.9924909330001,4.53095321500007,0],[97.992510892,4.53109138300005,0],[97.992507124,4.53123448500003,0],[97.9925126640001,4.53134890700005,0],[97.992522889,4.53145375800005,0],[97.9925075070001,4.53165285900008,0],[97.9925214240001,4.53170713200007,0],[97.9925350140001,4.53171383400007,0],[97.992585826,4.53171688000003,0],[97.992599252,4.53169979600005,0],[97.992612562,4.53166572400005,0],[97.992632573,4.53162141000007,0],[97.992645414,4.53159686000004,0],[97.9926757490001,4.53158520300002,0],[97.9927100690001,4.53160022700007,0],[97.9927292610001,4.53162680200006,0],[97.992748277,4.53170556000003,0],[97.992796357,4.53180377000007,0],[97.992840771,4.53186123000006,0],[97.9928982230001,4.53188549200007,0],[97.9929815850001,4.53189971900002,0],[97.9930468850001,4.53189330500004,0],[97.993076483,4.53187819600004,0],[97.993121849,4.53182262400003,0],[97.9931852430001,4.53179914900005,0],[97.9932683430001,4.53178963100004,0],[97.9933219270001,4.53180714400003,0],[97.9934204310001,4.53187799900007,0],[97.9936510520001,4.53215659100005,0],[97.9936723550001,4.53223096200003,0],[97.9936817780001,4.53230541500005,0],[97.993693905,4.53234110000005,0],[97.9937327200001,4.53237063800003,0],[97.9938458290001,4.53240562300005,0],[97.994006396,4.53243133700005,0],[97.994238286,4.53246251800005,0],[97.9944610810001,4.53246693500006,0],[97.9945946510001,4.53245408700008,0],[97.9948322960001,4.53245840100004,0],[97.9949926990001,4.53246027000006,0],[97.9951113170001,4.53243262100005,0],[97.9952001510001,4.53239325600003,0],[97.995232473,4.53234235900004,0],[97.9952379210001,4.53227078400005,0],[97.995238225,4.53219043600006,0],[97.9952379760001,4.53218894600008,0],[97.9952010580001,4.53196795600007,0],[97.9951722690001,4.53187706600005,0],[97.9951635370001,4.53184950000002,0],[97.9951319250001,4.53173496600004,0],[97.9951260670001,4.53168720100007,0],[97.995122333,4.53162360700003,0],[97.9951246350001,4.53153645800006,0],[97.9951318560001,4.53145095300005,0],[97.9951521340001,4.53129007100006,0],[97.99516972,4.53120617500002,0],[97.9951753870001,4.53117913700004,0],[97.9952110980001,4.53102734200007,0],[97.9952111200001,4.53102723900003,0],[97.9952598100001,4.53079878600005,0],[97.9952803290001,4.53072924900005,0],[97.995314867,4.53063831000003,0],[97.9953621400001,4.53052717500003,0],[97.9953756880001,4.53049532400007,0],[97.9954318700001,4.53037135100004,0],[97.995445837,4.53032714100004,0],[97.9954519,4.53028987400006,0],[97.9954519930001,4.53022245000005,0],[97.9954433570001,4.53014515400002,0],[97.995430792,4.53001606600003,0],[97.995433355,4.52996681100007,0],[97.9954454800001,4.52989338000003,0],[97.995475748,4.52972952900006,0],[97.9955175260001,4.52953225300007,0],[97.9955323870001,4.52944895700006,0],[97.995547752,4.52934788500005,0],[97.9955544620001,4.52928454300007,0],[97.9955595280001,4.52917985000005,0],[97.9955662230001,4.52907626200005,0],[97.995574236,4.52895693500005,0],[97.99557667,4.52892069400002,0],[97.9955910840001,4.52887238700004,0],[97.995618483,4.52880828500003,0],[97.995669574,4.52870759000007,0],[97.9956929640001,4.52866149100004,0],[97.9957662780001,4.52851926600005,0],[97.9957838820001,4.52848511500002,0],[97.9958486460001,4.52834671800002,0],[97.9958890670001,4.52825613300007,0],[97.995914278,4.52819696600005,0],[97.9959307250001,4.52815258600003,0],[97.9959441820001,4.52811520800003,0],[97.9959725290001,4.52803509900002,0],[97.9959867960001,4.52799017200005,0],[97.9959917500001,4.52795948800002,0],[97.995991792,4.52792934000007,0],[97.995986364,4.52790466600004,0],[97.9959651120001,4.52787119600004,0],[97.995941654,4.52784869500005,0],[97.995892536,4.52781902100003,0],[97.9958411100001,4.52776904800004,0],[97.995822075,4.52773335600006,0],[97.9958196950001,4.52768576700004,0],[97.9958268340001,4.52765483400003,0],[97.995836351,4.52763341900004,0],[97.995864886,4.52759589400006,0],[97.995887242,4.52759953700007,0],[97.995905824,4.52759517600003,0],[97.9959143090001,4.52758951600003,0],[97.9959255000001,4.52758205100002,0],[97.9959501230001,4.52755029100007,0],[97.9959736690001,4.52750866000002,0],[97.9959846400001,4.52747469200006,0],[97.9959906930001,4.52744510400004,0],[97.9959918310001,4.52741057000003,0],[97.9959869570001,4.52737658000007,0],[97.99598631,4.52737374500003,0],[97.9959755610001,4.52732667900005,0],[97.9959501450001,4.52725452300007,0],[97.9959229600001,4.52717560300005,0],[97.99590992,4.52712789800006,0],[97.9959077770001,4.52709391100007,0],[97.995913274,4.52706815800002,0],[97.9959401010001,4.52702653200004,0],[97.9959641830001,4.52698874700008,0],[97.9959817280001,4.52693943800006,0],[97.9959877920001,4.52690107600006,0],[97.995988954,4.52684954600005,0],[97.9959811150001,4.52681476400005,0],[97.9959609910001,4.52675388800003,0],[97.996072488,4.52670033200008,0],[97.9960937280001,4.52674256700004,0],[97.9961067930001,4.52677821500004,0],[97.9961165700001,4.52681933900004,0],[97.9961312440001,4.52687143400004,0],[97.996143755,4.52691036400006,0],[97.9961617290001,4.52694163200005,0],[97.9961786410001,4.52695920400004,0],[97.9961977440001,4.52696964100005,0],[97.9962124880001,4.52697075600003,0],[97.9962309310001,4.52696417600004,0],[97.9962465300001,4.52695338900003,0],[97.9962633270001,4.52694177300003,0],[97.9962977770001,4.52691496500006,0],[97.9963278560001,4.52688760000007,0],[97.99634208,4.52686734000002,0],[97.9963541440001,4.52683830300003,0],[97.9963562990001,4.52682786700007,0],[97.996361838,4.52680103700004,0],[97.996375002,4.52675885000002,0],[97.996398545,4.52671941800003,0],[97.996423726,4.52668163400006,0],[97.99644233,4.52665534700003,0],[97.9964614690001,4.52663892900006,0],[97.9964926220001,4.52662417400006,0],[97.9965540890001,4.52660148900003,0],[97.99661396,4.52656458800004,0],[97.9966368170001,4.52654734800007,0],[97.9966495,4.52653778200005,0],[97.9966795810001,4.52650932200004,0],[97.9967118630001,4.52647263300003,0],[97.996713314,4.52647085100006,0],[97.996760012,4.52641350700003,0],[97.996841063,4.52630753300002,0],[97.9969071990001,4.52622404800007,0],[97.9969967430001,4.52610988100002,0],[97.997020133,4.52608076900003,0],[97.9970980890001,4.52598374200005,0],[97.9971916410001,4.52587698300005,0],[97.997228841,4.52582934700007,0],[97.9972660610001,4.52577403200007,0],[97.9972983810001,4.52570994500007,0],[97.997321404,4.52564858600005,0],[97.9973351460001,4.52558556800005,0],[97.9973560430001,4.52548418900005,0],[97.9973862900001,4.52533458400006,0],[97.997407174,4.52523594600007,0],[97.997419269,4.52517786500005,0],[97.9974236880001,4.52514333600004,0],[97.9974242980001,4.52509948400007,0],[97.9974199950001,4.52504959300006,0],[97.9974053440001,4.52498051200007,0],[97.9973865700001,4.52489913500006,0],[97.9973830790001,4.52488400300007,0],[97.9973619230001,4.52478037700007,0],[97.9973495070001,4.52467237600007,0],[97.997342582,4.52454355100002,0],[97.9973356940001,4.52439444700002,0],[97.997329816,4.52429686600004,0],[97.997320055,4.52424422700005,0],[97.9973070170001,4.52419542700005,0],[97.99728415,4.52414332100005,0],[97.9972520040001,4.52408133400007,0],[97.9972340340001,4.52403965500002,0],[97.9972237050001,4.52400675200005,0],[97.9972161350001,4.52395356400007,0],[97.997204159,4.52391902100004,0],[97.9971899880001,4.52390091000007,0],[97.9971659780001,4.52388059700007,0],[97.997133235,4.52385916900005,0],[97.997100495,4.52383556000007,0],[97.9970328680001,4.52376365500004,0],[97.9969725760001,4.52369345200003,0],[97.996942591,4.52365285100007,0],[97.996929519,4.52362870900004,0],[97.9969180860001,4.52359909700004,0],[97.9968990260001,4.52355740700006,0],[97.9968761310001,4.52352558100006,0],[97.996843406,4.52349101000004,0],[97.9968665810001,4.52346723500006,0],[97.996909165,4.52342354900003,0],[97.9969932820001,4.52333725500006,0],[97.9983393580001,4.52195633700006,0],[97.9983966520001,4.52199528600005,0],[97.9985136870001,4.52203849700004,0],[97.998546951,4.52203826700003,0],[97.998589538,4.52201174200007,0],[97.998620164,4.52197337700005,0],[97.998671797,4.52188002100007,0],[97.9987142210001,4.52182965200006,0],[97.9987543830001,4.52179599000004,0],[97.99876227,4.52179426600003,0],[97.998799461,4.52178613900003,0],[97.9988828340001,4.52181656200003,0],[97.9989592920001,4.52187803200007,0],[97.999024132,4.52197773500006,0],[97.999190678,4.52211646300003,0],[97.999356312,4.52225443000003,0],[97.9997620330001,4.52251392400007,0],[98.000055279,4.52265735300006,0],[98.000372515,4.52283399900006,0],[98.000623191,4.52300633600004,0],[98.000773714,4.52312690700006,0],[98.0008073550001,4.52318151900005,0],[98.0008147950001,4.52322677400002,0],[98.0008056510001,4.52327929800003,0],[98.0007585910001,4.52334639100008,0],[98.000659849,4.52349968700003,0],[98.0005870620001,4.52362657300006,0],[98.0005569450001,4.52373885700007,0],[98.000559878,4.52381991200002,0],[98.0005792960001,4.52387939100004,0],[98.0006441040001,4.52397432500004,0],[98.0007315350001,4.52415147400006,0],[98.001040377,4.52477723800007,0],[98.0010419440001,4.52478041300003,0],[98.0010252310001,4.52494148700004,0],[98.0010373010001,4.52514170700005,0],[98.0010464710001,4.52543852200006,0],[98.0010472590001,4.52555297500004,0],[98.001058566,4.52564231800005,0],[98.0009784200001,4.52642620300003,0],[98.0009467630001,4.52648722900005,0],[98.000931349,4.52655643500003,0],[98.0009156460001,4.52662694100007,0],[98.0009200790001,4.52665335900002,0],[98.00093423,4.52673769500007,0],[98.000956155,4.52681623400002,0],[98.000963825,4.52689487100002,0],[98.0009608020001,4.52697358300003,0],[98.0009834420001,4.52715584500004,0],[98.001052782,4.52739143600007,0],[98.0011296210001,4.52768062800004,0],[98.001119692,4.52779157900005,0],[98.001153984,4.52811325700003,0],[98.0011943950001,4.52828824300002,0],[98.0012458180001,4.52850965000005,0],[98.0012551620001,4.52883150200006,0],[98.0012918610001,4.52898505200005,0],[98.0013860280001,4.52920258600005,0],[98.0014112220001,4.52923818000005,0],[98.0014397840001,4.52924513500005,0],[98.0014896800001,4.52924478900007,0],[98.0015502680001,4.52924436900003,0],[98.0016467920001,4.52928662200003,0],[98.0017257420001,4.52936476500003,0],[98.001884406,4.52963192700003,0],[98.002011166,4.52992434900005,0],[98.0020330180001,4.52999215700004,0],[98.002054747,4.53004208200002,0],[98.0020445230001,4.53011011300003,0],[98.0020055160001,4.53013899800004,0],[98.0019415120001,4.53016090300002,0],[98.001891862,4.53019701600005,0],[98.0018708970001,4.53025796800006,0],[98.0018536440001,4.53034035500002,0],[98.0018220850001,4.53041568800006,0],[98.0017870360001,4.53050177500006,0],[98.0017838910001,4.53056260300002,0],[98.001759608,4.53065934700004,0],[98.0017705710001,4.53069861600005,0],[98.001806285,4.53070909800005,0],[98.00186331,4.53070870300007,0],[98.001973794,4.53070793600006,0],[98.0020880150001,4.53073218200007,0],[98.0021524630001,4.53077465600006,0],[98.0022573560001,4.53082460000007,0],[98.0023408040001,4.53086575100002,0],[98.002406309,4.53088914200004,0],[98.0024362550001,4.53092470300004,0],[98.002448525,4.53098125100007,0],[98.002469665,4.53103177600002,0],[98.00251145,4.53106129300005,0],[98.0025501420001,4.53107294700004,0],[98.002594672,4.53106965800004,0],[98.0026866600001,4.53105709600004,0],[98.003016351,4.53105778900004,0],[98.0032185170001,4.53108619300002,0],[98.0034087000001,4.53109977600008,0],[98.003494974,4.53112004200005,0],[98.003590466,4.53118495400003,0],[98.0037098210001,4.53126460500005,0],[98.003829217,4.53135021600002,0],[98.003942447,4.53140308200005,0],[98.0040529540001,4.53149173600002,0],[98.0041456810001,4.53158647400005,0],[98.004226385,4.53166043100003,0],[98.0043098950001,4.53171052300007,0],[98.0044080070001,4.53172474500008,0],[98.004609906,4.53171440100004,0],[98.00476152,4.53173421300005,0],[98.0048389040001,4.53175752100003,0],[98.004862911,4.53179312300006,0],[98.0048842150001,4.53186749200006,0],[98.004908201,4.53190011300006,0],[98.0049410760001,4.53192969200006,0],[98.004985585,4.53192342100004,0],[98.0050506380001,4.53188124000008,0],[98.0051184750001,4.53181221300002,0],[98.0051776080001,4.53177305300005,0],[98.0052876830001,4.53179911500007,0],[98.0054515260001,4.53186951400005,0],[98.0056154100001,4.53194587300004,0],[98.005773827,4.53209082600006,0],[98.0058633390001,4.53214981800005,0],[98.005890336,4.53218838000004,0],[98.005881796,4.53224209100006,0],[98.0058436180001,4.53230495100007,0],[98.005831943,4.53233483900004,0],[98.005841059,4.53236458200007,0],[98.0059007470001,4.53240589700005,0],[98.0061600210001,4.53253226500004,0],[98.0063422600001,4.53268599500007,0],[98.0064706890001,4.53278942600002,0],[98.0065216730001,4.53286060800002,0],[98.006545906,4.53292899500002,0],[98.0065314870001,4.53299169000007,0],[98.0065052100001,4.53305744700003,0],[98.0065054770001,4.53309619400005,0],[98.006535403,4.53312877400003,0],[98.0065563370001,4.53314949300005,0],[98.0066130550001,4.53319082900003,0],[98.0067114770001,4.53324975800007,0],[98.0068275740001,4.53328770000007,0],[98.007026769,4.53331612300002,0],[98.0071903250001,4.53334479300003,0],[98.007324119,4.53336472800004,0],[98.0074936550001,4.53339931800002,0],[98.007683941,4.53342780200006,0],[98.0077821360001,4.53345394500008,0],[98.0078656250001,4.53350105600003,0],[98.0079491340001,4.53355114700003,0],[98.008121949,4.53363042400002,0],[98.0083004580001,4.53367389300007,0],[98.0085503490001,4.53373176900004,0],[98.008743768,4.53378407600007,0],[98.0089519150001,4.53381839700006,0],[98.009136342,4.53385884400006,0],[98.0092762820001,4.53390854200006,0],[98.0094730010001,4.53400851700007,0],[98.009752694,4.53408108800005,0],[98.0098808150001,4.53413981100005,0],[98.0099404210001,4.53416920300003,0],[98.0100206930001,4.53418056700002,0],[98.01012753,4.53416790100005,0],[98.010293705,4.53414588100003,0],[98.0104658820001,4.53413276100002,0],[98.0106558790001,4.53411951600003,0],[98.0108194540001,4.53415116600007,0],[98.0109505250001,4.53420688700004,0],[98.0110727680001,4.53427459100004,0],[98.0111863270001,4.53437514400002,0],[98.011329689,4.53449039200007,0],[98.0114027420001,4.53453161300007,0],[98.011483194,4.53456134600003,0],[98.0115450600001,4.53459227900004,0],[98.0115926490001,4.53460893500005,0],[98.011664033,4.53462321200004,0],[98.0117354160001,4.53462559200005,0],[98.0118262980001,4.53464194600002,0],[98.0119127550001,4.53465624000006,0],[98.0120066750001,4.53470411400002,0],[98.0120304700001,4.53471839100007,0],[98.012091878,4.53475632800007,0],[98.0122041700001,4.53480643100005,0],[98.012282692,4.53482308700006,0],[98.012351697,4.53483498400004,0],[98.0124064240001,4.53484450200006,0],[98.0124444960001,4.53485164000006,0],[98.0124778080001,4.53484926100003,0],[98.0125083030001,4.53484434000006,0],[98.0125321560001,4.53485758700003,0],[98.0125710950001,4.53490500700002,0],[98.012681479,4.53497577400003,0],[98.0128516330001,4.53509977700003,0],[98.012991963,4.53520610400005,0],[98.0130457320001,4.53525043900004,0],[98.0131082660001,4.53527384900002,0],[98.0132093490001,4.53528804900003,0],[98.01329853,4.53529935100005,0],[98.013358033,4.53531384000007,0],[98.0134146070001,4.53533431000005,0],[98.0134713040001,4.53537266400002,0],[98.0135338590001,4.53539905400004,0],[98.0135665700001,4.53540478800005,0],[98.0135903300001,4.53540462200004,0],[98.013652699,4.53540418800003,0],[98.013715151,4.53541567600007,0],[98.0138015900001,4.53545978400007,0],[98.0139682380001,4.53550631400003,0],[98.0142906400001,4.53561925400004,0],[98.0145381040001,4.53569539700004,0],[98.014695149,4.53577154000004,0],[98.0149568890001,4.53595713800007,0],[98.0150758620001,4.53605231600005,0],[98.0151710410001,4.53611894100004,0],[98.015247184,4.53617128900004,0],[98.0153946920001,4.53624870800007,0],[98.0157165890001,4.53638454400004,0],[98.016077737,4.53655371200006,0],[98.0164997690001,4.53676537800004,0],[98.0168786880001,4.53692726800006,0],[98.0172366670001,4.53710166700006,0],[98.0176044240001,4.53724769500008,0],[98.0176770890001,4.53728630500007,0],[98.0177199190001,4.53730058200006,0],[98.017786544,4.53730772000006,0],[98.0178817230001,4.53733865300006,0],[98.0179197940001,4.53736720700005,0],[98.017945968,4.53740765700007,0],[98.0179697630001,4.53743859000002,0],[98.0180078340001,4.53747190300004,0],[98.018074459,4.53749331800003,0],[98.0181363250001,4.53751473300002,0],[98.0181839140001,4.53754328700006,0],[98.018224365,4.53757184000006,0],[98.0183028870001,4.53760753200004,0],[98.0183885480001,4.53763846500004,0],[98.0184171020001,4.53764322400002,0],[98.0184623110001,4.53764560300004,0],[98.0185003830001,4.53763132700004,0],[98.0185384540001,4.53761229100007,0],[98.018581284,4.53759801400003,0],[98.0186074580001,4.53760753200004,0],[98.0186431500001,4.53763132700004,0],[98.018678842,4.53767891600006,0],[98.0187121550001,4.53771222800003,0],[98.018754985,4.53776695600004,0],[98.0187906770001,4.53779313000007,0],[98.01882161,4.53781692500007,0],[98.0188477840001,4.53782644200004,0],[98.018883476,4.53782644200004,0],[98.018904891,4.53781454500006,0],[98.018921547,4.53778599200007,0],[98.0189263060001,4.53776933500006,0],[98.018925616,4.53776036700003,0],[98.0189239270001,4.53773840200006,0],[98.0189191680001,4.53766701900003,0],[98.0189025120001,4.53758135800007,0],[98.019706769,4.53666764500002,0],[98.0198019480001,4.53676282300006,0],[98.0198923670001,4.53681041300007,0],[98.0199589920001,4.53685324300005,0],[98.020000038,4.53687376600004,0],[98.0200446530001,4.53689607300004,0],[98.020125555,4.53691035000003,0],[98.0203159110001,4.53692938600005,0],[98.020525304,4.53693890400007,0],[98.0207394550001,4.53696269800002,0],[98.0209440890001,4.53698649300003,0],[98.021129687,4.53700552800007,0],[98.0212296240001,4.53702456400003,0],[98.0214580530001,4.53702932300007,0],[98.0215484720001,4.53702932300007,0],[98.021682249,4.53699279800003,0],[98.0217068570001,4.53699078500006,0],[98.021745643,4.53698315800006,0],[98.0218133650001,4.53696218700003,0],[98.0219482030001,4.53683287100006,0],[98.021968234,4.53682879300004,0],[98.0228050640001,4.53665841500003,0],[98.0228262430001,4.53668906000007,0],[98.022854796,4.53671047500006,0],[98.0229297490001,4.53673189000006,0],[98.0230511020001,4.53676401300004,0],[98.0231439010001,4.53679613600002,0],[98.023222423,4.53683896600006,0],[98.023347345,4.53688893500004,0],[98.0234151590001,4.53692462700008,0],[98.0235186660001,4.53695318000007,0],[98.0236007570001,4.53696745700006,0],[98.023754233,4.53696745700006,0],[98.0238363240001,4.53695318000007,0],[98.0239576760001,4.53691391900003,0],[98.0240183530001,4.53691391900003,0],[98.0240754600001,4.53691391900003,0],[98.0241040130001,4.53689964200004,0],[98.0241652870001,4.53686389900002,0],[98.0243399930001,4.53687341000006,0],[98.0245005610001,4.53690013200003,0],[98.0245584350001,4.53691500900004,0],[98.0246758260001,4.53694202400004,0],[98.0249479570001,4.53699443400006,0],[98.0250794300001,4.53702566600003,0],[98.025246156,4.53708153800005,0],[98.0254186270001,4.53720209200003,0],[98.0256233320001,4.53742599600002,0],[98.0259793690001,4.53781642500007,0],[98.0259995550001,4.53784228600006,0],[98.0261634610001,4.53800613100003,0],[98.0262437440001,4.53813636700005,0],[98.026283005,4.53822202800006,0],[98.0263543890001,4.53835051900006,0],[98.026397219,4.53840048700005,0],[98.0264721720001,4.53846473300007,0],[98.0265756780001,4.53854325500004,0],[98.026654201,4.53858251600008,0],[98.0267291540001,4.53860750100006,0],[98.026796968,4.53861463900006,0],[98.0268647830001,4.53862534700005,0],[98.0268783280001,4.53862178300005,0],[98.0269325980001,4.53860750100006,0],[98.0269718590001,4.53856823900003,0],[98.0269897050001,4.53852540900004,0],[98.0269885150001,4.53846711200003,0],[98.0272026660001,4.53849685600005,0],[98.0272217020001,4.53864676200004,0],[98.0272359790001,4.53871814500008,0],[98.0272466860001,4.53878952900004,0],[98.0272716710001,4.53882522100002,0],[98.027300224,4.53886448200006,0],[98.0273609010001,4.53893229700003,0],[98.027432284,4.53901438800006,0],[98.027529842,4.53907387500004,0],[98.0275000990001,4.53927018000007,0],[98.02745013,4.53922497100007,0],[98.027418008,4.53920355600007,0],[98.0273858850001,4.53919284800003,0],[98.0273417830001,4.53919284800003,0],[98.0273359160001,4.53919284800003,0],[98.027310932,4.53921426300008,0],[98.0272788090001,4.53925709300006,0],[98.0272788090001,4.53930349300003,0],[98.027293086,4.53933561600007,0],[98.02731807,4.53939986100005,0],[98.0273394850001,4.53947838300007,0],[98.0273858850001,4.53959616700007,0],[98.0273902440001,4.53960216000007,0],[98.027442992,4.53967468900004,0],[98.0275036680001,4.53974964200006,0],[98.0275655340001,4.53982340500005,0],[98.0273811260001,4.54009704300006,0],[98.0272788090001,4.54009228400002,0],[98.027175303,4.54009228400002,0],[98.027107936,4.54009534600004,0],[98.0270967800001,4.54009585300003,0],[98.0269825660001,4.54011369900007,0],[98.026904044,4.54012797600006,0],[98.0268647830001,4.54012797600006,0],[98.026800538,4.54015296000006,0],[98.0267612760001,4.54018865200004,0],[98.0267327230001,4.54025646700006,0],[98.0267220150001,4.54034569700002,0],[98.0267077390001,4.54045991100003,0],[98.0267077390001,4.54055984800004,0],[98.0267327230001,4.54069190800004,0],[98.026766594,4.54107308300007,0],[98.0267877590001,4.54117162200004,0],[98.0268186960001,4.54131745900003,0],[98.0269475680001,4.54159416200002,0],[98.0270445640001,4.54170436100003,0],[98.0271878900001,4.54181423700004,0],[98.0273596540001,4.54191318400007,0],[98.0275242900001,4.54201218100008,0],[98.0277176860001,4.54214674300005,0],[98.027947118,4.54233828100007,0],[98.028158805,4.54254067200003,0],[98.0284059080001,4.54271062600003,0],[98.0285810870001,4.54278808800007,0],[98.028673848,4.54280174600007,0],[98.0287379490001,4.54279414400003,0],[98.028848505,4.54280410100006,0],[98.028998265,4.54281378300004,0],[98.0291513400001,4.54278767600005,0],[98.0292684020001,4.54270817000003,0],[98.029346113,4.54260747900003,0],[98.0294953010001,4.54253490100007,0],[98.0295876650001,4.54249133500002,0],[98.0298206960001,4.54240183900004,0],[98.0298840560001,4.54239863200007,0],[98.0305676290001,4.54229729900004,0],[98.0309612660001,4.54230087000008,0],[98.0310391950001,4.54229744200006,0],[98.031128939,4.54229944900004,0],[98.031305359,4.54230133300007,0],[98.031435887,4.54230644700004,0],[98.0315660960001,4.54230908600005,0],[98.0315766260001,4.54230870300006,0],[98.0316314190001,4.54230670900006,0],[98.031779994,4.54229648900002,0],[98.0319527890001,4.54228156400006,0],[98.0319875580001,4.54228416700005,0],[98.0320334230001,4.54229464000002,0],[98.0324012030001,4.54236196400007,0],[98.032526164,4.54239327900007,0],[98.032604942,4.54244637800002,0],[98.0327410670001,4.54254557200005,0],[98.032879032,4.54266325100002,0],[98.0329499360001,4.54269270400005,0],[98.033069497,4.54273671600004,0],[98.0332512830001,4.54279291900002,0],[98.033465258,4.54281495200007,0],[98.033536702,4.54283829600007,0],[98.033572506,4.54286189000004,0],[98.0336320710001,4.54288531800006,0],[98.0337123,4.54289071700003,0],[98.0338073990001,4.54289899300005,0],[98.0338729440001,4.54292833900007,0],[98.034064222,4.54304663600004,0],[98.034185951,4.54310106300005,0],[98.034266969,4.54314102100005,0],[98.03428053,4.54314881800002,0],[98.0343322290001,4.54317854400006,0],[98.034434274,4.54324445000003,0],[98.034441514,4.54324927500005,0],[98.0346070140001,4.54335956200003,0],[98.034684214,4.54340593000006,0],[98.0348320190001,4.54349636000006,0],[98.0350877110001,4.54361358600005,0],[98.035255711,4.54368394200003,0],[98.03537758,4.54378323500003,0],[98.0355391740001,4.54395735900005,0],[98.0356869110001,4.54418880700007,0],[98.0358094520001,4.54438466400006,0],[98.035960952,4.54464469900006,0],[98.036014003,4.54481076400003,0],[98.0360591730001,4.54488932800007,0],[98.036132734,4.54501768200004,0],[98.0361614910001,4.54506675800008,0],[98.036253527,4.54511762800007,0],[98.0363962690001,4.54514345300004,0],[98.0364946080001,4.54519045200004,0],[98.0365605480001,4.54527642600004,0],[98.0366234970001,4.54535944000003,0],[98.0367966850001,4.54549235000007,0],[98.036984723,4.54562515600003,0],[98.0370265510001,4.54566063000004,0],[98.037080486,4.54572880400002,0],[98.0371081280001,4.54585975400005,0],[98.0370969960001,4.54596713100005,0],[98.0371133550001,4.54606546800005,0],[98.0371526550001,4.54611088900003,0],[98.0372318710001,4.54614278300005,0],[98.037309151,4.54615118300006,0],[98.037430897,4.54614734800003,0],[98.0375559030001,4.54618521900005,0],[98.0377666620001,4.54616883800003,0],[98.0379297580001,4.54613192800002,0],[98.038101349,4.54603534800003,0],[98.0383115690001,4.54594147700004,0],[98.038536929,4.54588922700003,0],[98.0386554350001,4.54584666900007,0],[98.0387561410001,4.54580721600007,0],[98.038818011,4.54573524900007,0],[98.038832072,4.54562189000006,0],[98.0388100380001,4.54544321300006,0],[98.038815002,4.54530309300003,0],[98.0388500180001,4.54521343100004,0],[98.0388651050001,4.54508580300006,0],[98.0388545960001,4.54504926900006,0],[98.0388420720001,4.54502513700004,0],[98.038822457,4.54498564500005,0],[98.0388126770001,4.54495110600004,0],[98.0388045270001,4.54491875700006,0],[98.038804031,4.54487819700006,0],[98.0388100860001,4.54484531500003,0],[98.0388194110001,4.54481463600007,0],[98.0388434980001,4.54477191100005,0],[98.0388752300001,4.54472810100003,0],[98.0389479520001,4.54460604400003,0],[98.0389620830001,4.54458232600007,0],[98.0389672160001,4.54456324300003,0],[98.0389732670001,4.54452763000006,0],[98.0389733010001,4.54450131600004,0],[98.0389700730001,4.54446842300007,0],[98.0389529760001,4.54439420400007,0],[98.0389390710001,4.54436917100003,0],[98.0389156190001,4.54434118900002,0],[98.0388741550001,4.54430824400004,0],[98.038858803,4.54429689400007,0],[98.0387515660001,4.54421761200007,0],[98.0387264330001,4.54418365400005,0],[98.0386746670001,4.54408930400007,0],[98.0385919550001,4.54391628400003,0],[98.0385515950001,4.54381672600005,0],[98.0384924740001,4.54362164800006,0],[98.03844281,4.54347620800007,0],[98.0384061140001,4.54333622100006,0],[98.038372737,4.54318451600005,0],[98.0383548510001,4.54307815300007,0],[98.0383360870001,4.54299680500003,0],[98.0383260850001,4.54295344500002,0],[98.038313552,4.54292024600005,0],[98.0382710370001,4.54285715100002,0],[98.038146156,4.54270570800003,0],[98.0380397630001,4.54257407200004,0],[98.0380131080001,4.54254109300007,0],[98.037915185,4.54240596200003,0],[98.0379040920001,4.54237487200004,0],[98.0378834570001,4.54228221000005,0],[98.037863422,4.54215118700006,0],[98.037851677,4.54205766200005,0],[98.037847264,4.54197850500003,0],[98.037849619,4.54185408800004,0],[98.0378543470001,4.54162791500005,0],[98.0378506630001,4.54147479400007,0],[98.0378486720001,4.54133118500005,0],[98.0378470630001,4.54122736300008,0],[98.037852716,4.54116347000007,0],[98.0378664830001,4.54107907600007,0],[98.037902778,4.54089057100003,0],[98.037929982,4.54074859700006,0],[98.0379286670001,4.54072617700007,0],[98.037921592,4.54070479300003,0],[98.037886701,4.54065650700005,0],[98.0378120080001,4.54055939500006,0],[98.0377258830001,4.54043884300006,0],[98.037714984,4.54041127200003,0],[98.0377068660001,4.54035425700005,0],[98.037699365,4.54024681300007,0],[98.0376847470001,4.54004337400005,0],[98.037670259,4.53994805700006,0],[98.037649667,4.53982963300007,0],[98.0376261110001,4.53970306300005,0],[98.0376234110001,4.53968855600004,0],[98.037597535,4.53960319200007,0],[98.037542558,4.53945622900005,0],[98.03745897,4.53923688600003,0],[98.037405375,4.53911347500002,0],[98.0373596360001,4.53900762700005,0],[98.0373427900001,4.53897292600004,0],[98.0373181990001,4.53892226800002,0],[98.037305722,4.53888806500004,0],[98.0372889000001,4.53880801700006,0],[98.0372690780001,4.53872036300004,0],[98.037184208,4.53852184000004,0],[98.037055717,4.53826009900007,0],[98.037017646,4.53820775100007,0],[98.036979574,4.53816492100003,0],[98.0369319850001,4.53814588500006,0],[98.0368796370001,4.53815540300008,0],[98.03686536,4.53819823300006,0],[98.0368415660001,4.53828389400007,0],[98.036684521,4.53791745700005,0],[98.036684521,4.53781276100005,0],[98.036708316,4.53775089500004,0],[98.0367321100001,4.53754626100005,0],[98.036731919,4.53754301400005,0],[98.0367273510001,4.53746535900007,0],[98.036698798,4.53734638600002,0],[98.0366727780001,4.53725224300007,0],[98.0366560160001,4.53713910200003,0],[98.036640956,4.53703744600006,0],[98.036537115,4.53674853500007,0],[98.0365279000001,4.53669590500004,0],[98.036511799,4.53665938000006,0],[98.0364783960001,4.53661232400003,0],[98.0364335730001,4.53655923200006,0],[98.036421605,4.53652748400003,0],[98.0364067190001,4.53648799600006,0],[98.036385899,4.53644635500007,0],[98.0363472330001,4.53641066300003,0],[98.0363188060001,4.53639441900003,0],[98.0363055920001,4.53638686900007,0],[98.0362699,4.53636902300002,0],[98.0362312340001,4.53636902300002,0],[98.0362044650001,4.53638092000006,0],[98.0361806700001,4.53641363800006,0],[98.036067646,4.53624112700004,0],[98.0361241580001,4.53620840900004,0],[98.036144978,4.53617271700006,0],[98.0361747220001,4.53611025600003,0],[98.0361749310001,4.53610796000004,0],[98.0361806700001,4.53604482100008,0],[98.036177696,4.53596154000007,0],[98.036150465,4.53579089500005,0],[98.0361330810001,4.53568195300005,0],[98.0361152350001,4.53547077600007,0],[98.0361024260001,4.53517495500006,0],[98.0360839890001,4.53502636800005,0],[98.036060235,4.53481805600006,0],[98.0360353740001,4.53462234200003,0],[98.036022818,4.53456270100003,0],[98.035943989,4.53440953100005,0],[98.0358811870001,4.53434737900005,0],[98.035842206,4.53429400200002,0],[98.035827005,4.53424343900002,0],[98.035838471,4.53418374800003,0],[98.035861733,4.53411205200007,0],[98.035867238,4.53404942200007,0],[98.0358719910001,4.53392509500003,0],[98.035873307,4.53389067200004,0],[98.0358502440001,4.53378019600007,0],[98.0358231110001,4.53364641400003,0],[98.0358067800001,4.53360419500007,0],[98.0357752500001,4.53353377600007,0],[98.035746696,4.53348023800004,0],[98.0357038660001,4.53342670000006,0],[98.035650328,4.53338743900002,0],[98.035525406,4.53330534800006,0],[98.03536209,4.53322113800004,0],[98.0352969780001,4.53318756400006,0],[98.0351720560001,4.53314116500007,0],[98.035122088,4.53313045700003,0],[98.03511138,4.53317685700006,0],[98.035125657,4.53321968700004,0],[98.0351613490001,4.53326251700003,0],[98.0352184560001,4.53338387000002,0],[98.0350685500001,4.53342670000006,0],[98.0350364270001,4.53339100800002,0],[98.034993597,4.53334817800004,0],[98.0349650430001,4.53331962400006,0],[98.0349150750001,4.53327322500007,0],[98.034879383,4.53322682500004,0],[98.034850829,4.53319113300006,0],[98.0347901530001,4.53311261100004,0],[98.034729477,4.53304122700007,0],[98.0346973540001,4.53298769000003,0],[98.0346402470001,4.53291630600006,0],[98.0345760010001,4.53286276800003,0],[98.0345188940001,4.53282707600005,0],[98.034385129,4.53275487900004,0],[98.0355153730001,4.52665751000006,0],[98.0355205280001,4.52662697400007,0],[98.0357168340001,4.52665671700004,0],[98.0358179610001,4.52665671700004,0],[98.0358952940001,4.52666861400007,0],[98.0359369340001,4.52666861400007,0],[98.036032113,4.52667456300003,0],[98.0361213420001,4.52669835800003,0],[98.03626411,4.52671620400002,0],[98.0363592880001,4.52672215200005,0],[98.0364544670001,4.52673405000007,0],[98.0367340540001,4.52676974200006,0],[98.0368708730001,4.52678758700006,0],[98.0369838970001,4.52679948500003,0],[98.0371683050001,4.52679353600007,0],[98.0372753810001,4.52675189600006,0],[98.0373289190001,4.52669835800003,0],[98.0373467650001,4.52666861400007,0],[98.037358662,4.52657938500005,0],[98.0373613720001,4.52656448200003,0],[98.0373705590001,4.52651394900005,0],[98.037373674,4.52648280000005,0],[98.037382457,4.52639497600006,0],[98.0373765080001,4.52627600300002,0],[98.0373903880001,4.52598650200002,0],[98.0374003030001,4.52581795700007,0],[98.0374104260001,4.52581924900005,0],[98.0390778230001,4.52603210900003,0],[98.039065925,4.52629979800003,0],[98.0390599770001,4.52648420600002,0],[98.0390496890001,4.52664384100007,0],[98.0390654320001,4.52685832900005,0],[98.0390954060001,4.52706914100003,0],[98.039190074,4.52735818800005,0],[98.039366634,4.52763593200007,0],[98.039650878,4.52802380000003,0],[98.0398558750001,4.52829061500006,0],[98.0401036380001,4.52855713100007,0],[98.0404553720001,4.52891233600008,0],[98.0407317450001,4.52919295800007,0],[98.041115946,4.52958680900002,0],[98.041229114,4.52964907700004,0],[98.041306557,4.52968132200004,0],[98.0413930130001,4.52972840600006,0],[98.0414617740001,4.52979349600002,0],[98.0415186560001,4.52985867000007,0],[98.0415666490001,4.52992688600006,0],[98.0416233660001,4.52996821700003,0],[98.041700747,4.52999152000007,0],[98.041792312,4.53000459000003,0],[98.0419279600001,4.53003583100002,0],[98.042243049,4.53007612100004,0],[98.0422430250001,4.53007631000003,0],[98.0423444670001,4.53007524700007,0],[98.042429128,4.53007754800007,0],[98.0424309470001,4.53007758200005,0],[98.042588058,4.53008050000005,0],[98.0427528590001,4.53008463600003,0],[98.0428278400001,4.53006930200007,0],[98.042898327,4.53004747800003,0],[98.043060386,4.52999893100002,0],[98.04316606,4.52996780700005,0],[98.0432879040001,4.52993343300005,0],[98.0433638870001,4.52991350000002,0],[98.043424487,4.52990456900005,0],[98.043445004,4.52990367600006,0],[98.0435102370001,4.52990083800006,0],[98.0436831630001,4.52988862600006,0],[98.043737761,4.52988427300005,0],[98.0437527590001,4.52988307700002,0],[98.0438095640001,4.52988150600004,0],[98.04395944,4.52986837400005,0],[98.044054536,4.52987665000006,0],[98.044113994,4.52988517500006,0],[98.0441864090001,4.53004859700008,0],[98.0442251920001,4.53007366000003,0],[98.0442639760001,4.53009872300004,0],[98.0443383350001,4.53014408400003,0],[98.0445647550001,4.53021583800006,0],[98.0446866670001,4.53026333300005,0],[98.0448147990001,4.53029754300007,0],[98.0449399250001,4.53035329700003,0],[98.0450682270001,4.53043883400005,0],[98.0451546210001,4.53047697600005,0],[98.0453302540001,4.53053535700008,0],[98.0453658500001,4.53052914600005,0],[98.0454579560001,4.53053446300004,0],[98.045535316,4.53055478500005,0],[98.0456635770001,4.53063436100007,0],[98.0457978190001,4.53071985600008,0],[98.045845376,4.53075492400006,0],[98.0459348860001,4.53078446700005,0],[98.0460301890001,4.53082254600002,0],[98.046116521,4.53085174700004,0],[98.0461791150001,4.53088409400004,0],[98.046221023,4.53093148900007,0],[98.046271925,4.53099074300007,0],[98.046388058,4.53103463700006,0],[98.0465636910001,4.53109301700005,0],[98.0467216500001,4.53117238500005,0],[98.04689153,4.53125763000003,0],[98.046986895,4.53130465000004,0],[98.0470823640001,4.53136657200002,0],[98.047201654,4.53143726800005,0],[98.047341525,4.53147801600005,0],[98.047460566,4.53151294800006,0],[98.0476121090001,4.53152380900002,0],[98.0476894480001,4.53154115000007,0],[98.047746019,4.53156161700002,0],[98.047799662,4.53158806600004,0],[98.0478562750001,4.53161449400005,0],[98.0480019610001,4.53163731800004,0],[98.048170607,4.53179122700004,0],[98.048476765,4.53207063100007,0],[98.0485399670001,4.53212831000008,0],[98.048552053,4.53215803000006,0],[98.0485776740001,4.53218643400004,0],[98.0486635190001,4.53223113600006,0],[98.048875566,4.53231548800005,0],[98.049094956,4.53243078600002,0],[98.0492786090001,4.53253202800005,0],[98.049428785,4.53260250700004,0],[98.049529234,4.53269717900002,0],[98.0495465420001,4.53273043000007,0],[98.0495749890001,4.53278508000005,0],[98.049677913,4.53289404100002,0],[98.0497877330001,4.53296957200007,0],[98.049823878,4.53300142700004,0],[98.049940732,4.53310440900003,0],[98.0499752700001,4.53311880400003,0],[98.0501432760001,4.53318882700006,0],[98.0501826980001,4.53319825600005,0],[98.0503403980001,4.53323597400004,0],[98.050425336,4.53326195800003,0],[98.050530155,4.53330175800005,0],[98.050644709,4.53337487100004,0],[98.050804471,4.53345720400006,0],[98.0509643330001,4.53355384300005,0],[98.051149965,4.53367423800006,0],[98.051170154,4.53368906300005,0],[98.0511903300001,4.53371430000004,0],[98.051289373,4.53382815200007,0],[98.0513922470001,4.53392995900003,0],[98.05151162,4.53401257500008,0],[98.0516379050001,4.53406414600005,0],[98.0517380060001,4.53410874700006,0],[98.0519319670001,4.53420326500003,0],[98.0522696,4.53451481700006,0],[98.052305587,4.53453522500007,0],[98.0523628720001,4.53458024700006,0],[98.0524201710001,4.53462252800006,0],[98.052475336,4.53467230300004,0],[98.0525024040001,4.53468939200008,0],[98.0525351590001,4.53470369100006,0],[98.0525771870001,4.53471908700004,0],[98.052659082,4.53474824900007,0],[98.0527628130001,4.53478072300004,0],[98.0528545320001,4.53481044000006,0],[98.0529648150001,4.53484347400007,0],[98.053071833,4.53487102200006,0],[98.0531220610001,4.53488862800003,0],[98.05337403,4.53504453400006,0],[98.0534337170001,4.53508584100007,0],[98.053612382,4.53515313800006,0],[98.0537791890001,4.53522349900004,0],[98.0539755890001,4.53527874900004,0],[98.054109479,4.53531357500003,0],[98.0542374710001,4.53535440300004,0],[98.054428181,4.53544545900007,0],[98.054696376,4.53557471700003,0],[98.0548096850001,4.53563949200003,0],[98.054878177,4.53566583500003,0],[98.0549881840001,4.53568294500008,0],[98.0554109340001,4.53625520600002,0],[98.0554231040001,4.53629684700007,0],[98.055459032,4.53633832100007,0],[98.0556378220001,4.53642349900002,0],[98.055923836,4.53655263000007,0],[98.0561712430001,4.53668203300003,0],[98.0562817690001,4.53677365000004,0],[98.056326669,4.53682400300005,0],[98.0563657760001,4.53689525900006,0],[98.0564196060001,4.53694852900003,0],[98.0564733530001,4.53698987800004,0],[98.0565004140001,4.53703737500007,0],[98.056498676,4.53704333900004,0],[98.0564917120001,4.53706724100005,0],[98.0564652960001,4.53711213300005,0],[98.0564572800001,4.53712520600004,0],[98.056450613,4.53713608000004,0],[98.0564539160001,4.53718374400006,0],[98.0564690560001,4.53722536400005,0],[98.0565168840001,4.53726973500005,0],[98.0565617840001,4.53732008700007,0],[98.0566780840001,4.53738782000005,0],[98.0568152970001,4.53747328900005,0],[98.0570090610001,4.53757624400004,0],[98.05720891,4.53770001900006,0],[98.0573313570001,4.53779751300004,0],[98.057412228,4.53789529900007,0],[98.057490149,4.53799608700007,0],[98.05753208,4.53804646000003,0],[98.0575323500001,4.53808520400003,0],[98.0575325790001,4.53811798700002,0],[98.0575708520001,4.53815504400006,0],[98.0576024520001,4.53817193900005,0],[98.057915323,4.53874496600002,0],[98.0579191880001,4.53887309800007,0],[98.0579466670001,4.53896666700007,0],[98.0579354100001,4.53906969400003,0],[98.0579242590001,4.53917408800004,0],[98.057946025,4.53931401600005,0],[98.058006752,4.53950433700004,0],[98.058084965,4.53964684900006,0],[98.0580991420001,4.53970791200004,0],[98.0582055940001,4.53985380100005,0],[98.0582978680001,4.53993862800007,0],[98.0586298030001,4.54026414200007,0],[98.0587799370001,4.54049854200002,0],[98.058870196,4.54066481200005,0],[98.058897507,4.54074807200004,0],[98.058901039,4.54082851900006,0],[98.0589016010001,4.54090898700002,0],[98.0588876260001,4.54103426400007,0],[98.0588696990001,4.54108183400007,0],[98.058856254,4.54116022200003,0],[98.0588682950001,4.54124303100002,0],[98.0588835180001,4.54129657200002,0],[98.0589287110001,4.54138864700008,0],[98.0589441420001,4.54147199100004,0],[98.0589535930001,4.54154941600007,0],[98.0590080280001,4.54168911400006,0],[98.0590175620001,4.54177846000005,0],[98.0590092140001,4.54185899100003,0],[98.059027616,4.54194231400004,0],[98.059072809,4.54203438900004,0],[98.0591865980001,4.54216770900007,0],[98.059362815,4.54230953000007,0],[98.0595030200001,4.54239795600006,0],[98.059643163,4.54247744200006,0],[98.0597771370001,4.54252418600004,0],[98.0598575080001,4.54255044400003,0],[98.0599526870001,4.54257063800003,0],[98.060024275,4.54261484000006,0],[98.0600990200001,4.54268584500005,0],[98.060206619,4.54278344200003,0],[98.060403954,4.54292022900006,0],[98.0604041460001,4.54292030200003,0],[98.060428947,4.54293726600002,0],[98.0606002000001,4.54309004100003,0],[98.060783126,4.54325684900004,0],[98.061005304,4.54343053500003,0],[98.061194883,4.54352934200006,0],[98.0613310300001,4.54363210300005,0],[98.06147438,4.54374554200007,0],[98.0616391880001,4.54386955900003,0],[98.061739823,4.54399045200006,0],[98.061833306,4.54410781900003,0],[98.0618766210001,4.54418619700004,0],[98.061887863,4.54426480100005,0],[98.0619061570001,4.54433262600003,0],[98.061935067,4.54438964600007,0],[98.0619505910001,4.54448610300005,0],[98.0619635960001,4.54464695400003,0],[98.0619789660001,4.54472135700007,0],[98.0620149790001,4.54477475100003,0],[98.0620626410001,4.54479527800004,0],[98.062127977,4.54479481800007,0],[98.062175493,4.54479448300003,0],[98.0622679530001,4.54485046000002,0],[98.0623605790001,4.54493027900003,0],[98.0624024900001,4.54497767100003,0],[98.0624057310001,4.54501639300003,0],[98.0623822640001,4.54505828500004,0],[98.0623616840001,4.54508823400005,0],[98.0623618720001,4.54511505600004,0],[98.0623798780001,4.54514175300005,0],[98.0624098260001,4.54517730700007,0],[98.062505548,4.54527498700003,0],[98.0625564300001,4.54533125700004,0],[98.062571571,4.54537287600004,0],[98.062575,4.54543842100003,0],[98.062581315,4.54549202400005,0],[98.0626444520001,4.54560185500003,0],[98.062742847,4.54570224400004,0],[98.0627868270001,4.54572585400007,0],[98.062827607,4.54574774700006,0],[98.0628851330001,4.54579640300005,0],[98.0629271340001,4.54584030200004,0],[98.0630296880001,4.54594129300006,0],[98.063110957,4.54602416500006,0],[98.0631725410001,4.54608379600006,0],[98.0631963820001,4.54610688200006,0],[98.0632233530001,4.54611858400006,0],[98.0632708620001,4.54612742000006,0],[98.0632807680001,4.54612819800008,0],[98.0633418560001,4.54613299400006,0],[98.0634205110001,4.54613200200004,0],[98.06348497,4.54612331100003,0],[98.0635950320001,4.54609953100004,0],[98.0637489140001,4.54602280600005,0],[98.063861472,4.54597149000006,0],[98.063975686,4.54593579800007,0],[98.0641826990001,4.54585013800005,0],[98.064382573,4.54575733900003,0],[98.064625279,4.54567167800008,0],[98.064896537,4.54558601800005,0],[98.0651963490001,4.54550035700004,0],[98.0653676700001,4.54546466500005,0],[98.065524715,4.54543611100007,0],[98.0657245900001,4.54542183500007,0],[98.0658602190001,4.54543611100007,0],[98.06603154,4.54544325000006,0],[98.066167169,4.54540042000002,0],[98.066274245,4.54539328100003,0],[98.066509812,4.54542897300007,0],[98.066645441,4.54545752700005,0],[98.0668524540001,4.54550035700004,0],[98.0670237750001,4.54550749500004,0],[98.067287895,4.54550035700004,0],[98.0675163240001,4.54547180300005,0],[98.0676590910001,4.54546466500005,0],[98.0677733050001,4.54544325000006,0],[98.067816136,4.54535758900005,0],[98.0677875820001,4.54529334400007,0],[98.0677233370001,4.54517199100007,0],[98.0676448150001,4.54503636200008,0],[98.0682658540001,4.54476510300003,0],[98.0683872060001,4.54493642500006,0],[98.068451452,4.54500780800004,0],[98.068544251,4.54508633100005,0],[98.0686227730001,4.54516485300007,0],[98.068594219,4.54521482200005,0],[98.0685228360001,4.54520054500006,0],[98.0684657290001,4.54522909800005,0],[98.068444313,4.54525765200003,0],[98.068437175,4.54531475900006,0],[98.0684228980001,4.54542183500007,0],[98.0684228980001,4.54548608000005,0],[98.0683800680001,4.54561457100004,0],[98.068330099,4.54569309300007,0],[98.068315823,4.54580016900007,0],[98.068315823,4.54590010600003,0],[98.0683372380001,4.54600718200004,0],[98.068451452,4.54619278000007,0],[98.0686156350001,4.54637124000004,0],[98.0687584020001,4.54650686900004,0],[98.0689011700001,4.54664249800004,0],[98.069043938,4.54674957400005,0],[98.069193844,4.54688520300004,0],[98.0693508880001,4.54700655600004,0],[98.0695079330001,4.54714218500004,0],[98.069596914,4.54720367500005,0],[98.0697128050001,4.54722180000005,0],[98.069776877,4.54721061800007,0],[98.0698122380001,4.54717102800004,0],[98.069861604,4.54709557300004,0],[98.0699251990001,4.54701644200003,0],[98.0699959720001,4.54694441300006,0],[98.0700809000001,4.54685797800005,0],[98.0701661530001,4.54681803500006,0],[98.0702620230001,4.54676728800007,0],[98.0703542780001,4.54670941400002,0],[98.0704285150001,4.54662305400007,0],[98.070491809,4.54650100800006,0],[98.0705468200001,4.54638349000004,0],[98.070548134,4.54627013200007,0],[98.070565,4.54613410700006,0],[98.0706353470001,4.54600128100003,0],[98.0707548840001,4.54576796700007,0],[98.0708434000001,4.54568508400007,0],[98.0709357550001,4.54564151500006,0],[98.071081441,4.54557968600005,0],[98.0712200240001,4.54552148500005,0],[98.0713690480001,4.54542744500003,0],[98.071429155,4.54535906800004,0],[98.0714642410001,4.54528013800007,0],[98.072255682,4.54531746900005,0],[98.072366382,4.54534887600005,0],[98.0725060180001,4.54544087800002,0],[98.072659801,4.54554841300006,0],[98.0727098350001,4.54556832600002,0],[98.072802541,4.54557482400003,0],[98.0728856270001,4.54556470000006,0],[98.0730349010001,4.54550642300006,0],[98.0732172190001,4.54541691700007,0],[98.0734349720001,4.54529854800006,0],[98.0735768850001,4.54520694300004,0],[98.073740564,4.54517002300003,0],[98.073825942,4.54514796100005,0],[98.0738899040001,4.54512128200003,0],[98.0739534320001,4.54503261500003,0],[98.0740451010001,4.54489129400002,0],[98.074179686,4.54477112900003,0],[98.0743332930001,4.54465321300006,0],[98.074448089,4.54458645100004,0],[98.074456523,4.54457287200006,0],[98.0744669160001,4.54456521500003,0],[98.0744909590001,4.54455592900007,0],[98.0745685420001,4.54453300700004,0],[98.0746176210001,4.54451353400003,0],[98.0749699280001,4.54421290400006,0],[98.075467196,4.54384062600008,0],[98.0755471510001,4.54378020900003,0],[98.075610542,4.54373230700003,0],[98.0758134110001,4.54357900800005,0],[98.075868637,4.54354970400004,0],[98.075919275,4.54351522800005,0],[98.0759490010001,4.54349499000006,0],[98.076028265,4.54344082800003,0],[98.076125774,4.54335861500005,0],[98.07618683,4.54330948100005,0],[98.0762958770001,4.54321988400005,0],[98.0763541270001,4.54318034400006,0],[98.0764410360001,4.54313167200007,0],[98.0769903560001,4.54274462200004,0],[98.0772557910001,4.54254230100003,0],[98.0774836850001,4.54236859400004,0],[98.078024342,4.54196540800007,0],[98.07835779,4.54173344200007,0],[98.078380957,4.54171313500007,0],[98.0787853830001,4.54143016400008,0],[98.0790436220001,4.54120716100005,0],[98.0794307510001,4.54093321500005,0],[98.079767227,4.54063578400007,0],[98.079799596,4.54060821800005,0],[98.0800526730001,4.54041816500006,0],[98.0801538000001,4.54034678100004,0],[98.0802281580001,4.54030216700005,0],[98.080299542,4.54025457700004,0],[98.080442309,4.54019211600007,0],[98.0805136930001,4.54015939900006,0],[98.0805850770001,4.54012668100006,0],[98.0806386150001,4.54009396400005,0],[98.0806802550001,4.54005232300005,0],[98.0806951270001,4.54000770800008,0],[98.0806981010001,4.53993335000007,0],[98.0806891780001,4.53988278700007,0],[98.0807010760001,4.53979950500008,0],[98.0807010760001,4.53976083900005,0],[98.080742716,4.53971622400007,0],[98.0808022030001,4.53968053200003,0],[98.080864664,4.53967160900004,0],[98.08092415,4.53968053200003,0],[98.0809985080001,4.53968648100005,0],[98.0811145070001,4.53964186600007,0],[98.0811680450001,4.53959427700005,0],[98.0812017530001,4.53951412800006,0],[98.081211055,4.53948545100008,0],[98.0811965670001,4.53945217400008,0],[98.081148935,4.53943582000005,0],[98.081091783,4.53941715000008,0],[98.0810558630001,4.53937687100006,0],[98.081066918,4.53933848500003,0],[98.0810847640001,4.53931171600004,0],[98.081099635,4.53929684400003,0],[98.0811680450001,4.53928792100004,0],[98.0813018900001,4.53928494700006,0],[98.0813375820001,4.53928494700006,0],[98.0813762480001,4.53927899800004,0],[98.0814119400001,4.53926710100006,0],[98.08143276,4.53924033200002,0],[98.0814625030001,4.53916894800005,0],[98.0814595290001,4.53910053900006,0],[98.0814952210001,4.53904997500007,0],[98.081548759,4.53901428300003,0],[98.0816052710001,4.53899048900007,0],[98.08163204,4.53891910500005,0],[98.0815874250001,4.53884474700004,0],[98.081566605,4.53881202900004,0],[98.0815428100001,4.53879418300005,0],[98.081507118,4.53877038900004,0],[98.081474068,4.53874009400005,0],[98.081400042,4.53867223600002,0],[98.081423837,4.53862167200003,0],[98.0814595590001,4.53860294700007,0],[98.08149675,4.53855340900003,0],[98.081565346,4.53851000800006,0],[98.0816199210001,4.53850008500007,0],[98.0816651270001,4.53850930300007,0],[98.0817223120001,4.53853274200003,0],[98.0818082060001,4.53858458900004,0],[98.0818821880001,4.53863175200007,0],[98.081944192,4.53866469400003,0],[98.0819726670001,4.53865972500006,0],[98.082006805,4.53863654400004,0],[98.0820127540001,4.53862762100005,0],[98.082015728,4.53860085200006,0],[98.0820127540001,4.53857110900003,0],[98.0820127540001,4.53850864800006,0],[98.082000856,4.53847295600002,0],[98.0819711130001,4.53843429000005,0],[98.081932447,4.53839562300004,0],[98.0818967550001,4.53836588000007,0],[98.0818610630001,4.53834506000004,0],[98.0818610630001,4.53831531700007,0],[98.081890806,4.53828854800003,0],[98.081932447,4.53824988100007,0],[98.081974087,4.53821716400006,0],[98.0820216770001,4.53821716400006,0],[98.0820543940001,4.53823501000005,0],[98.082084137,4.53826475300002,0],[98.08214065,4.53830639400007,0],[98.0821941870001,4.53833613700004,0],[98.0822566480001,4.53834506000004,0],[98.082333981,4.53831234200004,0],[98.082375621,4.53828854800003,0],[98.082384544,4.53826475300002,0],[98.082384544,4.53821121500005,0],[98.0823815700001,4.53817849800004,0],[98.0823637240001,4.53810711400007,0],[98.0823458780001,4.53803870400003,0],[98.082316135,4.53799408900005,0],[98.0822684920001,4.53795647700002,0],[98.0822245890001,4.53785863500002,0],[98.0821616200001,4.53777265000002,0],[98.0820838660001,4.53769571100003,0],[98.0820358280001,4.53762154100002,0],[98.0820236150001,4.53757394200005,0],[98.0820171120001,4.53749351900007,0],[98.0820398660001,4.53735030200005,0],[98.0821748210001,4.53711390300003,0],[98.0824218700001,4.53676942000004,0],[98.0827543710001,4.53632896400006,0],[98.082913541,4.53615796100007,0],[98.0830105160001,4.53601124000005,0],[98.083133445,4.53575406400006,0],[98.0833241540001,4.53542190100006,0],[98.083362112,4.53532924300004,0],[98.0834385080001,4.53521247100002,0],[98.0834974630001,4.53514946800004,0],[98.083529732,4.53509261400006,0],[98.083533403,4.53508294000005,0],[98.0835399380001,4.53506571900004,0],[98.0835557090001,4.53501279700004,0],[98.0835661450001,4.53497777600006,0],[98.0835518680001,4.53493018600005,0],[98.083539187,4.53491836100005,0],[98.083439082,4.53482501400003,0],[98.0834961890001,4.53406120700004,0],[98.0835709040001,4.53404026800007,0],[98.0835928930001,4.53402438700004,0],[98.0836565650001,4.53397840200006,0],[98.083689877,4.53391177700007,0],[98.083727948,4.53383087500004,0],[98.0837755380001,4.53373569700005,0],[98.0838088500001,4.53364051800003,0],[98.0838374040001,4.53354058100007,0],[98.0839040290001,4.53333118900002,0],[98.0839421000001,4.53321221500005,0],[98.0839611360001,4.53312179600005,0],[98.0839611360001,4.53305993000004,0],[98.0839611360001,4.53298378700003,0],[98.0839611360001,4.53293143900004,0],[98.0839328480001,4.53274590600006,0],[98.0839289310001,4.53270790700003,0],[98.0839194170001,4.53268138800007,0],[98.083865469,4.53258210700005,0],[98.0837820780001,4.53244387500007,0],[98.0836698800001,4.53224997100006,0],[98.083632159,4.53221840400005,0],[98.0835863410001,4.53217011500004,0],[98.083563283,4.53214758800004,0],[98.083548701,4.53213334200007,0],[98.083523068,4.53210371200004,0],[98.083519676,4.53209850600007,0],[98.083501261,4.53207024300002,0],[98.0834756690001,4.53200772400004,0],[98.0834522260001,4.53195709300007,0],[98.0834380850001,4.53192655500004,0],[98.0833787270001,4.53178616500003,0],[98.083332447,4.53166826000006,0],[98.083312332,4.53156753300004,0],[98.083302583,4.53153393100007,0],[98.083278631,4.53147196500004,0],[98.0832247270001,4.53133814900002,0],[98.0831386840001,4.53112975600004,0],[98.083065747,4.53093562600003,0],[98.0829944230001,4.53075630600006,0],[98.082880376,4.53047131100004,0],[98.0828256830001,4.53029621400003,0],[98.082776714,4.53015145000006,0],[98.0827478530001,4.53008015200004,0],[98.082722243,4.53003134600004,0],[98.082698791,4.53000226100005,0],[98.0826589740001,4.52996219300007,0],[98.082578798,4.52988341900004,0],[98.0825679160001,4.52987272800004,0],[98.0825548460001,4.52985988600005,0],[98.0825143970001,4.52983320900006,0],[98.0824352530001,4.52979418600006,0],[98.082231655,4.52969362100004,0],[98.0821440980001,4.52967248100003,0],[98.082142655,4.52967213300008,0],[98.082052553,4.52965283300006,0],[98.082003967,4.52963304300005,0],[98.0819646800001,4.52960942000004,0],[98.0819352060001,4.52958745600006,0],[98.0818674720001,4.52950164900005,0],[98.081833771,4.52947058500007,0],[98.081747546,4.52941456400004,0],[98.081598565,4.52931132800006,0],[98.0815087730001,4.52924747300005,0],[98.0814933030001,4.52922662700007,0],[98.081467692,4.52917945800004,0],[98.081435017,4.52910103600004,0],[98.081393543,4.52899336400003,0],[98.0813925580001,4.52899080700007,0],[98.0813500820001,4.52888716300004,0],[98.0812921690001,4.52876817100002,0],[98.08127434,4.52875222400007,0],[98.0812560090001,4.52869823400005,0],[98.081225552,4.52862970600006,0],[98.081198902,4.52853262400004,0],[98.0811874810001,4.52846980600003,0],[98.081185577,4.52839556700008,0],[98.0811791300001,4.52831656700005,0],[98.081192269,4.52829027000007,0],[98.081193388,4.52828804500007,0],[98.0812371700001,4.52820098400002,0],[98.08125907,4.52815990800002,0],[98.0812929900001,4.52811609800005,0],[98.0813526370001,4.52802683100003,0],[98.0813966570001,4.52795127800005,0],[98.0814139780001,4.52788768800002,0],[98.0814271740001,4.52782357200005,0],[98.081444225,4.52772548500008,0],[98.0814530590001,4.52765314000004,0],[98.0814558700001,4.52758956200006,0],[98.081455964,4.52751557000005,0],[98.0814423580001,4.52737066400005,0],[98.081431621,4.52732752600002,0],[98.0814054750001,4.52726829800002,0],[98.081363524,4.52718438300008,0],[98.0813024940001,4.52707687100008,0],[98.0811962760001,4.52690216000002,0],[98.0811628230001,4.52683133200003,0],[98.0811372160001,4.52678142200006,0],[98.081045347,4.52658539200007,0],[98.0809811020001,4.52642834700004,0],[98.0809632560001,4.52631770300007,0],[98.080927086,4.52617936100006,0],[98.0809343070001,4.52608564000008,0],[98.080931723,4.52596888500005,0],[98.080925811,4.52588940300006,0],[98.0809155060001,4.52583458300006,0],[98.08090137,4.52578687700003,0],[98.0808899410001,4.52575068000004,0],[98.080861622,4.52568487300005,0],[98.0808301260001,4.52561788200006,0],[98.0807902860001,4.52551596500007,0],[98.0807892230001,4.52549458000004,0],[98.0807952640001,4.52547102400007,0],[98.0808034940001,4.52543485200005,0],[98.080801341,4.52541293200005,0],[98.0807860880001,4.52537892800007,0],[98.080763748,4.52533888200003,0],[98.080743591,4.52529829600007,0],[98.0807179980001,4.52523688000002,0],[98.0807056570001,4.52520237200002,0],[98.080696226,4.52517600300007,0],[98.0806826080001,4.52514694000007,0],[98.080666797,4.52512608800004,0],[98.080649335,4.52511456000002,0],[98.0806436030001,4.52511302700003,0],[98.0806307730001,4.52510959700004,0],[98.0806152920001,4.52510815200003,0],[98.0805373700001,4.52511386600003,0],[98.080495865,4.52511162400003,0],[98.0804641880001,4.52510774800004,0],[98.080442905,4.52509456000007,0],[98.0804369100001,4.52508140000003,0],[98.0804363980001,4.52505893000006,0],[98.080445162,4.52503481700006,0],[98.0804632100001,4.52501840400004,0],[98.0804834240001,4.52501349000005,0],[98.080497629,4.52500693200005,0],[98.0805036530001,4.52499707100003,0],[98.080505315,4.52498008600003,0],[98.0805034140001,4.52496129600007,0],[98.0805031520001,4.52495870800004,0],[98.0804938940001,4.52493786500003,0],[98.080475359,4.52491207900005,0],[98.0804596520001,4.52490022200004,0],[98.0804513520001,4.52489395700007,0],[98.0803982790001,4.52487607300003,0],[98.0803468350001,4.52485089600003,0],[98.0802774380001,4.52480133300003,0],[98.0802614990001,4.52478994900002,0],[98.0802500520001,4.52479027100003,0],[98.0802436280001,4.52481025800006,0],[98.0800403600001,4.52480737100007,0],[98.0799461330001,4.52480603200007,0],[98.0799461230001,4.52480597400006,0],[98.0799111730001,4.52459135200007,0],[98.079906973,4.52456556500005,0],[98.0799018470001,4.52453408600007,0],[98.0798830740001,4.52443498000002,0],[98.0798741550001,4.52440743900007,0],[98.079861066,4.52438714300007,0],[98.0798447060001,4.52437341800004,0],[98.079805406,4.52435308800005,0],[98.0797131560001,4.52430747100004,0],[98.079673847,4.52429482000002,0],[98.0796361720001,4.52428599800004,0],[98.0796083230001,4.52428431700002,0],[98.0795934670001,4.52428424700003,0],[98.0795570660001,4.52428407400004,0],[98.0795329440001,4.52429080600007,0],[98.079463548,4.52431318700008,0],[98.0793108190001,4.52427953700004,0],[98.0792925470001,4.52425557400005,0],[98.0790278060001,4.52390837200005,0],[98.0773812150001,4.52174891000004,0],[98.077241992,4.52156632200007,0],[98.0771589330001,4.52145739300005,0],[98.0771916040001,4.52141193900007,0],[98.0772093080001,4.52135879700006,0],[98.0772246830001,4.52128920200005,0],[98.077234607,4.52121796200004,0],[98.0772396010001,4.52115328400004,0],[98.0772322340001,4.52107191300007,0],[98.0772296090001,4.52104628900003,0],[98.0772218150001,4.52097019600006,0],[98.0772018040001,4.52081395400006,0],[98.077179469,4.52063736800005,0],[98.0771804080001,4.52059202000004,0],[98.0771842950001,4.52053995900008,0],[98.0771909150001,4.52049446800004,0],[98.0772079230001,4.52043036500004,0],[98.0772325930001,4.52035913600002,0],[98.0772654780001,4.52027038600005,0],[98.077296141,4.52020629200007,0],[98.0773421310001,4.52011810200003,0],[98.077438133,4.51995626700005,0],[98.0775106930001,4.51984590000006,0],[98.0776086440001,4.51970187400002,0],[98.0776899990001,4.51958257100006,0],[98.07770658,4.51956935400005,0],[98.0777360910001,4.51955459300007,0],[98.0777830760001,4.51954204400005,0],[98.077893966,4.51952903300003,0],[98.078028325,4.51952591100007,0],[98.0781293640001,4.51952713400004,0],[98.078183988,4.51952501500006,0],[98.078242978,4.51952016000007,0],[98.0782790370001,4.51951581900005,0],[98.078281438,4.51951505300002,0],[98.0783047180001,4.51950762900003,0],[98.0783393010001,4.51948924200002,0],[98.0784184130001,4.51942884200002,0],[98.0784670770001,4.51938560200006,0],[98.0785124660001,4.51934510000007,0],[98.0785392700001,4.51931114900003,0],[98.0785584280001,4.51927883600007,0],[98.0785819740001,4.51922624800005,0],[98.0785956770001,4.51918898800005,0],[98.0786028240001,4.51915337600008,0],[98.0786083340001,4.51911610600007,0],[98.078603833,4.51903447700005,0],[98.0785937220001,4.51897375500005,0],[98.078582893,4.51889864500004,0],[98.0785775260001,4.51882355100003,0],[98.0785716710001,4.51870624000003,0],[98.0785685160001,4.51860648100006,0],[98.078570911,4.51853713600002,0],[98.0785737200001,4.51845578300004,0],[98.0785780570001,4.51840258800007,0],[98.0785885230001,4.51833737300007,0],[98.0786132330001,4.51822668700004,0],[98.0786734500001,4.51795878200005,0],[98.0786890620001,4.51787050500008,0],[98.078695704,4.51779980400005,0],[98.0786974710001,4.51776656600003,0],[98.0786990550001,4.51773677800003,0],[98.078702455,4.51764305200004,0],[98.0787027900001,4.51751471800003,0],[98.0787086670001,4.51747698300005,0],[98.0787097410001,4.51747327100003,0],[98.078722934,4.51742766700005,0],[98.0787442870001,4.51738494400007,0],[98.078789176,4.51730497500006,0],[98.0788275070001,4.51724173300005,0],[98.0788296760001,4.51723815300005,0],[98.0788482940001,4.51719815800004,0],[98.0788550390001,4.51717410000003,0],[98.078888271,4.51705557300005,0],[98.0789147240001,4.51692583500005,0],[98.078943849,4.51678773700007,0],[98.0789457210001,4.51677452000007,0],[98.0789548720001,4.51670992300006,0],[98.078960404,4.51665401900004,0],[98.0789615520001,4.51660853000004,0],[98.0789577790001,4.51657015400002,0],[98.078947821,4.51649187400005,0],[98.0789187390001,4.51634372900003,0],[98.078878064,4.51611292500007,0],[98.0788606740001,4.51604438200008,0],[98.0788465360001,4.51599832200003,0],[98.0788280120001,4.51595664400003,0],[98.0788105720001,4.51592756700006,0],[98.0787463450001,4.51584847600003,0],[98.0787178630001,4.51581837800006,0],[98.0787097410001,4.51581286400005,0],[98.0786943940001,4.51580244600007,0],[98.0786452670001,4.51578430100005,0],[98.078574825,4.51577160200003,0],[98.078479815,4.51575010700003,0],[98.078394626,4.51572445400006,0],[98.0782843440001,4.51569088100007,0],[98.078281438,4.51569000000006,0],[98.0781953530001,4.51566391200004,0],[98.0781456780001,4.51564411100003,0],[98.0780905510001,4.51561663300004,0],[98.0780294210001,4.51558202800004,0],[98.0779808460001,4.51555511000004,0],[98.0779087990001,4.51551445800004,0],[98.0778089180001,4.51546060900006,0],[98.0777008310001,4.51541662800003,0],[98.077534879,4.51535009400004,0],[98.077325262,4.51526596600007,0],[98.0772542860001,4.51524175100008,0],[98.0771603790001,4.51521751600006,0],[98.0770517060001,4.51520203700005,0],[98.0769266520001,4.51518981100003,0],[98.0760839170001,4.51505831300005,0],[98.0761141420001,4.51454277900007,0],[98.0761233530001,4.51438568200007,0],[98.0762144280001,4.51283228400007,0],[98.0762174100001,4.51278141100005,0],[98.0762223180001,4.51269769100003,0],[98.075433446,4.51271542400002,0],[98.075219378,4.51272240400004,0],[98.0748657770001,4.51275443600002,0],[98.0746748380001,4.51277485500003,0],[98.0742618260001,4.51281902200003,0],[98.073909444,4.51285670500005,0],[98.0728366220001,4.51297142900006,0],[98.0719014860001,4.51297056900006,0],[98.0713232840001,4.51297003600007,0],[98.070525516,4.51296930100006,0],[98.0698070820001,4.51285478900007,0],[98.069322808,4.51277418700005,0],[98.0687243560001,4.51266411000006,0],[98.0681428220001,4.51255661400006,0],[98.0674950220001,4.51243630600004,0],[98.066627672,4.51227522100004,0],[98.0655823500001,4.51208108300006,0],[98.0655017110001,4.51205181600005,0],[98.0652025300001,4.51194323300007,0],[98.0646922700001,4.51175804200005,0],[98.064375877,4.51164321200002,0],[98.0639729250001,4.51152196600003,0],[98.0632403710001,4.51133321800006,0],[98.06322535,4.51132936500005,0],[98.0628639000001,4.51123665700004,0],[98.0627138630001,4.51119663900005,0],[98.0624027320001,4.51110430400007,0],[98.062032544,4.51099444300007,0],[98.0619612850001,4.51093057800006,0],[98.0619256840001,4.51079770400003,0],[98.061801184,4.51002111100007,0],[98.0617048890001,4.50959321000005,0],[98.061541199,4.50886582000004,0],[98.0613759970001,4.50813171300007,0],[98.061326459,4.50731947000003,0],[98.0613075090001,4.50671063100003,0],[98.0612876170001,4.50607150000008,0],[98.061492124,4.50541773800006,0],[98.0617200180001,4.50468920700007,0],[98.0620622470001,4.50373456300002,0],[98.0622216570001,4.50333093100005,0],[98.062427046,4.50282933300002,0],[98.06250305,4.50264371700007,0],[98.0629293420001,4.50168699700004,0],[98.0632583380001,4.50094863500004,0],[98.0633576120001,4.50075171700007,0],[98.0634141990001,4.50063947300004,0],[98.063520784,4.50042805300006,0],[98.063792403,4.49988927400005,0],[98.0640452000001,4.49944650800006,0],[98.064083365,4.49937966300007,0],[98.0644176760001,4.49882513500006,0],[98.064966843,4.49794904500004,0],[98.065362668,4.49731758300004,0],[98.065722017,4.49672970400007,0],[98.0659206340001,4.49640477400004,0],[98.065997816,4.49622396100006,0],[98.0661136950001,4.49595249100003,0],[98.0664656120001,4.49505554600006,0],[98.0667087640001,4.49404506800005,0],[98.066718397,4.49389070400002,0],[98.0667533920001,4.49332993200005,0],[98.0667632700001,4.49317164000007,0],[98.06674589,4.49309267100006,0],[98.0666349900001,4.49258878700005,0],[98.0664075930001,4.49218713900007,0],[98.0659828130001,4.49143685900003,0],[98.0657574830001,4.49113716300008,0],[98.0657351980001,4.49110752300004,0],[98.065501892,4.49079721700002,0],[98.0652028760001,4.49039951500004,0],[98.0648667020001,4.48995827900006,0],[98.0647099270001,4.48978018000003,0],[98.0638096160001,4.48902975800007,0],[98.0637027510001,4.48894068500005,0],[98.0630891050001,4.48842920000004,0],[98.0630671950001,4.48841093800007,0],[98.0623963960001,4.48772760900005,0],[98.062361351,4.48761841800007,0],[98.0623138770001,4.48734727100003,0],[98.0623068890001,4.48691597500004,0],[98.06233131,4.48679091400004,0],[98.0624240010001,4.48631624300003,0],[98.0626510060001,4.48562662800003,0],[98.0627253550001,4.48540076400008,0],[98.0628499890001,4.48510928100006,0],[98.063148766,4.48441052100003,0],[98.0634597060001,4.48353361600005,0],[98.0634827210001,4.48300667000007,0],[98.0634862850001,4.48292506400003,0],[98.0633624600001,4.48260506900004,0],[98.0631905130001,4.48216071500002,0],[98.063036186,4.48194914400005,0],[98.062806122,4.48163374500007,0],[98.0623018320001,4.48094240300003,0],[98.062096437,4.48045719500004,0],[98.0620266930001,4.48029243800005,0],[98.0617166110001,4.47955992300007,0],[98.0616738040001,4.47945879800005,0],[98.0616022280001,4.47928971300007,0],[98.061509028,4.47897043300003,0],[98.061462648,4.47881154400005,0],[98.061388836,4.47855868200003,0],[98.061285222,4.47842545700007,0],[98.0611569820001,4.47826056600007,0],[98.0609608660001,4.47820850000005,0],[98.0606816440001,4.47813437000002,0],[98.0605299420001,4.47812263900005,0],[98.0604979000001,4.47812088800003,0],[98.0602577600001,4.47810776700004,0],[98.060037724,4.47809776400004,0],[98.0598078200001,4.47811042300003,0],[98.0597956600001,4.47811109300005,0],[98.0595314990001,4.47814193900007,0],[98.0592709920001,4.47827406400006,0],[98.0592371930001,4.47829120700004,0],[98.0591660170001,4.47832730600004,0],[98.0590733600001,4.47836896000007,0],[98.0588601900001,4.47846479100002,0],[98.0585049210001,4.47870183500004,0],[98.0580790260001,4.47900742100006,0],[98.0580407990001,4.47903484900007,0],[98.0578303130001,4.47878712100004,0],[98.0577831890001,4.47873165900006,0],[98.0576903730001,4.47859968700004,0],[98.057687075,4.47859499700007,0],[98.0576696580001,4.47856470200003,0],[98.057632825,4.47850063100003,0],[98.0576261530001,4.47848138700004,0],[98.0576168320001,4.47845450300002,0],[98.057577704,4.47834164400007,0],[98.057581401,4.47828389800003,0],[98.0575892290001,4.47826412200004,0],[98.057664124,4.47807491000003,0],[98.0576824710001,4.47796988000005,0],[98.0576971290001,4.47792816800006,0],[98.0577979890001,4.47764116900004,0],[98.0578248910001,4.47748994600005,0],[98.0577621150001,4.47735009700006,0],[98.0575924450001,4.47725797500004,0],[98.0572605190001,4.47724414500004,0],[98.057092588,4.47728413600004,0],[98.056991505,4.47726294400007,0],[98.0569510430001,4.47723944600006,0],[98.056867196,4.47718707500007,0],[98.056789456,4.47713057300007,0],[98.0567070070001,4.47702258800007,0],[98.0567069840001,4.47702255300004,0],[98.05666947,4.47697341800006,0],[98.056645088,4.47687644800004,0],[98.0566372040001,4.47684509500004,0],[98.0566272180001,4.47683426700007,0],[98.056486555,4.47668174900002,0],[98.0564162140001,4.47660547900006,0],[98.0563164590001,4.47655960300006,0],[98.055914467,4.47639470000007,0],[98.0557516910001,4.47625556400004,0],[98.0556968690001,4.47620870400004,0],[98.055515713,4.47605385700007,0],[98.055410694,4.47599312000006,0],[98.0552227860001,4.47588444300004,0],[98.055131616,4.47583171500003,0],[98.0551034040001,4.47580513700007,0],[98.0550767760001,4.47574287600003,0],[98.0550730950001,4.47566517000007,0],[98.055075662,4.47564709800002,0],[98.055093135,4.47552408500007,0],[98.0551058710001,4.47543442000006,0],[98.055098866,4.47531809600002,0],[98.055083219,4.47524627700005,0],[98.055027839,4.47519621900005,0],[98.055014321,4.47518400000007,0],[98.0549670620001,4.47516168100003,0],[98.0549018660001,4.47514452200005,0],[98.054900209,4.47514408600006,0],[98.0548966320001,4.47514440800006,0],[98.0548009380001,4.47515301400006,0],[98.0547508340001,4.47514759500007,0],[98.0547027630001,4.47514239500003,0],[98.054658438,4.47511936200004,0],[98.054628441,4.47508055100008,0],[98.0546362430001,4.47496140700002,0],[98.0546687630001,4.47487813000004,0],[98.054662007,4.47456794900006,0],[98.0547308150001,4.47446608400003,0],[98.0547158260001,4.47436167500007,0],[98.0546854040001,4.47414975500004,0],[98.054672672,4.47406106200003,0],[98.0545953380001,4.47393365700003,0],[98.0545878390001,4.47392130300005,0],[98.054592739,4.47391207300006,0],[98.0546298150001,4.47384223200004,0],[98.0545404810001,4.47366037200004,0],[98.0545182980001,4.47365151700006,0],[98.054414159,4.47360994900004,0],[98.0543326090001,4.47358743600006,0],[98.0541876980001,4.47354743100004,0],[98.0541641340001,4.47352051500008,0],[98.0540995960001,4.47344679800005,0],[98.053864708,4.47321838300007,0],[98.0536289550001,4.47298328000005,0],[98.0534886190001,4.47283911500006,0],[98.053202442,4.47243446800007,0],[98.053134033,4.47236283100005,0],[98.0529546340001,4.47217496900004,0],[98.052792835,4.47200553700003,0],[98.052705685,4.47190447100007,0],[98.0523026290001,4.47143705300005,0],[98.0523020570001,4.47138502300004,0],[98.0523009250001,4.47128197700005,0],[98.0522419160001,4.47128823100007,0],[98.05217408,4.47126456900003,0],[98.0521376140001,4.47123246100006,0],[98.052057125,4.47116943900005,0],[98.0519739600001,4.47111712200007,0],[98.0519134560001,4.47106285700005,0],[98.0518571480001,4.47101235600007,0],[98.0518096100001,4.47096972100007,0],[98.0516237790001,4.47083713100005,0],[98.0515818050001,4.47082882000007,0],[98.0515499380001,4.47085128300006,0],[98.0515025920001,4.47086222300004,0],[98.0514491870001,4.47085353800003,0],[98.051405356,4.47081806100005,0],[98.051402647,4.47081321400003,0],[98.0513785320001,4.47077006500007,0],[98.0513378110001,4.47069720200005,0],[98.0512377050001,4.47063906500006,0],[98.051215052,4.47062590900003,0],[98.05111587,4.47056831000003,0],[98.0510385530001,4.47052340800008,0],[98.0509529320001,4.47045999700003,0],[98.050853917,4.47040171500004,0],[98.0506984030001,4.47037670500004,0],[98.0506569990001,4.47029992700004,0],[98.0506481840001,4.47028358100005,0],[98.0505838670001,4.47023084500006,0],[98.050570442,4.47021733700007,0],[98.050540234,4.47018694100007,0],[98.0504766970001,4.47012300800003,0],[98.0504295800001,4.47005865700004,0],[98.0503895430001,4.46997985900003,0],[98.0503779060001,4.46995027800006,0],[98.0503469640001,4.46987162200003,0],[98.0502736440001,4.46977812400007,0],[98.0502199350001,4.46968526700005,0],[98.0501840630001,4.46959849600006,0],[98.050139953,4.46951654200006,0],[98.050125177,4.46943888700002,0],[98.0501222880001,4.46942370500005,0],[98.0501259230001,4.46939328900004,0],[98.0501391620001,4.46928252200007,0],[98.0501609760001,4.46921182100004,0],[98.0501728610001,4.46903844900004,0],[98.050137304,4.46887326500007,0],[98.0500611510001,4.46878922200005,0],[98.0500521600001,4.46876683300007,0],[98.0500171770001,4.46867972500007,0],[98.049962157,4.46859254300006,0],[98.0498971810001,4.46854288200007,0],[98.0498868770001,4.46853500700007,0],[98.049876784,4.46848220600003,0],[98.0498730620001,4.46846273300002,0],[98.04987077,4.46845074200007,0],[98.0498720130001,4.46844240800004,0],[98.0498929,4.46830238600006,0],[98.0498787370001,4.46818940300005,0],[98.0498135230001,4.46812248300006,0],[98.0497825260001,4.46809067500004,0],[98.049606135,4.46803492100003,0],[98.049605338,4.46803390400004,0],[98.049559581,4.46797552800007,0],[98.0495045390001,4.46790530600003,0],[98.0494458090001,4.46784452600002,0],[98.0494221310001,4.46782308400003,0],[98.0492850360001,4.46769893700002,0],[98.0492315070001,4.46760659300003,0],[98.0492167990001,4.46747646400007,0],[98.049213002,4.46744287100006,0],[98.0492047390001,4.46744443500006,0],[98.048775451,4.46752571200005,0],[98.048681866,4.46751491600003,0],[98.0486324650001,4.46745856300004,0],[98.0485822380001,4.46740126800006,0],[98.0484286010001,4.46722601100004,0],[98.0484020260001,4.46718398000007,0],[98.048231205,4.46691548900003,0],[98.0480860000001,4.46668725900003,0],[98.047757087,4.46618203400004,0],[98.0476643260001,4.46610821000007,0],[98.047553909,4.46602033400006,0],[98.0474858520001,4.46596617100005,0],[98.0474565330001,4.46594283800005,0],[98.047444527,4.46593456900007,0],[98.0472191120001,4.46577932600007,0],[98.0469382470001,4.46561882500004,0],[98.0468281670001,4.46548324800006,0],[98.0467971450001,4.46536588200007,0],[98.046772408,4.46527229400004,0],[98.046742738,4.46516004200004,0],[98.046710138,4.46499890500007,0],[98.0466339850001,4.46462248700004,0],[98.0466343180001,4.46456362000004,0],[98.046607017,4.46446878200004,0],[98.0465692960001,4.46433774500002,0],[98.0465616820001,4.46432446000006,0],[98.0465368930001,4.46428120700006,0],[98.0465241110001,4.46425890500007,0],[98.046486568,4.46419339600004,0],[98.0464606830001,4.46414823000003,0],[98.046399647,4.46410727600005,0],[98.046267706,4.46402434900006,0],[98.046264003,4.46402202200005,0],[98.0461384980001,4.46394314100007,0],[98.0459702810001,4.46383373000003,0],[98.045957748,4.46382557800007,0],[98.0458993460001,4.46377290200007,0],[98.0458667940001,4.46369091900004,0],[98.045874515,4.46361820900006,0],[98.0458766780001,4.46359783800006,0],[98.0458778140001,4.46358714300004,0],[98.045881996,4.46358214300005,0],[98.0459646340001,4.46348333300006,0],[98.045972787,4.46347358500003,0],[98.046057009,4.46337288100005,0],[98.0462399150001,4.46330621600003,0],[98.0463332960001,4.46329245500004,0],[98.046340565,4.46329138400006,0],[98.046433371,4.46328741800005,0],[98.0465368270001,4.46325477600004,0],[98.046632742,4.46319535600003,0],[98.0467929220001,4.46303660200005,0],[98.0468311480001,4.46293832300006,0],[98.0468354290001,4.46284642300003,0],[98.0468367460001,4.46281815100002,0],[98.046779138,4.46264014500002,0],[98.0467745810001,4.46262606500005,0],[98.046718802,4.46245370800006,0],[98.04664024,4.46221095600004,0],[98.0466082250001,4.46210524700007,0],[98.046600658,4.46208026200003,0],[98.0465706360001,4.46198113700007,0],[98.0464690850001,4.46169903800006,0],[98.046470748,4.46142433000006,0],[98.046472926,4.46106446800007,0],[98.0464730310001,4.46104709000002,0],[98.0464750940001,4.46070628500007,0],[98.0464766590001,4.46044777700007,0],[98.0464768320001,4.46041923000007,0],[98.046478542,4.46013674500006,0],[98.0464793500001,4.46000316900006,0],[98.046479967,4.45990129000006,0],[98.046429275,4.45981576600008,0],[98.0463247420001,4.45963940500008,0],[98.0462545390001,4.45952096400003,0],[98.046226559,4.45947375700007,0],[98.0461876160001,4.45943560300003,0],[98.0460697230001,4.45932010000007,0],[98.0459290490001,4.45918227700002,0],[98.0458573210001,4.45911160700007,0],[98.045765035,4.45902068200007,0],[98.045763041,4.45901871800004,0],[98.0457254950001,4.45897421000006,0],[98.0455305020001,4.45874306100006,0],[98.045523582,4.45873485800007,0],[98.0454651730001,4.45867954100004,0],[98.045416634,4.45863357100006,0],[98.0453338300001,4.45855515000005,0],[98.0453049440001,4.45852779300003,0],[98.045288999,4.45850290200002,0],[98.0452360770001,4.45842028600003,0],[98.0451824690001,4.45833660100004,0],[98.0451737640001,4.45830753700005,0],[98.045153655,4.45824040000002,0],[98.045153971,4.45822650900004,0],[98.0451546140001,4.45819820000003,0],[98.0451566890001,4.45810685800006,0],[98.0452230690001,4.45790427500003,0],[98.0452873360001,4.45765214200003,0],[98.0452962730001,4.45761708200007,0],[98.0452848520001,4.45746657800004,0],[98.0452640300001,4.45742330500002,0],[98.045224966,4.45734212300005,0],[98.0452177860001,4.45732720100006,0],[98.0451927120001,4.45726011100004,0],[98.045139841,4.45711864400005,0],[98.045138578,4.45709328400005,0],[98.0451364830001,4.45705122700002,0],[98.0451357330001,4.45703616000003,0],[98.0451339110001,4.45699957300008,0],[98.0451348750001,4.45696388000005,0],[98.0451353000001,4.45694812100004,0],[98.0451365440001,4.45690204600004,0],[98.0451604840001,4.45682908200007,0],[98.045229163,4.45677088300005,0],[98.0452889460001,4.45673282000007,0],[98.0452902280001,4.45673200400006,0],[98.0453658360001,4.45668386600005,0],[98.045555532,4.45658105100006,0],[98.045586191,4.45655138300003,0],[98.0455985080001,4.45653946400006,0],[98.0456475160001,4.45646896800002,0],[98.0456457440001,4.45643314400007,0],[98.0456431920001,4.45638156800004,0],[98.0456415460001,4.45634830000006,0],[98.0456461410001,4.45630678100002,0],[98.045650241,4.45626972800005,0],[98.045654707,4.45622936500007,0],[98.0456720620001,4.45618568400005,0],[98.045673692,4.45618158200006,0],[98.0458001110001,4.45594996500006,0],[98.045808176,4.45593518900006,0],[98.045811363,4.45593194800006,0],[98.0459152020001,4.45582633800007,0],[98.045972695,4.45567361700006,0],[98.0459872170001,4.45563504100005,0],[98.0459889830001,4.45563035000004,0],[98.045949486,4.45557049100006,0],[98.0459272160001,4.45553673900002,0],[98.04591106,4.45551225400004,0],[98.045908737,4.45551090800006,0],[98.045896068,4.45550357000008,0],[98.0458737770001,4.45549065900002,0],[98.0458175240001,4.45547498000008,0],[98.0457234140001,4.45538346900003,0],[98.0457019780001,4.45534886400003,0],[98.04565087,4.45526635700003,0],[98.0455519550001,4.45494035700005,0],[98.0455508110001,4.45482093600003,0],[98.0455489810001,4.45462993100006,0],[98.0455482190001,4.45455034000003,0],[98.0455475810001,4.45436988500006,0],[98.045536197,4.45432200400006,0],[98.0454990430001,4.45428653500005,0],[98.0454361210001,4.45426252000004,0],[98.0454254080001,4.45425477900005,0],[98.045346452,4.45419772100007,0],[98.045328441,4.45418470600004,0],[98.0452781690001,4.45412152700004,0],[98.0451071680001,4.45380114400007,0],[98.0450928970001,4.45365520200005,0],[98.0450922510001,4.45364859300003,0],[98.04508645,4.45358926700004,0],[98.0450817500001,4.45354119900003,0],[98.0450975560001,4.45351164700003,0],[98.045155219,4.45340384100007,0],[98.0451754700001,4.45336598100005,0],[98.045210738,4.45330004500005,0],[98.045208212,4.45327323400005,0],[98.045192478,4.45310624100006,0],[98.045190995,4.45310266600006,0],[98.0451649880001,4.45303999800007,0],[98.0451197360001,4.45293095700004,0],[98.045116368,4.45285260800006,0],[98.04511418,4.45280171200005,0],[98.0451352650001,4.45273729000007,0],[98.0451542200001,4.45265690000002,0],[98.0451829420001,4.45262057400004,0],[98.045291063,4.45248382900007,0],[98.0453335620001,4.45243007800002,0],[98.0453894830001,4.45233537600006,0],[98.0453931760001,4.45228619900007,0],[98.045365561,4.45217183400007,0],[98.0453397080001,4.45206477200003,0],[98.0453388070001,4.45206103900006,0],[98.0452506680001,4.45199151900005,0],[98.045136272,4.45194230700002,0],[98.0450647650001,4.45187217600005,0],[98.0450375120001,4.45184544800003,0],[98.0450166370001,4.45183308300005,0],[98.044968338,4.45180447500007,0],[98.0449399770001,4.45171220800006,0],[98.044941506,4.45169286100003,0],[98.0449507480001,4.45157589200005,0],[98.044937743,4.45149091300004,0],[98.0448925190001,4.45141320800008,0],[98.0448687430001,4.45137235500005,0],[98.0448353950001,4.45135572600003,0],[98.0447872500001,4.45133171800006,0],[98.0446908330001,4.45128363900005,0],[98.0446066800001,4.45126728400004,0],[98.0443152990001,4.45116687800004,0],[98.0442497380001,4.45114428700003,0],[98.0441894510001,4.45111118100004,0],[98.0441740050001,4.45110269900005,0],[98.0439347370001,4.45093850800004,0],[98.043859577,4.45085279100005,0],[98.0438532150001,4.45084553600003,0],[98.0438525980001,4.45083694300007,0],[98.0438432870001,4.45070721600007,0],[98.0438244470001,4.45044474100007,0],[98.0438265390001,4.45027254500008,0],[98.0438895130001,4.45003500700005,0],[98.0438838520001,4.45000950300005,0],[98.043878749,4.44998651500003,0],[98.0438479250001,4.44984765100003,0],[98.0438508070001,4.44970384900006,0],[98.0438578310001,4.44964028900006,0],[98.0438767620001,4.44946897100004,0],[98.0439403650001,4.44933549800004,0],[98.043968679,4.44927608100005,0],[98.0439741010001,4.44919054400003,0],[98.0439803890001,4.44909135600005,0],[98.0439845230001,4.44902614100005,0],[98.043986223,4.44899932300007,0],[98.0439834220001,4.44899213400004,0],[98.043943078,4.44888860300006,0],[98.0439291640001,4.44885289500007,0],[98.0439419400001,4.44870335900004,0],[98.0439443750001,4.44867485900005,0],[98.0439567650001,4.44852983600003,0],[98.0439401040001,4.44841107600007,0],[98.0439360980001,4.44838252500006,0],[98.0438612400001,4.44827075700005,0],[98.0438482010001,4.44825957000006,0],[98.04382947,4.44824349900006,0],[98.0437571890001,4.44818148500002,0],[98.0437223790001,4.44815161900004,0],[98.0436097720001,4.44806552600005,0],[98.0435510550001,4.44802063400004,0],[98.043532714,4.44797362200006,0],[98.0434861000001,4.44785414100005,0],[98.0432633190001,4.44728311200004,0],[98.043257752,4.44726884200003,0],[98.043254871,4.44712920800004,0],[98.0432537890001,4.44707677200006,0],[98.043223288,4.44559848400007,0],[98.043218208,4.44535227800003,0],[98.0432166310001,4.44527586400005,0],[98.0432043270001,4.44467952500003,0],[98.0432030910001,4.44461962400004,0],[98.0431565910001,4.44429023200007,0],[98.0430773320001,4.44372878500008,0],[98.0429495810001,4.44282382900008,0],[98.04291362,4.44256909200004,0],[98.042848485,4.44210769700004,0],[98.042848479,4.44210765500003,0],[98.042829462,4.44197294600002,0],[98.0428276100001,4.44196574900008,0],[98.0421373840001,4.43928309300003,0],[98.0424778270001,4.43733899100005,0],[98.0423995740001,4.43566476900003,0],[98.0423229310001,4.43427609100007,0],[98.0414091950001,4.43259049100004,0],[98.0413092510001,4.43187596200005,0],[98.0411814230001,4.43115062800007,0],[98.0410527800001,4.43105712200003,0],[98.0410171610001,4.43094219800003,0],[98.0410387510001,4.43084170700007,0],[98.0411177120001,4.43063000300003,0],[98.0411126600001,4.43040753600008,0],[98.041044334,4.43016352800004,0],[98.041039809,4.43013784700003,0],[98.0410072560001,4.42995309900004,0],[98.0409416570001,4.42964740800005,0],[98.0409145610001,4.42942133900004,0],[98.040897525,4.42933015700004,0],[98.0408831870001,4.42925342200004,0],[98.0408803350001,4.42911408400005,0],[98.040863222,4.42893777800003,0],[98.0408418310001,4.42880128300004,0],[98.0408365700001,4.42878186500008,0],[98.0407605450001,4.42850127900005,0],[98.0407519880001,4.42838142000005,0],[98.040748599,4.42833555600004,0],[98.0407635810001,4.42825217500007,0],[98.040765535,4.42824129900004,0],[98.0407633120001,4.42823086100003,0],[98.040752287,4.42817908600006,0],[98.040746771,4.42809327200007,0],[98.0407101170001,4.42791748800005,0],[98.0407094010001,4.42791405500003,0],[98.0406879830001,4.42781133900007,0],[98.0406388960001,4.42757593300007,0],[98.040627563,4.42746586100003,0],[98.0405904850001,4.42728813300005,0],[98.0405534070001,4.42713599800004,0],[98.040519181,4.42692983400002,0],[98.0404835290001,4.42676063700003,0],[98.040463564,4.42661959200007,0],[98.04046499,4.42652148600007,0],[98.0404451910001,4.42632669400007,0],[98.0404222080001,4.42616603000005,0],[98.0404193250001,4.42608171400002,0],[98.0404179290001,4.42604090900005,0],[98.040400816,4.42590867900003,0],[98.0403822100001,4.42583764000005,0],[98.0403645590001,4.42576895800005,0],[98.040343002,4.42572721800002,0],[98.0403134690001,4.42567003200003,0],[98.040269848,4.42562088800003,0],[98.0401934490001,4.42555642200006,0],[98.0400843480001,4.42548434700007,0],[98.0400362650001,4.42544423500004,0],[98.0399319960001,4.42535772600007,0],[98.0397012600001,4.42516629300007,0],[98.0393622390001,4.42488502000003,0],[98.039300804,4.42482729000005,0],[98.0392432960001,4.42477324900005,0],[98.038999081,4.42454376100005,0],[98.0387705410001,4.42432900200004,0],[98.0387210210001,4.42428112900006,0],[98.0383749010001,4.42394652300004,0],[98.0382433330001,4.42381933200005,0],[98.0380795410001,4.42366327700006,0],[98.0378791830001,4.42347238500003,0],[98.0377512920001,4.42333186600007,0],[98.0377265530001,4.42330468300003,0],[98.03760908,4.42322187700006,0],[98.0374899220001,4.42314255900004,0],[98.0374463730001,4.42311357000006,0],[98.0373564290001,4.42304753400003,0],[98.0374021200001,4.42295603700006,0],[98.037657713,4.42244420300005,0],[98.0376767010001,4.42240617700003,0],[98.0377276680001,4.42230411500003,0],[98.03776036,4.42223911500002,0],[98.0379563600001,4.42184941400006,0],[98.0379907210001,4.42178109500003,0],[98.038098656,4.42156608200003,0],[98.038179975,4.42140409100006,0],[98.0382575230001,4.42125687500004,0],[98.0383394830001,4.42110128400003,0],[98.038448653,4.42089019100007,0],[98.0385097000001,4.42077215000006,0],[98.03864064,4.42052559500007,0],[98.0386476900001,4.42050958800007,0],[98.038708855,4.42037070500004,0],[98.0387852740001,4.42019718700004,0],[98.0387929650001,4.42017972400004,0],[98.0385724530001,4.42018706300007,0],[98.0384224090001,4.42016701500006,0],[98.0384283170001,4.42014843700002,0],[98.0384378190001,4.42011855600003,0],[98.0384620630001,4.42004888600007,0],[98.0385019930001,4.41993798200002,0],[98.0385216700001,4.41990528500003,0],[98.0385292570001,4.41989267800005,0],[98.038544775,4.41986689000004,0],[98.0385661670001,4.41980859500006,0],[98.0385689030001,4.41979222200007,0],[98.0385769010001,4.41974437800008,0],[98.0385768,4.41960360700006,0],[98.038576613,4.41959223400005,0],[98.0385761490001,4.41956403900002,0],[98.0385747230001,4.41947588500005,0],[98.038576703,4.41946897700007,0],[98.038576666,4.41941777200003,0],[98.038660609,4.41941624600003,0],[98.0386683950001,4.41941211900007,0],[98.0386952520001,4.41941049700006,0],[98.038713499,4.41941128400003,0],[98.038729979,4.41941199500008,0],[98.0387711340001,4.41940848000007,0],[98.0387683770001,4.41939431800006,0],[98.0387648110001,4.41937600400007,0],[98.0387634900001,4.41937281500003,0],[98.038769196,4.41934837000002,0],[98.0387595590001,4.41932528100006,0],[98.0387499190001,4.41930181800006,0],[98.0387516260001,4.41927672600002,0],[98.0387578780001,4.41922741100007,0],[98.0387523300001,4.41918486500003,0],[98.0387437110001,4.41914081100003,0],[98.0387317030001,4.41908951400006,0],[98.0387164100001,4.41905795900004,0],[98.0387171250001,4.41902329200002,0],[98.038695734,4.41896073100003,0],[98.0386720320001,4.41888998300004,0],[98.0386743430001,4.41884271900005,0],[98.0386682120001,4.41881979700003,0],[98.0386629340001,4.41880006300005,0],[98.038660082,4.41875883000006,0],[98.0386550170001,4.41870600000004,0],[98.038618725,4.41867209800006,0],[98.038584255,4.41865315300004,0],[98.038575,4.41862000000003,0],[98.0381783380001,4.41881916100004,0],[98.0381386280001,4.41883909900002,0],[98.038133788,4.41881910300003,0],[98.0381100180001,4.41872089000003,0],[98.0380075890001,4.41829768000002,0],[98.0379520000001,4.41806800000006,0],[98.037919931,4.41793139200007,0],[98.0379102850001,4.41789030200005,0],[98.0378329340001,4.41756079700002,0],[98.0378250000001,4.41752700000006,0],[98.0377531280001,4.41721621000005,0],[98.037877,4.41718200000003,0],[98.0378709560001,4.41715995900006,0],[98.037829715,4.41700955800007,0],[98.0378257260001,4.41699501300008,0],[98.0378088130001,4.41693333400002,0],[98.0382105740001,4.41682846700007,0],[98.038271389,4.41681749300005,0],[98.038303194,4.41676806000004,0],[98.0382901510001,4.41675163300005,0],[98.038291106,4.41670560100005,0],[98.0382761390001,4.41666104000006,0],[98.0382524240001,4.41662116300006,0],[98.0382344050001,4.41661183200006,0],[98.0381837420001,4.41659710200003,0],[98.038147198,4.41652645400006,0],[98.0380898400001,4.41649181600008,0],[98.0380305020001,4.41647414200003,0],[98.037974273,4.41640707600004,0],[98.0379516030001,4.41632947300008,0],[98.0379177740001,4.41623422500004,0],[98.0378451280001,4.41619346900006,0],[98.0377960120001,4.41619256500007,0],[98.0376784800001,4.41609709200003,0],[98.0375700980001,4.41605348900003,0],[98.037452209,4.41600799000003,0],[98.0373518170001,4.41598721600008,0],[98.0373514330001,4.41598713600007,0],[98.0372766990001,4.41596337600004,0],[98.0372569990001,4.41599302900005,0],[98.0372182290001,4.41604683800006,0],[98.0372167350001,4.41604906300006,0],[98.0371169780001,4.41619755400006,0],[98.0370574560001,4.41628187200007,0],[98.0370357960001,4.41631255600004,0],[98.0370334830001,4.41636215400007,0],[98.037030557,4.41641241000002,0],[98.036993361,4.41641092500004,0],[98.0369479130001,4.41641117000006,0],[98.036930162,4.41643073600005,0],[98.0369161560001,4.41644593200004,0],[98.0368810040001,4.41648288600004,0],[98.036779735,4.41663204500003,0],[98.036682,4.41677600000003,0],[98.036680828,4.41677531100004,0],[98.0363690470001,4.41659196800003,0],[98.036364,4.41658900000004,0],[98.036029,4.41639900000007,0],[98.0360229410001,4.41641290000007,0],[98.0360120000001,4.41643800000003,0],[98.0359846010001,4.41642918100007,0],[98.0358165110001,4.41637507300004,0],[98.0357757620001,4.41636012600003,0],[98.0357992340001,4.41629483000003,0],[98.0358354420001,4.41619410100003,0],[98.0358427400001,4.41617380000002,0],[98.0356675090001,4.41611914100002,0],[98.0356350000001,4.41610900000006,0],[98.0353014330001,4.41598336000004,0],[98.0352793230001,4.41597503200006,0],[98.035062382,4.41589331900002,0],[98.0348181080001,4.41579759800004,0],[98.0348117600001,4.41579511100002,0],[98.034479876,4.41566505800006,0],[98.034458634,4.41571181000006,0],[98.0344486870001,4.41573370200007,0],[98.034364677,4.41591860100004,0],[98.034334669,4.41598464500004,0],[98.034362838,4.41599671600005,0],[98.0344340710001,4.41602724100005,0],[98.0344190000001,4.41606700000006,0],[98.0343690060001,4.41618760300003,0],[98.034366838,4.41621403400006,0],[98.0343589700001,4.41623056200007,0],[98.03434702,4.41624063800003,0],[98.0343068070001,4.41633764700003,0],[98.034305857,4.41633993800002,0],[98.0342901450001,4.41637784000005,0],[98.034282239,4.41639691100005,0],[98.034243819,4.41648959400004,0],[98.034227398,4.41653656400007,0],[98.034207935,4.41659223800002,0],[98.034177119,4.41668038700004,0],[98.034157904,4.41673535100006,0],[98.0340663740001,4.41669989600007,0],[98.0340355280001,4.41668799300004,0],[98.03403008,4.41668573000004,0],[98.033957861,4.41687653900004,0],[98.0339175300001,4.41698310000004,0],[98.033883012,4.41707429800005,0],[98.03387051,4.41708933400002,0],[98.033820598,4.41725853300005,0],[98.0337380430001,4.41752674900005,0],[98.0337378850001,4.41752726100003,0],[98.0337368250001,4.41753105600003,0],[98.033714397,4.41761135300004,0],[98.0335354480001,4.41765112800005,0],[98.033476615,4.41766420500005,0],[98.0334303320001,4.41767432200004,0],[98.0334018120001,4.41767946900006,0],[98.0333800000001,4.41761200000008,0],[98.0333495150001,4.41762587200003,0],[98.0333239460001,4.41763183800003,0],[98.0332739,4.41763675800007,0],[98.033243714,4.41763678000007,0],[98.03321594,4.41762963400004,0],[98.0331717320001,4.41762110300004,0],[98.033162716,4.41762043700004,0],[98.0330947240001,4.41761541600005,0],[98.03303055,4.41761968100008,0],[98.032966377,4.41764100900002,0],[98.0328964990001,4.41765522700007,0],[98.0328223430001,4.41765807100006,0],[98.0327595950001,4.41764811800005,0],[98.0326840130001,4.41764243100005,0],[98.0326694240001,4.41763547400006,0],[98.0326184140001,4.41761115000003,0],[98.0325585180001,4.41755996400002,0],[98.0325066620001,4.41752945100006,0],[98.0324867560001,4.41751773800007,0],[98.0324832410001,4.41751567000006,0],[98.0324715280001,4.41750877700002,0],[98.0324230410001,4.41748034100004,0],[98.03237598,4.41743910700006,0],[98.032365998,4.41739019600004,0],[98.032351078,4.41733614700007,0],[98.0323232150001,4.41723521500006,0],[98.0322818590001,4.41710582700006,0],[98.0322633200001,4.41706885900004,0],[98.0322290940001,4.41703757900007,0],[98.0322019990001,4.41702904800007,0],[98.032198098,4.41702840000005,0],[98.0321845810001,4.41701910500007,0],[98.0321570250001,4.41701257500006,0],[98.0321476560001,4.41701366200004,0],[98.03213881,4.41701286300002,0],[98.032137133,4.41701271100004,0],[98.032124852,4.41701144600006,0],[98.0321134340001,4.41700427600006,0],[98.0320869500001,4.41697342800006,0],[98.032049005,4.41691818100003,0],[98.032010853,4.41686251100003,0],[98.031995276,4.41683978200007,0],[98.0319914990001,4.41683520200007,0],[98.031937295,4.41676947500002,0],[98.0318957760001,4.41671638500003,0],[98.031824923,4.41664680500003,0],[98.031772672,4.41658797900004,0],[98.0317012740001,4.41651584100003,0],[98.031683925,4.41649831200004,0],[98.031594634,4.41639236400005,0],[98.031555182,4.41634954100005,0],[98.0315390410001,4.41633202000003,0],[98.0315078460001,4.41629816000005,0],[98.031489155,4.41627960200003,0],[98.0313919860001,4.41617565700005,0],[98.0313514760001,4.41613384800007,0],[98.0312215700001,4.41599977500005,0],[98.031124596,4.41588744900002,0],[98.0310261970001,4.41579218600003,0],[98.0310252780001,4.41579142300003,0],[98.0308807370001,4.41567132900002,0],[98.03079232,4.41559739300004,0],[98.0307733110001,4.41557987600004,0],[98.0306981990001,4.41551066000005,0],[98.0306126340001,4.41543672400007,0],[98.030609107,4.41543332100002,0],[98.030588084,4.41541303600007,0],[98.0305864900001,4.41541149800003,0],[98.0305684260001,4.41539406900006,0],[98.0304914180001,4.41531018000006,0],[98.0304400790001,4.41525700300002,0],[98.0303773310001,4.41518306700004,0],[98.0303274190001,4.41511766200006,0],[98.0303058200001,4.41506962300002,0],[98.0302903410001,4.41503519500003,0],[98.030269413,4.41499114500004,0],[98.0302390020001,4.41492713500003,0],[98.0302133320001,4.41487737000006,0],[98.0302089100001,4.41487239100007,0],[98.030201123,4.41485359900003,0],[98.0301435910001,4.41479978000007,0],[98.0301233690001,4.41477774300006,0],[98.030081598,4.41472889900007,0],[98.030059409,4.41470295300007,0],[98.0300420570001,4.41468730900004,0],[98.030012131,4.41466032700004,0],[98.0299574810001,4.41455982800005,0],[98.029927833,4.41450252000004,0],[98.0299197940001,4.41448698200003,0],[98.0298759040001,4.41440625600006,0],[98.0298484320001,4.41435572900002,0],[98.0298211910001,4.41431641800006,0],[98.0298168020001,4.41430929400002,0],[98.0298077850001,4.41429465900006,0],[98.0297792100001,4.41424828000004,0],[98.0297415100001,4.41420873700002,0],[98.029738175,4.41420523900007,0],[98.0297084920001,4.41418626300003,0],[98.029706021,4.41418389500006,0],[98.02968121,4.41416802600003,0],[98.0296556330001,4.41415166700006,0],[98.0296052450001,4.41409953200002,0],[98.0295691170001,4.41403886700004,0],[98.029552444,4.41401843300002,0],[98.0295372840001,4.41399985500004,0],[98.029523483,4.41398294100003,0],[98.0294791960001,4.41394199700005,0],[98.0294557020001,4.41390586100005,0],[98.0294346900001,4.41388676200006,0],[98.0294149680001,4.41385458600007,0],[98.0293869340001,4.41376152300006,0],[98.0293802570001,4.41373935600006,0],[98.0293760370001,4.41372534700002,0],[98.029350885,4.41365485000006,0],[98.0293470220001,4.41358594000008,0],[98.0291802720001,4.41355498300004,0],[98.0291749730001,4.41355399900004,0],[98.029159452,4.41351937000007,0],[98.0291449870001,4.41348709700003,0],[98.0291169450001,4.41342453100003,0],[98.0291038490001,4.41339531300002,0],[98.029004779,4.41317427700005,0],[98.028989703,4.41314063900006,0],[98.0289805200001,4.41312015100004,0],[98.0288436740001,4.41303724300008,0],[98.0288108930001,4.41301738300007,0],[98.028774373,4.41299565800006,0],[98.028766508,4.41299098000007,0],[98.0287252310001,4.41296642600003,0],[98.0286546940001,4.41300667500008,0],[98.0286079900001,4.41303637900006,0],[98.02860716,4.41303693300006,0],[98.0285310880001,4.41308774200007,0],[98.028518395,4.41309621900007,0],[98.028477373,4.41309008900004,0],[98.028443522,4.41306720000006,0],[98.0284194600001,4.41305037700005,0],[98.028410384,4.41303667600005,0],[98.0283929980001,4.41301043300007,0],[98.028388137,4.41299564900004,0],[98.0283828560001,4.41297958800004,0],[98.02838009,4.41294371300006,0],[98.0283673500001,4.41287229900007,0],[98.0283402760001,4.41274707400004,0],[98.0283127000001,4.41263425300002,0],[98.028301109,4.41260672900006,0],[98.0282696240001,4.41258234500003,0],[98.0282045420001,4.41258239100006,0],[98.028190995,4.41252143300005,0],[98.0281801900001,4.41248208700006,0],[98.028166727,4.41241662500005,0],[98.028157444,4.41237148700003,0],[98.0281439810001,4.41232121200005,0],[98.0281209010001,4.41223502200006,0],[98.0281057350001,4.41216272500003,0],[98.028092675,4.41212991400005,0],[98.028069282,4.41203248400006,0],[98.028036768,4.41189706500006,0],[98.0280178360001,4.41182135200006,0],[98.027909003,4.41138608600005,0],[98.027903612,4.41136452500007,0],[98.02786875,4.41124464200004,0],[98.027858215,4.41120841200006,0],[98.0278547600001,4.41119779900004,0],[98.027790355,4.41099994100006,0],[98.0277516990001,4.41086257100005,0],[98.0277325690001,4.41077520200002,0],[98.0277302330001,4.41076453100004,0],[98.027711534,4.41069656000008,0],[98.02770825,4.41068462300007,0],[98.0276959560001,4.41063993500006,0],[98.027693904,4.41063247400007,0],[98.0276599170001,4.41056501300005,0],[98.0276454560001,4.41055633600007,0],[98.0275551430001,4.41050214900002,0],[98.0274832270001,4.41051472200007,0],[98.0274413170001,4.41051271000003,0],[98.027395384,4.41050206500006,0],[98.027382211,4.41049012700006,0],[98.0273743330001,4.41047469900008,0],[98.027370745,4.41045747400005,0],[98.0273710770001,4.41043970400005,0],[98.0274570750001,4.41023082700002,0],[98.0274707450001,4.41019796200004,0],[98.027473725,4.41019080000007,0],[98.0274898480001,4.41015203700005,0],[98.0275043710001,4.41009604600004,0],[98.027497177,4.41003575300005,0],[98.0274756620001,4.40995249800005,0],[98.027454156,4.40988072900007,0],[98.0273942490001,4.40978122400003,0],[98.0273799880001,4.40973951600006,0],[98.027360974,4.40969591300006,0],[98.0273248460001,4.40964851800004,0],[98.0273010780001,4.40961818500006,0],[98.0273338430001,4.40958429600005,0],[98.027439803,4.40948043500003,0],[98.0273940060001,4.40944530600007,0],[98.027246383,4.40933206500006,0],[98.0272124200001,4.40930601300005,0],[98.0271213350001,4.40923519800003,0],[98.0265630090001,4.40880112000002,0],[98.026239946,4.40854995100005,0],[98.02596714,4.40836609200005,0],[98.0258200540001,4.40826696100004,0],[98.025834069,4.40839475500007,0],[98.0260683100001,4.41053071800008,0],[98.026057301,4.41166033500002,0],[98.025852027,4.41365367300006,0],[98.025823292,4.41374697400005,0],[98.0257074350001,4.41482380100007,0],[98.0255412980001,4.41605851800006,0],[98.0244987,4.41589812200004,0],[98.0240419340001,4.41582751800007,0],[98.0225211360001,4.41564173900002,0],[98.022435854,4.41563132100003,0],[98.022171266,4.41559899800006,0],[98.020990403,4.41545474300005,0],[98.0209788860001,4.41545333600004,0],[98.020617701,4.41528681400007,0],[98.0206105650001,4.41529278700006,0],[98.0204599460001,4.41541884900005,0],[98.020460008,4.41550857900006,0],[98.0206031960001,4.41572383200003,0],[98.0207761840001,4.41593906400004,0],[98.020871668,4.41611845800003,0],[98.0208419100001,4.41617829900002,0],[98.0206038090001,4.41660319100004,0],[98.0205083710001,4.41648959900004,0],[98.02025187,4.41616674900007,0],[98.019870085,4.41566452600006,0],[98.0197282190001,4.41568080500002,0],[98.019557192,4.41566773600005,0],[98.0195487410001,4.41566864400005,0],[98.019277097,4.41569784300003,0],[98.019151949,4.41571288600005,0],[98.0190059230001,4.41570102400004,0],[98.0188926280001,4.41562034600003,0],[98.0187316190001,4.41548885300006,0],[98.0186064550001,4.41547996800006,0],[98.0184515030001,4.41548904900003,0],[98.0181564520001,4.41543840800006,0],[98.0179567200001,4.41533087100004,0],[98.0176050170001,4.41523241300007,0],[98.017295039,4.41514289900005,0],[98.0169403340001,4.41501154100007,0],[98.016433572,4.41476663100002,0],[98.0158753380001,4.41420739900002,0],[98.015667878,4.41412858100006,0],[98.0153995740001,4.41397084100004,0],[98.0154064610001,4.41358679000007,0],[98.0154813330001,4.41326370700006,0],[98.015495414,4.41294066700004,0],[98.0155668620001,4.41255682500002,0],[98.0153256720001,4.41259734900007,0],[98.0149302870001,4.41266013000006,0],[98.0143873420001,4.41274480700002,0],[98.0141023190001,4.41278755100006,0],[98.0138887270001,4.41280301300003,0],[98.0135377670001,4.41274200000004,0],[98.0133968840001,4.41269685900005,0],[98.01336803,4.41233795600004,0],[98.0134038960001,4.41216578000007,0],[98.013413841,4.41211803700003,0],[98.013401494,4.41200293900005,0],[98.0132726780001,4.41188338700005,0],[98.013062758,4.41169210700002,0],[98.0129959550001,4.41161558300007,0],[98.012952968,4.41150554300003,0],[98.0129004790001,4.41144336600007,0],[98.0128526880001,4.41128068700004,0],[98.012862135,4.41115146900006,0],[98.0129717250001,4.41104610900004,0],[98.0130432170001,4.41100777400004,0],[98.012447088,4.41080240400004,0],[98.011857127,4.41063246800007,0],[98.0116173120001,4.41056848000005,0],[98.0112691960001,4.41048257900007,0],[98.010887724,4.41042541400003,0],[98.0104776810001,4.41042091000003,0],[98.0102536160001,4.41045934900006,0],[98.010091559,4.41053603100005,0],[98.0097724620001,4.41069837700007,0],[98.00969596,4.41073729900006,0],[98.0094528290001,4.41078532300003,0],[98.0090948910001,4.41073026500004,0],[98.008861553,4.41070437200005,0],[98.0086135600001,4.41061361500005,0],[98.0081223550001,4.41045124000004,0],[98.0078361990001,4.41033179500005,0],[98.007549468,4.41022295900007,0],[98.007383131,4.41015982200003,0],[98.007278403,4.41040396100004,0],[98.0071974400001,4.41053801400005,0],[98.007044798,4.41043762000004,0],[98.0068015250001,4.41027507400003,0],[98.006558258,4.41012210000002,0],[98.0064151490001,4.41001691300005,0],[98.006314939,4.40989255500006,0],[98.006043058,4.40973002900006,0],[98.005838081,4.40979238200003,0],[98.0055568390001,4.40988828600007,0],[98.0053231410001,4.40978316100006,0],[98.0050847260001,4.40975461000005,0],[98.004812975,4.40978350800003,0],[98.0047507850001,4.40947727000002,0],[98.0045173780001,4.40917685800002,0],[98.0043308450001,4.40893677700006,0],[98.0040876790001,4.40893215700004,0],[98.0038208670001,4.40921469100005,0],[98.0037301990001,4.40909989700003,0],[98.003219905,4.40890881700005,0],[98.002947996,4.40870321900007,0],[98.0025664950001,4.40860058600003,0],[98.0023947980001,4.40852173900004,0],[98.0023830540001,4.40850141000004,0],[98.0023160360001,4.40838540100003,0],[98.0022228930001,4.40813421800004,0],[98.0020582610001,4.40792615400005,0],[98.0019436920001,4.40771805600002,0],[98.0019292010001,4.40743810600003,0],[98.0020003820001,4.40711438400007,0],[98.0020271010001,4.40660913900007,0],[98.0020331000001,4.40649569600004,0],[98.002181953,4.40624131200002,0],[98.002384588,4.40597398900007,0],[98.002425852,4.40591955200006,0],[98.002440805,4.40589324600006,0],[98.002643343,4.40588707400002,0],[98.0025454710001,4.40551553500006,0],[98.0024672220001,4.40543136100007,0],[98.0024395720001,4.40539685800007,0],[98.002373693,4.40531465400005,0],[98.0023270450001,4.40521871900006,0],[98.0022678390001,4.40522321700007,0],[98.0021608150001,4.40522835300004,0],[98.0021178860001,4.40523547500004,0],[98.002101135,4.40528092500006,0],[98.0020974670001,4.40534912800007,0],[98.002061596,4.40542805800004,0],[98.0020293110001,4.40549981200007,0],[98.0019756250001,4.40552845900004,0],[98.0019310110001,4.40554118900008,0],[98.0019255330001,4.40554275200003,0],[98.0018432720001,4.40554264100007,0],[98.0017539010001,4.40551021200002,0],[98.001660943,4.40548495800005,0],[98.0016108520001,4.40549925000005,0],[98.00153212,4.40553504300004,0],[98.0014856290001,4.40553139100007,0],[98.001410622,4.40545590200003,0],[98.0013856620001,4.40539843000005,0],[98.0013535690001,4.40532658900003,0],[98.001328662,4.40522962800003,0],[98.0013001400001,4.40516138200007,0],[98.001217975,4.40508947300003,0],[98.001148947,4.40504369100006,0],[98.0010993980001,4.40503570300007,0],[98.0009809430001,4.40502813400008,0],[98.0009396950001,4.40504124500006,0],[98.000905376,4.40505562500005,0],[98.000886795,4.40507573700006,0],[98.0008782370001,4.40511307100007,0],[98.0008654370001,4.40522219200005,0],[98.0008412010001,4.40534137100002,0],[98.0007554320001,4.40542039200005,0],[98.0006553210001,4.40544199500005,0],[98.0005652010001,4.40543200600007,0],[98.0004664100001,4.40539793300007,0],[98.0003534520001,4.40535031400003,0],[98.00027478,4.40534749600005,0],[98.000224749,4.40539490700007,0],[98.0002133460001,4.40545377800004,0],[98.0002376960001,4.40550544700005,0],[98.0002915410001,4.40550376300007,0],[98.0003878630001,4.40547232500006,0],[98.0004808450001,4.40548518300005,0],[98.000605297,4.40550089200002,0],[98.0007111570001,4.40551948500007,0],[98.0007655590001,4.40559266900004,0],[98.000802519,4.40564973500005,0],[98.000818538,4.40567446700004,0],[98.0008728480001,4.40578815000003,0],[98.0008869630001,4.40586112100004,0],[98.0008669680001,4.40590707700005,0],[98.0008250430001,4.40595591900006,0],[98.000761196,4.40601913200004,0],[98.0005848200001,4.40607189300005,0],[98.00046946,4.40610642800004,0],[98.000356014,4.40615053200003,0],[98.000274979,4.40617930000008,0],[98.0002216170001,4.40623676400003,0],[98.0001635080001,4.40632581600005,0],[98.0001339980001,4.40640144900004,0],[98.0000806350001,4.40645795600005,0],[98.0000250510001,4.40650069700007,0],[98.000011333,4.40651928000005,0],[97.9999928240001,4.40653321200006,0],[97.999964924,4.40654713900005,0],[97.999950927,4.40655178000003,0],[97.999932335,4.40656106100005,0],[97.999918445,4.40657034000003,0],[97.9998998600001,4.40657961600004,0],[97.999881385,4.40659352700004,0],[97.999858009,4.40659816300007,0],[97.999839438,4.40660743300003,0],[97.9998207080001,4.40661209200005,0],[97.999801926,4.40662145500005,0],[97.99978307,4.40662617000004,0],[97.999759554,4.40663554900004,0],[97.999745504,4.40664489600005,0],[97.9997219110001,4.40664962800003,0],[97.9997030500001,4.40665434400006,0],[97.99967953,4.40666372500004,0],[97.9996607450001,4.40667309000003,0],[97.9996418800001,4.40667780700005,0],[97.9996231740001,4.40669182000005,0],[97.9996043900001,4.40670118400004,0],[97.9995808670001,4.40671056700006,0],[97.999557344,4.40671995000002,0],[97.999529081,4.40672935100002,0],[97.9994810050001,4.40671391200004,0],[97.9994380850001,4.40669958400002,0],[97.9993532610001,4.40668320000003,0],[97.999325716,4.40666938300006,0],[97.999291273,4.40664869900007,0],[97.9992568310001,4.40664164400005,0],[97.9992361600001,4.40663468300005,0],[97.9992016910001,4.40661398700007,0],[97.9991810110001,4.40660702300005,0],[97.999141433,4.40656578600004,0],[97.999086107,4.40653806600005,0],[97.999029233,4.40653771600006,0],[97.998909708,4.40655828400003,0],[97.998811505,4.40658132100003,0],[97.9987458580001,4.40660646800006,0],[97.9987115470001,4.40661298200007,0],[97.9986840490001,4.40661958600003,0],[97.998663606,4.40661932700004,0],[97.9986358660001,4.40663287900003,0],[97.9986013120001,4.40664634500007,0],[97.9985738140001,4.40665294900003,0],[97.998546553,4.40665260600002,0],[97.9985190530001,4.40665920900005,0],[97.9984129640001,4.40666294500005,0],[97.998365289,4.40666872000003,0],[97.9983252430001,4.40667544600007,0],[97.9982756640001,4.40668600800007,0],[97.9982384830001,4.40669847600003,0],[97.9981889090001,4.40671669400007,0],[97.9981603300001,4.40675978400003,0],[97.9981279290001,4.40679043400007,0],[97.998087329,4.40682264900005,0],[97.9980593820001,4.40683632800005,0],[97.998031343,4.40685006000007,0],[97.997996603,4.40685684000005,0],[97.9979687620001,4.40686365600004,0],[97.9979342920001,4.40686347900004,0],[97.9978929320001,4.40686326700006,0],[97.9978722530001,4.40686316100005,0],[97.9978308990001,4.40686294900007,0],[97.997803333,4.40686280700004,0],[97.9977757680001,4.40686266600005,0],[97.9977489540001,4.40684165900007,0],[97.997707608,4.40684144800002,0],[97.997687183,4.40683438600007,0],[97.9976389510001,4.40683414100005,0],[97.997604503,4.40683396500003,0],[97.9975700580001,4.40683379000006,0],[97.9975425040001,4.40683364900002,0],[97.997514714,4.40684046300004,0],[97.9974871650001,4.40684032300004,0],[97.99746817,4.40684403600005,0],[97.9974524960001,4.40684710000005,0],[97.997431604,4.40685394700006,0],[97.9974076870001,4.40686570000003,0],[97.9974035980001,4.40686770900004,0],[97.9973755980001,4.40688146700006,0],[97.9973472500001,4.40690225300006,0],[97.997325699,4.40692313000005,0],[97.997296981,4.40695095000007,0],[97.9972682810001,4.40697875300003,0],[97.9972467680001,4.40699959400007,0],[97.9972186190001,4.40701345600007,0],[97.9971902220001,4.40703426600004,0],[97.9971620960001,4.40704811500007,0],[97.9971201820001,4.40706193000005,0],[97.9971061300001,4.40706884900004,0],[97.9970782870001,4.40707573800006,0],[97.9970502,4.40708957000004,0],[97.9970221250001,4.40710339700007,0],[97.9969938140001,4.40712415800004,0],[97.9969724060001,4.40714492500007,0],[97.9969508070001,4.40717258900003,0],[97.9969299810001,4.40718618800003,0],[97.9969021590001,4.40720661300003,0],[97.9968675210001,4.40722697400003,0],[97.996847055,4.40722679700002,0],[97.9968199410001,4.40721967700006,0],[97.9967926520001,4.40721944100005,0],[97.9967518880001,4.40721220200004,0],[97.9967380240001,4.40721208200006,0],[97.9967314200001,4.40721202500004,0],[97.9966974750001,4.40720484400003,0],[97.9966635260001,4.40720442700007,0],[97.99663029,4.40718994900004,0],[97.996610144,4.40718952500004,0],[97.9965835980001,4.40717517900003,0],[97.9965565580001,4.40718150200007,0],[97.996539801,4.40717709500007,0],[97.9965396320001,4.40717705100008,0],[97.9965233710001,4.40717277500005,0],[97.9964646390001,4.40716184700005,0],[97.996415745,4.40712718400005,0],[97.996353743,4.40709731500004,0],[97.996283383,4.40704711200004,0],[97.996211858,4.40703758900003,0],[97.9961379600001,4.40704362000002,0],[97.9960569250001,4.40707238800007,0],[97.9960040110001,4.40708725900004,0],[97.9959363020001,4.40708060400004,0],[97.9958838210001,4.40702895500004,0],[97.9957250250001,4.40663137300004,0],[97.995704727,4.40657874500005,0],[97.9956510480001,4.40651776300007,0],[97.9956045320001,4.40647472400002,0],[97.9955210250001,4.40637069100006,0],[97.995436344,4.40629298100004,0],[97.995383883,4.40627148100003,0],[97.995312368,4.40627751000005,0],[97.995257167,4.40629954500002,0],[97.995215638,4.40631986200003,0],[97.9951744270001,4.40635521800004,0],[97.995146741,4.40636876400004,0],[97.995119151,4.40637535800005,0],[97.9950845920001,4.40638881400002,0],[97.9950637810001,4.40640244800005,0],[97.9950314550001,4.40641503300003,0],[97.9950292220001,4.40641590300004,0],[97.9950084130001,4.40642953600008,0],[97.9949738560001,4.40644299100006,0],[97.9949321510001,4.40647720100003,0],[97.994925186,4.40648405900004,0],[97.9949111770001,4.40650469800005,0],[97.9948971370001,4.40653886600006,0],[97.994895812,4.40654272300003,0],[97.9948900830001,4.40655939500004,0],[97.994889749,4.40659384200006,0],[97.9948894820001,4.40662139700004,0],[97.9948892150001,4.40664895100002,0],[97.994888814,4.40669027800004,0],[97.9948885470001,4.40671782700002,0],[97.9948882800001,4.40674537400002,0],[97.9948879460001,4.40677980500004,0],[97.994887786,4.40679625100006,0],[97.9948876540001,4.40680987900004,0],[97.9948876120001,4.40681423400002,0],[97.9948804940001,4.40684164300006,0],[97.99488016,4.40687606800003,0],[97.994866244,4.40690997200005,0],[97.9948455850001,4.40693676600006,0],[97.994831774,4.40696369800003,0],[97.9948110990001,4.40699051400003,0],[97.9947904420001,4.40701053900005,0],[97.9947766130001,4.40703749900007,0],[97.994755909,4.40705761700002,0],[97.9947283010001,4.40707769000005,0],[97.9947075250001,4.40710470000005,0],[97.9946936570001,4.40712498700003,0],[97.9946591520001,4.40714497700003,0],[97.994651032,4.40715817400007,0],[97.9946383180001,4.40717884000003,0],[97.9946175170001,4.40720587800007,0],[97.994582978,4.40723263700005,0],[97.9945690630001,4.40725975100003,0],[97.9945483060001,4.40727991600005,0],[97.99451378,4.40729985200005,0],[97.9944999320001,4.40731330300002,0],[97.9944818930001,4.40732638900005,0],[97.9944722710001,4.40733336900007,0],[97.9944446430001,4.40734659600002,0],[97.9944239690001,4.40736667300007,0],[97.99442385,4.40736678900004,0],[97.9944029330001,4.40739405800002,0],[97.9943819580001,4.40742149700003,0],[97.9943779880001,4.40742539500008,0],[97.994361047,4.40744203100007,0],[97.9943470440001,4.40746262300007,0],[97.9943260090001,4.40749696200004,0],[97.9943051010001,4.40751749200007,0],[97.9943048520001,4.40754510100004,0],[97.9942907230001,4.40757950600005,0],[97.9942766,4.40760719300005,0],[97.9942624050001,4.40764182000004,0],[97.9942413890001,4.40766943000006,0],[97.9942203030001,4.40770397500006,0],[97.9942062750001,4.40772468400007,0],[97.9941953210001,4.40774616200002,0],[97.9941851280001,4.40776614700007,0],[97.994171108,4.40778684200006,0],[97.9941502670001,4.40780053800006,0],[97.994129183,4.40783515200008,0],[97.9941081100001,4.40786974800005,0],[97.9940958710001,4.40788185800005,0],[97.9940802250001,4.40789734000003,0],[97.99407311,4.40791811600008,0],[97.9940452440001,4.40794568600006,0],[97.9940311030001,4.40798026900006,0],[97.9940100790001,4.40801478800006,0],[97.993997671,4.40803916900006,0],[97.9939960230001,4.40804240800003,0],[97.9939750870001,4.40806997100003,0],[97.9939540930001,4.40810444300007,0],[97.993946254,4.40811476200003,0],[97.9939331750001,4.40813197900007,0],[97.993912213,4.40816634500004,0],[97.993891262,4.40820066700007,0],[97.993877323,4.40822120700005,0],[97.9938634010001,4.40824161600005,0],[97.993849358,4.40827578100004,0],[97.9938354340001,4.40829619300007,0],[97.99380082,4.40832316300003,0],[97.993773133,4.40834337000007,0],[97.993752376,4.40835681000004,0],[97.993724731,4.40837014800007,0],[97.9937115050001,4.40838738000002,0],[97.99370385,4.40839735300005,0],[97.993676022,4.40843134100004,0],[97.993648244,4.40845845600006,0],[97.9936274610001,4.40847191600005,0],[97.9935928850001,4.40848518100006,0],[97.9935651380001,4.40850543300007,0],[97.9935374360001,4.40851880800005,0],[97.9935303730001,4.40852570100003,0],[97.9935165750001,4.40853916700007,0],[97.9935049460001,4.40856185100006,0],[97.993502558,4.40856650900002,0],[97.9934852700001,4.40859464500005,0],[97.993481585,4.40860064200007,0],[97.9934813740001,4.40862817300007,0],[97.9934811630001,4.40865570000005,0],[97.9934811620001,4.40865579700005,0],[97.9934809000001,4.40869010200004,0],[97.993480741,4.40871074100005,0],[97.993487326,4.40875209800004,0],[97.9934940140001,4.40877969100006,0],[97.9935046240001,4.40880129900006,0],[97.9935075990001,4.40880735900004,0],[97.993514282,4.40883493700005,0],[97.993530767,4.40885726900007,0],[97.9935347530001,4.40886266900003,0],[97.9935621600001,4.40888359900003,0],[97.9935826110001,4.40891130700004,0],[97.9936031080001,4.40893213800007,0],[97.9936235970001,4.40895296200006,0],[97.993637144,4.40898057700002,0],[97.99365751,4.40901511600003,0],[97.993664058,4.40905635300004,0],[97.993669111,4.40908265900003,0],[97.993670658,4.40909071500005,0],[97.993670599,4.40909805500007,0],[97.9936704930001,4.40911128500005,0],[97.993670217,4.40914556100006,0],[97.9936690270001,4.40915125200007,0],[97.993663068,4.40917976300005,0],[97.9936560310001,4.40920025600008,0],[97.9936489390001,4.40922759900008,0],[97.99363492,4.40926172700006,0],[97.99362783,4.40928906300007,0],[97.9936070470001,4.40930943200004,0],[97.9935725880001,4.40932284100006,0],[97.9935450520001,4.40932946100003,0],[97.9935175160001,4.40933608100005,0],[97.993503891,4.40934610100004,0],[97.9934898920001,4.40935639500003,0],[97.9934555230001,4.40935611200007,0],[97.9934279430001,4.40936957900004,0],[97.9934004030001,4.40937620000005,0],[97.9933591430001,4.40937586200005,0],[97.9933522440001,4.40937580600007,0],[97.9933385100001,4.40937569400006,0],[97.9932971710001,4.40938905100006,0],[97.993269652,4.40938882700004,0],[97.9932421280001,4.40938860300002,0],[97.9932076920001,4.40938832500007,0],[97.9931525710001,4.40938788100004,0],[97.9931486200001,4.40938915700002,0],[97.9931318710001,4.40939456600006,0],[97.993104234,4.40941489400007,0],[97.9930766000001,4.40943522100002,0],[97.9930488860001,4.40946240300002,0],[97.9930211480001,4.40946906200003,0],[97.993020604,4.40946977000004,0],[97.9930072130001,4.40948719500005,0],[97.9930001910001,4.40949633200006,0],[97.992979317,4.40950990200002,0],[97.992951502,4.40952343300006,0],[97.9929237590001,4.40952325600006,0],[97.9928891010001,4.40951617600007,0],[97.9928614070001,4.40950227400003,0],[97.9928336950001,4.40948836400003,0],[97.9928060070001,4.40946757800003,0],[97.9927782600001,4.40945364700002,0],[97.9927575790001,4.40941914300004,0],[97.992736806,4.40939836700005,0],[97.9927229900001,4.40937763500006,0],[97.992695305,4.40934302600004,0],[97.992674499,4.40932221300005,0],[97.9926707260001,4.40931718200005,0],[97.9926537200001,4.40929450600004,0],[97.9926329290001,4.40926678300002,0],[97.9926051030001,4.40924587000006,0],[97.9925702670001,4.40922487800003,0],[97.9925494610001,4.40920400900006,0],[97.9925220090001,4.40918310800004,0],[97.9924945240001,4.40916910200002,0],[97.9924689430001,4.40914962400007,0],[97.9924670760001,4.40914820300003,0],[97.9924395940001,4.40913419900005,0],[97.9924190010001,4.40912024900007,0],[97.992391523,4.40910624700007,0],[97.9923571940001,4.40908529900003,0],[97.992329784,4.40905750900004,0],[97.992309226,4.40903666700007,0],[97.992281754,4.40902266900002,0],[97.9922543150001,4.40900177600003,0],[97.9922337580001,4.40898093600003,0],[97.9922269800001,4.40897177700003,0],[97.992225552,4.40896984700004,0],[97.9922226250001,4.40896589200003,0],[97.9922132310001,4.40895319800006,0],[97.9922034030001,4.40894316200007,0],[97.9921928740001,4.40893240900004,0],[97.992172548,4.40891163100002,0],[97.9921522280001,4.40889086000004,0],[97.9921431240001,4.40888389100007,0],[97.9921250370001,4.40887004600006,0],[97.9920841080001,4.40884914200007,0],[97.9919962210001,4.40885393600007,0],[97.991881811,4.40888392300008,0],[97.991648237,4.40896543300005,0],[97.9915600210001,4.40895113500005,0],[97.9914061970001,4.40886150600005,0],[97.9913155420001,4.40876346000005,0],[97.991283862,4.40872459500002,0],[97.9912356150001,4.40866540700006,0],[97.991162896,4.40865229400003,0],[97.9910472720001,4.40864878200006,0],[97.9909022480001,4.40865320500006,0],[97.9907497410001,4.40862792100006,0],[97.9906598470001,4.40859878800006,0],[97.9905661010001,4.40855999800004,0],[97.9905396820001,4.40855328400005,0],[97.9905108890001,4.40853921000007,0],[97.99048344,4.40852531300004,0],[97.99044947,4.40850430900002,0],[97.9904357610001,4.40848371500005,0],[97.9903790690001,4.40813237300006,0],[97.990293175,4.40802331700007,0],[97.9901879480001,4.40798073600007,0],[97.990091626,4.40801634100006,0],[97.9900359380001,4.40811253800007,0],[97.9899574840001,4.40844280000005,0],[97.9899552260001,4.40853351800007,0],[97.9899539990001,4.40858278200005,0],[97.9900613010001,4.40861860400003,0],[97.9901972100001,4.40865440600004,0],[97.9902973850001,4.40872971400006,0],[97.9903689930001,4.40886605800006,0],[97.990402836,4.40914110500006,0],[97.990437204,4.40927518600006,0],[97.9903479070001,4.40942958300008,0],[97.9901978380001,4.40961273300007,0],[97.9900052710001,4.40976379900007,0],[97.9899494910001,4.40977101400006,0],[97.9899051570001,4.40978252900004,0],[97.989867975,4.40979403900008,0],[97.9898064760001,4.40980556500006,0],[97.989760549,4.40981876900003,0],[97.9897564230001,4.40981995500005,0],[97.989712087,4.40982859800005,0],[97.9896605980001,4.40983581100005,0],[97.9896262780001,4.40985019000004,0],[97.9896062650001,4.40986886800005,0],[97.9895819700001,4.40990046900004,0],[97.989539075,4.40992634000003,0],[97.9894918940001,4.40995795600003,0],[97.989440416,4.40998239700002,0],[97.9893903670001,4.41000396500004,0],[97.9893503420001,4.41004275600005,0],[97.98929029,4.41007868800006,0],[97.9892431170001,4.41012466100005,0],[97.9891987990001,4.41016058300005,0],[97.9891773720001,4.41020366800007,0],[97.9891444960001,4.41023814600004,0],[97.9891130510001,4.41027405900007,0],[97.9890701680001,4.41031715800005,0],[97.989022983,4.41034446700007,0],[97.988965792,4.41038039700004,0],[97.988957246,4.41043639500003,0],[97.9889615750001,4.41049382000006,0],[97.9889530180001,4.41053259000006,0],[97.988924459,4.41060726500007,0],[97.9888887230001,4.41064318100007,0],[97.9888329510001,4.41066331700006,0],[97.9887399840001,4.41067486400004,0],[97.988651303,4.41067779400004,0],[97.988546881,4.41067068400002,0],[97.988458183,4.41064920700006,0],[97.9883737690001,4.41061480600007,0],[97.9882392860001,4.41057325900005,0],[97.9881734990001,4.41058909500003,0],[97.9880547910001,4.41060927300003,0],[97.9879589670001,4.41062656400004,0],[97.98790604,4.41062229200003,0],[97.9878648760001,4.41056010500006,0],[97.9878410270001,4.41054516600002,0],[97.9877992980001,4.41053023800004,0],[97.9876979790001,4.41053030500007,0],[97.987584735,4.41052140600004,0],[97.987492337,4.41049155600007,0],[97.9873641920001,4.41047967600002,0],[97.987206282,4.41052165400004,0],[97.9870021360001,4.41058352300007,0],[97.9869620700001,4.41056057900005,0],[97.9868834050001,4.41056924400004,0],[97.986791865,4.41057648300006,0],[97.9867074650001,4.41056361700004,0],[97.986593031,4.41055794900007,0],[97.9865043280001,4.41052785800002,0],[97.9864599580001,4.41048481600006,0],[97.9864170210001,4.41044464400005,0],[97.9863314680001,4.41045015300006,0],[97.986326911,4.41045044600003,0],[97.986231091,4.41047491600006,0],[97.986153873,4.41050942300006,0],[97.986093822,4.41054679100006,0],[97.986015179,4.41058991300002,0],[97.9859365400001,4.41063877800002,0],[97.9858564880001,4.41071492300006,0],[97.9858064490001,4.41075228300002,0],[97.9857421190001,4.41080831800002,0],[97.985700658,4.41083993000007,0],[97.9856477580001,4.41087585700006,0],[97.985554805,4.41090893900002,0],[97.9854833150001,4.41095349200003,0],[97.985407524,4.41098369100007,0],[97.9853729220001,4.41099329600007,0],[97.9853245770001,4.41100671700002,0],[97.985228766,4.41104410800006,0],[97.9851658460001,4.41106999100003,0],[97.9850971980001,4.41108582900006,0],[97.9850199750001,4.41111172200004,0],[97.984948467,4.41112899700005,0],[97.9848855400001,4.41114339500007,0],[97.9848040200001,4.41116211200006,0],[97.9847396640001,4.41117938300005,0],[97.9846795980001,4.41119377900003,0],[97.9846224020001,4.41122396600002,0],[97.984578077,4.41124983700007,0],[97.9845048020001,4.41123521800006,0],[97.9844047120001,4.41129031800006,0],[97.9841830490001,4.41136224800005,0],[97.984075745,4.41132164000004,0],[97.982946004,4.41098426900004,0],[97.9827863560001,4.41095437400003,0],[97.982626086,4.41086556500005,0],[97.9825816410001,4.41084093600006,0],[97.982573341,4.41090495700007,0],[97.9825523530001,4.41106683800007,0],[97.982561994,4.41123334100007,0],[97.9825553300001,4.41142620600004,0],[97.9825220320001,4.41214629500007,0],[97.982495907,4.41225850400002,0],[97.9825120280001,4.41236263700006,0],[97.982506196,4.41248874400003,0],[97.982347867,4.41398287500004,0],[97.9823062280001,4.41437582300006,0],[97.982235001,4.41504797000005,0],[97.982316493,4.41564215500006,0],[97.9824224500001,4.41641473700003,0],[97.9824256680001,4.41643820100006,0],[97.982453902,4.41664405900002,0],[97.982475681,4.41680286400003,0],[97.9825506550001,4.41725230100008,0],[97.9825588590001,4.41729452900006,0],[97.9826361200001,4.41759138500004,0],[97.9826609670001,4.41766528900007,0],[97.9826858320001,4.41779096900007,0],[97.9825683160001,4.41816956200006,0],[97.982536135,4.41828335500003,0],[97.9825058740001,4.41839036000005,0],[97.9824936520001,4.41854585700003,0],[97.982510876,4.41866534400003,0],[97.982524314,4.41887348900002,0],[97.9825372430001,4.41897418900004,0],[97.9825383420001,4.41907839500004,0],[97.982539021,4.41914273400005,0],[97.982541063,4.41933637300002,0],[97.982359075,4.41934568900007,0],[97.9820565040001,4.41936117800003,0],[97.9819316970001,4.41936756700005,0],[97.9812073950001,4.41939349500007,0],[97.980965666,4.41939698400006,0],[97.9804882810001,4.41940387400007,0],[97.9801314700001,4.41940597700005,0],[97.9796106100001,4.41940904700004,0],[97.9793781060001,4.41942667600006,0],[97.978954571,4.41941117100004,0],[97.9782813300001,4.41938652300007,0],[97.9782092770001,4.41940088400003,0],[97.9782083490001,4.41940106900006,0],[97.977771203,4.41939746900005,0],[97.9773552030001,4.41940850500004,0],[97.9771387280001,4.41941104300003,0],[97.976820145,4.41939802800005,0],[97.976786502,4.41941485300003,0],[97.9766976600001,4.41941491100005,0],[97.97637181,4.41941512000005,0],[97.976294157,4.41941829300004,0],[97.9759493770001,4.41943238100004,0],[97.9757827940001,4.41942800600003,0],[97.9755859000001,4.41942283500003,0],[97.9754386070001,4.41941877400006,0],[97.975245456,4.41941344900005,0],[97.975114418,4.41941614300003,0],[97.9750944140001,4.41941655500005,0],[97.9745595860001,4.41942431900003,0],[97.9744195210001,4.41941066300006,0],[97.9742735090001,4.41938652800008,0],[97.9742627830001,4.41937650400007,0],[97.9742646350001,4.41904518100006,0],[97.974264653,4.41904205000003,0],[97.9742660580001,4.41879083100002,0],[97.974258906,4.41878651400003,0],[97.9741542550001,4.41872334000004,0],[97.973827048,4.41860662400006,0],[97.9736076730001,4.41853210800002,0],[97.973505899,4.41849113200004,0],[97.9731921000001,4.41834700600003,0],[97.9730324130001,4.41830203200004,0],[97.972938017,4.41828275500006,0],[97.9729165320001,4.41827680300003,0],[97.9727178030001,4.41819400600002,0],[97.972659939,4.41817635400002,0],[97.9726577590001,4.41817514900004,0],[97.972585307,4.41815015800006,0],[97.9725756430001,4.41815063800004,0],[97.9722669450001,4.41805646500006,0],[97.9719505150001,4.41802854200006,0],[97.9719502410001,4.41802851800003,0],[97.9719502410001,4.41802864900006,0],[97.9719501740001,4.41809758300008,0],[97.9720330590001,4.41822063500007,0],[97.9721399370001,4.41852592200007,0],[97.9720378600001,4.41888267400003,0],[97.971954274,4.41897828800006,0],[97.9718188670001,4.42025910800004,0],[97.9717126830001,4.42126350300003,0],[97.9715688100001,4.42184964900002,0],[97.971517706,4.42230948000002,0],[97.9714459260001,4.42248887400007,0],[97.9713265240001,4.42262033700007,0],[97.971114695,4.42274235800005,0],[97.9709558260001,4.42283387300006,0],[97.970932781,4.42284714800007,0],[97.9708245450001,4.42301453200002,0],[97.970735646,4.42315201200006,0],[97.97059841,4.42324755100003,0],[97.9704264520001,4.42329934300005,0],[97.9702227070001,4.42336070800008,0],[97.970127231,4.42343237200004,0],[97.9701010620001,4.42355412500007,0],[97.9700552360001,4.42376732700006,0],[97.969507046,4.42394613000005,0],[97.9694101580001,4.42397773200003,0],[97.969205962,4.42421437900003,0],[97.9690557870001,4.42421724600007,0],[97.9690307020001,4.42421772500006,0],[97.968959135,4.42417044200005,0],[97.968916355,4.42414217800007,0],[97.9688832900001,4.42413536400005,0],[97.9687322110001,4.42410422800003,0],[97.9687199680001,4.42413137400007,0],[97.9686909530001,4.42419571200003,0],[97.968715075,4.42422949600007,0],[97.968798818,4.42434678300003,0],[97.968901493,4.42449058500006,0],[97.968937263,4.42454068200004,0],[97.9689521180001,4.42458374000006,0],[97.968994261,4.42470589600003,0],[97.968990751,4.42474633500007,0],[97.9689833570001,4.42483152600005,0],[97.9690803490001,4.42510082100006,0],[97.9691155850001,4.42548378900005,0],[97.9691008240001,4.42551172600002,0],[97.9688944470001,4.42590229900003,0],[97.968882309,4.42605784300002,0],[97.968899719,4.42611302600005,0],[97.968951265,4.42627641300004,0],[97.9689654000001,4.42632121600008,0],[97.9693705050001,4.42691962900005,0],[97.9694270360001,4.42700313600005,0],[97.969595783,4.42710909200002,0],[97.969700382,4.42717477000002,0],[97.9697401010001,4.42719970900004,0],[97.9697593760001,4.42721181200005,0],[97.9697995440001,4.42726352700004,0],[97.9698048870001,4.42726926300003,0],[97.9698092100001,4.42727319300008,0],[97.969861478,4.42732070900007,0],[97.9698787120001,4.42733637600003,0],[97.9698977340001,4.42737469500003,0],[97.9699023470001,4.42739588400002,0],[97.9699128980001,4.42740946800006,0],[97.9699131140001,4.42744533100006,0],[97.9699157620001,4.42788560200006,0],[97.9699165320001,4.42801365000003,0],[97.9699164180001,4.42802183700007,0],[97.969982471,4.42817176300002,0],[97.9699848750001,4.42817555200003,0],[97.9700387520001,4.42826047800003,0],[97.9700700400001,4.42830979500008,0],[97.970070503,4.42831069400006,0],[97.9700717300001,4.42831245900004,0],[97.970118422,4.42838605700007,0],[97.9701973890001,4.42852852600004,0],[97.9702423750001,4.42860968900004,0],[97.9702512730001,4.42863403400003,0],[97.970271956,4.42868387100003,0],[97.970287086,4.42872032700006,0],[97.9702944240001,4.42873800900003,0],[97.970334194,4.42887011300007,0],[97.9703534560001,4.42893409700002,0],[97.9703538670001,4.42893546100004,0],[97.9703540260001,4.42894070900007,0],[97.9703548370001,4.42896743600005,0],[97.9703682540001,4.42901333800006,0],[97.9703594490001,4.42929480700008,0],[97.9703394620001,4.42993372300003,0],[97.9703375380001,4.42999524400005,0],[97.9703362380001,4.43003680400005,0],[97.9703771980001,4.43028141900004,0],[97.9704423780001,4.43067068300007,0],[97.9704544840001,4.43074297600003,0],[97.970670747,4.43104230900002,0],[97.9708352660001,4.43127002100005,0],[97.9710145010001,4.43181221700007,0],[97.9710608450001,4.43195241000006,0],[97.9711619020001,4.43211938000007,0],[97.971359604,4.43244603000005,0],[97.97140842,4.43252668600007,0],[97.971520178,4.43271133700006,0],[97.971524753,4.43271889500005,0],[97.971586228,4.43299049000007,0],[97.9716089730001,4.43309098000003,0],[97.9716027150001,4.43315935800007,0],[97.9715994580001,4.43319345800006,0],[97.9715845950001,4.43325179200002,0],[97.9715810490001,4.43329905300004,0],[97.9715721680001,4.43339237900005,0],[97.9715687120001,4.43348125500006,0],[97.9715685610001,4.43348514300004,0],[97.9715680630001,4.43349796500007,0],[97.971575768,4.43358733400004,0],[97.971580331,4.43360495900004,0],[97.9715828130001,4.43363022100004,0],[97.9716032470001,4.43383822900006,0],[97.971603675,4.43384258400005,0],[97.97149606,4.43406979300005,0],[97.971364663,4.43426702100004,0],[97.9713526950001,4.43428498500003,0],[97.9713526640001,4.43430764700003,0],[97.971352531,4.43440378300005,0],[97.9713524970001,4.43442857900004,0],[97.9714332490001,4.43489436400006,0],[97.971470776,4.43511081900004,0],[97.9714456550001,4.43520654500003,0],[97.9714413120001,4.43522309600007,0],[97.9713882130001,4.43542543900003,0],[97.9713827420001,4.43544016500005,0],[97.9713398920001,4.43553829900003,0],[97.9712803560001,4.43564242500003,0],[97.9712255590001,4.43569869100003,0],[97.9711779240001,4.43577170300006,0],[97.9711457800001,4.43583513300007,0],[97.9711434590001,4.43584798900002,0],[97.9711329980001,4.43590594300002,0],[97.9711632330001,4.43598564400003,0],[97.971163883,4.43598735600006,0],[97.971302274,4.43625934200003,0],[97.971480129,4.43652791400007,0],[97.971480678,4.43652874300005,0],[97.9714841510001,4.43653350800002,0],[97.9715904650001,4.43667937500004,0],[97.971608744,4.43673466900003,0],[97.9716073820001,4.43678889900002,0],[97.9716062200001,4.43683518200004,0],[97.9715894560001,4.43688781000003,0],[97.9715416550001,4.43696911300003,0],[97.9712556530001,4.43720582900005,0],[97.9712528040001,4.43720803500003,0],[97.971171639,4.43727493300003,0],[97.9708837160001,4.43751028900004,0],[97.9706857840001,4.43767208400004,0],[97.9706857520001,4.43767211000005,0],[97.9706610580001,4.43769229500003,0],[97.9702932530001,4.43799294800004,0],[97.9700777260001,4.43816868800008,0],[97.969874716,4.43833422100005,0],[97.9696013540001,4.43855560600002,0],[97.969343263,4.43876462400004,0],[97.9690471360001,4.43900132000005,0],[97.968872709,4.43914074000003,0],[97.9687997920001,4.43920125200003,0],[97.968534774,4.43942118300004,0],[97.9685150870001,4.43943752100006,0],[97.9684221150001,4.43951291700006,0],[97.9684187660001,4.43951563300004,0],[97.9683322280001,4.43960333400003,0],[97.9680399970001,4.43983401200006,0],[97.967988673,4.43989847000006,0],[97.967974708,4.43995471600005,0],[97.9679026920001,4.43998776900003,0],[97.9678870000001,4.43999497100003,0],[97.967800234,4.44001704000004,0],[97.9676934400001,4.44003625100004,0],[97.967600948,4.44005162300004,0],[97.9675170400001,4.44006890500003,0],[97.9674598330001,4.44008617000003,0],[97.9674054970001,4.44011874700004,0],[97.9673416510001,4.44019440000005,0],[97.9672549460001,4.44031218300006,0],[97.9671901510001,4.44039549400003,0],[97.9671225060001,4.44049412200008,0],[97.9670558020001,4.44057264900005,0],[97.9669814810001,4.44067223800005,0],[97.9669233640001,4.44075841700004,0],[97.9668786000001,4.44084841600005,0],[97.966839012,4.44095598300004,0],[97.9668030970001,4.44108806600002,0],[97.9667596080001,4.44125830200005,0],[97.9667376830001,4.44136029500004,0],[97.966730807,4.44139228300003,0],[97.9666969620001,4.44160326500003,0],[97.9666935970001,4.44165195400006,0],[97.9666355740001,4.44186803900004,0],[97.9666043060001,4.44198448400005,0],[97.9664908180001,4.44214586800007,0]]],[[[98.0839854060001,4.53129127700004,0],[98.0839910920001,4.53133048000007,0],[98.083990165,4.53138169600004,0],[98.084004442,4.53143166500007,0],[98.0840282360001,4.53147211600003,0],[98.084056182,4.53152577100008,0],[98.084087723,4.53158633000004,0],[98.0841234150001,4.53170530300002,0],[98.0841267420001,4.53172678900006,0],[98.084141118,4.53181964600003,0],[98.084146258,4.53183212800008,0],[98.0841676730001,4.53190351200004,0],[98.0842069340001,4.53198560300007,0],[98.084256903,4.53204628000003,0],[98.084292594,4.53207126400002,0],[98.0843354250001,4.53209981700007,0],[98.084358185,4.53209294600003,0],[98.0843732580001,4.53208839600006,0],[98.0843994320001,4.53206222200004,0],[98.084413709,4.53202177100007,0],[98.084420847,4.53196942300002,0],[98.0844232270001,4.53190517800004,0],[98.0844184680001,4.53185520900007,0],[98.084435124,4.53180524000004,0],[98.0844422630001,4.53176954800006,0],[98.0844565390001,4.53172909700004,0],[98.084473196,4.53167437000008,0],[98.084458919,4.53159822700007,0],[98.084466057,4.53153874100002,0],[98.084480334,4.53148401300007,0],[98.084489852,4.53142928500006,0],[98.0844882950001,4.53140126500006,0],[98.084487472,4.53138645500007,0],[98.0844684370001,4.53133886600006,0],[98.0844375040001,4.53130079400006,0],[98.084409818,4.53127495400003,0],[98.0843637400001,4.53126748200003,0],[98.0843494640001,4.53126748200003,0],[98.0842804590001,4.53127224100007,0],[98.0841686250001,4.53127462000003,0],[98.0841043790001,4.53126272300005,0],[98.084066308,4.53126272300005,0],[98.0839996830001,4.53127700000005,0],[98.0839854060001,4.53129127700004,0]]],[[[98.0378350020001,4.53610970600005,0],[98.03781301,4.53620868600007,0],[98.037813805,4.53628665300005,0],[98.0378142110001,4.53632641600007,0],[98.0378280300001,4.53640023700007,0],[98.0378475140001,4.53646877200003,0],[98.0378580020001,4.53650479900006,0],[98.0378998840001,4.53655001100003,0],[98.037954745,4.53660923500007,0],[98.0379934110001,4.53664195200002,0],[98.0380410010001,4.53668359200003,0],[98.0381064360001,4.53674902700004,0],[98.0381599740001,4.53679661700005,0],[98.0382135120001,4.53686800000003,0],[98.0382670490001,4.53694533300006,0],[98.038338433,4.53700481900006,0],[98.038467772,4.53706674400007,0],[98.0385366690001,4.53707839400005,0],[98.038653712,4.53706430600005,0],[98.038701045,4.53701171400007,0],[98.0387072500001,4.53700481900006,0],[98.0387310440001,4.53695723000004,0],[98.0387662360001,4.53682870800003,0],[98.03877693,4.53678965100005,0],[98.038790991,4.53673829800005,0],[98.0388483980001,4.53669726200008,0],[98.038868086,4.53667537100006,0],[98.038882862,4.53665291300007,0],[98.0388861710001,4.53663154300006,0],[98.0388834650001,4.53661235400006,0],[98.038820274,4.53644564600006,0],[98.038760788,4.53635046800002,0],[98.0387336910001,4.53629085600005,0],[98.0387310440001,4.53628503300007,0],[98.038664069,4.53621805700004,0],[98.0386418150001,4.53619580300006,0],[98.038508295,4.53615527500006,0],[98.0384825950001,4.53613807100004,0],[98.0383962800001,4.53608029000003,0],[98.038361347,4.53603804800002,0],[98.038331584,4.53600205700008,0],[98.0382470370001,4.53588442800003,0],[98.0381940820001,4.53586325700007,0],[98.038138384,4.53584692600003,0],[98.0380915440001,4.53586243600006,0],[98.038037306,4.53590859900004,0],[98.0379934110001,4.53594595900006,0],[98.0379339250001,4.53599949700003,0],[98.0378684900001,4.53605303500007,0],[98.0378350020001,4.53610970600005,0]]],[[[98.048130132,4.54398829000007,0],[98.0481623730001,4.54397518000007,0],[98.0482148290001,4.54395715900006,0],[98.048262918,4.54393584800005,0],[98.0483071950001,4.54391398000007,0],[98.0483345170001,4.54389866600008,0],[98.048359125,4.54387787500002,0],[98.0483848440001,4.54384992600006,0],[98.0484067230001,4.54381819300005,0],[98.048425862,4.54380231600004,0],[98.0485386870001,4.54364658900005,0],[98.0486457910001,4.54352361600007,0],[98.0486480420001,4.54347757700003,0],[98.0486576060001,4.54343035800002,0],[98.0486868080001,4.54332820200005,0],[98.0487012770001,4.54327758800002,0],[98.048720964,4.54320378600005,0],[98.048725979,4.54318498600003,0],[98.0487393380001,4.54312400400005,0],[98.0487505950001,4.54298505500003,0],[98.0487574850001,4.54290001200008,0],[98.04876311,4.54282052200006,0],[98.0487686160001,4.54274271700007,0],[98.0487763100001,4.54270381300006,0],[98.0487860760001,4.54267494800007,0],[98.0488227660001,4.54261376700003,0],[98.0488321620001,4.54259810000002,0],[98.0488568600001,4.54255773800003,0],[98.0488833060001,4.54251452100004,0],[98.0488978500001,4.54249075300004,0],[98.0489361520001,4.54243324700008,0],[98.0489547770001,4.54239709900003,0],[98.048970845,4.54235503500007,0],[98.048977795,4.54233684100006,0],[98.0489895530001,4.54229469900002,0],[98.048992485,4.54225032800002,0],[98.0489976700001,4.54217187700004,0],[98.0489977400001,4.54211860800007,0],[98.0489978210001,4.54205677300007,0],[98.0489968830001,4.54199892800006,0],[98.0489958030001,4.54193234900004,0],[98.0489900680001,4.54187385700004,0],[98.0489777770001,4.54180258100007,0],[98.0489642780001,4.54172429600004,0],[98.048953549,4.54166207700007,0],[98.0489378220001,4.54157818700003,0],[98.0489310180001,4.54151028600006,0],[98.0489285400001,4.54146396700003,0],[98.0489244170001,4.54138688400008,0],[98.0489218340001,4.54130957600006,0],[98.0489191610001,4.54122956600003,0],[98.04891775,4.54119357200005,0],[98.0489165180001,4.54116214700002,0],[98.0489116410001,4.54113527500004,0],[98.0488951440001,4.54109051800003,0],[98.048868697,4.54103373900006,0],[98.0488404500001,4.54097309700006,0],[98.0488190190001,4.54092708800005,0],[98.0487972320001,4.54088167600003,0],[98.04877709,4.54083969100003,0],[98.048756923,4.54079765600005,0],[98.0487337650001,4.54075130800004,0],[98.048712799,4.54070934900005,0],[98.048698099,4.54066767500007,0],[98.0486969280001,4.54064781400007,0],[98.0487103770001,4.54061654200007,0],[98.0487446990001,4.54053673100003,0],[98.0487740820001,4.54047432900006,0],[98.048802213,4.54041458400008,0],[98.0488327770001,4.54035097100007,0],[98.0488638340001,4.54028633200005,0],[98.0488766970001,4.54025956100003,0],[98.0488989570001,4.54021618700006,0],[98.048929264,4.54015713500007,0],[98.0489627270001,4.54009999800007,0],[98.0489906930001,4.54005905500003,0],[98.0490248990001,4.54000897800006,0],[98.0490615630001,4.53995530100002,0],[98.04909016,4.53991343600006,0],[98.049119148,4.53986716400004,0],[98.0491361350001,4.53984004700004,0],[98.0491544130001,4.53980549000005,0],[98.049164863,4.53978573400002,0],[98.0491814960001,4.53973431100007,0],[98.0491953150001,4.53969158800004,0],[98.049212534,4.53964145300006,0],[98.0492293780001,4.53959240700004,0],[98.0492397230001,4.53956228700002,0],[98.0492566340001,4.53951135400007,0],[98.0492770150001,4.53944997300005,0],[98.0492874460001,4.53940668600006,0],[98.0492915410001,4.53936530300007,0],[98.049289839,4.53930587700006,0],[98.0492880900001,4.53924482900004,0],[98.0492866340001,4.53919401600007,0],[98.049284174,4.53914073300007,0],[98.049282383,4.53910192700005,0],[98.049284625,4.53906246500003,0],[98.0492907430001,4.53903818000003,0],[98.049314307,4.53900902600003,0],[98.049352313,4.53896200500003,0],[98.0493946010001,4.53890968600007,0],[98.049437056,4.53885530700006,0],[98.049488582,4.53878931200006,0],[98.049500192,4.53877444100004,0],[98.0495331760001,4.53873334400004,0],[98.0495793210001,4.53867585000006,0],[98.0496224340001,4.53862213200006,0],[98.0496342270001,4.53860743900003,0],[98.049676344,4.53855292100008,0],[98.049708347,4.53851149500002,0],[98.049741537,4.53846612500007,0],[98.0497655390001,4.53843331400003,0],[98.0497726660001,4.53841468900004,0],[98.0497737800001,4.53839660000006,0],[98.0497645330001,4.53836863700008,0],[98.049749019,4.53834379000006,0],[98.04972272,4.53832358700004,0],[98.049706056,4.53831078600007,0],[98.0496749480001,4.53829211200002,0],[98.0496280090001,4.53826847700003,0],[98.0495908880001,4.53825033700002,0],[98.0495475880001,4.53823679700002,0],[98.049486614,4.53821895700003,0],[98.049468049,4.53821016700005,0],[98.0494527750001,4.53819973600002,0],[98.0494413260001,4.53818053500004,0],[98.0494375270001,4.53816353400003,0],[98.04943153,4.53815202000004,0],[98.0494200750001,4.53814378200002,0],[98.049339703,4.53811788000007,0],[98.049262608,4.53810074800003,0],[98.049195507,4.53808076100006,0],[98.0491433010001,4.53805999300005,0],[98.0490979640001,4.53804195800006,0],[98.0490788690001,4.53802439300006,0],[98.049005171,4.53799195900007,0],[98.0489096490001,4.53794798000007,0],[98.0488785370001,4.53793204600004,0],[98.048817408,4.53790346300002,0],[98.048744549,4.53787911100005,0],[98.0487120400001,4.53786824600007,0],[98.048654969,4.53784953100006,0],[98.0485975020001,4.53783068600006,0],[98.048566097,4.53781140400002,0],[98.048528295,4.53778819500008,0],[98.0484944670001,4.53777259400005,0],[98.0484829930001,4.53776730300007,0],[98.0484502400001,4.53775191900007,0],[98.0484111310001,4.53774090400003,0],[98.048366156,4.53772823600002,0],[98.0483230980001,4.53770959800005,0],[98.0483001060001,4.53769964600002,0],[98.0482482500001,4.53767929800006,0],[98.048200745,4.53766827200008,0],[98.048135206,4.53766270400007,0],[98.0480943570001,4.53766112000005,0],[98.0480620280001,4.53765986700006,0],[98.0480147220001,4.53765689000005,0],[98.0479997680001,4.53765594900005,0],[98.0479598970001,4.53765206100007,0],[98.047928857,4.53764254400005,0],[98.047879095,4.53762728700002,0],[98.047851801,4.53761409900005,0],[98.047839266,4.53759818100002,0],[98.0478321880001,4.53757953800005,0],[98.0478240080001,4.53756965800005,0],[98.047805994,4.53755922300007,0],[98.0477727850001,4.53754892100005,0],[98.0477592870001,4.53754473400005,0],[98.047692876,4.53752987700005,0],[98.0476680960001,4.53752433400007,0],[98.0476143600001,4.53751417200004,0],[98.0475527420001,4.53750251900004,0],[98.0474920600001,4.53749104300005,0],[98.047422925,4.53747796800008,0],[98.0473518110001,4.53746465400008,0],[98.0473344690001,4.53746140700002,0],[98.0472909740001,4.53745513100006,0],[98.047228552,4.53744612500003,0],[98.0471610800001,4.53743548900007,0],[98.0471141930001,4.53742809800002,0],[98.047062909,4.53741715000007,0],[98.0470014740001,4.53740403500007,0],[98.0469412080001,4.53738452500005,0],[98.0469018540001,4.53737178500006,0],[98.046880511,4.53736487600003,0],[98.0468250550001,4.53734692400008,0],[98.04677209,4.53733370200007,0],[98.0467418900001,4.53732793500006,0],[98.0467027390001,4.53732045800007,0],[98.0466486890001,4.53730339000003,0],[98.0465990120001,4.53728524200005,0],[98.0465569780001,4.53726764800007,0],[98.0465220400001,4.53725499200004,0],[98.0464860020001,4.53724946300002,0],[98.046431269,4.53724508000005,0],[98.046374588,4.53724054100007,0],[98.046313963,4.53723991900006,0],[98.0462588,4.53724038800004,0],[98.046201447,4.53724689800003,0],[98.0461615670001,4.53724958600003,0],[98.0461008570001,4.53724542600003,0],[98.0460386820001,4.53723257500008,0],[98.045980543,4.53722055800006,0],[98.0459113540001,4.53720793900004,0],[98.0458352840001,4.53719406400006,0],[98.045768863,4.53718194900006,0],[98.0457104230001,4.53716978800003,0],[98.0456416440001,4.53715547600007,0],[98.0455929600001,4.53714525400005,0],[98.0455444510001,4.53713506800005,0],[98.0454871150001,4.53712128800004,0],[98.045417119,4.53710720800007,0],[98.0453400750001,4.53709171100007,0],[98.0452667050001,4.53707695300005,0],[98.0452512300001,4.53707384000006,0],[98.0451927330001,4.53706004500003,0],[98.045160041,4.53705233600004,0],[98.0451338340001,4.53704846600004,0],[98.045100495,4.53703911600007,0],[98.0450291110001,4.53702364900005,0],[98.0449936250001,4.53701278600005,0],[98.0449708140001,4.53700580300006,0],[98.0449018100001,4.53698914700004,0],[98.0448469140001,4.53697958300006,0],[98.0447965070001,4.53697080200004,0],[98.044750465,4.53696097000005,0],[98.0447350630001,4.53695768100005,0],[98.0446619030001,4.53694205700003,0],[98.0445913500001,4.53692699100003,0],[98.0445443900001,4.53691980100007,0],[98.0444919620001,4.53691699000007,0],[98.0444575500001,4.53691585000007,0],[98.0444182290001,4.53691141100006,0],[98.0443811060001,4.53690204500003,0],[98.0443439810001,4.53688664600003,0],[98.044307415,4.53686467100005,0],[98.0442834020001,4.53685148700004,0],[98.0442615640001,4.53684323600004,0],[98.0442118730001,4.53683605100002,0],[98.044141424,4.53682827800003,0],[98.04407238,4.53682393600008,0],[98.0440256460001,4.53682099700006,0],[98.0439573770001,4.53682090700005,0],[98.0438967580001,4.53681589700005,0],[98.0438492470001,4.53680980900003,0],[98.0438153850001,4.53680811800007,0],[98.043778235,4.53681244700005,0],[98.0437708950001,4.53681355100002,0],[98.0437312560001,4.53681951300007,0],[98.0436891940001,4.53682274900007,0],[98.043643316,4.53682213700006,0],[98.0435848910001,4.53681438900003,0],[98.0435390270001,4.53680281300007,0],[98.0434855080001,4.53679397700006,0],[98.043417242,4.53679168900004,0],[98.043363178,4.53678504100003,0],[98.043322775,4.53677512800004,0],[98.043303113,4.53677071500005,0],[98.0432714360001,4.53677341300005,0],[98.043237563,4.53677994500003,0],[98.043189489,4.53679029200003,0],[98.0431457980001,4.53678530500002,0],[98.043097205,4.53677263100008,0],[98.0430704600001,4.53675999500007,0],[98.0430393560001,4.53673802700007,0],[98.0430093410001,4.53671770800003,0],[98.0429864180001,4.53670506800006,0],[98.0429585750001,4.53669845500002,0],[98.042924165,4.53669566800005,0],[98.0428832090001,4.53668739200003,0],[98.042842808,4.53667528100004,0],[98.0428078620001,4.53666865800005,0],[98.042748955,4.53666618700004,0],[98.042678133,4.53665541800007,0],[98.0426266280001,4.53664758600007,0],[98.042534333,4.53663759500006,0],[98.0424529740001,4.53662598100004,0],[98.0423934510001,4.53661712800005,0],[98.0423361000001,4.53661541500003,0],[98.042273294,4.53661478000004,0],[98.042185911,4.53660588900004,0],[98.0421351250001,4.53660198700004,0],[98.0421105390001,4.53660634100004,0],[98.042085403,4.53661782300003,0],[98.0420564200001,4.53664190000006,0],[98.04202251,4.53667693300002,0],[98.0419891670001,4.53669826300006,0],[98.0419481860001,4.53670972400005,0],[98.041895749,4.53671348900002,0],[98.0418476940001,4.53670959000004,0],[98.0417980110001,4.53669582000003,0],[98.041757616,4.53667932200005,0],[98.0417379570001,4.53667272000007,0],[98.041718297,4.53667378800003,0],[98.0417002670001,4.53667595300004,0],[98.041673496,4.53668359700004,0],[98.0416341520001,4.53669724000002,0],[98.041587775,4.53671895300005,0],[98.0415554450001,4.53673409000004,0],[98.0415231270001,4.53675042000003,0],[98.0414988530001,4.53676268500004,0],[98.0414638660001,4.53678730600006,0],[98.0414376090001,4.53681522200003,0],[98.0414173650001,4.53684260300003,0],[98.0413921800001,4.53689080000004,0],[98.041376836,4.53692750400006,0],[98.0413598480001,4.53697352300003,0],[98.0413402060001,4.53703982200005,0],[98.0413324150001,4.53706612100007,0],[98.041321076,4.53710505600003,0],[98.0413210620001,4.53710510500002,0],[98.041301042,4.53717385200002,0],[98.041296489,4.53718948500006,0],[98.0412820710001,4.53724696800003,0],[98.0412654510001,4.53731322700003,0],[98.0412513040001,4.53736750900003,0],[98.0412331310001,4.53743723700006,0],[98.04122318,4.53747542000002,0],[98.041209445,4.53752850100005,0],[98.0411953130001,4.53758311400003,0],[98.041188203,4.53761058900005,0],[98.0411720180001,4.53768164400003,0],[98.0411560050001,4.53775194400004,0],[98.0411495970001,4.53778007400007,0],[98.0411359920001,4.53783005900004,0],[98.0411203150001,4.53788765500002,0],[98.04111356,4.53791247400005,0],[98.0410997490001,4.53796486800007,0],[98.0410857240001,4.53801807400004,0],[98.0410694590001,4.53807978000003,0],[98.041052865,4.53814510600006,0],[98.0410398120001,4.53819649100006,0],[98.0410252390001,4.53824087600003,0],[98.0410054070001,4.53830127700007,0],[98.0409836590001,4.53835671800005,0],[98.0409663520001,4.53840083900008,0],[98.0409462520001,4.53845202900004,0],[98.040926342,4.53850273800003,0],[98.0409074400001,4.53854546000002,0],[98.040881971,4.53860302600003,0],[98.0408747320001,4.53861938700004,0],[98.0408558970001,4.53866671600002,0],[98.0408377640001,4.53871228300005,0],[98.040813518,4.53877321200002,0],[98.0407910040001,4.53882978700005,0],[98.04076939,4.53888356600004,0],[98.0407561170001,4.53891659000004,0],[98.040731339,4.53897045600007,0],[98.0407060900001,4.53902534600007,0],[98.040680545,4.53908162500005,0],[98.040668295,4.53910861400004,0],[98.0406457190001,4.53915437600006,0],[98.0406269760001,4.53919236900003,0],[98.0406007940001,4.53924544000006,0],[98.0405836070001,4.53928266600008,0],[98.040564492,4.53932407100007,0],[98.0405340330001,4.53939004600005,0],[98.0405226,4.53941480900005,0],[98.040498525,4.53946843300002,0],[98.040474111,4.53952281300008,0],[98.0404502970001,4.53957585800003,0],[98.040428504,4.53962567400004,0],[98.0404068990001,4.53967506300006,0],[98.04038346,4.53972864100007,0],[98.040367986,4.53978595100006,0],[98.0403609580001,4.53981198000002,0],[98.0403421010001,4.53987340100002,0],[98.04033445,4.53989832400003,0],[98.0403178510001,4.53994891300005,0],[98.040304469,4.53998969500003,0],[98.0402893950001,4.54003557300007,0],[98.040271632,4.54008963300004,0],[98.0402613150001,4.54013207000003,0],[98.0402474380001,4.54018915200004,0],[98.040238124,4.54021216000007,0],[98.0402201750001,4.54027066400005,0],[98.0401967590001,4.54033531100004,0],[98.040171076,4.54040622000002,0],[98.0401480230001,4.54046986500003,0],[98.0401265550001,4.54052913500004,0],[98.0401125810001,4.54056771600006,0],[98.0400933760001,4.54063346900006,0],[98.040087617,4.54065996600002,0],[98.0400792500001,4.54069846400006,0],[98.0400938290001,4.54089679400005,0],[98.0401272440001,4.54100385900006,0],[98.0402114380001,4.54115229500007,0],[98.0403102940001,4.54127380400007,0],[98.0404332210001,4.54143985200005,0],[98.0405323670001,4.54160308600007,0],[98.0406378480001,4.54182290600005,0],[98.0408387800001,4.54210166700005,0],[98.0409917580001,4.54231817200002,0],[98.0410545620001,4.54238032300003,0],[98.0411472920001,4.54247505000006,0],[98.0412702190001,4.54264109700006,0],[98.0414086390001,4.54289943200007,0],[98.0415764460001,4.54311285200004,0],[98.0416873070001,4.54325215900008,0],[98.041780121,4.54335880700006,0],[98.0418760490001,4.54348629700007,0],[98.0419634630001,4.54367047600005,0],[98.041999343,4.54370499700002,0],[98.0421069440001,4.54380259900006,0],[98.0421609830001,4.54388567500007,0],[98.0422268600001,4.54396270600006,0],[98.0422897050001,4.54403081700002,0],[98.0423346690001,4.54409011200005,0],[98.042367857,4.54416439200003,0],[98.0424100160001,4.54424755100007,0],[98.0425146260001,4.54434219300003,0],[98.0426818120001,4.54446620200002,0],[98.042822185,4.54457847700007,0],[98.0430429530001,4.54471999200007,0],[98.0431358710001,4.54484154100004,0],[98.0431810630001,4.54493362000005,0],[98.0432708650001,4.54503432700005,0],[98.043339567,4.54509047500005,0],[98.043402142,4.54511984100003,0],[98.043479442,4.54513122000003,0],[98.043580418,4.54513051100002,0],[98.0436487050001,4.54512705200005,0],[98.0437111140001,4.54513257500003,0],[98.0439046870001,4.54518729000006,0],[98.0440296080001,4.54521703300003,0],[98.0441664270001,4.54524677700005,0],[98.044350836,4.54526462300004,0],[98.0444698090001,4.54526462300004,0],[98.0445530900001,4.54519323900007,0],[98.044624474,4.54514565000005,0],[98.0447137030001,4.54512185500005,0],[98.0448386250001,4.54517539300002,0],[98.0449040600001,4.54524677700005,0],[98.0449873410001,4.54539549300006,0],[98.0450408790001,4.54546092800007,0],[98.0451122630001,4.54555610700004,0],[98.0451658010001,4.54563343900003,0],[98.045243133,4.54571672000003,0],[98.045308569,4.54577025800006,0],[98.0454037470001,4.54580595000004,0],[98.045534617,4.54580595000004,0],[98.0456654880001,4.54579405300007,0],[98.0458023070001,4.54577025800006,0],[98.0459391260001,4.54572861800006,0],[98.0460164580001,4.54569887400004,0],[98.0463030750001,4.54561235400007,0],[98.0463429850001,4.54558718800007,0],[98.046380964,4.54557173800004,0],[98.0465549940001,4.54551950100006,0],[98.0466735590001,4.54548568300004,0],[98.046781196,4.54545458200005,0],[98.0468855660001,4.54541964200007,0],[98.0469452440001,4.54539442600003,0],[98.0470036190001,4.54536443000006,0],[98.0470659330001,4.54532778800007,0],[98.0471047490001,4.54529824300005,0],[98.0471774600001,4.54523991800005,0],[98.047304335,4.54512256300006,0],[98.0475869030001,4.54471734700007,0],[98.0477224320001,4.54450594100007,0],[98.0477348850001,4.54448631800005,0],[98.0477467630001,4.54446760200005,0],[98.0478902840001,4.54424145400003,0],[98.0479735650001,4.54411653300002,0],[98.048130132,4.54398829000007,0]]],[[[98.066898854,4.54980474200005,0],[98.0669226480001,4.54977797300006,0],[98.0669523910001,4.54974525600005,0],[98.0669851090001,4.54969171800008,0],[98.067050544,4.54959951400002,0],[98.0671992600001,4.54951325800005,0],[98.0673152590001,4.54942997700005,0],[98.0674134120001,4.54934967000003,0],[98.0675204880001,4.54928423500007,0],[98.0676602810001,4.54922772300006,0],[98.0678208950001,4.54915633900004,0],[98.0679368930001,4.54909090400002,0],[98.0680439690001,4.54902249500003,0],[98.0681778140001,4.54895408500005,0],[98.0682224290001,4.54892434200002,0],[98.0683027360001,4.54888270100003,0],[98.0683651960001,4.54882618900007,0],[98.0684276570001,4.54875778000007,0],[98.0684544260001,4.54871316500004,0],[98.068502015,4.54861203800004,0],[98.068534733,4.54849306500006,0],[98.0685317590001,4.54842465500008,0],[98.0685228360001,4.54836219400005,0],[98.0684901180001,4.54828783600004,0],[98.0684871440001,4.54824619500005,0],[98.0684990410001,4.54821050400005,0],[98.0684957620001,4.54813410200006,0],[98.0684780380001,4.54809376600002,0],[98.0684761210001,4.54808688200006,0],[98.068480552,4.54805594800007,0],[98.0684875790001,4.54804159200006,0],[98.068510297,4.54802855700007,0],[98.0685487050001,4.54801684100005,0],[98.068578652,4.54800071800003,0],[98.0685805970001,4.54796958300005,0],[98.0685092130001,4.54789106100003,0],[98.0681273100001,4.54763764800003,0],[98.0678167900001,4.54739851200003,0],[98.067577654,4.54722362200005,0],[98.0673920560001,4.54706300800007,0],[98.0673087750001,4.54702136800006,0],[98.06726416,4.54700054800003,0],[98.0672314430001,4.54697080400007,0],[98.067171956,4.54690536900006,0],[98.0670916490001,4.54683993400005,0],[98.0670024200001,4.54675962700003,0],[98.0668090880001,4.54662875700006,0],[98.0666098080001,4.54650978400002,0],[98.066437298,4.54641163100007,0],[98.066303453,4.54636701600003,0],[98.0661487880001,4.54633132400005,0],[98.0660506350001,4.54631645300003,0],[98.0659435590001,4.54630455500006,0],[98.0658810990001,4.54631050400008,0],[98.065797817,4.54631942700007,0],[98.0657502280001,4.54629563200007,0],[98.065613409,4.54630158100002,0],[98.0655241790001,4.54631050400008,0],[98.0654171040001,4.54635511900005,0],[98.0653159770001,4.54639081100004,0],[98.0651970040001,4.54644137400004,0],[98.0651226450001,4.54647111800006,0],[98.0650691070001,4.54652465500004,0],[98.065021518,4.54660496200006,0],[98.0650155700001,4.54664065400004,0],[98.0650572100001,4.54670906400003,0],[98.065113722,4.54673583300007,0],[98.065161312,4.54674475600007,0],[98.0651583370001,4.54681613900004,0],[98.0651077740001,4.54680424200006,0],[98.0650423390001,4.54681019100002,0],[98.0649917750001,4.54682208800006,0],[98.0649590570001,4.54684885700004,0],[98.064929314,4.54688752300007,0],[98.0649174170001,4.54693511200003,0],[98.064906051,4.54700101600002,0],[98.064894639,4.54706785800005,0],[98.0648981020001,4.54724571500003,0],[98.0650134370001,4.54759957100003,0],[98.0651225000001,4.54790578400002,0],[98.0652006120001,4.54803339100005,0],[98.065374363,4.54824675500004,0],[98.0654586650001,4.54841008300002,0],[98.0655343500001,4.54861519700006,0],[98.0655599900001,4.54887544400003,0],[98.0655635590001,4.54894682800006,0],[98.065570698,4.54905390300007,0],[98.065592113,4.54913956400003,0],[98.0656206670001,4.54923593200004,0],[98.0656385130001,4.54931802400006,0],[98.0656527890001,4.54941439200007,0],[98.0656634970001,4.54951076000003,0],[98.0656909630001,4.54958544700003,0],[98.065727742,4.54966423500002,0],[98.0657777110001,4.54973205000005,0],[98.06582768,4.54979629500002,0],[98.065856233,4.54987481800003,0],[98.0658990630001,4.54993192500007,0],[98.065963309,4.54997832400005,0],[98.0660632460001,4.55002829300003,0],[98.0661310610001,4.55003186200003,0],[98.0661810300001,4.55002829300003,0],[98.0662538170001,4.55004785200003,0],[98.0663701970001,4.55005684600007,0],[98.0664237350001,4.55006755400007,0],[98.066491549,4.55003543100003,0],[98.06654969,4.54997608600007,0],[98.0665629330001,4.54989980200003,0],[98.066587917,4.54984983300005,0],[98.0666414550001,4.54983912600005,0],[98.0666735780001,4.54984983300005,0],[98.0667413930001,4.54986054100004,0],[98.0668278570001,4.54985106400005,0],[98.066898854,4.54980474200005,0]]],[[[98.065358728,4.55303688100003,0],[98.0654063170001,4.55300071300007,0],[98.06543487,4.55296454600006,0],[98.0654767490001,4.55290553500004,0],[98.0654938810001,4.55287888500004,0],[98.065537663,4.55282939200004,0],[98.065613806,4.55275134600004,0],[98.065665202,4.55269423900006,0],[98.0656975630001,4.55264093900007,0],[98.0657470560001,4.55257812100007,0],[98.065807706,4.55250947300004,0],[98.065807723,4.55250943600004,0],[98.0658650770001,4.55238395700007,0],[98.0659012450001,4.55233256100007,0],[98.0659336050001,4.55230400700003,0],[98.0660059410001,4.55223167200006,0],[98.066051627,4.55218027500007,0],[98.0661049270001,4.55216314300003,0],[98.066152516,4.55214791500003,0],[98.0661829730001,4.55212697500002,0],[98.0661982010001,4.55208890400007,0],[98.0661982010001,4.55202418300007,0],[98.0661829730001,4.55196136500007,0],[98.0661620340001,4.55190235400005,0],[98.066142998,4.55184144000003,0],[98.066125866,4.55178814000004,0],[98.0661087340001,4.55173484000005,0],[98.0661011190001,4.55168534700005,0],[98.066089698,4.55154258000005,0],[98.066076373,4.55143598000006,0],[98.0660706620001,4.55138077600003,0],[98.0660554340001,4.55134080100004,0],[98.06602688,4.55130844100006,0],[98.06600023,4.55128179100006,0],[98.0659716770001,4.55125894800005,0],[98.0659412200001,4.55124752700004,0],[98.0658917270001,4.55124943000004,0],[98.0658498480001,4.55125514100007,0],[98.065823198,4.55127036900006,0],[98.0658003560001,4.55130082700003,0],[98.0657775130001,4.55133889800004,0],[98.0657660910001,4.55138458400006,0],[98.0657609630001,4.55139996800006,0],[98.0657508630001,4.55143026900004,0],[98.0657280200001,4.55146453300006,0],[98.065667106,4.55147595500006,0],[98.0656260920001,4.55145701100002,0],[98.0655719270001,4.55145311200005,0],[98.065511013,4.55142836600004,0],[98.065436774,4.55137506600005,0],[98.0653872810001,4.55135412600004,0],[98.065318753,4.55134270500002,0],[98.065257838,4.55133509100006,0],[98.065166467,4.55132747600004,0],[98.0651112640001,4.55132747600004,0],[98.065061771,4.55135222300004,0],[98.0650526000001,4.55135998300005,0],[98.065012278,4.55139410100003,0],[98.0649684960001,4.55140361900004,0],[98.0649190030001,4.55138839100005,0],[98.0649056780001,4.55136174100005,0],[98.0648638000001,4.55134270500002,0],[98.064820018,4.55129892300005,0],[98.0648162100001,4.55124562300006,0],[98.0648143070001,4.55118851600002,0],[98.064821511,4.55113920500003,0],[98.0648132600001,4.55108397100003,0],[98.064552753,4.55067741200003,0],[98.064549592,4.55058952700006,0],[98.0645749650001,4.55052902100005,0],[98.064612088,4.55049923200005,0],[98.064641495,4.55041999500003,0],[98.064641495,4.55039144100004,0],[98.0646429230001,4.55036717100006,0],[98.0646294210001,4.55030043200003,0],[98.064627757,4.55027099600005,0],[98.0646486960001,4.55025005700003,0],[98.064679153,4.55021198500003,0],[98.0646886710001,4.55016629900007,0],[98.064692478,4.55013013200005,0],[98.0646886710001,4.55009206000005,0],[98.064652504,4.55006160300007,0],[98.0646106250001,4.55005208500006,0],[98.0645706500001,4.55005779600003,0],[98.0645440000001,4.55009015700006,0],[98.0645268680001,4.55012822800006,0],[98.064511639,4.55016820300006,0],[98.064498314,4.55019866000004,0],[98.0644849890001,4.55022340700003,0],[98.0644640500001,4.55025957400005,0],[98.064403385,4.55030387500005,0],[98.0643555030001,4.55036163500006,0],[98.0643046260001,4.55055867300007,0],[98.0642949790001,4.55070726400004,0],[98.0642777750001,4.55080706600006,0],[98.0642481140001,4.55086800300006,0],[98.0642391910001,4.55091856600006,0],[98.0642332420001,4.55099887300003,0],[98.0642302680001,4.55106728200008,0],[98.06424445,4.55113947300003,0],[98.0642406320001,4.55119252200006,0],[98.064236769,4.55124621000004,0],[98.0642333160001,4.55129419300005,0],[98.064209448,4.55134092000003,0],[98.0642064740001,4.55151045700006,0],[98.064194576,4.55157589200007,0],[98.0641797050001,4.55164727600004,0],[98.06414663,4.55169831500007,0],[98.0641237870001,4.55176494000006,0],[98.064118077,4.55180681900003,0],[98.064106655,4.55185821500004,0],[98.064106655,4.55189057600006,0],[98.0641504370001,4.55199527200006,0],[98.0642341940001,4.55195910400005,0],[98.0642779760001,4.55201430800003,0],[98.0642893980001,4.55205809000006,0],[98.0643049210001,4.55211079600002,0],[98.064308946,4.55215150200007,0],[98.064327469,4.55217611100005,0],[98.0643446010001,4.55220466500003,0],[98.064352216,4.55222750800004,0],[98.0643484080001,4.55225986800002,0],[98.0643446010001,4.55229413300003,0],[98.0643447830001,4.55238127500007,0],[98.064356907,4.55244116500006,0],[98.0643808290001,4.55255933900003,0],[98.0644183650001,4.55261428900008,0],[98.0643993930001,4.55265104600005,0],[98.0643879070001,4.55267330000004,0],[98.0643879070001,4.55271137100004,0],[98.0644164610001,4.55273421400005,0],[98.064435497,4.55275896000006,0],[98.0644621470001,4.55279512800007,0],[98.0644907000001,4.55283510300006,0],[98.0645173500001,4.55285413900003,0],[98.0645535180001,4.55288840300005,0],[98.0646049140001,4.55291505300005,0],[98.064667732,4.55295502800004,0],[98.064728646,4.55298548500002,0],[98.0647781390001,4.55300261700006,0],[98.064806693,4.55302736300007,0],[98.064833343,4.55305020600002,0],[98.0648657030001,4.55306353100002,0],[98.064871414,4.55307685600008,0],[98.0648371500001,4.55317964900007,0],[98.0649570750001,4.55321962400006,0],[98.0650179890001,4.55310350600007,0],[98.0651093600001,4.55316061300005,0],[98.065153142,4.55318536000004,0],[98.0651855030001,4.55318536000004,0],[98.0652273810001,4.55316251700003,0],[98.0652616460001,4.55314348100006,0],[98.0652863920001,4.55311112000004,0],[98.0652997780001,4.55308331900005,0],[98.065358728,4.55303688100003,0]]],[[[98.0627029240001,4.55735539800003,0],[98.062655335,4.55731732600003,0],[98.062526844,4.55728401400006,0],[98.0624293340001,4.55728401400006,0],[98.0624269070001,4.55728401400006,0],[98.062336487,4.55727449600005,0],[98.0622603450001,4.55723642500004,0],[98.06219372,4.55717931800007,0],[98.0621517050001,4.55713083900002,0],[98.0621318540001,4.55710793400004,0],[98.062065229,4.55701751400005,0],[98.0620223980001,4.55696992500003,0],[98.0619319790001,4.55693185400003,0],[98.0619072680001,4.55693185400003,0],[98.0618701130001,4.55693185400003,0],[98.0617892110001,4.55692709500005,0],[98.0617178270001,4.55689854100007,0],[98.0617035510001,4.55686047000006,0],[98.0617273450001,4.55676529100003,0],[98.0617416220001,4.55668439000004,0],[98.061739055,4.55665102300003,0],[98.0617368630001,4.55662252400003,0],[98.0616845150001,4.55655114000007,0],[98.0615750600001,4.55647975600004,0],[98.0614989170001,4.55645120300005,0],[98.0614656050001,4.55642264900007,0],[98.0614362210001,4.55636975800007,0],[98.0614180150001,4.55633698800006,0],[98.0613942210001,4.55627512200005,0],[98.06139898,4.55621801500007,0],[98.061431698,4.55614440000005,0],[98.061437051,4.55613235500005,0],[98.0614445580001,4.55609785500008,0],[98.0614233940001,4.55606136800003,0],[98.061414658,4.55604630600004,0],[98.0613981640001,4.55601786900007,0],[98.0613442630001,4.55597238200005,0],[98.061309081,4.55595799500003,0],[98.061225526,4.55594089000004,0],[98.0610027440001,4.55589620300003,0],[98.0608928730001,4.55587177600006,0],[98.0608176330001,4.55585000800005,0],[98.0607738510001,4.55583192400007,0],[98.0606891420001,4.55578147900007,0],[98.0606053850001,4.55572817900003,0],[98.0605292420001,4.55568630100004,0],[98.0604597620001,4.55564251900006,0],[98.0604140760001,4.55559588100004,0],[98.0603715220001,4.55555867100003,0],[98.060368516,4.55554622600005,0],[98.0603581450001,4.55553634400007,0],[98.060336851,4.55553192900004,0],[98.060272404,4.55553020700006,0],[98.0601970270001,4.55553284900003,0],[98.0601838920001,4.55553199000002,0],[98.0601456890001,4.55552949000003,0],[98.060049017,4.55552169300006,0],[98.0599829270001,4.55551433700003,0],[98.0599720700001,4.55551312900008,0],[98.0598141940001,4.55548959100003,0],[98.05973557,4.55547250000006,0],[98.059645473,4.55544771500007,0],[98.0595019370001,4.55540805600003,0],[98.0594663840001,4.55540088700008,0],[98.059401946,4.55539313200006,0],[98.0593662700001,4.55539308600004,0],[98.0593615280001,4.55539308000004,0],[98.059342944,4.55539744200007,0],[98.0593026860001,4.55542216900005,0],[98.0592265020001,4.55548224600005,0],[98.0591990030001,4.55548172000005,0],[98.059128974,4.55548038200004,0],[98.0590813850001,4.55551369500006,0],[98.0590244590001,4.55567855000004,0],[98.0590011190001,4.55574614300002,0],[98.058957653,4.55578971200003,0],[98.0588862690001,4.55586109600006,0],[98.058781573,4.55594199800004,0],[98.0587197070001,4.55597055100003,0],[98.058653232,4.55599209000007,0],[98.058483869,4.55609370000008,0],[98.0584369530001,4.55617986800007,0],[98.0583288320001,4.55634753500004,0],[98.0580444350001,4.55676468900003,0],[98.0580153860001,4.55689378200003,0],[98.0579820740001,4.55699847900007,0],[98.0579440020001,4.55710317500007,0],[98.057920208,4.55717931800007,0],[98.057844065,4.55723166600006,0],[98.0578055380001,4.55724129700008,0],[98.0577488860001,4.55725546000002,0],[98.0576870200001,4.55723642500004,0],[98.0576156370001,4.55720311200002,0],[98.0575156990001,4.55714600500005,0],[98.0574392840001,4.55711863200003,0],[98.0574011590001,4.55712821400004,0],[98.057308699,4.55718869800006,0],[98.0572326000001,4.55727305300007,0],[98.0571319630001,4.55738199200005,0],[98.057030624,4.55749172900005,0],[98.0569831980001,4.55753417700004,0],[98.0568432090001,4.55765512200003,0],[98.056705407,4.55777313400006,0],[98.056611907,4.55785379300005,0],[98.0565162170001,4.55793533000002,0],[98.0564170060001,4.55802356900006,0],[98.056154103,4.55819498000005,0],[98.056149889,4.55819772700005,0],[98.0559642910001,4.55838808400006,0],[98.055869112,4.55852609300007,0],[98.055867547,4.55854174700005,0],[98.0558595940001,4.55862127100005,0],[98.055903674,4.55873773400003,0],[98.055922481,4.55878742500005,0],[98.0559300800001,4.55882141900003,0],[98.05596059,4.55888504000006,0],[98.056107442,4.55935636900006,0],[98.0561689240001,4.55942552900007,0],[98.056240308,4.55953974300007,0],[98.0563212100001,4.55977768900004,0],[98.0563973530001,4.55998708200002,0],[98.0564116290001,4.56006798300007,0],[98.0564163880001,4.56021075100006,0],[98.056410799,4.56023199000003,0],[98.056392594,4.56030117000006,0],[98.056345004,4.56039634900003,0],[98.0562878970001,4.56050580400006,0],[98.056211755,4.56060574100007,0],[98.0561451300001,4.56069616100007,0],[98.0560927820001,4.56079609800003,0],[98.0560309160001,4.56090079500007,0],[98.0560373600001,4.56094751500007,0],[98.056049951,4.56103880300003,0],[98.0561126530001,4.56114961700007,0],[98.0562426880001,4.56118157100002,0],[98.0565639150001,4.56121726300006,0],[98.056897039,4.56122916000004,0],[98.0572182670001,4.56126485200002,0],[98.0574324180001,4.56126485200002,0],[98.0576822620001,4.56126485200002,0],[98.0579440020001,4.56122916000004,0],[98.0583009210001,4.56119346800006,0],[98.0589040360001,4.56100340700004,0],[98.058995731,4.56094884300006,0],[98.0591583280001,4.56086239100006,0],[98.0594131780001,4.56075108500005,0],[98.0600610930001,4.56043017000007,0],[98.0602744480001,4.56032768800003,0],[98.060495485,4.56021989600004,0],[98.0606963130001,4.56010789100003,0],[98.0609526700001,4.55996720600007,0],[98.0612256970001,4.55979880400002,0],[98.0613570130001,4.55971213500004,0],[98.061566193,4.55955830400006,0],[98.0618610370001,4.55934849400006,0],[98.062042734,4.55920624600003,0],[98.0623047770001,4.55899896100004,0],[98.0624076330001,4.55889383700003,0],[98.0625249070001,4.55875884100004,0],[98.0626803440001,4.55854898900003,0],[98.0628198810001,4.55833393600005,0],[98.062863672,4.55828187800006,0],[98.0629677310001,4.55818212400004,0],[98.063190503,4.55797088400004,0],[98.0634042980001,4.55774689200007,0],[98.0634645860001,4.55770095200006,0],[98.0635665770001,4.55760569400007,0],[98.063574751,4.55759110200006,0],[98.063574229,4.55757684500003,0],[98.0635584250001,4.55755051100004,0],[98.0635044190001,4.55749837500002,0],[98.0634437730001,4.55744923800006,0],[98.063399222,4.55741314100004,0],[98.0633467040001,4.55739347600007,0],[98.0632828180001,4.55737640500007,0],[98.0630312900001,4.55746485300006,0],[98.0629361110001,4.55746961200003,0],[98.0628314150001,4.55746009400002,0],[98.0627647900001,4.55741726400004,0],[98.0627029240001,4.55735539800003,0]]]]}}]}