{"type":"FeatureCollection","name":"Kota Banda Aceh","crs":{"type":"name","properties":{"name":"urn:ogc:def:crs:OGC:1.3:CRS84"}},"features":[{"type":"Feature","properties":{"kode_kk":"11.71","kode_prov":"11","kab_kota":"Kota Banda Aceh","provinsi":"Aceh","fid":"11.71","nama":"Kota Banda Aceh","label":"Kota Banda Aceh, Provinsi Aceh, 11.71"},"geometry":{"type":"MultiPolygon","coordinates":[[[[95.303419219,5.52046451100006,0],[95.3025061800001,5.52070944900004,0],[95.301627012,5.52105914500004,0],[95.300951222,5.52138354600004,0],[95.300803935,5.52152198000005,0],[95.3005180110001,5.52193809700003,0],[95.3001639510001,5.52239064600008,0],[95.2999508020001,5.52261967800007,0],[95.299784624,5.52287400400007,0],[95.2996364160001,5.52306281000006,0],[95.2978268960001,5.52538028700008,0],[95.2961540080001,5.52755578800003,0],[95.296117531,5.52760322400007,0],[95.2961108550001,5.52760379600005,0],[95.2960820930001,5.52760626100007,0],[95.296055777,5.52763336900006,0],[95.2960481320001,5.52764124400005,0],[95.296045043,5.52764442600005,0],[95.2959300680001,5.52759216100003,0],[95.2957868070001,5.52752703800007,0],[95.2956686680001,5.52747514000004,0],[95.2955034810001,5.52740257300007,0],[95.295192759,5.52731444400007,0],[95.2951665620001,5.52730701400003,0],[95.2951404870001,5.52729679400005,0],[95.2948402590001,5.52717912700007,0],[95.2945782400001,5.52710707200004,0],[95.2941198490001,5.52698101400006,0],[95.2939090500001,5.52689404400007,0],[95.2936202590001,5.52677489700005,0],[95.293536073,5.52680140500007,0],[95.293481924,5.52681845600006,0],[95.2934174790001,5.52681870500004,0],[95.293115658,5.52672016700006,0],[95.2931117310001,5.52671888500004,0],[95.293050469,5.52689532300008,0],[95.293024228,5.52697089900005,0],[95.292931002,5.52693538400007,0],[95.2927931120001,5.52688432400004,0],[95.292560366,5.52679813800006,0],[95.2925409850001,5.52687354800003,0],[95.292452116,5.52721931900004,0],[95.2922679500001,5.52776581500007,0],[95.292200543,5.52778889900003,0],[95.2920763560001,5.52779618700004,0],[95.2918667330001,5.52780848900005,0],[95.2917885000001,5.52776850800007,0],[95.2915393970001,5.52854030100002,0],[95.2913123920001,5.52847056500002,0],[95.291240986,5.52845579000007,0],[95.2911468070001,5.52848848400004,0],[95.290774291,5.52844687300006,0],[95.290387481,5.52841249100004,0],[95.2904238190001,5.52826375400002,0],[95.2896416070001,5.52811043400004,0],[95.2895812240001,5.52823622900007,0],[95.2895319550001,5.52845884400006,0],[95.289457693,5.52861395400004,0],[95.289409656,5.52880572000004,0],[95.2893997740001,5.52884516900002,0],[95.28936423,5.52891275100006,0],[95.2892756210001,5.52919417800007,0],[95.289225371,5.52940542400006,0],[95.2892159020001,5.52944522900003,0],[95.289129878,5.52942044900004,0],[95.2890920350001,5.52963488800003,0],[95.289208617,5.52966122400005,0],[95.2891371150001,5.52993702000003,0],[95.2890349310001,5.53042722700008,0],[95.289021403,5.53050757800003,0],[95.2890167290001,5.53053533700006,0],[95.288962783,5.53081447700004,0],[95.2888923510001,5.53136853800004,0],[95.288766331,5.53134717500006,0],[95.2884261240001,5.53128997800007,0],[95.2883879410001,5.53129203800006,0],[95.2884006090001,5.53111022300004,0],[95.2880313260001,5.53108441900002,0],[95.287898752,5.53106015600002,0],[95.2875217660001,5.53099116100003,0],[95.2875143030001,5.53107059000007,0],[95.2875125940001,5.53108877600005,0],[95.287466394,5.53108052100004,0],[95.2871837320001,5.53103001400007,0],[95.28715457,5.53102670000004,0],[95.287124707,5.53102330600007,0],[95.2870594680001,5.53146318500006,0],[95.2868264800001,5.53143199600004,0],[95.2868054610001,5.53142825100002,0],[95.286779595,5.53165412400006,0],[95.286740481,5.53190436000006,0],[95.2866281700001,5.53189979300004,0],[95.28640641,5.53185483300007,0],[95.2861213950001,5.53182421300005,0],[95.286115269,5.53191506400003,0],[95.2860397210001,5.53192101700006,0],[95.286025318,5.53211730500004,0],[95.2860051740001,5.53237269700003,0],[95.285854257,5.53235605900005,0],[95.2857300360001,5.53232975100002,0],[95.2856223000001,5.53226118700007,0],[95.2850057800001,5.53218904300007,0],[95.2848930920001,5.53216497500006,0],[95.2845549660001,5.53214677400007,0],[95.2845250670001,5.53239980100005,0],[95.2843725710001,5.53238664400004,0],[95.2843756280001,5.53226250800003,0],[95.2836866430001,5.53224016900003,0],[95.2836866970001,5.53228670700003,0],[95.2836615080001,5.53228219700003,0],[95.283640802,5.53227849000007,0],[95.2836161390001,5.53281814600007,0],[95.28356168,5.53355499100007,0],[95.283516219,5.53414830000003,0],[95.283490928,5.53447836900006,0],[95.2834889420001,5.53450428600007,0],[95.2834787090001,5.53450908600007,0],[95.2833318020001,5.53457798800002,0],[95.2832544890001,5.53461425000006,0],[95.2832487860001,5.53461705000007,0],[95.2825397550001,5.53496523100006,0],[95.282334006,5.53508737600004,0],[95.282302901,5.53510584200006,0],[95.282299698,5.53510774300003,0],[95.2826668010001,5.53576038600005,0],[95.2826365370001,5.53580290100007,0],[95.282418991,5.53584009200006,0],[95.282387079,5.53598371500004,0],[95.2820473230001,5.53602137800004,0],[95.281165275,5.53606495500003,0],[95.281093152,5.53607341800006,0],[95.2810641140001,5.53607682500007,0],[95.281058165,5.53601806600005,0],[95.2810482360001,5.53591999200006,0],[95.2809855820001,5.53592621400003,0],[95.2808789650001,5.53593680300003,0],[95.2806072960001,5.53596378300006,0],[95.2802103380001,5.53600789400002,0],[95.280106511,5.53600936900006,0],[95.2800140560001,5.53612870000006,0],[95.279925866,5.53631032500004,0],[95.2797509490001,5.53673432900007,0],[95.2795709430001,5.53706278700002,0],[95.279436101,5.53729232300003,0],[95.279433538,5.53731558300007,0],[95.2794065750001,5.53756030500006,0],[95.279472135,5.53775528200003,0],[95.2795128810001,5.53784799600004,0],[95.2797327440001,5.53796276500003,0],[95.2797789100001,5.53805060100007,0],[95.2797965070001,5.53815768000004,0],[95.2798525220001,5.53832392500004,0],[95.2797884410001,5.53854420600004,0],[95.2798253760001,5.53871435200006,0],[95.280188562,5.53881053400005,0],[95.2805565,5.53914969100003,0],[95.280956431,5.53936627200005,0],[95.2812377430001,5.53952399500002,0],[95.281412275,5.53972231000006,0],[95.2814775290001,5.53980815900007,0],[95.2814609390001,5.53996320300007,0],[95.2813647710001,5.54028118800005,0],[95.28133669,5.54067640100004,0],[95.2813190890001,5.54089847100005,0],[95.281412237,5.54102084400006,0],[95.281588959,5.54113782900004,0],[95.281770651,5.54125810500005,0],[95.2820373430001,5.54153338200007,0],[95.2826521330001,5.54206271300006,0],[95.282742667,5.54214066300005,0],[95.2827447540001,5.54215082300004,0],[95.2828764530001,5.54279187800006,0],[95.283128407,5.54372576100008,0],[95.283289815,5.54389912200003,0],[95.283480452,5.54410387600007,0],[95.2835658420001,5.54439879500006,0],[95.2837457970001,5.54502032400006,0],[95.2837626770001,5.54507862300005,0],[95.283448025,5.54601584800002,0],[95.2828729490001,5.54647611700005,0],[95.2828632520001,5.54648369400007,0],[95.2821821630001,5.54701588100005,0],[95.2821523100001,5.54703920700007,0],[95.2812588530001,5.54773733200005,0],[95.2809244650001,5.54796717400006,0],[95.2802366160001,5.54786459400003,0],[95.279357921,5.54779144900004,0],[95.2787177740001,5.54767911600004,0],[95.2781919820001,5.54750894100005,0],[95.2779733720001,5.54776808500003,0],[95.277943844,5.54776592400003,0],[95.2774767370001,5.54773173200005,0],[95.2769130830001,5.54764780200003,0],[95.276358794,5.54751600300006,0],[95.2760443010001,5.54767028100002,0],[95.2755568470001,5.54753822300006,0],[95.2750309070001,5.54732977900005,0],[95.2745911550001,5.54718797000004,0],[95.27407557,5.54718995300004,0],[95.273579667,5.54734492900008,0],[95.273007051,5.54741409700006,0],[95.272932252,5.54740606100006,0],[95.2724052780001,5.54734944300003,0],[95.272464067,5.54774145500005,0],[95.2726701170001,5.54785926900007,0],[95.2728466500001,5.54796555100006,0],[95.272871229,5.54819936600006,0],[95.2729853770001,5.54928522900002,0],[95.2729926530001,5.54938916000003,0],[95.2730001370001,5.54938958900004,0],[95.2730402430001,5.54939128400002,0],[95.2730526620001,5.54939193100006,0],[95.2730675390001,5.54939289300006,0],[95.273082398,5.54939407100005,0],[95.273100158,5.54939584900006,0],[95.2731178080001,5.54939803000002,0],[95.2731354040001,5.54940060200005,0],[95.273143985,5.54940202700004,0],[95.2731611010001,5.54940516500005,0],[95.2731805340001,5.54940914800005,0],[95.273197806,5.54941306100005,0],[95.2732236430001,5.54941927800007,0],[95.2733988510001,5.54946272100005,0],[95.273445139,5.54947484400003,0],[95.2734794580001,5.54948442100005,0],[95.2735048060001,5.54949213400005,0],[95.2735295470001,5.54950032500005,0],[95.273628129,5.54953433800006,0],[95.2736691380001,5.54954870000006,0],[95.2736923910001,5.54955720200007,0],[95.273714881,5.54956586200007,0],[95.2737389210001,5.54957583000004,0],[95.273763655,5.54958664800006,0],[95.273870441,5.54963448200004,0],[95.2738867740001,5.54964203300005,0],[95.2739060970001,5.54965139900003,0],[95.2739217490001,5.54965954600004,0],[95.2739449860001,5.54967224400002,0],[95.274099011,5.54975869700007,0],[95.274137388,5.54978051800003,0],[95.274158539,5.54979317600004,0],[95.27417289,5.54980238100006,0],[95.2741944310001,5.54981711800002,0],[95.27422992,5.54984232700002,0],[95.2743534480001,5.54993091900008,0],[95.274357502,5.54993382600003,0],[95.2744517020001,5.55000254900006,0],[95.2745373400001,5.55006549700005,0],[95.2745587060001,5.55008100500004,0],[95.2745852020001,5.55009964100003,0],[95.27459858,5.55010876500006,0],[95.274612092,5.55011768300005,0],[95.2746349190001,5.55013193000002,0],[95.274673406,5.55015498900002,0],[95.274781481,5.55021907700007,0],[95.2748474090001,5.55025748800006,0],[95.2748695350001,5.55026999000006,0],[95.2748844430001,5.55027800600004,0],[95.274891982,5.55028183900004,0],[95.2749066740001,5.55028874300007,0],[95.2749230360001,5.55029578500006,0],[95.2749561080001,5.55030913700006,0],[95.2750723280001,5.55035488000004,0],[95.275196758,5.55040409800006,0],[95.2752216810001,5.55041383800005,0],[95.2752448360001,5.55042258500004,0],[95.275259743,5.55042791600005,0],[95.275268253,5.55043080500008,0],[95.2752939270001,5.55043905700006,0],[95.275345503,5.55045491400006,0],[95.2754057440001,5.55047319900007,0],[95.275431649,5.55048069200006,0],[95.2754475070001,5.55048489700005,0],[95.2754691660001,5.55049002900006,0],[95.275485454,5.55049344200006,0],[95.2755004030001,5.55049620500006,0],[95.275564301,5.55050700800007,0],[95.275623566,5.55051741800003,0],[95.275648914,5.55052213400006,0],[95.275674494,5.55052741900005,0],[95.2756919180001,5.55053141400003,0],[95.2757266840001,5.55053980300005,0],[95.2758395600001,5.55056759300004,0],[95.2758742340001,5.55057635300005,0],[95.2759001630001,5.55058341200004,0],[95.2759174320001,5.55058846500003,0],[95.2759432700001,5.55059628100003,0],[95.276201352,5.55067556300003,0],[95.27622711,5.55068363700002,0],[95.2762527200001,5.55069213500008,0],[95.2762777830001,5.55070130800004,0],[95.276327569,5.55072063800003,0],[95.2763689270001,5.55073708900005,0],[95.276388415,5.55074513200003,0],[95.2764020500001,5.55075096300004,0],[95.2764170520001,5.55075762800004,0],[95.276433366,5.55076523700006,0],[95.276484914,5.55079040900006,0],[95.2765155290001,5.55080504300003,0],[95.2765385610001,5.55081586100005,0],[95.2765539810001,5.55082292100008,0],[95.2765695030001,5.55082974200008,0],[95.2765934830001,5.55083952800004,0],[95.2766181160001,5.55084908000003,0],[95.276675765,5.55087096900007,0],[95.276708741,5.55088337700005,0],[95.2767335390001,5.55089248200005,0],[95.2767572860001,5.55090068400006,0],[95.2767995300001,5.55091450600003,0],[95.2768417940001,5.55092911000003,0],[95.2771961860001,5.55105380100002,0],[95.277221458,5.55106281800005,0],[95.2772466170001,5.55107213100007,0],[95.277271575,5.55108198800002,0],[95.2772964210001,5.55109214200007,0],[95.277610601,5.55122214000005,0],[95.2776219660001,5.55122683000008,0],[95.27764117,5.55123475500005,0],[95.277767758,5.55128699500005,0],[95.277800723,5.55130089800002,0],[95.2778170560001,5.55130816500002,0],[95.2778251450001,5.55131195900003,0],[95.2778331100001,5.55131587100004,0],[95.2778488880001,5.55132401400004,0],[95.2778723500001,5.55133665700004,0],[95.278175918,5.55150402700002,0],[95.278199338,5.55151674000007,0],[95.2782150580001,5.55152496800002,0],[95.278230964,5.55153276000004,0],[95.2782390350001,5.55153638200005,0],[95.2782472980001,5.55153980200004,0],[95.278255642,5.55154303600006,0],[95.2782859610001,5.55155421600006,0],[95.278298803,5.55155909000007,0],[95.278318224,5.55156682500007,0],[95.278337019,5.55157478100006,0],[95.2783558040001,5.55158326700007,0],[95.27837535,5.55159262000006,0],[95.278390368,5.55160010300006,0],[95.2784126810001,5.55161158800007,0],[95.278438098,5.55162512100003,0],[95.278464457,5.55163956700005,0],[95.278636174,5.55173493700005,0],[95.2786795310001,5.55175923600007,0],[95.2787078310001,5.55177568500005,0],[95.2787377800001,5.55179363300005,0],[95.2787975410001,5.55182976300006,0],[95.2788497130001,5.55186156700006,0],[95.2788626500001,5.55186967500003,0],[95.2788791230001,5.55188027400004,0],[95.278906642,5.55189866500007,0],[95.2791844610001,5.55208916700008,0],[95.279228247,5.55211936200004,0],[95.279250259,5.55213484800004,0],[95.279279644,5.55215581800007,0],[95.279470309,5.55229261900007,0],[95.2794850650001,5.55230300300002,0],[95.2794999500001,5.55231319000006,0],[95.2795074740001,5.55231815600007,0],[95.2795223200001,5.55232751500006,0],[95.2795373380001,5.55233661000005,0],[95.2795600150001,5.55235001900007,0],[95.279749558,5.55246088700005,0],[95.2797722190001,5.55247432900006,0],[95.279795064,5.55248820300005,0],[95.2798408040001,5.55251660600004,0],[95.280046332,5.55264492200007,0],[95.280069037,5.55265937900003,0],[95.280084049,5.55266920300005,0],[95.2801193190001,5.55269313000002,0],[95.280133553,5.55270249400007,0],[95.280148152,5.55271150700003,0],[95.2801636120001,5.55272053900006,0],[95.280194845,5.55273810300002,0],[95.2803516440001,5.55282489500007,0],[95.2803906990001,5.55284636600004,0],[95.2804221360001,5.55286337500007,0],[95.2805643870001,5.55293962700006,0],[95.2806113230001,5.55296463400003,0],[95.280685249,5.55300342900006,0],[95.2807985470001,5.55306231400004,0],[95.280852327,5.55309072500006,0],[95.2808982640001,5.55311535600003,0],[95.2809134190001,5.55312382300002,0],[95.280920924,5.55312817600003,0],[95.280935711,5.55313727900005,0],[95.2809502170001,5.55314687200007,0],[95.280971675,5.55316174300003,0],[95.2809929140001,5.55317693900002,0],[95.2810138780001,5.55319249700005,0],[95.2810270530001,5.55320280000007,0],[95.28104455,5.55321681100003,0],[95.2810585380001,5.55322762400004,0],[95.281071517,5.55323721200006,0],[95.2810847040001,5.55324651000006,0],[95.2810970960001,5.55325478600002,0],[95.281119506,5.55326887300004,0],[95.281134749,5.55327799000003,0],[95.2811564960001,5.55329043400008,0],[95.281299258,5.55336920100007,0],[95.281336647,5.55338940000007,0],[95.281359954,5.55340150300003,0],[95.281384044,5.55341337500005,0],[95.2813921600001,5.55341712700005,0],[95.281400342,5.55342070800003,0],[95.281414017,5.55342611200007,0],[95.28142188,5.55342890600002,0],[95.281429808,5.55343151200003,0],[95.2814377970001,5.55343392100002,0],[95.2814444750001,5.55343575700005,0],[95.281459086,5.55343924900006,0],[95.2814749770001,5.55344244600008,0],[95.2814924690001,5.55344558600007,0],[95.281510004,5.55344854700007,0],[95.2816591530001,5.55347316500007,0],[95.28169175,5.55347816200003,0],[95.281714342,5.55348110400007,0],[95.28173874,5.55348358400005,0],[95.2817725180001,5.55348632700003,0],[95.2818232320001,5.55348994100007,0],[95.281858491,5.55349206500006,0],[95.2819568,5.55349728100003,0],[95.281983617,5.55349852700004,0],[95.282001398,5.55349918300004,0],[95.282045612,5.55350030600005,0],[95.282293307,5.55350563100006,0],[95.2823200060001,5.55350603300008,0],[95.282337979,5.55350609900006,0],[95.282363649,5.55350570800005,0],[95.2823790290001,5.55350509800007,0],[95.282394373,5.55350419900003,0],[95.2824113180001,5.55350273100004,0],[95.2824197210001,5.55350171500004,0],[95.2824280520001,5.55350042200007,0],[95.282436283,5.55349875400003,0],[95.2824430050001,5.55349700800002,0],[95.2824495740001,5.55349492200003,0],[95.2824560340001,5.55349251500007,0],[95.282462379,5.55348980400004,0],[95.2824686010001,5.55348679700006,0],[95.2824753420001,5.55348312300003,0],[95.2826695310001,5.55360995200004,0],[95.2828222640001,5.55369556500006,0],[95.2831982920001,5.55390634500003,0],[95.2832267430001,5.55391807700005,0],[95.283177611,5.55397146600006,0],[95.2831382290001,5.55401426000003,0],[95.283126306,5.55402696400006,0],[95.283114228,5.55403951700004,0],[95.2831017660001,5.55405199600006,0],[95.2830828030001,5.55407044900005,0],[95.2829680510001,5.55418021300005,0],[95.2829490030001,5.55419858700003,0],[95.282929983,5.55421721900007,0],[95.2828038200001,5.55434286800005,0],[95.2827216790001,5.55442444700003,0],[95.2827030460001,5.55444353900003,0],[95.2826910590001,5.55445662000005,0],[95.2826831150001,5.55446606800007,0],[95.2826781520001,5.55447248900003,0],[95.2826733700001,5.55447905600005,0],[95.2826642200001,5.55449251300007,0],[95.282658553,5.55450134200004,0],[95.2826446980001,5.55452391300003,0],[95.282617572,5.55456953200007,0],[95.282604501,5.55459214300004,0],[95.2825919940001,5.55461479500002,0],[95.2825842110001,5.55463013700006,0],[95.2825810690001,5.55463699400002,0],[95.2825806370001,5.55463793600006,0],[95.282577517,5.55464545400002,0],[95.282574664,5.55465306400004,0],[95.2825720800001,5.55466075500004,0],[95.2825697850001,5.55466851900007,0],[95.2825679740001,5.55467571100007,0],[95.2825664960001,5.55468296200007,0],[95.282565499,5.55468944000006,0],[95.282564779,5.55469595300002,0],[95.282564316,5.55470248900002,0],[95.2825640880001,5.55471077100003,0],[95.2825642720001,5.55471904800004,0],[95.282564918,5.55472730000002,0],[95.2825661420001,5.55473587900002,0],[95.2825678670001,5.55474439800003,0],[95.28257002,5.55475285300002,0],[95.282572493,5.55476125400003,0],[95.2825751940001,5.55476961400007,0],[95.2825810300001,5.55478624800003,0],[95.2825872000001,5.55480280000006,0],[95.2825935850001,5.55481927400007,0],[95.2826002130001,5.55483563800004,0],[95.2826036640001,5.55484375900005,0],[95.2826141930001,5.55486690400005,0],[95.282636079,5.55491278700003,0],[95.282643218,5.55492814100006,0],[95.282650286,5.55494409200003,0],[95.2826572580001,5.55496064900007,0],[95.2826741120001,5.55500229200004,0],[95.2827071500001,5.55508510800007,0],[95.2827340420001,5.55515251800006,0],[95.2827472540001,5.55518594300003,0],[95.282760104,5.55521937400005,0],[95.282901785,5.55559609700003,0],[95.2829172460001,5.55563805100007,0],[95.282923113,5.55565494000007,0],[95.2829257980001,5.55566308000004,0],[95.2829334780001,5.55568762600006,0],[95.2829433100001,5.55572049500006,0],[95.2829674850001,5.55580278800005,0],[95.2829738630001,5.55582353800003,0],[95.2829782950001,5.55583635100004,0],[95.282980782,5.55584288700004,0],[95.2829861110001,5.55585582300006,0],[95.2829922400001,5.55586929400005,0],[95.2829958900001,5.55587681100008,0],[95.2829959850001,5.55587699700004,0],[95.2830034780001,5.55589171400004,0],[95.283011377,5.55590646500002,0],[95.2830196090001,5.55592103300006,0],[95.2830241630001,5.55592869200007,0],[95.283033549,5.55594384200003,0],[95.2830480980001,5.55596625900006,0],[95.2830581210001,5.55598095600004,0],[95.283063283,5.55598818200002,0],[95.283068595,5.55599528400006,0],[95.2830741110001,5.55600221800006,0],[95.2830792650001,5.55600825900007,0],[95.2830845860001,5.55601416000007,0],[95.2830900340001,5.55601995700005,0],[95.2831011860001,5.55603133800003,0],[95.2831033320001,5.55603345500003,0],[95.2831125470001,5.55604254500003,0],[95.2831305540001,5.55605993100005,0],[95.2831614010001,5.55608935700008,0],[95.2831800220001,5.55610688300004,0],[95.283192592,5.55611837600003,0],[95.2831989690001,5.55612400600006,0],[95.2832054410001,5.55612951500007,0],[95.2832120410001,5.55613485800006,0],[95.2832191950001,5.55614028900004,0],[95.2832265050001,5.55614550900003,0],[95.283233947,5.55615053800005,0],[95.283241509,5.55615538100005,0],[95.2832491880001,5.55616002200003,0],[95.2832569920001,5.55616442900003,0],[95.2832649380001,5.55616854700003,0],[95.2832722380001,5.55617198400006,0],[95.2833015890001,5.55618471200006,0],[95.2833086320001,5.55618809300006,0],[95.2833153870001,5.55619176000005,0],[95.283321732,5.55619584800007,0],[95.2833275180001,5.55620052100005,0],[95.283332482,5.55620574800002,0],[95.283336863,5.55621156200004,0],[95.2833407460001,5.55621784400006,0],[95.2833444870001,5.55622510100005,0],[95.283347839,5.55623268600004,0],[95.283350908,5.55624050700004,0],[95.2833537720001,5.55624849400004,0],[95.2833590770001,5.55626478500005,0],[95.2833639780001,5.55628131500004,0],[95.2833684730001,5.55629799200005,0],[95.2833705130001,5.55630638500003,0],[95.2833723740001,5.55631482400003,0],[95.283375563,5.55633181000007,0],[95.283378444,5.55635175200007,0],[95.2833829840001,5.55638892800005,0],[95.2833855380001,5.55640503400002,0],[95.2833871380001,5.55641309700007,0],[95.2833888220001,5.55642033600003,0],[95.2833907390001,5.55642750600003,0],[95.283392898,5.55643459900006,0],[95.2833953270001,5.55644159900004,0],[95.2833977320001,5.55644771400006,0],[95.2834012980001,5.55645579800006,0],[95.283405165,5.55646375700007,0],[95.283409261,5.55647161600007,0],[95.283413534,5.55647938400006,0],[95.2834179580001,5.55648705700003,0],[95.2834225270001,5.55649462000002,0],[95.2834272530001,5.55650203800008,0],[95.2834321710001,5.55650925700007,0],[95.2834373410001,5.55651620200007,0],[95.283442848,5.55652276800004,0],[95.2834488130001,5.55652880900004,0],[95.2834560350001,5.55653467300004,0],[95.283462752,5.55653912700006,0],[95.283469827,5.55654310700004,0],[95.283477196,5.55654665000003,0],[95.2834853240001,5.55654997600004,0],[95.2834936580001,5.55655294900004,0],[95.283502135,5.55655567000002,0],[95.2835107060001,5.55655821900007,0],[95.283528012,5.55656300600003,0],[95.283623655,5.55658809300007,0],[95.2837708060001,5.55662770000004,0],[95.2838054710001,5.55663675800002,0],[95.2838228790001,5.55664092500007,0],[95.283831622,5.55664282300006,0],[95.283840421,5.55664455700003,0],[95.2838580960001,5.55664765000006,0],[95.2838936140001,5.55665308000005,0],[95.2839381470001,5.55665935300004,0],[95.2839649190001,5.55666292300003,0],[95.284014847,5.55666918600002,0],[95.2840224870001,5.55667037600006,0],[95.284030059,5.55667179300002,0],[95.2840360700001,5.55667314600004,0],[95.2840420110001,5.55667470700007,0],[95.284049306,5.55667694600004,0],[95.2840564590001,5.55667949700006,0],[95.284063448,5.55668235800005,0],[95.2840708560001,5.55668585700005,0],[95.2840779740001,5.55668976000004,0],[95.2840847360001,5.55669411200006,0],[95.284091039,5.55669897100006,0],[95.2840954230001,5.55670299300004,0],[95.2840995180001,5.55670727900002,0],[95.284103358,5.55671175700007,0],[95.2841133320001,5.55672424300008,0],[95.2841189320001,5.55673019100004,0],[95.2841250270001,5.55673583500004,0],[95.2841315000001,5.55674124200004,0],[95.2841382570001,5.55674646300002,0],[95.28414523,5.55675152900005,0],[95.284152367,5.55675646100002,0],[95.2841670060001,5.55676592300006,0],[95.2841744790001,5.55677041300004,0],[95.284182054,5.55677468300007,0],[95.284189746,5.55677866100007,0],[95.284197583,5.55678224700006,0],[95.2842056050001,5.55678530200004,0],[95.2842136990001,5.55678767700005,0],[95.284221969,5.55678954400003,0],[95.284230365,5.55679104100005,0],[95.2842388550001,5.55679227300004,0],[95.28424741,5.55679332000005,0],[95.284264648,5.55679507900004,0],[95.2842819790001,5.55679662400007,0],[95.2843167240001,5.55679951700006,0],[95.2843340540001,5.55680080200005,0],[95.284351256,5.55680170500005,0],[95.2843593090001,5.55680186900003,0],[95.2843672710001,5.55680176100003,0],[95.2843751070001,5.55680127500005,0],[95.2843827680001,5.55680026900006,0],[95.2843901910001,5.55679856300003,0],[95.28439187,5.55679796800007,0],[95.2843961900001,5.55679643900004,0],[95.2844028490001,5.55679319100005,0],[95.2844092380001,5.55678927000002,0],[95.284415401,5.55678482800005,0],[95.2844213660001,5.55677997600003,0],[95.2844271450001,5.55677479000002,0],[95.284432731,5.55676931900007,0],[95.2844381030001,5.55676358300002,0],[95.284443223,5.55675758300004,0],[95.284446141,5.55675386600007,0],[95.2844512630001,5.55674678800005,0],[95.2844561260001,5.55673948600003,0],[95.2844653540001,5.55672446600005,0],[95.2844675370001,5.55672069200006,0],[95.2844742090001,5.55670915900004,0],[95.2845087900001,5.55664751300003,0],[95.284526246,5.55661689600004,0],[95.2845397470001,5.55659421600006,0],[95.28454915,5.55657947700007,0],[95.2845588860001,5.55656507000003,0],[95.284573843,5.55654368300003,0],[95.284619213,5.55647979500003,0],[95.2846344900001,5.55645866700007,0],[95.2846449370001,5.55644487500007,0],[95.284650324,5.55643816100007,0],[95.2846558790001,5.55643163600007,0],[95.284661671,5.55642537500006,0],[95.2846677840001,5.55641947000004,0],[95.2846742500001,5.55641403000004,0],[95.2846810340001,5.55640894600003,0],[95.284688051,5.55640412100007,0],[95.2847025470001,5.55639498600004,0],[95.2847248770001,5.55638193600004,0],[95.2847850690001,5.55634782000004,0],[95.2848153360001,5.55633016900003,0],[95.284860994,5.55630281000003,0],[95.2849065120001,5.55627522800006,0],[95.284929086,5.55626114800003,0],[95.2849433170001,5.55625184000007,0],[95.2849634280001,5.55623799200004,0],[95.2849832260001,5.55622371300007,0],[95.2849961800001,5.55621389000004,0],[95.285008647,5.55620380100004,0],[95.2850205830001,5.55619342100005,0],[95.2850321430001,5.55618269200005,0],[95.2850551110001,5.55615981200003,0],[95.285060528,5.55615492700002,0],[95.2850669050001,5.55614983200007,0],[95.2850735700001,5.55614507400003,0],[95.2850804540001,5.55614057300005,0],[95.285087504,5.55613627100007,0],[95.285094681,5.55613212600002,0],[95.2851093080001,5.55612420700004,0],[95.2851242140001,5.55611675800003,0],[95.2851317670001,5.55611324700004,0],[95.2851393980001,5.55610992700002,0],[95.2851471260001,5.55610685800002,0],[95.2851537670001,5.55610449100004,0],[95.2851604830001,5.55610233300007,0],[95.2851689490001,5.55609990000005,0],[95.285177489,5.55609768800002,0],[95.2851947070001,5.55609368500006,0],[95.2852008500001,5.55609238800002,0],[95.285240726,5.55607832700002,0],[95.285314568,5.55606330800003,0],[95.2853981710001,5.55605905300007,0],[95.285463985,5.55605647600004,0],[95.2854812740001,5.55605579900003,0],[95.2855093270001,5.55605005900003,0],[95.2855593680001,5.55604499600003,0],[95.2855726650001,5.55604214700003,0],[95.285647225,5.55601673900003,0],[95.285704213,5.55598777100005,0],[95.2857303320001,5.55597494800003,0],[95.285784709,5.55593933100005,0],[95.2858058420001,5.55592722100005,0],[95.285819039,5.55591741000006,0],[95.2858511950001,5.55589350300005,0],[95.2858685290001,5.55588210500002,0],[95.2858780270001,5.55587664400002,0],[95.2859214800001,5.55586429600004,0],[95.285957679,5.55585978400006,0],[95.285959694,5.55585959300004,0],[95.2860588460001,5.55585291300002,0],[95.2861455870001,5.55584673500005,0],[95.286168322,5.55584673500005,0],[95.286199707,5.55584475800003,0],[95.286212805,5.55584426400003,0],[95.286242863,5.55583966600005,0],[95.2862485730001,5.55594245900005,0],[95.2862752230001,5.55594055500006,0],[95.2862752230001,5.55596339800007,0],[95.2863913410001,5.55595007300008,0],[95.2864332190001,5.55593484500002,0],[95.2864284770001,5.55583209500003,0],[95.286440725,5.55583208200005,0],[95.2864693870001,5.55583205200003,0],[95.2865283980001,5.55585489500004,0],[95.286566469,5.55585679800004,0],[95.2866273830001,5.55585299100005,0],[95.2866882980001,5.55584157000004,0],[95.286733983,5.55583014900003,0],[95.286828164,5.55581738800004,0],[95.2868774330001,5.55581878900006,0],[95.286893847,5.55581942200007,0],[95.2869102390001,5.55582025300004,0],[95.286924684,5.55582130000005,0],[95.2869371720001,5.55582259200003,0],[95.2869458970001,5.55582378500003,0],[95.286954574,5.55582523600003,0],[95.2869631900001,5.55582697700004,0],[95.2869751210001,5.55582997000005,0],[95.2869831580001,5.55583238100007,0],[95.2869911330001,5.55583502700006,0],[95.2869990610001,5.55583785000005,0],[95.2870148100001,5.55584386000004,0],[95.2870382290001,5.55585348200003,0],[95.2870459750001,5.55585683900006,0],[95.2870594680001,5.55586297800005,0],[95.2870709430001,5.55586858100003,0],[95.287078847,5.55587268500005,0],[95.2870944790001,5.55588124400003,0],[95.287109974,5.55589006900004,0],[95.2871416310001,5.55590852600005,0],[95.287405467,5.55603264100006,0],[95.287432831,5.55602788200002,0],[95.2874347760001,5.55602241200006,0],[95.2874518670001,5.55597434400005,0],[95.287443539,5.55593508300007,0],[95.2872258180001,5.55582086900006,0],[95.2872258180001,5.55578279700006,0],[95.2872508020001,5.55575543300006,0],[95.2872519920001,5.55573401800007,0],[95.2872722170001,5.55571111600005,0],[95.2873126680001,5.55568018300005,0],[95.2873388420001,5.55566114700002,0],[95.2873816730001,5.55564687100002,0],[95.287405467,5.55562069600006,0],[95.2874340210001,5.55558976300006,0],[95.287443539,5.55554931300003,0],[95.287450677,5.55552313900006,0],[95.287474472,5.55548030800003,0],[95.287488748,5.55544699600006,0],[95.287494935,5.55543462300005,0],[95.2874873210001,5.55542700800004,0],[95.2875139710001,5.55539940700004,0],[95.2875520420001,5.55538893700003,0],[95.2876034380001,5.55538417800005,0],[95.2876567380001,5.55538227400007,0],[95.2877081350001,5.55538322600006,0],[95.2877328810001,5.55538988900003,0],[95.287763338,5.55539179200002,0],[95.287789036,5.55539845500005,0],[95.2878071200001,5.55540226200003,0],[95.2878223490001,5.55541939400007,0],[95.2878252040001,5.55543081500002,0],[95.2878242520001,5.55545080300004,0],[95.2878109270001,5.55547079000007,0],[95.2878099760001,5.55549077800003,0],[95.2878194930001,5.55551266900005,0],[95.2878318670001,5.55552789700005,0],[95.2878499510001,5.55553741500006,0],[95.2878708900001,5.55553741500006,0],[95.2878908770001,5.55553741500006,0],[95.2879003950001,5.55552504200006,0],[95.2879099130001,5.55550886200007,0],[95.2879299000001,5.55548887400005,0],[95.2879470330001,5.55547650100004,0],[95.2879765380001,5.55547364600005,0],[95.287997477,5.55547174200007,0],[95.2880260310001,5.55547459800005,0],[95.2880374520001,5.55548126000002,0],[95.2880669570001,5.55550124800004,0],[95.288085041,5.55552409000006,0],[95.2881078840001,5.55555264400004,0],[95.288122161,5.55557358300007,0],[95.288138341,5.55559928100007,0],[95.2881440520001,5.55562593100007,0],[95.2881431000001,5.55565162900007,0],[95.288137389,5.55568494200003,0],[95.2881278720001,5.55572206100004,0],[95.2881122620001,5.55575765800006,0],[95.2881008410001,5.55579953700004,0],[95.288097034,5.55583189700008,0],[95.2880875160001,5.55586235500004,0],[95.288082757,5.55587567900005,0],[95.2880732390001,5.55589757100006,0],[95.2880599140001,5.55591851000003,0],[95.2880513480001,5.55593278700007,0],[95.2880380230001,5.55594420800003,0],[95.2880208910001,5.55596134000007,0],[95.2879990000001,5.55598037600004,0],[95.2879847230001,5.55600036300007,0],[95.2879742540001,5.55601654400004,0],[95.287940941,5.55604700100002,0],[95.2879333270001,5.55606127700003,0],[95.287916195,5.55609078300006,0],[95.2879076290001,5.55610981800004,0],[95.287901918,5.55613075800005,0],[95.2878962070001,5.55614503400005,0],[95.2878819300001,5.55615835900005,0],[95.287878123,5.55616407000002,0],[95.2877524880001,5.55609459000004,0],[95.2875716490001,5.55600702600003,0],[95.2875592760001,5.55601559200005,0],[95.2875402400001,5.55601939900004,0],[95.287530722,5.55602035100003,0],[95.287504072,5.55607841000005,0],[95.287506927,5.55609173500005,0],[95.2875164450001,5.55610601100005,0],[95.2875745040001,5.55614027600006,0],[95.2877134650001,5.55620690000006,0],[95.287816481,5.55626168400005,0],[95.287920549,5.55631071400006,0],[95.287944629,5.55632190600005,0],[95.287960776,5.55632910600002,0],[95.2879689050001,5.55633254300005,0],[95.287976982,5.55633576700006,0],[95.288023002,5.55636207800006,0],[95.2881126460001,5.55639617000003,0],[95.2881499690001,5.55641826800007,0],[95.2881664760001,5.55642753200004,0],[95.2881923190001,5.55644393400007,0],[95.288125306,5.55670751600007,0],[95.2880974120001,5.55671623400002,0],[95.2880516100001,5.55672358600003,0],[95.2880510030001,5.55672365000004,0],[95.2880335870001,5.55672365000004,0],[95.28801487,5.55672340700005,0],[95.287975734,5.55671611500003,0],[95.2879049970001,5.55671538600006,0],[95.287894544,5.55671562900005,0],[95.287866207,5.55671981900002,0],[95.2878600270001,5.55672073300002,0],[95.287838879,5.55672608100002,0],[95.2878252660001,5.55673434600004,0],[95.2878191890001,5.55674018000008,0],[95.287815354,5.55674554200004,0],[95.287764252,5.55681699400003,0],[95.2877324090001,5.55687266000007,0],[95.287731765,5.55687453500002,0],[95.2877268180001,5.55688894600007,0],[95.2877265720001,5.55689026600004,0],[95.2877257200001,5.55689322400002,0],[95.2877238040001,5.55690106000003,0],[95.2877222010001,5.55690897200003,0],[95.2877211030001,5.55691568600002,0],[95.2877202240001,5.55692244200003,0],[95.28771951,5.55692967900006,0],[95.2877189810001,5.55693694400003,0],[95.2877186010001,5.55694423200003,0],[95.287718161,5.55695953200006,0],[95.287718075,5.55697578300004,0],[95.287718236,5.55699227800005,0],[95.2877183510001,5.55699796100004,0],[95.287718736,5.55701701600003,0],[95.2877192650001,5.55703347600007,0],[95.287720112,5.55704987100006,0],[95.2877207450001,5.55705802300002,0],[95.2877222710001,5.55707143600006,0],[95.287723122,5.55707678400006,0],[95.287723504,5.55707918600007,0],[95.287725031,5.55708684600006,0],[95.287726902,5.55709439000003,0],[95.2877278990001,5.55709760600007,0],[95.2877291940001,5.55710178200007,0],[95.287731851,5.55710865200007,0],[95.2877342100001,5.55711379000007,0],[95.2877367990001,5.55711883700008,0],[95.287741102,5.55712648500003,0],[95.2877593530001,5.55715638800007,0],[95.2877678150001,5.55717100900006,0],[95.287776045,5.55718579300003,0],[95.2877840880001,5.55720069200004,0],[95.2877957800001,5.55722323800006,0],[95.287807,5.55724618200003,0],[95.2878214930001,5.55727699500005,0],[95.2878321200001,5.55730021100004,0],[95.2878425270001,5.55732392900006,0],[95.2878493960001,5.55734031200006,0],[95.2878628510001,5.55737320000003,0],[95.2879195830001,5.55751316200002,0],[95.2879360530001,5.55755441200006,0],[95.2879519590001,5.55759593500005,0],[95.28799904,5.55772076100004,0],[95.2880114760001,5.55775409300003,0],[95.2880175330001,5.55777081600007,0],[95.2880236550001,5.55778852300006,0],[95.2880292090001,5.55780536800006,0],[95.2880373290001,5.55783071000008,0],[95.288047954,5.55786457200003,0],[95.2880556170001,5.55789004900004,0],[95.288060306,5.55790713200003,0],[95.2880624110001,5.55791572900006,0],[95.288065546,5.55793082000002,0],[95.2880680360001,5.55794603800007,0],[95.2880698060001,5.55796080700003,0],[95.2880705890001,5.55796974800006,0],[95.288071185,5.55797871600004,0],[95.288071791,5.55799384700003,0],[95.288071954,5.55800615500004,0],[95.288071868,5.55803095700003,0],[95.2880721290001,5.55804475900004,0],[95.288072502,5.55805163500003,0],[95.2880732180001,5.55805953000004,0],[95.288074221,5.55806737500006,0],[95.2880754930001,5.55807515900005,0],[95.2880770370001,5.55808285500007,0],[95.288078881,5.55809043300007,0],[95.2880810770001,5.55809784500002,0],[95.2880837040001,5.55810503100003,0],[95.288086879,5.55811191100003,0],[95.2880911330001,5.55811905600007,0],[95.288096092,5.55812571700005,0],[95.2881016680001,5.55813187000007,0],[95.2881055660001,5.55813553100006,0],[95.2881097000001,5.55813892600003,0],[95.288115098,5.55814270900004,0],[95.2881207950001,5.55814607100007,0],[95.2881267450001,5.55814902000003,0],[95.2881329200001,5.55815154100003,0],[95.2881390080001,5.55815352700006,0],[95.288145248,5.55815511800006,0],[95.288153159,5.55815659000007,0],[95.2881612,5.55815762000003,0],[95.288169328,5.55815831300004,0],[95.2881775060001,5.55815874000007,0],[95.2881857040001,5.55815894900007,0],[95.2881938990001,5.55815895800004,0],[95.288202067,5.55815876500003,0],[95.2882101820001,5.55815834600003,0],[95.2882182210001,5.55815764900007,0],[95.2882261500001,5.55815659800004,0],[95.28823393,5.55815508700005,0],[95.288240934,5.55815318500004,0],[95.2882477370001,5.55815075400005,0],[95.2882547830001,5.55814755400007,0],[95.288261613,5.55814389500006,0],[95.2882749950001,5.55813584800006,0],[95.2882829810001,5.55813137600006,0],[95.288289761,5.55812812500005,0],[95.2882967420001,5.55812522700006,0],[95.288303887,5.55812264900004,0],[95.2883111660001,5.55812037600003,0],[95.2883185590001,5.55811841100007,0],[95.2883260520001,5.55811677800006,0],[95.288334482,5.55811537100004,0],[95.2883429970001,5.55811430800003,0],[95.288351575,5.55811349400005,0],[95.2883601950001,5.55811286000005,0],[95.28837752,5.55811192700003,0],[95.288499689,5.55810735400007,0],[95.2885171770001,5.55810705000005,0],[95.2885258900001,5.55810711900006,0],[95.288534558,5.55810743100005,0],[95.288543158,5.55810808800004,0],[95.2885516520001,5.55810922700005,0],[95.2885600590001,5.55811099500005,0],[95.288568276,5.55811338300003,0],[95.2885762500001,5.55811639000007,0],[95.2885828940001,5.55811951300007,0],[95.288589265,5.55812311300002,0],[95.2885953140001,5.55812719300008,0],[95.2885992110001,5.55813025700007,0],[95.288602912,5.55813355400005,0],[95.288606691,5.55813739700005,0],[95.288610201,5.55814149600008,0],[95.2886143970001,5.55814725700003,0],[95.288618161,5.55815336200004,0],[95.2886215280001,5.55815974100005,0],[95.2886243070001,5.55816585200006,0],[95.28862675,5.55817212100004,0],[95.2886288380001,5.55817852500007,0],[95.2886305200001,5.55818504900003,0],[95.2886318330001,5.55819220700005,0],[95.288632668,5.55819944700005,0],[95.2886330650001,5.55820672600004,0],[95.288633034,5.55821400500002,0],[95.2886325530001,5.55822124100007,0],[95.288631406,5.55822934100007,0],[95.2886298620001,5.55823621400003,0],[95.2886278270001,5.55824291200003,0],[95.2886253120001,5.55824938400002,0],[95.288622294,5.55825556600007,0],[95.2886187610001,5.55826135900003,0],[95.2886147310001,5.55826675200007,0],[95.288610228,5.55827168700006,0],[95.2886065980001,5.55827499600002,0],[95.2886027060001,5.55827797600006,0],[95.2885958670001,5.55828204600004,0],[95.288589883,5.55828473400004,0],[95.2885836230001,5.55828692200004,0],[95.28857715,5.55828865100005,0],[95.2885705140001,5.55828994000007,0],[95.2885618880001,5.55829096600007,0],[95.2885531380001,5.55829141600003,0],[95.288531027,5.55829136600005,0],[95.2885232250001,5.55829148600003,0],[95.288515422,5.55829179300002,0],[95.2885076330001,5.55829234700008,0],[95.28849869,5.55829334600003,0],[95.2884897800001,5.55829466300003,0],[95.288480899,5.55829621700002,0],[95.2884720430001,5.55829794700003,0],[95.2884543850001,5.55830175100004,0],[95.2884192060001,5.55831001300004,0],[95.2883539870001,5.55832581600004,0],[95.288252599,5.55835038200007,0],[95.2882262740001,5.55835690500004,0],[95.2882050060001,5.55836242800007,0],[95.2881908350001,5.55836626700005,0],[95.2881663780001,5.55837321900003,0],[95.2881418800001,5.55838042700003,0],[95.2881255730001,5.55838539300004,0],[95.2881094290001,5.55839062400003,0],[95.2881015010001,5.55839341900003,0],[95.288093743,5.55839640100004,0],[95.2880862360001,5.55839964300003,0],[95.2880791380001,5.55840320500005,0],[95.2880725270001,5.55840718700006,0],[95.2880665770001,5.55841168900002,0],[95.2880615190001,5.55841685200005,0],[95.2880607530001,5.55841782800007,0],[95.288060095,5.55841872800005,0],[95.2880567720001,5.55842446700007,0],[95.288054355,5.55843072400006,0],[95.288052742,5.55843733900002,0],[95.2880518860001,5.55844416900004,0],[95.2880518040001,5.55845108500006,0],[95.2880524080001,5.55845705900003,0],[95.2880535340001,5.55846234800003,0],[95.28805529,5.55846770400007,0],[95.2880576250001,5.55847283800006,0],[95.2880605440001,5.55847767400007,0],[95.288064971,5.55848317500005,0],[95.288070131,5.55848815900004,0],[95.288075861,5.55849266200005,0],[95.288082043,5.55849668600007,0],[95.2880885970001,5.55850019700006,0],[95.2880947570001,5.55850286200007,0],[95.2881011480001,5.55850500700006,0],[95.2881080430001,5.55850664600007,0],[95.2881163690001,5.55850788600003,0],[95.2881248580001,5.55850856100005,0],[95.288133455,5.55850882900006,0],[95.28814212,5.55850880500003,0],[95.2881595490001,5.55850821600006,0],[95.2881944590001,5.55850611800003,0],[95.288307208,5.55849839900003,0],[95.2883244700001,5.55849739500007,0],[95.2883416000001,5.55849680100005,0],[95.288350058,5.55849679900007,0],[95.288358395,5.55849711300004,0],[95.288366554,5.55849787300002,0],[95.2883718320001,5.55849870800006,0],[95.2883770400001,5.55849990700005,0],[95.2883822960001,5.55850157600003,0],[95.2883873280001,5.55850367800002,0],[95.2883920900001,5.55850623000003,0],[95.2883979110001,5.55851033800008,0],[95.2884030850001,5.55851524700006,0],[95.288408023,5.55852161000007,0],[95.288412253,5.55852870700005,0],[95.2884159580001,5.55853633300006,0],[95.2884192700001,5.55854433600007,0],[95.288422284,5.55855260200002,0],[95.288425067,5.55856105100003,0],[95.2884276560001,5.55856962300004,0],[95.2884300740001,5.55857827500006,0],[95.288436705,5.55860383100003,0],[95.28843907,5.55861215000004,0],[95.2884415550001,5.55861981300006,0],[95.2884444140001,5.55862718100008,0],[95.288447809,5.55863414300006,0],[95.2884513240001,5.55863975800003,0],[95.288455404,5.55864489400005,0],[95.2884604530001,5.55864982100007,0],[95.2884861470001,5.55868777400002,0],[95.2885218390001,5.55871156900002,0],[95.2885765670001,5.55872346600006,0],[95.2885908430001,5.55874012200007,0],[95.2886217760001,5.55878295300005,0],[95.2886360530001,5.55881150600004,0],[95.2886527090001,5.55884481900006,0],[95.288678883,5.55887813100003,0],[95.288702678,5.55889478700004,0],[95.28873837,5.55890668500007,0],[95.2887716820001,5.55890192600003,0],[95.288807374,5.55891144300006,0],[95.2888192720001,5.55894237600006,0],[95.2888097540001,5.55898758600006,0],[95.2887597850001,5.55898044800006,0],[95.2887098160001,5.55895427400003,0],[95.28864795,5.55891382300007,0],[95.2885932230001,5.55888526900003,0],[95.2885551510001,5.55887575200006,0],[95.2885242180001,5.55887099300003,0],[95.288481388,5.55886623400005,0],[95.2884195220001,5.55887575200006,0],[95.2883862100001,5.55889716700005,0],[95.2883576560001,5.55893523800006,0],[95.288352897,5.55896141200003,0],[95.2883362410001,5.55898520700003,0],[95.2883267230001,5.55900662200003,0],[95.288331482,5.55903517500008,0],[95.2883410000001,5.55907562600004,0],[95.2883695530001,5.55908990300003,0],[95.288414763,5.55908038500007,0],[95.288459973,5.55905897000002,0],[95.2884932850001,5.55903993400005,0],[95.2885242180001,5.55902327800004,0],[95.2885741870001,5.55900424200007,0],[95.2885979820001,5.55900186300005,0],[95.288626535,5.55902089900007,0],[95.288640812,5.55903993400005,0],[95.288655089,5.55906610800002,0],[95.2886431910001,5.55908990300003,0],[95.288602741,5.55908990300003,0],[95.2885622900001,5.55911131800002,0],[95.288533736,5.55912083600003,0],[95.28847425,5.55914701000006,0],[95.2884552140001,5.55917080500006,0],[95.28842904,5.55920649700005,0],[95.2884028660001,5.55922791200004,0],[95.28838383,5.55925408600007,0],[95.2883719330001,5.55930643400006,0],[95.2883647940001,5.55936354100004,0],[95.2883647940001,5.55939685300007,0],[95.288390969,5.55942540700005,0],[95.2884409370001,5.55948251400002,0],[95.288459973,5.55950155000005,0],[95.288490906,5.55951106800006,0],[95.2885289770001,5.55951106800006,0],[95.2885741870001,5.55949203200004,0],[95.2886217760001,5.55948489400004,0],[95.2886741240001,5.55949441100006,0],[95.2887217140001,5.55952772400002,0],[95.2887431290001,5.55956103600005,0],[95.2887788210001,5.55960148700007,0],[95.2888192720001,5.55963955800007,0],[95.2888502050001,5.55966573300003,0],[95.288897794,5.55968952700005,0],[95.288950142,5.55968714800002,0],[95.288981075,5.55968000900003,0],[95.2890001110001,5.55970380400004,0],[95.2890001110001,5.55974187500004,0],[95.289012008,5.55976804900007,0],[95.289033423,5.55977280800005,0],[95.2890667350001,5.55975615200003,0],[95.2890762530001,5.55972046000005,0],[95.289095289,5.55969904500006,0],[95.2891381190001,5.55970856300007,0],[95.2891571550001,5.55974187500004,0],[95.2891809500001,5.55977756700003,0],[95.289216642,5.55978708500004,0],[95.289252333,5.55978708500004,0],[95.2892880250001,5.55978708500004,0],[95.2893094410001,5.55979422300004,0],[95.2893165790001,5.55980612100007,0],[95.289333803,5.55983618300007,0],[95.289334749,5.55984507600004,0],[95.2893360360001,5.55985387800007,0],[95.2893374600001,5.55986105500006,0],[95.2893392350001,5.55986812200007,0],[95.289341382,5.55987505200005,0],[95.2893439480001,5.55988181100003,0],[95.28934644,5.55988727600004,0],[95.28934924,5.55989259400008,0],[95.2893523280001,5.55989775800003,0],[95.2893561720001,5.55990343100007,0],[95.28936035,5.55990889200007,0],[95.2893659380001,5.55991536500005,0],[95.28937188,5.55992158500004,0],[95.289378076,5.55992762300002,0],[95.2893909510001,5.55993933800005,0],[95.2894108830001,5.55995640300006,0],[95.2894312110001,5.55997303500004,0],[95.2894567330001,5.55999280800006,0],[95.2894750570001,5.56000658300007,0],[95.2894893390001,5.56001732000004,0],[95.289537377,5.56005278800006,0],[95.289565371,5.56007293100004,0],[95.2896265200001,5.56011578700003,0],[95.2896581690001,5.56013796800005,0],[95.2896674310001,5.56014439000006,0],[95.2897009820001,5.56016765400005,0],[95.289743661,5.56019681500004,0],[95.2897650830001,5.56021125700005,0],[95.289779464,5.56022071500007,0],[95.2897940160001,5.56022987300003,0],[95.2898014,5.56023426600007,0],[95.289816682,5.56024271000007,0],[95.2898322080001,5.56025073400002,0],[95.2898557070001,5.56026240500006,0],[95.289950128,5.56030836000002,0],[95.2900121930001,5.56033823000007,0],[95.2900432420001,5.56035291400002,0],[95.2900588580001,5.56036001100006,0],[95.2900667160001,5.56036342500005,0],[95.2900810520001,5.56036921700007,0],[95.290094046,5.56037384500007,0],[95.2901023940001,5.56037647400007,0],[95.2901192680001,5.56038120000005,0],[95.2901362800001,5.56038551000006,0],[95.2901533610001,5.56038961500008,0],[95.2901988250001,5.56040017100003,0],[95.2902731980001,5.56041744000004,0],[95.290297471,5.56042320900002,0],[95.290311784,5.56042687800004,0],[95.2903188880001,5.56042888700006,0],[95.2903264830001,5.56043123200004,0],[95.2903428590001,5.56043684500003,0],[95.2903591070001,5.56044288500004,0],[95.290391448,5.56045549700002,0],[95.2904802150001,5.56049074300006,0],[95.2905123730001,5.56050383300004,0],[95.2905281100001,5.56051055400007,0],[95.2905435320001,5.56051738800005,0],[95.2906126410001,5.56054881800003,0],[95.290635771,5.56055907900003,0],[95.290639561,5.56056067800006,0],[95.290668715,5.56057297700005,0],[95.2907183450001,5.56059332900003,0],[95.2907991700001,5.56062615800005,0],[95.29091077,5.56067101600007,0],[95.290927245,5.56067746300005,0],[95.2909437860001,5.56068371900005,0],[95.2909521000001,5.56068672500004,0],[95.2909687540001,5.56069240600004,0],[95.291002301,5.56070309000006,0],[95.291035982,5.56071336100007,0],[95.291056488,5.56071929400002,0],[95.2910613430001,5.56072069900006,0],[95.2910771270001,5.56072488700005,0],[95.2910904730001,5.56072816300002,0],[95.291091759,5.56072847900003,0],[95.291115172,5.56073391700005,0],[95.2911542460001,5.56074265800004,0],[95.291237718,5.56076133100004,0],[95.2912726740001,5.56076938600006,0],[95.2912982300001,5.56077576000007,0],[95.2913306670001,5.56078463300003,0],[95.291371096,5.56079617900002,0],[95.2914038820001,5.56080591000006,0],[95.2914381630001,5.56081654900004,0],[95.2914894950001,5.56083279400002,0],[95.2915150810001,5.56084114400005,0],[95.2915320440001,5.56084697400007,0],[95.2915488620001,5.56085314600006,0],[95.2915739480001,5.56086279900006,0],[95.291840676,5.56096819300006,0],[95.2920074530001,5.56103391600004,0],[95.292024064,5.56104064300007,0],[95.2920405690001,5.56104760500006,0],[95.292048751,5.56105124100003,0],[95.2920638400001,5.56105837000007,0],[95.2920787790001,5.56106582100006,0],[95.2920936150001,5.56107348200004,0],[95.2921156640001,5.56108534100002,0],[95.2921301380001,5.56109362200004,0],[95.2921372600001,5.56109794800005,0],[95.292144588,5.56110263900007,0],[95.2921518270001,5.56110747500003,0],[95.2921661240001,5.56111743800005,0],[95.2921873110001,5.56113279000004,0],[95.2922152880001,5.56115366300003,0],[95.2922574850001,5.56118596700003,0],[95.2922716680001,5.56119653500002,0],[95.2922788400001,5.56120169300004,0],[95.2922860950001,5.56120671600007,0],[95.2922934650001,5.56121155900007,0],[95.2923005660001,5.56121593400007,0],[95.2923077730001,5.56122014400006,0],[95.2923223980001,5.56122822500004,0],[95.292352081,5.56124370400005,0],[95.292389939,5.56126281100006,0],[95.292431514,5.56128345900004,0],[95.2925972410001,5.56136576400007,0],[95.2926371760001,5.56138540700005,0],[95.2926532370001,5.56139307800004,0],[95.2926689930001,5.56140036300008,0],[95.2927006630001,5.56141459300005,0],[95.2927189800001,5.56142272700004,0],[95.2927799990001,5.56144982200004,0],[95.2928036740001,5.56146064700005,0],[95.2928193180001,5.56146814700003,0],[95.2928350880001,5.56147617200003,0],[95.2928585290001,5.56148864800002,0],[95.292885572,5.56150343500002,0],[95.2929673,5.56154812300002,0],[95.2929985420001,5.56156477600007,0],[95.2930143440001,5.56157273100007,0],[95.2930220800001,5.56157642200003,0],[95.2930376780001,5.56158354600007,0],[95.293053377,5.56159046000005,0],[95.2930928120001,5.56160735500004,0],[95.2930986920001,5.56160980700002,0],[95.2931325710001,5.56162393600005,0],[95.29320454,5.56165335500003,0],[95.293220589,5.56165975400006,0],[95.2932367080001,5.56166597200007,0],[95.293261714,5.56167503400007,0],[95.2933024810001,5.56168897000003,0],[95.293351193,5.56170516500003,0],[95.2933674550001,5.56171030400003,0],[95.2933755940001,5.56171273400003,0],[95.2933837420001,5.56171501300003,0],[95.2933919000001,5.56171708000005,0],[95.2933990230001,5.56171865000005,0],[95.2934061510001,5.56171995000005,0],[95.2934136540001,5.56172096500006,0],[95.293421139,5.56172156900004,0],[95.2934285860001,5.56172169200005,0],[95.293435974,5.56172123600004,0],[95.2934442950001,5.56171995700004,0],[95.2934609310001,5.56171629800002,0],[95.2934690710001,5.56171467900003,0],[95.293477297,5.56171333300006,0],[95.293485574,5.56171230100006,0],[95.293493874,5.56171164600005,0],[95.2935021700001,5.56171146300005,0],[95.2935104330001,5.56171188200005,0],[95.2935187510001,5.56171302800004,0],[95.2935270200001,5.56171476800006,0],[95.2935352520001,5.56171694500006,0],[95.293543458,5.56171943700002,0],[95.2935598120001,5.56172504200003,0],[95.2935761030001,5.56173113100004,0],[95.2936003570001,5.56174082900003,0],[95.2936162610001,5.56174777200005,0],[95.293624062,5.56175149100005,0],[95.293631706,5.56175546100008,0],[95.293639139,5.56175977300006,0],[95.293645729,5.56176409600005,0],[95.293652136,5.56176871400004,0],[95.2936584050001,5.56177355300002,0],[95.2936645720001,5.56177855700003,0],[95.2936766970001,5.56178889500006,0],[95.2937018430001,5.56181140900003,0],[95.293714429,5.56182289800006,0],[95.293774043,5.56187731100005,0],[95.2937869460001,5.56188948200003,0],[95.2937932820001,5.56189567000007,0],[95.293799499,5.56190196600005,0],[95.2938055490001,5.56190841400007,0],[95.2938113320001,5.56191497400005,0],[95.2938169440001,5.56192168700005,0],[95.293822418,5.56192852200007,0],[95.293833039,5.56194246600006,0],[95.2938383460001,5.56194988200002,0],[95.293843247,5.56195673000008,0],[95.2938515100001,5.56196903500006,0],[95.2938772960001,5.56200936000005,0],[95.293896756,5.56203917600004,0],[95.293911667,5.56206131900007,0],[95.2939219940001,5.56207596600007,0],[95.2939434720001,5.56210499300005,0],[95.2940197510001,5.56220585200003,0],[95.2940362730001,5.56222732900005,0],[95.294047559,5.56224141300004,0],[95.2940586230001,5.56225430500007,0],[95.2940639880001,5.56226019800005,0],[95.2940749900001,5.56227172600006,0],[95.2940863460001,5.56228288200003,0],[95.294092183,5.56228828200005,0],[95.2940981570001,5.56229352200006,0],[95.294104383,5.56229865100005,0],[95.294110748,5.56230361200005,0],[95.2941237900001,5.56231314400003,0],[95.29413716,5.56232222800003,0],[95.2941439640001,5.56232659200003,0],[95.2941508590001,5.56233081100004,0],[95.294158242,5.56233508500003,0],[95.2941732530001,5.56234322400007,0],[95.2941884700001,5.56235100800006,0],[95.2942038180001,5.56235854400006,0],[95.2942192940001,5.56236581100006,0],[95.2942346500001,5.56237261800004,0],[95.294250129,5.56237913100006,0],[95.294265727,5.56238533400006,0],[95.2942735830001,5.56238828100004,0],[95.294290559,5.56239420200006,0],[95.294316231,5.56240250300004,0],[95.294367789,5.56241849500003,0],[95.2943990300001,5.56242795800006,0],[95.2944108360001,5.56243153400004,0],[95.2944321200001,5.56243767000007,0],[95.294449081,5.56244235700007,0],[95.2945341180001,5.56246498100006,0],[95.29455957,5.56247193300004,0],[95.294576443,5.56247684000004,0],[95.2945931570001,5.56248221700002,0],[95.29460133,5.56248514100002,0],[95.2946175330001,5.56249141000006,0],[95.2946416410001,5.56250138200005,0],[95.294785613,5.56256317800006,0],[95.2948094770001,5.56257376500002,0],[95.294832435,5.56258443600007,0],[95.2948704660001,5.56260272600002,0],[95.294900672,5.56261780200003,0],[95.294923671,5.56262992200004,0],[95.2949465470001,5.56264229100003,0],[95.2949512480001,5.56264485800006,0],[95.2949922010001,5.56266722300006,0],[95.2950224670001,5.56268403100006,0],[95.2950373880001,5.56269265400005,0],[95.2950447360001,5.56269707900003,0],[95.2950519730001,5.56270162000004,0],[95.2950590570001,5.56270631700005,0],[95.2950659370001,5.56271122200008,0],[95.2950725490001,5.56271640100005,0],[95.295086401,5.56272857200003,0],[95.2950914150001,5.56273285400005,0],[95.2950965790001,5.56273696400007,0],[95.2951032570001,5.56274173500003,0],[95.2951101940001,5.56274619800007,0],[95.2951173260001,5.56275043000005,0],[95.2951246060001,5.56275448600007,0],[95.295131993,5.56275841100006,0],[95.29514699,5.56276599000006,0],[95.2951621710001,5.56277333000003,0],[95.295177471,5.56278048200005,0],[95.2951930280001,5.56278747500005,0],[95.2952088230001,5.56279432400004,0],[95.2952326130001,5.56280435900004,0],[95.2952485320001,5.56281088600002,0],[95.295264526,5.56281718600007,0],[95.2952725700001,5.56282019700006,0],[95.295280661,5.56282306800006,0],[95.2952974140001,5.56282846300007,0],[95.2953143130001,5.56283342900002,0],[95.2953312860001,5.56283817900004,0],[95.2954078960001,5.56285883800007,0],[95.2954268610001,5.56286371700003,0],[95.2954415780001,5.56286750300006,0],[95.2954739830001,5.56287527000006,0],[95.2954983400001,5.56288079200004,0],[95.2955146030001,5.56288425800005,0],[95.295530887,5.56288744200003,0],[95.2955535390001,5.56289160700004,0],[95.2955610170001,5.56289323600004,0],[95.2955706500001,5.56289576900002,0],[95.295579129,5.56289844700007,0],[95.2955875210001,5.56290143500007,0],[95.2955958510001,5.56290465100005,0],[95.2956041360001,5.56290802900003,0],[95.2956206210001,5.56291509400006,0],[95.29574368,5.56297033100003,0],[95.2957682380001,5.56298148700006,0],[95.295784515,5.56298911600004,0],[95.2958005840001,5.56299705800006,0],[95.295816421,5.56300535200006,0],[95.2958320870001,5.56301395800006,0],[95.295839845,5.56301839300005,0],[95.295853417,5.56302653800003,0],[95.295870812,5.56303774600002,0],[95.295892311,5.56305248800004,0],[95.29599876,5.56312792200004,0],[95.296019926,5.56314313100006,0],[95.296033794,5.56315351600006,0],[95.296040577,5.56315885700008,0],[95.296047205,5.56316435500003,0],[95.296053617,5.56317006700004,0],[95.2960581400001,5.56317443600005,0],[95.2960638770001,5.56318051900007,0],[95.2960693570001,5.56318685700006,0],[95.2960746470001,5.56319338500003,0],[95.2960797970001,5.56320005300006,0],[95.2960898170001,5.56321366200007,0],[95.2960996100001,5.56322748900004,0],[95.2961092560001,5.56324144400003,0],[95.2961187530001,5.56325551100002,0],[95.2961325370001,5.56327681600004,0],[95.2961502840001,5.56330557400003,0],[95.2961632510001,5.56332736900004,0],[95.296184128,5.56336395100004,0],[95.296192595,5.56337800900008,0],[95.2962014000001,5.56339186900004,0],[95.29620594,5.56339870800002,0],[95.2962105920001,5.56340546300004,0],[95.2962153880001,5.56341210600004,0],[95.2962203690001,5.56341859700007,0],[95.2962254510001,5.56342476000003,0],[95.296230725,5.56343074400007,0],[95.2962361630001,5.56343655400002,0],[95.2962417570001,5.56344217400004,0],[95.296247507,5.56344757200003,0],[95.29625343,5.56345269000008,0],[95.2962595560001,5.56345745000004,0],[95.2962659310001,5.56346173600002,0],[95.2962725730001,5.56346541900007,0],[95.296279478,5.56346847600003,0],[95.296286616,5.56347085000004,0],[95.2962943970001,5.56347255700007,0],[95.2963023460001,5.56347351100004,0],[95.2963103930001,5.56347377600002,0],[95.2963184850001,5.56347336100004,0],[95.296326707,5.56347223900002,0],[95.2963349080001,5.56347053300004,0],[95.2963430710001,5.56346836400007,0],[95.2963511830001,5.56346581000003,0],[95.296358098,5.56346334400007,0],[95.2963649640001,5.56346067300007,0],[95.2963717810001,5.56345782900007,0],[95.2963852520001,5.56345170600002,0],[95.2963991380001,5.56344475100002,0],[95.2964222360001,5.56343267400007,0],[95.2964293730001,5.56342941000003,0],[95.2964366300001,5.56342648200007,0],[95.2964439850001,5.56342389500003,0],[95.2964514240001,5.56342168300006,0],[95.296458935,5.56341990500005,0],[95.2964665120001,5.56341865300004,0],[95.29647442,5.56341800200005,0],[95.296482358,5.56341795400004,0],[95.2964902860001,5.56341845100008,0],[95.296496914,5.56341927700004,0],[95.2965034840001,5.56342048600004,0],[95.2965099680001,5.56342210700006,0],[95.2965176370001,5.56342463700003,0],[95.296525144,5.56342772000005,0],[95.296532422,5.56343123500005,0],[95.2965395470001,5.56343513100006,0],[95.296546516,5.56343935900003,0],[95.2965533170001,5.56344390100003,0],[95.296561055,5.56344962900005,0],[95.2965668530001,5.56345428400004,0],[95.2965725290001,5.56345910900006,0],[95.2965839490001,5.56346954200006,0],[95.296595401,5.56348076100005,0],[95.2966122240001,5.56349796700005,0],[95.296629323,5.56351590100007,0],[95.2966591970001,5.56354775800003,0],[95.2966828500001,5.56357342000007,0],[95.2966945050001,5.56358642500004,0],[95.2967233970001,5.56361915400004,0],[95.2967352040001,5.56363192300006,0],[95.2967412690001,5.56363811100005,0],[95.2967475040001,5.56364409600008,0],[95.296753971,5.56364980000006,0],[95.2967603280001,5.56365486400006,0],[95.296766899,5.56365967200003,0],[95.2967736300001,5.56366428300004,0],[95.296787431,5.56367309000007,0],[95.2968015330001,5.56368150800006,0],[95.296816441,5.56368994400003,0],[95.2968478270001,5.56370687600003,0],[95.296895158,5.56373183400007,0],[95.2969110390001,5.56373984300006,0],[95.2969190370001,5.56374367100005,0],[95.296927096,5.56374730500005,0],[95.2969332070001,5.56374986300006,0],[95.296939374,5.56375223600003,0],[95.2969456060001,5.56375438300006,0],[95.2969525110001,5.56375642500007,0],[95.2969595010001,5.56375812000005,0],[95.2969686650001,5.56375978000005,0],[95.2969746040001,5.56376053600007,0],[95.2969770030001,5.56376084200002,0],[95.2969854040001,5.56376159800004,0],[95.2969938480001,5.56376212600003,0],[95.2970023220001,5.56376247800006,0],[95.2970193210001,5.56376278700003,0],[95.2970363420001,5.56376263500005,0],[95.297044849,5.56376236600005,0],[95.2970602030001,5.56376143400007,0],[95.2970991460001,5.56375757300003,0],[95.2971080510001,5.56375697200002,0],[95.297116965,5.56375657900003,0],[95.2971258800001,5.56375639000004,0],[95.2971347920001,5.56375642200004,0],[95.2971436940001,5.56375671000006,0],[95.297151231,5.56375718400005,0],[95.2971662630001,5.56375868800006,0],[95.297181218,5.56376084900006,0],[95.2971886540001,5.56376218900004,0],[95.297195935,5.56376370200007,0],[95.2972042950001,5.56376568100006,0],[95.2972126130001,5.56376786000004,0],[95.297229149,5.56377265000003,0],[95.2972455650001,5.56377787700006,0],[95.2972621340001,5.56378365500007,0],[95.297278786,5.56379011800004,0],[95.2972950930001,5.56379722500003,0],[95.2973192570001,5.56380860300004,0],[95.2974073080001,5.56385161700007,0],[95.2974875150001,5.56389043800004,0],[95.2975034600001,5.56389829700004,0],[95.2975192040001,5.56390638000005,0],[95.2975269350001,5.56391058000003,0],[95.2975345180001,5.56391494800005,0],[95.2975418950001,5.56391955300006,0],[95.2975489890001,5.56392448200006,0],[95.2975557010001,5.56392985100007,0],[95.2975593140001,5.56393314700006,0],[95.2975628070001,5.56393659000003,0],[95.2975678770001,5.56394192200003,0],[95.2975778470001,5.56395292000008,0],[95.297588606,5.56396448800007,0],[95.2975997060001,5.56397583300003,0],[95.2976053890001,5.56398138900005,0],[95.2976111740001,5.56398683800006,0],[95.297617083,5.56399215300007,0],[95.29762314,5.56399729400005,0],[95.2976295190001,5.56400234900002,0],[95.2976360470001,5.56400722900003,0],[95.2976494100001,5.56401663400004,0],[95.2976698880001,5.56403027200002,0],[95.2977045480001,5.56405257800003,0],[95.2977255700001,5.56406564300005,0],[95.297739742,5.56407388000002,0],[95.297746906,5.56407770400006,0],[95.2977541440001,5.56408122300007,0],[95.2977614740001,5.56408431600005,0],[95.2977695000001,5.56408702100003,0],[95.2977776230001,5.56408895600003,0],[95.2977847610001,5.56408992300004,0],[95.2977918830001,5.56409023500004,0],[95.297798921,5.56408990100005,0],[95.2978054900001,5.56408895000004,0],[95.297811842,5.56408731400006,0],[95.2978178920001,5.56408488100004,0],[95.29782421,5.56408111900004,0],[95.297830085,5.56407642300007,0],[95.2978344690001,5.56407216500003,0],[95.297838675,5.56406756400003,0],[95.297851488,5.56405222800004,0],[95.2978573130001,5.56404564000007,0],[95.2978634010001,5.56403933300004,0],[95.297869764,5.56403344100005,0],[95.297876466,5.56402806000006,0],[95.2978833610001,5.56402333100004,0],[95.297890345,5.56401936800006,0],[95.2978973140001,5.56401636700002,0],[95.297904153,5.56401461500008,0],[95.2979107370001,5.56401451200003,0],[95.297915947,5.56401596700005,0],[95.297920827,5.56401866000004,0],[95.2979249400001,5.56402200000002,0],[95.2979286950001,5.56402603700008,0],[95.297931798,5.56403027600004,0],[95.2979345210001,5.56403492900006,0],[95.2979368160001,5.56403993400005,0],[95.2979389380001,5.56404631300006,0],[95.2979403860001,5.56405300600005,0],[95.297941156,5.56405991300005,0],[95.2979411970001,5.56406695100003,0],[95.2979403890001,5.56407463200003,0],[95.2979388680001,5.56408235200007,0],[95.297936829,5.56409008600002,0],[95.297934426,5.56409781300005,0],[95.29792344,5.56412888500006,0],[95.297921,5.56413665300005,0],[95.2979190400001,5.56414436000006,0],[95.2979177820001,5.56415199500003,0],[95.297917483,5.56415656900003,0],[95.297917634,5.56416129800004,0],[95.297918241,5.56416599400006,0],[95.2979197060001,5.56417222400006,0],[95.29792015,5.56417351800008,0],[95.2979218120001,5.56417835500002,0],[95.2979244690001,5.56418437000002,0],[95.2979276170001,5.56419024800005,0],[95.297931707,5.56419670800005,0],[95.297936237,5.56420300400003,0],[95.2979410930001,5.56420916900004,0],[95.2979461890001,5.56421522900007,0],[95.2979514640001,5.56422119900003,0],[95.2979624020001,5.56423287600006,0],[95.2979680290001,5.56423856100002,0],[95.29797376,5.56424411100005,0],[95.297979609,5.56424948400007,0],[95.2979856050001,5.56425462200002,0],[95.2979917900001,5.56425945000007,0],[95.2979979340001,5.56426369000008,0],[95.2980043260001,5.56426748300004,0],[95.298009746,5.56427019800003,0],[95.298015326,5.56427259200007,0],[95.2980210410001,5.56427469600004,0],[95.298027554,5.56427673300004,0],[95.298034181,5.56427848700002,0],[95.2980408930001,5.56428000300002,0],[95.298047674,5.56428131000007,0],[95.298058284,5.56428297000002,0],[95.2980874780001,5.56428640100006,0],[95.2981001220001,5.56428815400005,0],[95.298107659,5.56428935400004,0],[95.2981226740001,5.56429206700005,0],[95.298137953,5.56429529000008,0],[95.298154196,5.56429927900007,0],[95.2981784010001,5.56430590200006,0],[95.2981963620001,5.56431118000006,0],[95.2982105030001,5.56431533500006,0],[95.298234429,5.56432285700004,0],[95.2982505570001,5.56432838600006,0],[95.298275011,5.56433746400006,0],[95.2984046660001,5.56438805200003,0],[95.298429055,5.56439731700004,0],[95.2984541650001,5.56440637000003,0],[95.298496728,5.56442097300004,0],[95.2988974140001,5.56455661100006,0],[95.2990252430001,5.56460024900002,0],[95.299042328,5.56460593100007,0],[95.2990594820001,5.56461132700002,0],[95.299068107,5.56461382400005,0],[95.2990767780001,5.56461611200007,0],[95.2990871470001,5.56461846100007,0],[95.2990958110001,5.56462007000005,0],[95.2991045260001,5.56462142900006,0],[95.299113278,5.56462259800003,0],[95.299122056,5.56462361700005,0],[95.2991396610001,5.56462528900005,0],[95.299157296,5.56462643900005,0],[95.2991704560001,5.56462681300007,0],[95.2991770300001,5.56462677600007,0],[95.2991835070001,5.56462656000002,0],[95.2991964350001,5.56462564800006,0],[95.2992049580001,5.56462473200003,0],[95.2992134510001,5.56462357900006,0],[95.2992219020001,5.56462216800003,0],[95.2992288190001,5.56462079000005,0],[95.2992356930001,5.56461921200003,0],[95.299244043,5.56461700700004,0],[95.2992523250001,5.56461453200006,0],[95.2992605370001,5.56461181100002,0],[95.2992687020001,5.56460884800003,0],[95.299284878,5.56460244000004,0],[95.299300928,5.56459565400007,0],[95.299324869,5.56458511800002,0],[95.29934919,5.56457400300008,0],[95.299379957,5.56455952700003,0],[95.2994099900001,5.56454512100004,0],[95.2994249000001,5.56453773600003,0],[95.299439631,5.56453005200007,0],[95.2994468810001,5.56452601700005,0],[95.2994543080001,5.56452162100004,0],[95.2994611170001,5.56451732200003,0],[95.2994678190001,5.56451285700007,0],[95.2994809420001,5.56450352600007,0],[95.2994936740001,5.56449368800003,0],[95.2994998550001,5.56448855100007,0],[95.299505873,5.56448322800003,0],[95.2995116390001,5.56447775600003,0],[95.2995172510001,5.56447211300002,0],[95.2995281570001,5.56446047500003,0],[95.2995387980001,5.56444855000007,0],[95.2995551170001,5.56442964900003,0],[95.299647753,5.56432005400006,0],[95.2996652180001,5.56429960800006,0],[95.2996769910001,5.56428610400008,0],[95.299689001,5.56427283000005,0],[95.2996951550001,5.56426633800004,0],[95.2997077310001,5.56425383700002,0],[95.2997206300001,5.56424164900005,0],[95.2997468330001,5.56421766900007,0],[95.2998916590001,5.56408645400006,0],[95.2999114880001,5.56406865900004,0],[95.2999315650001,5.56405115600006,0],[95.2999450330001,5.56403993700008,0],[95.2999586460001,5.56402888800005,0],[95.3000409540001,5.56396325800006,0],[95.3001094570001,5.56390825500006,0],[95.3001232840001,5.56389753200006,0],[95.300130272,5.56389234200003,0],[95.300137341,5.56388734100005,0],[95.3001445250001,5.56388260700004,0],[95.300151869,5.56387825000007,0],[95.300159433,5.56387441200008,0],[95.3001635970001,5.56387262800007,0],[95.3001678410001,5.56387104700002,0],[95.300175697,5.56386868600003,0],[95.3001837420001,5.56386683700003,0],[95.300191924,5.56386536400004,0],[95.3002002060001,5.56386416400005,0],[95.3002085580001,5.56386315900005,0],[95.3002253940001,5.56386152500005,0],[95.3002423190001,5.56386019200005,0],[95.3002592760001,5.56385907300006,0],[95.300276232,5.56385823500005,0],[95.300284704,5.56385798400004,0],[95.30029317,5.56385790400003,0],[95.3003016260001,5.56385805500003,0],[95.3003091880001,5.56385843000004,0],[95.3003167430001,5.56385900300006,0],[95.3003318350001,5.56386057700007,0],[95.3003469050001,5.56386256200005,0],[95.3003556310001,5.56386385500002,0],[95.3003817900001,5.56386811700003,0],[95.3004160610001,5.56387420100003,0],[95.3004581430001,5.56388222400005,0],[95.3004748550001,5.56388580200007,0],[95.3004831200001,5.56388779100007,0],[95.3004964730001,5.56389152300005,0],[95.300504108,5.56389404400005,0],[95.3005115170001,5.56389688100006,0],[95.3005186180001,5.56390012400004,0],[95.3005252990001,5.56390389800004,0],[95.3005314480001,5.56390834400003,0],[95.3005359060001,5.56391252300006,0],[95.3005369370001,5.56391348900007,0],[95.3005414500001,5.56391903800005,0],[95.300545297,5.56392514300006,0],[95.3005487280001,5.56393218300008,0],[95.3005516010001,5.56393962000004,0],[95.300554059,5.56394734400004,0],[95.3005562070001,5.56395527200004,0],[95.300558117,5.56396334400006,0],[95.3005603940001,5.56397471700006,0],[95.3005614020001,5.56397975100003,0],[95.3005640490001,5.56399635100007,0],[95.300565094,5.56400469200003,0],[95.3005658930001,5.56401305800006,0],[95.3005664170001,5.56402167700003,0],[95.300566696,5.56403031400004,0],[95.3005667780001,5.56404760800007,0],[95.3005665060001,5.56406490500007,0],[95.300561885,5.56423670400005,0],[95.3005610740001,5.56427062600005,0],[95.30056081,5.56428757600003,0],[95.30056081,5.56430450200003,0],[95.3005609880001,5.56431294700008,0],[95.300561347,5.56432137500002,0],[95.300561955,5.56432977700007,0],[95.300562589,5.56433582600005,0],[95.3005633810001,5.56434185700004,0],[95.3005645680001,5.56434932600007,0],[95.3005675100001,5.56436417500004,0],[95.3005692340001,5.56437155200007,0],[95.3005729590001,5.56438540000005,0],[95.300577665,5.56440040100006,0],[95.3005805510001,5.56440888700007,0],[95.3005896650001,5.56443421900002,0],[95.300614679,5.56450156600005,0],[95.3006394600001,5.56456900300003,0],[95.3006489640001,5.56459418300005,0],[95.3006556870001,5.56461076700003,0],[95.3006613200001,5.56462332800004,0],[95.3006643510001,5.56462949000007,0],[95.300667569,5.56463554700002,0],[95.3006731290001,5.56464490400003,0],[95.300678055,5.56465233200004,0],[95.300683238,5.56465960500003,0],[95.3006941,5.56467385000008,0],[95.30070534,5.56468786100004,0],[95.300716783,5.56470173400004,0],[95.3007342870001,5.56472224400005,0],[95.300746356,5.56473551500005,0],[95.3007517130001,5.56474103000005,0],[95.3007572080001,5.56474640000005,0],[95.3007630580001,5.56475178800002,0],[95.3007751580001,5.56476212100006,0],[95.300781138,5.56476692100006,0],[95.3007933210001,5.56477623500007,0],[95.3008063600001,5.56478559500005,0],[95.3008132910001,5.56479029900004,0],[95.3008203190001,5.56479484000005,0],[95.3008274640001,5.56479917900003,0],[95.3008337420001,5.56480274400008,0],[95.3008577260001,5.56481574400004,0],[95.3008716000001,5.56482398000003,0],[95.3008852190001,5.56483268600005,0],[95.3008986610001,5.56484170700003,0],[95.3009119450001,5.56485098000007,0],[95.3009248230001,5.56486032000004,0],[95.30093894,5.56487090500002,0],[95.3009598520001,5.56488710400004,0],[95.3010845160001,5.56498540700005,0],[95.301098288,5.56499640200008,0],[95.3011118840001,5.56500756300005,0],[95.301125111,5.56501907300003,0],[95.301131486,5.56502505600002,0],[95.3011376200001,5.56503126500007,0],[95.3011435990001,5.56503790600004,0],[95.301149331,5.56504478100004,0],[95.301160322,5.56505898300003,0],[95.3011816380001,5.56508806100004,0],[95.3011918450001,5.56510167400006,0],[95.3011967630001,5.56510797500005,0],[95.3012076680001,5.56512125400008,0],[95.3012245530001,5.56514075100006,0],[95.3012417130001,5.56516002400002,0],[95.301270532,5.56519195700002,0],[95.301287996,5.56521095100004,0],[95.3012998310001,5.56522342400007,0],[95.3013129070001,5.56523656700006,0],[95.3013252820001,5.56524851100005,0],[95.3013440550001,5.56526621800003,0],[95.3013755490001,5.56529552500007,0],[95.3013945910001,5.56531293400008,0],[95.3014074700001,5.56532431000005,0],[95.3014206670001,5.56533528500006,0],[95.301433574,5.56534509700003,0],[95.301440154,5.56534984200005,0],[95.301453489,5.56535910800005,0],[95.3014738270001,5.56537253800008,0],[95.3014967490001,5.56538671400006,0],[95.3015199600001,5.56540037300005,0],[95.3015356130001,5.56540907200002,0],[95.301543531,5.56541320200006,0],[95.301551541,5.56541710700003,0],[95.301559678,5.56542070100005,0],[95.3015655130001,5.56542300000007,0],[95.301571423,5.56542511200007,0],[95.301578707,5.56542745800004,0],[95.3015860660001,5.56542960400003,0],[95.301600938,5.56543347300004,0],[95.3016159420001,5.56543696400007,0],[95.301632935,5.56544061300002,0],[95.3016670270001,5.56544754800007,0],[95.3017267230001,5.56545944800007,0],[95.3017525050001,5.56546438800007,0],[95.301988077,5.56550684400003,0],[95.3020142720001,5.56551126800002,0],[95.302031765,5.56551379300004,0],[95.3020405300001,5.56551480900004,0],[95.3020493110001,5.56551557900002,0],[95.3020580140001,5.56551604200007,0],[95.3020667340001,5.56551626200007,0],[95.3020754660001,5.56551630400003,0],[95.302092955,5.56551604000003,0],[95.3021192200001,5.56551520100004,0],[95.3021464330001,5.56551414800003,0],[95.3022362240001,5.56550437800007,0],[95.302325034,5.56550761900007,0],[95.3024511120001,5.56551860600007,0],[95.302532811,5.56553478900003,0],[95.3026324850001,5.56556955700006,0],[95.3026453950001,5.56557452900006,0],[95.3026540130001,5.56558095300005,0],[95.3026648160001,5.56559669600006,0],[95.302723057,5.56565745500006,0],[95.302753995,5.56569464400008,0],[95.302766224,5.56570894600003,0],[95.3027892040001,5.56572535800007,0],[95.302807848,5.56573174300007,0],[95.3028293360001,5.56573309300006,0],[95.302845801,5.56573159400006,0],[95.3028629710001,5.56572722200002,0],[95.3028722510001,5.56572001100005,0],[95.3028815270001,5.56571136500003,0],[95.3028936430001,5.56569625000003,0],[95.3029143090001,5.56567034000005,0],[95.3029554820001,5.56557762200003,0],[95.3030300220001,5.56542804000003,0],[95.3030378760001,5.56540531500002,0],[95.303072501,5.56530319900003,0],[95.3030838880001,5.56526910800005,0],[95.303094764,5.56523525800003,0],[95.3031080700001,5.56519285700006,0],[95.3031157300001,5.56516735000002,0],[95.3031204090001,5.56515026100004,0],[95.3031225010001,5.56514166700003,0],[95.303124343,5.56513302500002,0],[95.3031255550001,5.56512630400005,0],[95.3031275260001,5.56511277400006,0],[95.3031293810001,5.56509623100004,0],[95.3031315480001,5.56507130500006,0],[95.303133276,5.56504632400004,0],[95.3031341810001,5.56502965700003,0],[95.3031355270001,5.56499723700006,0],[95.3031365150001,5.56498109200004,0],[95.3031372460001,5.56497305700003,0],[95.303138221,5.56496505600006,0],[95.303139623,5.56495636400007,0],[95.3031413150001,5.56494771300004,0],[95.303143219,5.56493909300002,0],[95.3031452770001,5.56493049400007,0],[95.3031496850001,5.56491333800005,0],[95.3031590160001,5.56487910000004,0],[95.3031827560001,5.56479357100005,0],[95.3031972700001,5.56474291100005,0],[95.3032463630001,5.56457521000004,0],[95.3032563950001,5.56454173700007,0],[95.303264406,5.56451671100007,0],[95.3032730020001,5.56449171900005,0],[95.3032877740001,5.56445020300004,0],[95.3032968200001,5.56442536100008,0],[95.303306261,5.56440068700005,0],[95.303309594,5.56439253900004,0],[95.3033163440001,5.56437709500005,0],[95.303323429,5.56436179100007,0],[95.3033344580001,5.56433902500004,0],[95.3033420960001,5.56432400200003,0],[95.3033460460001,5.56431656900003,0],[95.3033501240001,5.56430921300006,0],[95.3033543720001,5.56430196400004,0],[95.3033586380001,5.56429514200005,0],[95.3033630720001,5.56428842700006,0],[95.3033676430001,5.56428180300003,0],[95.303377143,5.56426880600003,0],[95.303387119,5.56425618200007,0],[95.3033923260001,5.56425005400007,0],[95.303397649,5.56424414100007,0],[95.3034031180001,5.56423835700002,0],[95.3034143820001,5.56422708900004,0],[95.3034259870001,5.56421615500005,0],[95.3034319100001,5.56421081800005,0],[95.303437924,5.56420558300005,0],[95.303450357,5.56419534000003,0],[95.303463041,5.56418538900004,0],[95.3034758620001,5.56417560300002,0],[95.303495925,5.56416060400005,0],[95.3035246570001,5.56413946100002,0],[95.3035534630001,5.56411843000006,0],[95.303575186,5.56410284500004,0],[95.303589817,5.56409270000006,0],[95.303602115,5.56408456400004,0],[95.3036083330001,5.56408061800005,0],[95.3036209380001,5.56407305000005,0],[95.3036402270001,5.56406224100004,0],[95.3036455180001,5.56405911600007,0],[95.303650728,5.56405586000005,0],[95.303657318,5.56405143000006,0],[95.3036637580001,5.56404677800003,0],[95.303670062,5.56404193800006,0],[95.303676232,5.56403693000004,0],[95.303682257,5.56403175800006,0],[95.303688117,5.56402641300002,0],[95.3036937750001,5.56402087400005,0],[95.3036991810001,5.56401510200004,0],[95.303703252,5.56401033100002,0],[95.3037071360001,5.56400540100003,0],[95.3037108410001,5.56400032400006,0],[95.3037157640001,5.56399297000007,0],[95.3037204250001,5.56398541500005,0],[95.303724892,5.56397771600007,0],[95.3037334200001,5.56396202800005,0],[95.3037415310001,5.56394607700003,0],[95.303749193,5.56392989100004,0],[95.3037527150001,5.56392189400003,0],[95.3037594470001,5.56390575000006,0],[95.3037723420001,5.56387317800005,0],[95.3037817850001,5.56384862800007,0],[95.303790027,5.56382608800004,0],[95.3037946170001,5.56381241300005,0],[95.303799165,5.56379721700006,0],[95.303801127,5.56378958300007,0],[95.303802788,5.56378191900006,0],[95.303804046,5.56377422300005,0],[95.3038047260001,5.56376766100004,0],[95.3038050540001,5.56376108700005,0],[95.3038050120001,5.56375337700007,0],[95.3038045150001,5.56374570500003,0],[95.3038035390001,5.56373810100007,0],[95.3038020230001,5.56373060300007,0],[95.3037999420001,5.56372335500004,0],[95.3037973290001,5.56371625500003,0],[95.3037942340001,5.56370931400005,0],[95.303790141,5.56370154900003,0],[95.3037856080001,5.56369395700005,0],[95.303784766,5.56369265900003,0],[95.303780767,5.56368649100006,0],[95.3037757150001,5.56367911300003,0],[95.3037599,5.56365726600006,0],[95.303700942,5.56357773000002,0],[95.3036901040001,5.56356348800006,0],[95.3036845760001,5.56355650200004,0],[95.3036789240001,5.56354966300006,0],[95.303674227,5.56354428600002,0],[95.3036693810001,5.56353908600005,0],[95.3036643440001,5.56353411900005,0],[95.3036590620001,5.56352944800005,0],[95.3036521180001,5.56352413300004,0],[95.30364482,5.56351924700004,0],[95.3036372650001,5.56351467100006,0],[95.303629528,5.56351031700007,0],[95.303621664,5.56350611800002,0],[95.3035976510001,5.56349402800004,0],[95.3035329750001,5.56346256700004,0],[95.303514341,5.56345343400005,0],[95.303460376,5.56342698500004,0],[95.3034279920001,5.56341147200004,0],[95.303419836,5.56340772600004,0],[95.3034043740001,5.56340091500005,0],[95.3033723570001,5.56338755300004,0],[95.303324086,5.56336807700006,0],[95.3033079310001,5.56336175600006,0],[95.303291695,5.56335565600006,0],[95.3032748200001,5.56334971100006,0],[95.3032493590001,5.56334120600008,0],[95.303223798,5.56333298800007,0],[95.303206699,5.56332771200005,0],[95.303186468,5.56332194200007,0],[95.3031699920001,5.56331785300006,0],[95.3031617030001,5.56331602400007,0],[95.3031454570001,5.56331295800004,0],[95.303137506,5.56331169500004,0],[95.303121532,5.56330948600004,0],[95.303107185,5.56330784900007,0],[95.303096016,5.56330657400002,0],[95.3030313890001,5.56330003900007,0],[95.303007253,5.56329705300004,0],[95.3029944420001,5.56329498200006,0],[95.3029915560001,5.56329451500005,0],[95.302983962,5.56329294800003,0],[95.3029766370001,5.56329108400007,0],[95.3029696900001,5.56328881400003,0],[95.3029632650001,5.56328599800003,0],[95.302958232,5.56328297000005,0],[95.3029539770001,5.56327943500003,0],[95.302950487,5.56327528700007,0],[95.3029472040001,5.56326890700007,0],[95.3029451630001,5.56326169800008,0],[95.3029441080001,5.56325390200004,0],[95.302943864,5.56324833000002,0],[95.3029439490001,5.56324261700007,0],[95.3029443300001,5.56323680100007,0],[95.302945305,5.56322850700008,0],[95.302946681,5.56322012600003,0],[95.3029483590001,5.56321170000007,0],[95.3029502740001,5.56320326200006,0],[95.302952395,5.56319483700003,0],[95.3029547140001,5.56318645000005,0],[95.3029588410001,5.56317326800007,0],[95.3029611430001,5.56316676300003,0],[95.302963849,5.56315978000003,0],[95.3029698020001,5.56314604600004,0],[95.30297762,5.56312996100007,0],[95.302985849,5.56311409800003,0],[95.302994255,5.56309835300004,0],[95.3030155640001,5.56305930800005,0],[95.3030242830001,5.56304390100007,0],[95.3030287460001,5.56303629700005,0],[95.3030333200001,5.56302879300006,0],[95.3030380470001,5.56302142900006,0],[95.303042986,5.56301425100003,0],[95.3030482080001,5.56300732300002,0],[95.3030516190001,5.56300316500005,0],[95.3030630640001,5.56298992700005,0],[95.303068673,5.56298318500006,0],[95.3030736920001,5.56297663500004,0],[95.3030784960001,5.56296989100002,0],[95.3030831350001,5.56296299800005,0],[95.3030876500001,5.56295599400005,0],[95.3030964150001,5.56294175500005,0],[95.3031091490001,5.56292005300003,0],[95.303121462,5.56289807300004,0],[95.3031293020001,5.56288322200004,0],[95.3031328660001,5.56287608400004,0],[95.3031397220001,5.56286167500002,0],[95.3031498330001,5.56283911000003,0],[95.303156281,5.56282394300007,0],[95.3031624170001,5.56280865800005,0],[95.303165316,5.56280095200003,0],[95.303170515,5.56278599100006,0],[95.303185204,5.56274075600004,0],[95.3031906840001,5.56272505100003,0],[95.30319638,5.56270941900004,0],[95.3031979250001,5.56270530900002,0],[95.3032055130001,5.56268042000005,0],[95.303249785,5.56255576200004,0],[95.303288459,5.56246484900004,0],[95.303310777,5.56240341600005,0],[95.3033433520001,5.56230929800006,0],[95.303347344,5.56229782400004,0],[95.3033480510001,5.56229194600007,0],[95.3033490750001,5.56228498200005,0],[95.303350321,5.56227819000003,0],[95.3033518440001,5.56227146600003,0],[95.3033541340001,5.56226329800006,0],[95.303356819,5.56225524100006,0],[95.3033598260001,5.56224728600006,0],[95.3033631170001,5.56223944200002,0],[95.3033666800001,5.56223172700004,0],[95.303370531,5.56222417700008,0],[95.3033736670001,5.56221868300003,0],[95.3033747140001,5.56221684900004,0],[95.3033793100001,5.56220982100007,0],[95.303382942,5.56220497700002,0],[95.3033868380001,5.56220035900003,0],[95.303390999,5.56219599100007,0],[95.3033958820001,5.56219151100004,0],[95.303401078,5.56218738600006,0],[95.303407877,5.56218280600007,0],[95.303415025,5.56217869900007,0],[95.3034200600001,5.56217618000005,0],[95.3034322440001,5.56216827700007,0],[95.303458586,5.56215983400006,0],[95.30348324,5.56215476800003,0],[95.3034953970001,5.56215308000003,0],[95.3035041780001,5.56215308000003,0],[95.3035102570001,5.56215679400003,0],[95.3035170110001,5.56216388700005,0],[95.303540314,5.56224932900005,0],[95.303551068,5.56227755700007,0],[95.3035562960001,5.56229128100006,0],[95.303557261,5.56229306100005,0],[95.303561373,5.56230017000007,0],[95.303565678,5.56230707700007,0],[95.3035702130001,5.56231371700005,0],[95.3035705630001,5.56231417300006,0],[95.3035750390001,5.56231999900007,0],[95.303580244,5.56232579900006,0],[95.3035859450001,5.56233095700003,0],[95.3035917380001,5.56233500900004,0],[95.3035990220001,5.56233889000004,0],[95.3036067680001,5.56234209400003,0],[95.3036148480001,5.56234480900002,0],[95.3036231620001,5.56234717500007,0],[95.3036316390001,5.56234929900006,0],[95.303640225,5.56235125600006,0],[95.303657587,5.56235488100003,0],[95.3037362040001,5.56237039100006,0],[95.303797134,5.56238278000006,0],[95.3038145520001,5.56238619500004,0],[95.3038159600001,5.56238645400003,0],[95.3038314240001,5.56238873100006,0],[95.3038926830001,5.56239710100004,0],[95.30391131,5.56239918100005,0],[95.3039231260001,5.56239913500002,0],[95.303936004,5.56239621400005,0],[95.3039560070001,5.56238393900003,0],[95.3039767290001,5.56237237800002,0],[95.3039899560001,5.56236694500006,0],[95.304041764,5.56233876100003,0],[95.304059281,5.56233151700008,0],[95.3040685780001,5.56232861100005,0],[95.304081819,5.56232676600007,0],[95.3040947100001,5.56232707400005,0],[95.3041104710001,5.56232880600004,0],[95.30416603,5.56234437300003,0],[95.304180618,5.56234755300005,0],[95.304185465,5.56234816900007,0],[95.304193899,5.56234949200007,0],[95.304202333,5.56235099400004,0],[95.3042192020001,5.56235433400008,0],[95.3043288470001,5.56237812400008,0],[95.30437958,5.56238944200004,0],[95.304506545,5.56241830100004,0],[95.3045488210001,5.56242810200007,0],[95.3045656900001,5.56243219800007,0],[95.304582548,5.56243649700002,0],[95.3046665900001,5.56245903500007,0],[95.3046918490001,5.56246555700005,0],[95.3047087620001,5.56246950900004,0],[95.3047172590001,5.56247126000005,0],[95.3047317770001,5.56247376300007,0],[95.30474638,5.56247572300003,0],[95.3047622080001,5.56247723800004,0],[95.304771148,5.56247783200007,0],[95.3047890660001,5.56247861800006,0],[95.304806774,5.56247906400006,0],[95.304833359,5.56247942600004,0],[95.3049562950001,5.56248028400006,0],[95.304989569,5.56248016800004,0],[95.3050072120001,5.56247959700005,0],[95.30501595,5.56247901900002,0],[95.3050245890001,5.56247812900006,0],[95.3050330770001,5.56247680000007,0],[95.3050407250001,5.56247505800008,0],[95.3050481320001,5.56247276500005,0],[95.3050551310001,5.56246991400008,0],[95.3050617680001,5.56246648400003,0],[95.305067959,5.56246245600005,0],[95.305073592,5.56245777400005,0],[95.3050759440001,5.56245538600007,0],[95.3050806850001,5.56244953800007,0],[95.305084842,5.56244311100005,0],[95.3050885250001,5.56243624500007,0],[95.3050918100001,5.56242904300007,0],[95.3050945990001,5.56242198700005,0],[95.3050971470001,5.56241475900003,0],[95.305099839,5.56240636000007,0],[95.305104784,5.56238928100004,0],[95.305109412,5.56237203200004,0],[95.305116049,5.56234607600004,0],[95.305120226,5.56232874800003,0],[95.305123898,5.56231192700005,0],[95.3051270600001,5.56229560900005,0],[95.3051312280001,5.56227106800003,0],[95.305133524,5.56225466300003,0],[95.305134448,5.56224643900003,0],[95.30513582,5.56222895600007,0],[95.305136679,5.56221142600003,0],[95.3051372780001,5.56219387200002,0],[95.305138169,5.56215874300005,0],[95.3051388090001,5.56212361100006,0],[95.3051388750001,5.56210201500005,0],[95.305138889,5.56209738900003,0],[95.3051384540001,5.56207300700004,0],[95.3051373930001,5.56204474600003,0],[95.305136191,5.56202246000004,0],[95.3051361620001,5.56202203800007,0],[95.3051351930001,5.56200779200003,0],[95.3051322790001,5.56197230800007,0],[95.3051315720001,5.56196150800002,0],[95.3051310970001,5.56195132300007,0],[95.3051306680001,5.56193371400008,0],[95.3051307110001,5.56191609300004,0],[95.30513103,5.56190536400004,0],[95.305131498,5.56189671600004,0],[95.305132197,5.56188810800006,0],[95.305133191,5.56187956100007,0],[95.305134577,5.56187110600007,0],[95.30513647,5.56186268000005,0],[95.3051388440001,5.56185441000002,0],[95.305141688,5.56184633300006,0],[95.3051449430001,5.56183867600004,0],[95.3051486720001,5.56183130300008,0],[95.3051529100001,5.56182428700004,0],[95.3051577320001,5.56181773400004,0],[95.3051623360001,5.56181263500002,0],[95.3051673850001,5.56180795500006,0],[95.305174229,5.56180269800006,0],[95.3051815810001,5.56179804900006,0],[95.3051883540001,5.56179446300007,0],[95.3051953760001,5.56179124100004,0],[95.305202588,5.56178831400007,0],[95.3052099430001,5.56178563500004,0],[95.305218202,5.56178292300007,0],[95.305234963,5.56177807600005,0],[95.305251877,5.56177383900007,0],[95.3052603550001,5.56177196900006,0],[95.3052688390001,5.56177031600004,0],[95.3052773240001,5.56176895100003,0],[95.305285811,5.56176797600006,0],[95.305293002,5.56176754600006,0],[95.3053001850001,5.56176755100006,0],[95.3053065920001,5.56176795600004,0],[95.305312997,5.56176865200007,0],[95.3053215520001,5.56176987500004,0],[95.3053301210001,5.56177133300002,0],[95.305347284,5.56177467400005,0],[95.305390275,5.56178366900002,0],[95.3054075200001,5.56178695100004,0],[95.3054161630001,5.56178840100006,0],[95.3054248290001,5.56178966000004,0],[95.3054334830001,5.56179068300003,0],[95.3054421590001,5.56179151700007,0],[95.305450851,5.56179221000002,0],[95.305468267,5.56179332200003,0],[95.3055031550001,5.56179502700007,0],[95.3055729660001,5.56179799900002,0],[95.305599144,5.56179896000003,0],[95.305624761,5.56179954200007,0],[95.3056548310001,5.56179964200004,0],[95.3056874820001,5.56179940500004,0],[95.3057734210001,5.56179849100005,0],[95.3058077530001,5.56179776500005,0],[95.3058248680001,5.56179696100003,0],[95.3058333990001,5.56179633100004,0],[95.305841904,5.56179547300007,0],[95.305849816,5.56179442400003,0],[95.3058577050001,5.56179317400006,0],[95.3058748620001,5.56178997100005,0],[95.3058919760001,5.56178639400002,0],[95.3059347290001,5.56177709200006,0],[95.3059518700001,5.56177361300007,0],[95.3059604620001,5.56177202000003,0],[95.305969078,5.56177057500003,0],[95.3059861180001,5.56176822700007,0],[95.3060032260001,5.56176631500006,0],[95.306005294,5.56176611200004,0],[95.3060203680001,5.56176463100007,0],[95.3061405450001,5.56175406100004,0],[95.3061664240001,5.56175203800007,0],[95.3061964940001,5.56175012600005,0],[95.3062114950001,5.56174941600005,0],[95.3062282600001,5.56174881500004,0],[95.306268731,5.56174783900002,0],[95.306301477,5.56174746100004,0],[95.3063353100001,5.56174750300005,0],[95.306402973,5.56174803000005,0],[95.3064283400001,5.56174851000003,0],[95.3064459890001,5.56174908100007,0],[95.3064812800001,5.56175056000006,0],[95.3066136260001,5.56175654200007,0],[95.306640062,5.56175793700004,0],[95.306657638,5.56175917800005,0],[95.3066663980001,5.56175997900004,0],[95.3066751270001,5.56176096700005,0],[95.3066838170001,5.56176220700007,0],[95.306692491,5.56176376100007,0],[95.306709734,5.56176754800003,0],[95.3067612310001,5.56178050800003,0],[95.306769854,5.56178247000003,0],[95.3067785100001,5.56178424700005,0],[95.306786936,5.56178574400008,0],[95.306795396,5.56178703800003,0],[95.3068038860001,5.56178815100003,0],[95.306820648,5.56178989500006,0],[95.3068374630001,5.56179125800003,0],[95.306862735,5.56179291000007,0],[95.3068878000001,5.56179418800002,0],[95.3069206160001,5.56179543700006,0],[95.3070480370001,5.56179935400007,0],[95.307126537,5.56180210600007,0],[95.3071440030001,5.56180256200003,0],[95.307161389,5.56180261100008,0],[95.30717001,5.56180233900005,0],[95.3071728030001,5.56180214800003,0],[95.3071952130001,5.56179702200006,0],[95.3072114240001,5.56179169700005,0],[95.3072281070001,5.56178493600004,0],[95.307238102,5.56177724300005,0],[95.307242843,5.56176861500006,0],[95.307243768,5.56176095800004,0],[95.307245154,5.56174899400003,0],[95.3072468280001,5.56168871900007,0],[95.3072437280001,5.56162846200004,0],[95.3072358200001,5.56155913600003,0],[95.307236387,5.56145964200005,0],[95.307239526,5.56140749200006,0],[95.3072427590001,5.56137973600005,0],[95.3072436620001,5.56137306300008,0],[95.3072455430001,5.56135915800007,0],[95.3072502690001,5.56134670200004,0],[95.307258312,5.56132801600006,0],[95.307263129,5.56132103400006,0],[95.3072692310001,5.56131218800004,0],[95.3072787360001,5.56130115000008,0],[95.3073163380001,5.56127230300007,0],[95.3073297170001,5.56126407900007,0],[95.3073370580001,5.56126011600003,0],[95.3073530920001,5.56125213600006,0],[95.3073612060001,5.56124832300003,0],[95.307377552,5.56124097500003,0],[95.3073940390001,5.56123407000007,0],[95.307402353,5.56123086800005,0],[95.3074107360001,5.56122791700005,0],[95.3074192110001,5.56122531200003,0],[95.307427385,5.56122322900006,0],[95.3074356480001,5.56122148600002,0],[95.307443977,5.56122002300003,0],[95.307458017,5.56121811500003,0],[95.307472552,5.56121671600005,0],[95.3074903290001,5.56121547200007,0],[95.307517051,5.56121401700005,0],[95.307532956,5.56121324100008,0],[95.3076046460001,5.56120532500006,0],[95.307699116,5.56119132400005,0],[95.3078050450001,5.56117727700007,0],[95.3078751910001,5.56116911000004,0],[95.3079009450001,5.56116255200004,0],[95.3079352780001,5.56115237200004,0],[95.307953888,5.56115014700003,0],[95.3079739360001,5.56114935100004,0],[95.307991852,5.56115286900007,0],[95.3080033430001,5.56116143400004,0],[95.3080206130001,5.56118289100004,0],[95.3080429290001,5.56121293800004,0],[95.3080798110001,5.56130534900007,0],[95.3081096210001,5.56142074900004,0],[95.3081128790001,5.56144850800007,0],[95.308113877,5.56145320200005,0],[95.3081171190001,5.56147082400003,0],[95.3081199380001,5.56148853600007,0],[95.308122547,5.56150629000007,0],[95.3081485980001,5.56169258000006,0],[95.308154169,5.56173515100005,0],[95.3081571600001,5.56176073000006,0],[95.3081588050001,5.56177790800007,0],[95.3081600040001,5.56179395000004,0],[95.3081607450001,5.56180386200003,0],[95.3081660020001,5.56189049300002,0],[95.3081673890001,5.56191649000004,0],[95.3081681140001,5.56193342400007,0],[95.3081685760001,5.56194996200003,0],[95.3081687090001,5.56196305200007,0],[95.308168584,5.56198663400005,0],[95.3081681580001,5.56201210500006,0],[95.308165961,5.56210535200006,0],[95.3081653740001,5.56212229700003,0],[95.308164645,5.56213742800003,0],[95.308163779,5.56215074600004,0],[95.308162343,5.56216752800003,0],[95.3081604970001,5.56218399400007,0],[95.308159382,5.56219206600002,0],[95.308158232,5.56219929800005,0],[95.3081555370001,5.56221368700005,0],[95.3081539990001,5.56222084100006,0],[95.3081407390001,5.56227775200006,0],[95.3081372080001,5.56229412100004,0],[95.308134049,5.56231054100004,0],[95.3081326990001,5.56231877800008,0],[95.308131572,5.56232704300004,0],[95.308130668,5.56233585000007,0],[95.3081300100001,5.56234468700006,0],[95.3081291810001,5.56236241800002,0],[95.308128573,5.56238909100006,0],[95.3081271650001,5.56251373100002,0],[95.3081250170001,5.56268285600004,0],[95.3081245610001,5.56273568000006,0],[95.3081243270001,5.56284760800003,0],[95.30812418,5.56286482300004,0],[95.308123847,5.56288202800005,0],[95.308123558,5.56289062300004,0],[95.3081227210001,5.56290590800006,0],[95.3081207450001,5.56292820100003,0],[95.308118753,5.56294601700006,0],[95.3081154260001,5.56297270900006,0],[95.308113027,5.56299047400006,0],[95.308110394,5.56300819000006,0],[95.3081073110001,5.56302580400006,0],[95.3081054850001,5.56303454800008,0],[95.308103434,5.56304310700006,0],[95.308098778,5.56306010000003,0],[95.3080936850001,5.56307699400003,0],[95.3080856870001,5.56310225500005,0],[95.308053144,5.56320316800003,0],[95.308015444,5.56332097000006,0],[95.308007258,5.56334617300007,0],[95.3080016380001,5.56336291500003,0],[95.307995738,5.56337955300006,0],[95.3079927050001,5.56338761100005,0],[95.3079831470001,5.56341161700004,0],[95.3079732350001,5.56343549100006,0],[95.307959757,5.56346722700005,0],[95.3079322980001,5.56353006900002,0],[95.3079255680001,5.56354581900007,0],[95.3079191260001,5.56356167600006,0],[95.30791609,5.56356967200003,0],[95.3079105790001,5.56358567800004,0],[95.3079059620001,5.56360066100007,0],[95.3079017680001,5.56361575800003,0],[95.3078980330001,5.56363125400003,0],[95.3078963830001,5.56363918800002,0],[95.307894924,5.56364714800003,0],[95.3078936910001,5.56365513300005,0],[95.3078928640001,5.56366186800005,0],[95.3078922670001,5.56366862200002,0],[95.3078918740001,5.56367716400007,0],[95.3078918030001,5.56368573200007,0],[95.3078919690001,5.56369431700006,0],[95.3078923,5.56370291400003,0],[95.3078932760001,5.56372013600003,0],[95.3078977200001,5.56378049700004,0],[95.307899133,5.56379772200006,0],[95.3079007750001,5.56381488600005,0],[95.307901761,5.56382342600006,0],[95.3079029250001,5.56383192200008,0],[95.3079043390001,5.56384035500002,0],[95.3079060950001,5.56384870200003,0],[95.307908243,5.56385679900006,0],[95.3079107920001,5.56386478400003,0],[95.307913683,5.56387260200006,0],[95.3079168550001,5.56388033200005,0],[95.3079237760001,5.56389560000002,0],[95.307927437,5.56390316300002,0],[95.3079350450001,5.56391816000007,0],[95.3079430220001,5.56393295600003,0],[95.3079471840001,5.56394024500003,0],[95.3079515050001,5.56394743000004,0],[95.3079560340001,5.56395447700004,0],[95.3079607170001,5.56396123700006,0],[95.3079705650001,5.56397444700002,0],[95.3079986270001,5.56401038100006,0],[95.308013476,5.56402974000002,0],[95.3080242390001,5.56404415900005,0],[95.3080401280001,5.56406597000006,0],[95.3080505,5.56408065200003,0],[95.308060524,5.56409553800006,0],[95.3080653110001,5.56410311100007,0],[95.308069872,5.56411081600004,0],[95.3080739870001,5.56411836200004,0],[95.3080778870001,5.56412603000007,0],[95.3080816280001,5.56413379000003,0],[95.3080852470001,5.56414161700008,0],[95.308092215,5.56415741500007,0],[95.3080988560001,5.56417335600003,0],[95.308102024,5.56418137800006,0],[95.3081050480001,5.56418944500007,0],[95.3081078760001,5.56419756500003,0],[95.308110436,5.56420575800007,0],[95.3081117350001,5.56421043400007,0],[95.3081137130001,5.56421864500004,0],[95.3081153620001,5.56422692500007,0],[95.3081167010001,5.56423526100002,0],[95.3081177170001,5.56424363900004,0],[95.3081185340001,5.56425517400004,0],[95.3081186570001,5.56426719200005,0],[95.3081183790001,5.56427540300007,0],[95.3081178640001,5.56428361000007,0],[95.3081171480001,5.56429180500004,0],[95.308116247,5.56429997900005,0],[95.308115156,5.56430812200006,0],[95.308113989,5.56431548000006,0],[95.3081126470001,5.56432279300003,0],[95.3081111110001,5.56433005000002,0],[95.3081093550001,5.56433723600003,0],[95.308107335,5.56434433400005,0],[95.3081033430001,5.56435603100005,0],[95.3080982450001,5.56436992200003,0],[95.308095833,5.56437692900005,0],[95.308093248,5.56438537300005,0],[95.308090931,5.56439391800006,0],[95.3080868550001,5.56441121600005,0],[95.3080832350001,5.56442868100004,0],[95.3080782070001,5.56445501800005,0],[95.3080605490001,5.56455184000004,0],[95.3080543020001,5.56458707100006,0],[95.308050194,5.56461264000006,0],[95.3080479640001,5.56462850200006,0],[95.3080459700001,5.56464439500007,0],[95.3080440680001,5.56466223300004,0],[95.3080427560001,5.56467727800003,0],[95.3080416670001,5.56469234400004,0],[95.3080407990001,5.56470742300007,0],[95.308040147,5.56472344700006,0],[95.308039734,5.56473851100003,0],[95.3080393810001,5.56476955600004,0],[95.3080398170001,5.56487125500007,0],[95.3080403810001,5.56491264200002,0],[95.3080410840001,5.56493336200003,0],[95.3080419350001,5.56494843900003,0],[95.3080435900001,5.56497103600003,0],[95.3080472110001,5.56501505400007,0],[95.308048392,5.56503180600004,0],[95.308049296,5.56504711000002,0],[95.308050586,5.56507671600002,0],[95.308051005,5.56509224700005,0],[95.308051359,5.56511413500004,0],[95.3080514440001,5.56513747000002,0],[95.3080512180001,5.56517204500005,0],[95.3080480710001,5.56545789000006,0],[95.3080472490001,5.56549220900007,0],[95.3080466200001,5.56550864700006,0],[95.3080458090001,5.56552506400004,0],[95.3080447030001,5.56554143400007,0],[95.3080439730001,5.56554958800007,0],[95.3080430700001,5.56555771300003,0],[95.308041937,5.56556579800002,0],[95.3080396550001,5.56557802600003,0],[95.3080382570001,5.56558408700005,0],[95.3080364690001,5.56559091400004,0],[95.308032424,5.56560445200006,0],[95.308023667,5.56563176300006,0],[95.3080202660001,5.56564432100004,0],[95.3080188710001,5.56565066000007,0],[95.3080177250001,5.56565712800005,0],[95.308016722,5.56566480700008,0],[95.308015965,5.56567348900006,0],[95.308015503,5.56568221600003,0],[95.308015256,5.56569097600004,0],[95.308015174,5.56570855900003,0],[95.3080153930001,5.56572618700005,0],[95.308016142,5.56576148900007,0],[95.3080174240001,5.56581444700004,0],[95.308018217,5.56584082400008,0],[95.3080219460001,5.56593683600005,0],[95.3080228150001,5.56596302100007,0],[95.3080232840001,5.56598927600004,0],[95.308023264,5.56601567000007,0],[95.3080225250001,5.56608606200007,0],[95.3080215670001,5.56615645300008,0],[95.3080189390001,5.56627223100003,0],[95.3080176140001,5.56631674500005,0],[95.308016798,5.56633453500007,0],[95.308015217,5.56635756100007,0],[95.30801266,5.56638637700007,0],[95.3080067720001,5.56644762700006,0],[95.3080049320001,5.56647028000003,0],[95.3080040310001,5.56648486600005,0],[95.308003248,5.56650073400004,0],[95.3080020240001,5.56653504200006,0],[95.308001731,5.56655220600004,0],[95.3080017340001,5.56656078500004,0],[95.3080020560001,5.56657534400006,0],[95.3080028160001,5.56659039800007,0],[95.3080034050001,5.56659816400003,0],[95.308004962,5.56661243600007,0],[95.308007036,5.56662539500007,0],[95.3080087660001,5.56663370600006,0],[95.308010864,5.56664190100003,0],[95.3080134180001,5.56664994300007,0],[95.308016218,5.56665706500007,0],[95.3080336310001,5.56668437600007,0],[95.3080588620001,5.56672467300007,0],[95.3079613040001,5.56681985200004,0],[95.307740014,5.56701734700005,0],[95.307602005,5.56693406600004,0],[95.307511586,5.56704114200005,0],[95.3074806530001,5.56709349000005,0],[95.307473514,5.56713870000004,0],[95.3074901700001,5.56717201200007,0],[95.3075306210001,5.56718153000003,0],[95.307573452,5.56719818600004,0],[95.3076067640001,5.56720770400005,0],[95.3076281790001,5.56722198100005,0],[95.307647215,5.56724339600004,0],[95.3076614920001,5.56726005200005,0],[95.3076900450001,5.56726243200006,0],[95.3076924250001,5.56721960100003,0],[95.3077185990001,5.56713632000003,0],[95.3077447730001,5.56708159200002,0],[95.3077804650001,5.56704590100003,0],[95.307942268,5.56692454800003,0],[95.3080105600001,5.56685505700005,0],[95.308077897,5.56678653900002,0],[95.30811121,5.56678178000004,0],[95.3081302450001,5.56678891900003,0],[95.3081721170001,5.56682705100008,0],[95.3082135440001,5.56685036600004,0],[95.3082297770001,5.56685850500003,0],[95.3082448710001,5.56686758000006,0],[95.308260364,5.56687656700007,0],[95.3082760630001,5.56688511900006,0],[95.3082840470001,5.56688911300006,0],[95.3082911110001,5.56689238300004,0],[95.308298263,5.56689546100006,0],[95.3083059200001,5.56689853200004,0],[95.308321418,5.56690424500005,0],[95.308337071,5.56690958100006,0],[95.3083528240001,5.56691463000004,0],[95.30836867,5.56691934300005,0],[95.308384645,5.56692352100004,0],[95.308399878,5.56692674000004,0],[95.3084152360001,5.56692932700003,0],[95.3084229520001,5.56693039400005,0],[95.3084394360001,5.56693214300003,0],[95.3084619590001,5.56693365400002,0],[95.308485563,5.56693450200004,0],[95.3085107210001,5.56693474100007,0],[95.3085454850001,5.56693446800006,0],[95.3085609490001,5.56693415500007,0],[95.3085768340001,5.56693362700003,0],[95.3086012810001,5.56693237200005,0],[95.3086193230001,5.56693109500003,0],[95.3086411940001,5.56692904700003,0],[95.3086656240001,5.56692619000006,0],[95.3086816260001,5.56692396400007,0],[95.3086975630001,5.56692138700004,0],[95.3087135710001,5.56691827900005,0],[95.3087341390001,5.56691370400006,0],[95.3087487750001,5.56691067000003,0],[95.3087565700001,5.56690923400004,0],[95.30877222,5.56690666800006,0],[95.308788248,5.56690446100004,0],[95.3088046440001,5.56690258200007,0],[95.3088210750001,5.56690099800005,0],[95.308833162,5.56690002000005,0],[95.308847674,5.56689903700004,0],[95.3088730840001,5.56689766600005,0],[95.3089158640001,5.56689590300005,0],[95.309057964,5.56689176600003,0],[95.30915573,5.56688869500005,0],[95.3091735230001,5.56688827400006,0],[95.309191314,5.56688812600004,0],[95.309207099,5.56688845400004,0],[95.3092208670001,5.56688919600003,0],[95.309236528,5.56689056600004,0],[95.309245285,5.56689163100003,0],[95.3092526350001,5.56689273400002,0],[95.3092599460001,5.56689402600006,0],[95.3092672110001,5.56689551300002,0],[95.309274847,5.56689731900002,0],[95.3092824030001,5.56689938500006,0],[95.3092898580001,5.56690174900007,0],[95.309295923,5.56690396200003,0],[95.309301894,5.56690641700004,0],[95.309308838,5.56690963300002,0],[95.309315659,5.56691312800007,0],[95.309322373,5.56691685300007,0],[95.3093289870001,5.56692077500003,0],[95.3093355,5.56692487500004,0],[95.309342873,5.56692981900005,0],[95.3093500860001,5.56693499700003,0],[95.3093571100001,5.56694042800007,0],[95.309360037,5.56694287500005,0],[95.3093632750001,5.56694558200007,0],[95.3093692740001,5.56695094000003,0],[95.3093751210001,5.56695647100003,0],[95.309380821,5.56696216400007,0],[95.3093915970001,5.56697376300002,0],[95.309401951,5.56698576900004,0],[95.3094076570001,5.56699271100007,0],[95.309418764,5.56700684000003,0],[95.3094314830001,5.56702411500004,0],[95.3094407730001,5.56703742000008,0],[95.3094505860001,5.56705216100005,0],[95.309458427,5.56706469700003,0],[95.3094629020001,5.56707226800006,0],[95.3094715430001,5.56708759500003,0],[95.309484104,5.56711082300006,0],[95.309504728,5.56714971000002,0],[95.3095211310001,5.56718086100005,0],[95.309533227,5.56720432500003,0],[95.309545025,5.56722844000006,0],[95.3095564640001,5.56725298500004,0],[95.309567589,5.56727767600006,0],[95.3095778430001,5.56730132100006,0],[95.3095945860001,5.56734088200005,0],[95.3096077660001,5.56737261900003,0],[95.309623151,5.56741089200005,0],[95.3096450690001,5.56746663800004,0],[95.3096517390001,5.56748304200005,0],[95.3096619550001,5.56750756400004,0],[95.3096757850001,5.56754017600002,0],[95.3096926860001,5.56757924000004,0],[95.3097230990001,5.56764871800004,0],[95.3097405280001,5.56768777300005,0],[95.3097518690001,5.56771223100003,0],[95.3097672230001,5.56774473500008,0],[95.3098404550001,5.56789899900002,0],[95.3098598810001,5.56793952200007,0],[95.309867818,5.56795564900006,0],[95.30987594,5.56797159400003,0],[95.3098842430001,5.56798735800004,0],[95.309909523,5.56803445200006,0],[95.3099177430001,5.56805022300006,0],[95.3099255390001,5.56806615400006,0],[95.309929154,5.56807422500003,0],[95.3099324780001,5.56808240500004,0],[95.3099353050001,5.56809033600007,0],[95.3099374700001,5.56809724800007,0],[95.30993943,5.56810423100006,0],[95.3099428940001,5.56811834800004,0],[95.309944789,5.56812707600005,0],[95.309948251,5.56814463200004,0],[95.309952975,5.56817109700006,0],[95.309955695,5.56818753100004,0],[95.3099595190001,5.56821230900005,0],[95.3099784560001,5.56834123700003,0],[95.3099831860001,5.56837564900007,0],[95.3099842250001,5.56838426600007,0],[95.3099857660001,5.56839941500004,0],[95.309986806,5.56841352400005,0],[95.3099875820001,5.56842870900005,0],[95.3099881210001,5.56844369800007,0],[95.309988677,5.56846764600004,0],[95.3099888740001,5.56848419000005,0],[95.309988844,5.56850070100006,0],[95.3099884060001,5.56851714300007,0],[95.309987935,5.56852532100004,0],[95.3099872490001,5.56853312900006,0],[95.309986263,5.56854088500006,0],[95.309985124,5.56854749300004,0],[95.309983716,5.56855404500004,0],[95.309981839,5.56856137300002,0],[95.309975546,5.56858324600006,0],[95.3099724080001,5.56859595600002,0],[95.309970643,5.56860449600003,0],[95.3099690750001,5.56861309300007,0],[95.3099664060001,5.56863040200005,0],[95.3099642980001,5.56864781000007,0],[95.3099634850001,5.56865653800003,0],[95.3099626160001,5.56867120700002,0],[95.3099624260001,5.56868551000002,0],[95.3099625890001,5.56869387600005,0],[95.309962957,5.56870223100003,0],[95.3099635510001,5.56871056700004,0],[95.3099648020001,5.56872200600003,0],[95.309966268,5.56873148400007,0],[95.309967736,5.56873915800003,0],[95.309976519,5.56877940100003,0],[95.309983301,5.56881418100005,0],[95.3099912960001,5.56885777100007,0],[95.310005388,5.56893627700003,0],[95.3100099710001,5.56896245900003,0],[95.3100142710001,5.56898868200005,0],[95.310015573,5.56899744100002,0],[95.3100178700001,5.56901474400007,0],[95.310020922,5.56904075600005,0],[95.310036848,5.56918834900006,0],[95.3100412970001,5.56923177900006,0],[95.3100436170001,5.56925839500008,0],[95.310045674,5.56928529700002,0],[95.3100650000001,5.56955443400005,0],[95.3100676870001,5.56959022100006,0],[95.3100719190001,5.56964348300005,0],[95.310102724,5.57002515900007,0],[95.3101067440001,5.57006979700003,0],[95.3101179760001,5.57018629600003,0],[95.3101203040001,5.57021320100006,0],[95.310121624,5.57023099700007,0],[95.3101245030001,5.57027552000005,0],[95.3101365260001,5.57047147000003,0],[95.310140377,5.57053852000007,0],[95.3101422330001,5.57057782000004,0],[95.3101436860001,5.57061681100004,0],[95.3101445520001,5.57064783500005,0],[95.310145494,5.57069337500008,0],[95.310146263,5.57071817500002,0],[95.3101476730001,5.57074808100003,0],[95.3101485940001,5.57076223900003,0],[95.310149788,5.57077734500007,0],[95.3101520930001,5.57080213000006,0],[95.3101558440001,5.57083734300005,0],[95.3101650790001,5.57091816500002,0],[95.310170456,5.57096235800003,0],[95.3102017430001,5.57120726900007,0],[95.310241434,5.57150775600007,0],[95.310244718,5.57153429400006,0],[95.3102465040001,5.57155061400005,0],[95.3102480360001,5.57156695500004,0],[95.3102492200001,5.57158388800002,0],[95.310250002,5.57160141300005,0],[95.3102504240001,5.57161895600007,0],[95.310250507,5.57163494800005,0],[95.3102503910001,5.57165094400006,0],[95.310249087,5.57171824000005,0],[95.310249076,5.57173272500006,0],[95.3102492850001,5.57173995500006,0],[95.3102497830001,5.57174836800004,0],[95.3102514030001,5.57176516600003,0],[95.3102547070001,5.57179032500005,0],[95.3102584650001,5.57181546300006,0],[95.3102624300001,5.57184058300004,0],[95.3102652040001,5.57185730700007,0],[95.3102681730001,5.57187399500003,0],[95.3102714250001,5.57189060300004,0],[95.3102748850001,5.57190717200007,0],[95.310280328,5.57193197200007,0],[95.3102841290001,5.57194846700003,0],[95.3102926230001,5.57198308500006,0],[95.3103166270001,5.57207815200007,0],[95.3103232300001,5.57210405900003,0],[95.3103277880001,5.57212127100007,0],[95.310332664,5.57213836100004,0],[95.3103353160001,5.57214682500006,0],[95.3103397780001,5.57215949600004,0],[95.310344924,5.57217188000004,0],[95.3103486410001,5.57217991000005,0],[95.3103519480001,5.57218653900003,0],[95.31036213,5.57221400300006,0],[95.3103910010001,5.57227200600005,0],[95.3104083360001,5.57230996500004,0],[95.3104279040001,5.57236944000005,0],[95.310435854,5.57238806400005,0],[95.3104559750001,5.57240592200003,0],[95.310474631,5.57241517500006,0],[95.3104932940001,5.57242658200005,0],[95.3105033590001,5.57243658800007,0],[95.3105220420001,5.57245301600005,0],[95.310561755,5.57253680600007,0],[95.310616564,5.57263488700005,0],[95.310647777,5.57270888000005,0],[95.3106486510001,5.57271377400002,0],[95.310649912,5.57272248100003,0],[95.310651856,5.57274002900004,0],[95.3106540470001,5.57276651600006,0],[95.3106616460001,5.57287269600005,0],[95.3106741890001,5.57304066500006,0],[95.310678609,5.57310178900002,0],[95.3106909000001,5.57327557100007,0],[95.310710182,5.57355186400002,0],[95.3107119700001,5.57357862500004,0],[95.3107130020001,5.57359646800006,0],[95.3107137360001,5.57361431400005,0],[95.3107139260001,5.57363202000005,0],[95.310713283,5.57365837000003,0],[95.3107117230001,5.57369351000006,0],[95.3107093880001,5.57373743000005,0],[95.3107077020001,5.57376376100007,0],[95.3107062860001,5.57378128900007,0],[95.3107018050001,5.57382666200004,0],[95.3107007840001,5.57384104500005,0],[95.3107001650001,5.57385543900006,0],[95.3107000360001,5.57386361200003,0],[95.310700109,5.57387178100004,0],[95.310700415,5.57388005400003,0],[95.31070156,5.57389658800003,0],[95.310703162,5.57391310800006,0],[95.310705064,5.57392961100004,0],[95.310707246,5.57394608000004,0],[95.3107084740001,5.57395429200005,0],[95.310710859,5.57396817100005,0],[95.310712569,5.57397668200002,0],[95.3107164460001,5.57399360100004,0],[95.3107208060001,5.57401038500007,0],[95.310725688,5.57402697500004,0],[95.3107284000001,5.57403515800007,0],[95.3107313670001,5.57404323200007,0],[95.3107346690001,5.57405115900002,0],[95.3107380430001,5.57405825400002,0],[95.310741696,5.57406522600007,0],[95.3107455560001,5.57407210700006,0],[95.3107536580001,5.57408570200005,0],[95.3107546640001,5.57408734300003,0],[95.310801386,5.57452894600004,0],[95.3108983930001,5.57468036300003,0],[95.3109358820001,5.57473888000004,0],[95.311070117,5.57488185000005,0],[95.3114527130001,5.57505254500006,0],[95.3117505480001,5.57514620500007,0],[95.3118733530001,5.57518482300003,0],[95.3118454200001,5.57536669600006,0],[95.3117318910001,5.57563500400005,0],[95.3117905650001,5.57598873300003,0],[95.3119793170001,5.57612941100007,0],[95.3120203940001,5.57616002600003,0],[95.3121356080001,5.57632220400006,0],[95.312222589,5.57658972400003,0],[95.3121565020001,5.57678131300003,0],[95.3120044070001,5.57695410700006,0],[95.311775927,5.57712720300003,0],[95.3116527010001,5.57735728200004,0],[95.3115199260001,5.57758740100007,0],[95.3114545880001,5.57797031700005,0],[95.3114747330001,5.57823809900003,0],[95.311580699,5.57847684500007,0],[95.3115624280001,5.57868738000008,0],[95.3114295780001,5.57889836400005,0],[95.3112969160001,5.57915718200007,0],[95.3112498120001,5.57931999700003,0],[95.3112029330001,5.57954021100005,0],[95.3111755250001,5.57985601300004,0],[95.3111916400001,5.57995059500007,0],[95.3111874840001,5.57997443200003,0],[95.3111837010001,5.57999970400004,0],[95.3111816950001,5.58001667800005,0],[95.3111802990001,5.58003329700006,0],[95.3111795080001,5.58004994400005,0],[95.3111794270001,5.58006190800006,0],[95.311179693,5.58007080500005,0],[95.3111802170001,5.58007969100004,0],[95.3111809860001,5.58008855700007,0],[95.3111820110001,5.58009739400006,0],[95.3111834600001,5.58010697400005,0],[95.3111851200001,5.58011564700007,0],[95.311187073,5.58012426000005,0],[95.3111892910001,5.58013280500006,0],[95.311191777,5.58014127100006,0],[95.311194561,5.58014963200003,0],[95.311197484,5.58015735300006,0],[95.3112009120001,5.58016540600005,0],[95.311204649,5.58017330800004,0],[95.3112086890001,5.58018104100006,0],[95.3112130590001,5.58018856800004,0],[95.3112178170001,5.58019583300006,0],[95.311222157,5.58020168900003,0],[95.3112267750001,5.58020734200005,0],[95.3112320170001,5.58021324600003,0],[95.3112374830001,5.58021896200006,0],[95.311243146,5.58022449800006,0],[95.3112489950001,5.58022984400003,0],[95.3112556670001,5.58023549800004,0],[95.311262571,5.58024087400003,0],[95.3112685600001,5.58024516100005,0],[95.3112746880001,5.58024926800005,0],[95.3112822880001,5.58025407600007,0],[95.3112899980001,5.58025873500003,0],[95.311305615,5.58026777400005,0],[95.3114315990001,5.58033823700003,0],[95.3114554200001,5.58035100700005,0],[95.311471081,5.58035871700002,0],[95.3114864820001,5.58036569600006,0],[95.311502041,5.58037232600003,0],[95.311509872,5.58037551500007,0],[95.3115244000001,5.58038112800006,0],[95.3115390610001,5.58038629600003,0],[95.3115464560001,5.58038864100007,0],[95.3115539070001,5.58039076400007,0],[95.311561275,5.58039258400004,0],[95.3115686990001,5.58039416200006,0],[95.3115761670001,5.58039551800005,0],[95.3115836710001,5.58039665200005,0],[95.311591208,5.58039755300007,0],[95.311598775,5.58039819100003,0],[95.311606328,5.58039853700006,0],[95.3116139040001,5.58039863300007,0],[95.3116214930001,5.58039851600006,0],[95.3116364050001,5.58039775600002,0],[95.3116438630001,5.58039712500005,0],[95.3116523990001,5.58039620000005,0],[95.3116694510001,5.58039386300004,0],[95.3116864580001,5.58039109900005,0],[95.311712104,5.58038651000004,0],[95.311720796,5.58038512500002,0],[95.3117294210001,5.58038417300003,0],[95.311734834,5.58038390700005,0],[95.31174185,5.58038401300007,0],[95.3117487220001,5.58038464400005,0],[95.3117553880001,5.58038583700005,0],[95.3117617650001,5.58038766700002,0],[95.3117677540001,5.58039024700003,0],[95.3117717850001,5.58039265000002,0],[95.3117755380001,5.58039548700003,0],[95.311780158,5.58039994500007,0],[95.3117842810001,5.58040500900006,0],[95.3117879260001,5.58041057600008,0],[95.3117911410001,5.58041663800003,0],[95.3117939570001,5.58042303900004,0],[95.311796454,5.58042969700006,0],[95.3117986830001,5.58043654700003,0],[95.3118006820001,5.58044354400005,0],[95.3118024650001,5.58045060400002,0],[95.311804077,5.58045774600004,0],[95.3118070610001,5.58047322900006,0],[95.3118096190001,5.58048966500007,0],[95.3118116940001,5.58050593400003,0],[95.3118134320001,5.58052221900004,0],[95.311814896,5.58053919500003,0],[95.311816542,5.58056459900007,0],[95.311817422,5.58058676500002,0],[95.3118178020001,5.58060879800007,0],[95.311817611,5.58063163500003,0],[95.3118171560001,5.58064685300008,0],[95.3118163380001,5.58066277400007,0],[95.3118146510001,5.58068486300004,0],[95.3118130990001,5.58069966600004,0],[95.3118111530001,5.58071454300006,0],[95.3118087390001,5.58072984900002,0],[95.3118058110001,5.58074506400004,0],[95.311802427,5.58075968800006,0],[95.3118003490001,5.58076757800006,0],[95.311798084,5.58077540600004,0],[95.311795599,5.58078315000006,0],[95.311793585,5.58078883500002,0],[95.311791413,5.58079444500004,0],[95.3117887590001,5.58080068100003,0],[95.3117858900001,5.58080678800007,0],[95.3117827930001,5.58081274200003,0],[95.3117794440001,5.58081850700006,0],[95.3117757800001,5.58082407100005,0],[95.311773799,5.58082677500005,0],[95.3117694410001,5.58083208900007,0],[95.311764741,5.58083704500007,0],[95.311759721,5.58084161200003,0],[95.3117543850001,5.58084573500003,0],[95.3117481690001,5.58084966900003,0],[95.3117416140001,5.58085295300003,0],[95.311734755,5.58085552300003,0],[95.3117292100001,5.58085698600007,0],[95.311723525,5.58085800200007,0],[95.311715636,5.58085875000006,0],[95.3117076070001,5.58085891700006,0],[95.3116994850001,5.58085862800004,0],[95.311691308,5.58085797000007,0],[95.311683734,5.58085709100004,0],[95.31166856,5.58085476500003,0],[95.311653402,5.58085191900005,0],[95.3116378230001,5.58084854200007,0],[95.3116218500001,5.58084468000004,0],[95.3116071090001,5.58084080800006,0],[95.311591987,5.58083647300003,0],[95.3115753900001,5.58083130800003,0],[95.311558958,5.58082582900005,0],[95.311550831,5.58082294500002,0],[95.3115427910001,5.58081992700005,0],[95.311534872,5.58081672500003,0],[95.3115271190001,5.58081326700005,0],[95.3115195940001,5.58080946100006,0],[95.311512378,5.58080517900004,0],[95.3115059040001,5.58080060100002,0],[95.3114997110001,5.58079559100003,0],[95.3114937330001,5.58079025500007,0],[95.3114879170001,5.58078467600006,0],[95.311476628,5.58077302100003,0],[95.3114711100001,5.58076702100004,0],[95.3114602780001,5.58075478200004,0],[95.3114466960001,5.58073856200002,0],[95.311427795,5.58071492400006,0],[95.3114181600001,5.58070328000002,0],[95.3114123620001,5.58069662700007,0],[95.311400453,5.58068359700007,0],[95.3113821580001,5.58066444000002,0],[95.3113574560001,5.58063917600003,0],[95.3112954840001,5.58057623500002,0],[95.311270495,5.58055127800003,0],[95.3112577810001,5.58053903500007,0],[95.311238448,5.58052135300005,0],[95.3112188200001,5.58050398700004,0],[95.3111464620001,5.58044072200005,0],[95.3111268490001,5.58042333100002,0],[95.311113543,5.58041132400007,0],[95.3110804770001,5.58038108400007,0],[95.3109670440001,5.58027684600006,0],[95.3109023060001,5.58021735600005,0],[95.3108392190001,5.58015902500006,0],[95.310820226,5.58014105300003,0],[95.3107944720001,5.58011633200005,0],[95.3104604470001,5.57979411300005,0],[95.3104413,5.57977539900003,0],[95.3104161430001,5.57975031500007,0],[95.3102222850001,5.57955479600002,0],[95.3101783700001,5.57951094600003,0],[95.309970331,5.57930712600006,0],[95.3096850590001,5.57902850400006,0],[95.309627484,5.57897255600005,0],[95.3094269050001,5.57877890900005,0],[95.30917064,5.57853502600005,0],[95.3091450970001,5.57851055000003,0],[95.3091259660001,5.57849190500002,0],[95.308720011,5.57808904500007,0],[95.3086823410001,5.57805093100006,0],[95.3085072530001,5.57787240600004,0],[95.3084695620001,5.57783440800006,0],[95.308431629,5.57779706900004,0],[95.3081844380001,5.57755499900003,0],[95.3080627180001,5.57743665000004,0],[95.3080049180001,5.57738064200004,0],[95.3078488190001,5.57723152700004,0],[95.307809734,5.57719431400005,0],[95.3077900850001,5.57717581500003,0],[95.307684441,5.57707801900006,0],[95.3076581430001,5.57705345200003,0],[95.3076388860001,5.57703501300006,0],[95.307607305,5.57700413800006,0],[95.3074435220001,5.57684313300007,0],[95.3074247280001,5.57682445500006,0],[95.30741233,5.57681187700007,0],[95.3074000830001,5.57679903900004,0],[95.307387991,5.57678593600002,0],[95.3073402700001,5.57673290400004,0],[95.307322259,5.57671313500003,0],[95.3073100410001,5.57670016600002,0],[95.3072978340001,5.57668788700005,0],[95.3072795,5.57667054300003,0],[95.3072608680001,5.57665349800004,0],[95.307131149,5.57653663000002,0],[95.3071051910001,5.57651307000003,0],[95.3070855830001,5.57649499500008,0],[95.307062892,5.57647373500004,0],[95.307028841,5.57644183100007,0],[95.3069666700001,5.57638358000003,0],[95.3066217560001,5.57606041400004,0],[95.3065957530001,5.57603579500005,0],[95.306570235,5.57601115400007,0],[95.3063924960001,5.57583772500004,0],[95.3063672370001,5.57581281700004,0],[95.3063044770001,5.57574987300006,0],[95.3062688950001,5.57571466400003,0],[95.3062460900001,5.57569231900004,0],[95.30620543,5.57565324000007,0],[95.3061672000001,5.57561686500003,0],[95.3061476600001,5.57559827300003,0],[95.3060631810001,5.57551789300004,0],[95.306030777,5.57548721000006,0],[95.306004634,5.57546274300006,0],[95.305827654,5.57529813600007,0],[95.3057881880001,5.57526202300005,0],[95.30565633,5.57514219100005,0],[95.305636662,5.57512410000004,0],[95.305617188,5.57510569700003,0],[95.3055851500001,5.57507423100003,0],[95.3053112530001,5.57480189300003,0],[95.305285875,5.57477646800004,0],[95.3052733550001,5.57476360200008,0],[95.305261107,5.57475048800006,0],[95.30525534,5.57474401600007,0],[95.3052440450001,5.57473085700002,0],[95.305227426,5.57471082200004,0],[95.3052155610001,5.57469629700006,0],[95.3051725120001,5.57464359800002,0],[95.305169515,5.57464003200005,0],[95.3051613490001,5.57463031600003,0],[95.3051499480001,5.57461724700005,0],[95.3051441050001,5.57461082500004,0],[95.3051322030001,5.57459817400007,0],[95.3051079720001,5.57457325500008,0],[95.305065185,5.57453000200007,0],[95.3050404270001,5.57450561300004,0],[95.305034129,5.57449963300007,0],[95.305020863,5.57448745600004,0],[95.3049938770001,5.57446358800007,0],[95.3047765100001,5.57427421700004,0],[95.30475599,5.57425664900006,0],[95.304742113,5.57424518900007,0],[95.3047279150001,5.57423414600004,0],[95.3047060640001,5.57421829400005,0],[95.304676525,5.57419768300002,0],[95.304624608,5.57416190700008,0],[95.3046022810001,5.57414668800004,0],[95.304580511,5.57413209200007,0],[95.3044881060001,5.57407081500003,0],[95.3044533880001,5.57404762100003,0],[95.3044177780001,5.57402322200005,0],[95.304360611,5.57398346000002,0],[95.304332157,5.57396340800005,0],[95.304311076,5.57394803100004,0],[95.304296004,5.57393637700005,0],[95.304264855,5.57391135400007,0],[95.3042508130001,5.57390058900006,0],[95.3042366060001,5.57389003400004,0],[95.3041792400001,5.57384849400006,0],[95.3041287980001,5.57381248700005,0],[95.304114337,5.57380244900003,0],[95.304092623,5.57378769700006,0],[95.3039399080001,5.57368546100003,0],[95.303918142,5.57367078200002,0],[95.3038966940001,5.57365607800006,0],[95.3038480020001,5.57362183800007,0],[95.3037925960001,5.57358236100004,0],[95.3037576400001,5.57355685500005,0],[95.3036600230001,5.57348507500006,0],[95.3036390140001,5.57346982400003,0],[95.303617423,5.57345451200007,0],[95.303580831,5.57342911900002,0],[95.3034194790001,5.57331787900006,0],[95.3032576050001,5.57320733900002,0],[95.3032429940001,5.57319714900007,0],[95.303228548,5.57318674600003,0],[95.3032143490001,5.57317588800004,0],[95.3032073510001,5.57317026200008,0],[95.3031935480001,5.57315876500007,0],[95.3031738330001,5.57314153100003,0],[95.3031556460001,5.57312488700006,0],[95.3031376810001,5.57310799500004,0],[95.3031194000001,5.57309025100005,0],[95.303100273,5.57307103800002,0],[95.3030751250001,5.57304534400004,0],[95.3030496910001,5.57301935800007,0],[95.3030305030001,5.57300037800007,0],[95.3030239820001,5.57299426500003,0],[95.3030173490001,5.57298834400007,0],[95.3030105560001,5.57298269400007,0],[95.3030035400001,5.57297742100008,0],[95.302996218,5.57297266600006,0],[95.3029906840001,5.57296961300005,0],[95.302984984,5.57296682100002,0],[95.3029776500001,5.57296355100004,0],[95.3029626110001,5.57295751400005,0],[95.302936383,5.57294771100004,0],[95.3029319670001,5.57294606000005,0],[95.302916741,5.57294000900004,0],[95.3029092310001,5.57293674800007,0],[95.3029013860001,5.57293306300005,0],[95.3028936370001,5.57292917300003,0],[95.3028783510001,5.57292094600007,0],[95.302870795,5.57291665800005,0],[95.302855648,5.57290767200004,0],[95.3028329650001,5.57289345000004,0],[95.302818018,5.57288368600007,0],[95.3028060090001,5.57287558900003,0],[95.3027881570001,5.57286320600002,0],[95.302759344,5.57284256400004,0],[95.3025442420001,5.57268643500004,0],[95.3025085360001,5.57266022500005,0],[95.302487388,5.57264416500004,0],[95.3024664340001,5.57262786300004,0],[95.3023621120001,5.57254574900003,0],[95.3023410230001,5.57252967600004,0],[95.3023266850001,5.57251938800005,0],[95.302319362,5.57251448400007,0],[95.3023118630001,5.57250977000007,0],[95.302304249,5.57250523300007,0],[95.302288794,5.57249651000006,0],[95.302257453,5.57247973300002,0],[95.3021708430001,5.57243423500006,0],[95.3021551940001,5.57242579500007,0],[95.3021396780001,5.57241712700005,0],[95.3021243840001,5.57240808500006,0],[95.302109348,5.57239862600005,0],[95.302094927,5.57238892900006,0],[95.3020736030001,5.57237390300003,0],[95.301974902,5.57230252400007,0],[95.3019539300001,5.57228703400006,0],[95.301940169,5.57227646300004,0],[95.3019334130001,5.57227104100002,0],[95.3019267810001,5.57226548100004,0],[95.3019206050001,5.57226002200002,0],[95.3019145790001,5.57225440600007,0],[95.3018976330001,5.57223770600007,0],[95.30188565,5.57222618100008,0],[95.3018734080001,5.57221491400003,0],[95.3018603510001,5.57220367700006,0],[95.301853448,5.57219804400006,0],[95.3018394470001,5.57218699800006,0],[95.3018181890001,5.57217072600002,0],[95.3017967960001,5.57215461600003,0],[95.3017680780001,5.57213340900006,0],[95.301753524,5.57212308800007,0],[95.3017462550001,5.57211812200006,0],[95.3017315760001,5.57210839300006,0],[95.301716786,5.57209882800004,0],[95.3016795230001,5.57207520500003,0],[95.301574008,5.57200932000006,0],[95.3015513230001,5.57199532600004,0],[95.3015362660001,5.57198621300006,0],[95.3015135200001,5.57197282800007,0],[95.301499527,5.57196495400007,0],[95.3014837850001,5.57195650800003,0],[95.3014283160001,5.57192761000005,0],[95.301412574,5.57191897500007,0],[95.3013969020001,5.57191002200005,0],[95.301350911,5.57188294500003,0],[95.301315689,5.57186173300005,0],[95.3013017800001,5.57185300200007,0],[95.3012947160001,5.57184839400003,0],[95.301280826,5.57183889100003,0],[95.3012740360001,5.57183396600004,0],[95.301267389,5.57182889200004,0],[95.3012615980001,5.57182418900004,0],[95.3012559900001,5.57181929800004,0],[95.301250612,5.57181417800007,0],[95.301244952,5.57180820600007,0],[95.3012256120001,5.57178577000008,0],[95.3012203470001,5.57177986800002,0],[95.3012149850001,5.57177403900005,0],[95.3012040130001,5.57176258400006,0],[95.3011927410001,5.57175140300006,0],[95.3011811310001,5.57174057200007,0],[95.3011744470001,5.57173470200007,0],[95.3011607830001,5.57172328900003,0],[95.3011409120001,5.57170744600006,0],[95.301114161,5.57168662000004,0],[95.3010739050001,5.57165554500006,0],[95.3010468800001,5.57163502900005,0],[95.3010195200001,5.57161480600007,0],[95.300991664,5.57159463900007,0],[95.3009568890001,5.57156991900007,0],[95.300930953,5.57155181300004,0],[95.3009104100001,5.57153793200007,0],[95.3008877780001,5.57152331400005,0],[95.3008725110001,5.57151385900005,0],[95.3008372610001,5.57149276600006,0],[95.3008219700001,5.57148327800007,0],[95.300776419,5.57145427200004,0],[95.300731081,5.57142492400004,0],[95.3006786440001,5.57139011600003,0],[95.3004549560001,5.57124062000003,0],[95.300420645,5.57121728000004,0],[95.300383637,5.57119171800002,0],[95.300110219,5.57100187900005,0],[95.2998658990001,5.57083186700004,0],[95.2998362120001,5.57081137000006,0],[95.299821272,5.57080127000006,0],[95.299806184,5.57079139000007,0],[95.2997832930001,5.57077695000004,0],[95.2997295260001,5.57074380500006,0],[95.2996833220001,5.57071558500007,0],[95.2996516040001,5.57069674800005,0],[95.2995839600001,5.57065757200007,0],[95.299569094,5.57064860700007,0],[95.2995617380001,5.57064400400003,0],[95.29955433,5.57063921900004,0],[95.299539671,5.57062940200007,0],[95.299517892,5.57061434500002,0],[95.29950439,5.57060485900007,0],[95.299407698,5.57054690100006,0],[95.2993380600001,5.57050197200005,0],[95.2992985290001,5.57046481600003,0],[95.299272654,5.57044052200007,0],[95.299228058,5.57038975500006,0],[95.299174098,5.57032539100004,0],[95.299134526,5.57027747400002,0],[95.299104813,5.57024093800004,0],[95.2990647280001,5.57019164700006,0],[95.2990194270001,5.57014375200004,0],[95.2989641080001,5.57009804800003,0],[95.298905936,5.57005522600002,0],[95.298837006,5.57000814100007,0],[95.2988143800001,5.56999890900005,0],[95.2988004260001,5.56999321600006,0],[95.298781681,5.56998458500004,0],[95.2987803380001,5.56998396700004,0],[95.2987581340001,5.56998261900003,0],[95.29873881,5.56998556400004,0],[95.2987201930001,5.56999404600003,0],[95.2987102160001,5.56999859000007,0],[95.2986816760001,5.57002524900003,0],[95.2986296510001,5.57009002700005,0],[95.2986157380001,5.57011360000007,0],[95.2985791400001,5.57017560500003,0],[95.2985649890001,5.57023013800006,0],[95.2985649780001,5.57023205800004,0],[95.2985650530001,5.57023552100003,0],[95.2985638760001,5.57024059900004,0],[95.2985615750001,5.57026273000002,0],[95.2985622530001,5.57028365400004,0],[95.298565899,5.57030038200003,0],[95.2985821410001,5.57033380100006,0],[95.2985959550001,5.57035646800006,0],[95.2986127200001,5.57037075200003,0],[95.298619902,5.57037610500004,0],[95.2986964520001,5.57041825900006,0],[95.2987326840001,5.57043072700003,0],[95.298733455,5.57043107900006,0],[95.298756961,5.57044128900003,0],[95.2987727380001,5.57044781000008,0],[95.2987890150001,5.57045406500004,0],[95.298814222,5.57046294400004,0],[95.298848019,5.57047425700006,0],[95.298881899,5.57048528700005,0],[95.2989074260001,5.57049313700003,0],[95.2989159840001,5.57049557300007,0],[95.298929355,5.57049909800003,0],[95.2989665580001,5.57050801200006,0],[95.2989816930001,5.57051163900007,0],[95.2990058550001,5.57051768700006,0],[95.2990311330001,5.57052438100004,0],[95.2990478890001,5.57052913200005,0],[95.299056212,5.57053165800005,0],[95.299064479,5.57053433700003,0],[95.2990744260001,5.57053785100004,0],[95.299088425,5.57054336700003,0],[95.299095315,5.57054636100003,0],[95.29910211,5.57054954200004,0],[95.29910879,5.57055294700007,0],[95.299115488,5.57055669900006,0],[95.299122061,5.57056068500003,0],[95.2991295830001,5.57056556000003,0],[95.2991370010001,5.57057062100006,0],[95.29915164,5.57058109500002,0],[95.299223946,5.57063505000002,0],[95.2992385270001,5.57064566500003,0],[95.2992530390001,5.57065589000007,0],[95.2992674750001,5.57066573500003,0],[95.2992892710001,5.57068029500005,0],[95.2994205580001,5.57076690600007,0],[95.2994801450001,5.57080580400003,0],[95.2997366320001,5.57097202000006,0],[95.2999665600001,5.57111934200003,0],[95.3000145230001,5.57115007400006,0],[95.3000519940001,5.57117424200004,0],[95.3000962360001,5.57120358600002,0],[95.3003528310001,5.57137613600003,0],[95.300396941,5.57140552900006,0],[95.300442273,5.57143487100006,0],[95.300737741,5.57162436200002,0],[95.300760424,5.57163900500007,0],[95.300782987,5.57165383000006,0],[95.3008052610001,5.57166894100004,0],[95.3008274140001,5.57168423200005,0],[95.3010411610001,5.57183266300007,0],[95.301070581,5.57185322200007,0],[95.3010924850001,5.57186886300002,0],[95.301106571,5.57187923900005,0],[95.301169428,5.57192666200007,0],[95.3011834590001,5.57193711500003,0],[95.301197658,5.57194746300007,0],[95.301226451,5.57196786000003,0],[95.3013132620001,5.57202846300004,0],[95.3013422590001,5.57204857400006,0],[95.301364155,5.57206342600006,0],[95.3013861040001,5.57207759300007,0],[95.3014081790001,5.57209126300006,0],[95.301607484,5.57221250400005,0],[95.30162941,5.57222623000007,0],[95.3016438430001,5.57223565800007,0],[95.3016512940001,5.57224073600003,0],[95.3016660390001,5.57225113100003,0],[95.301687944,5.57226703700007,0],[95.301905919,5.57242771800003,0],[95.3019277760001,5.57244370000006,0],[95.3019497830001,5.57245946900002,0],[95.3019717670001,5.57247464400007,0],[95.301993898,5.57248960800007,0],[95.3022083580001,5.57263352100006,0],[95.302237463,5.57265359000007,0],[95.302272605,5.57267870700002,0],[95.3023145590001,5.57270915200007,0],[95.3023422680001,5.57272979200008,0],[95.302363498,5.57274635100003,0],[95.3024335700001,5.57280246200003,0],[95.302461544,5.57282438900006,0],[95.3025096800001,5.57286072100004,0],[95.3025925600001,5.57292253200006,0],[95.3026181770001,5.57294123800006,0],[95.3026546780001,5.57296749300002,0],[95.302932464,5.57316650400003,0],[95.3029980330001,5.57321313800003,0],[95.30327449,5.57340884300004,0],[95.3035513240001,5.57360294900008,0],[95.3036099060001,5.57364383500004,0],[95.3039421710001,5.57387414300007,0],[95.3039934880001,5.57390910500004,0],[95.3042426700001,5.57407788600005,0],[95.3042907320001,5.57411084200004,0],[95.304318488,5.57413037200007,0],[95.3043547440001,5.57415674700007,0],[95.3044486910001,5.57422577300002,0],[95.3044703050001,5.57424178800005,0],[95.304491741,5.57425803300004,0],[95.3045126960001,5.57427458000006,0],[95.304554195,5.57430820700006,0],[95.304595528,5.57434204400005,0],[95.3046223970001,5.57436450300003,0],[95.3046422730001,5.57438144400004,0],[95.304655417,5.57439286200002,0],[95.3046864450001,5.57442068800003,0],[95.3047295630001,5.57446001100004,0],[95.3047651210001,5.57449266600003,0],[95.304782662,5.57450899100007,0],[95.304808747,5.57453379800006,0],[95.3049773160001,5.57469609600003,0],[95.3050244630001,5.57474189800007,0],[95.305067745,5.57478475100004,0],[95.3052240260001,5.57494049900004,0],[95.305242902,5.57495905600007,0],[95.3052556330001,5.57497126700002,0],[95.3052683920001,5.57498303600005,0],[95.305281171,5.57499437300004,0],[95.3053394,5.57504460800004,0],[95.3053522270001,5.57505590100004,0],[95.305364673,5.57506713400005,0],[95.305389323,5.57508987100005,0],[95.3054203830001,5.57511887900006,0],[95.305459517,5.57515572600005,0],[95.3054789320001,5.57517429700005,0],[95.3054916890001,5.57518686200007,0],[95.3054979610001,5.57519324600003,0],[95.305514734,5.57521118300002,0],[95.305536579,5.57523560300007,0],[95.3055815490001,5.57528681500003,0],[95.305598907,5.57530599300003,0],[95.305604815,5.57531226900005,0],[95.3056159750001,5.57532366600003,0],[95.305627342,5.57533486400007,0],[95.3056446250001,5.57535143200005,0],[95.3056766780001,5.57538122400007,0],[95.3060061150001,5.57568357400004,0],[95.3064064380001,5.57605201900003,0],[95.306426081,5.57607018600004,0],[95.3064445570001,5.57608762600006,0],[95.306460723,5.57610359000006,0],[95.3064726140001,5.57611606500006,0],[95.3064842800001,5.57612876100006,0],[95.3065187240001,5.57616738200005,0],[95.3065569450001,5.57621120400006,0],[95.3065677020001,5.57622297700004,0],[95.3065786750001,5.57623455600003,0],[95.306595396,5.57625168500005,0],[95.3066134110001,5.57626958100008,0],[95.306632123,5.57628781200003,0],[95.3067197890001,5.57637253600006,0],[95.3067514100001,5.57640264100007,0],[95.307111901,5.57673921900005,0],[95.3071893630001,5.57681253600003,0],[95.307240919,5.57686175100002,0],[95.307492079,5.57710481400005,0],[95.3077435710001,5.57735239800007,0],[95.3082892720001,5.57788380300002,0],[95.3083297150001,5.57792382700006,0],[95.308382055,5.57797612500002,0],[95.3084055050001,5.57800004600006,0],[95.3084472950001,5.57804374100004,0],[95.3084647030001,5.57806170100002,0],[95.3084924330001,5.57808959000005,0],[95.308522284,5.57811896700002,0],[95.308560743,5.57815581900007,0],[95.3087087580001,5.57829648000006,0],[95.308732438,5.57831869000006,0],[95.3087704970001,5.57835389000007,0],[95.3087961460001,5.57837784800006,0],[95.3089813290001,5.57855249300007,0],[95.309282475,5.57883976800002,0],[95.309357515,5.57891171800003,0],[95.3093948580001,5.57894773500004,0],[95.3094258300001,5.57897791200003,0],[95.309457304,5.57900902100005,0],[95.3096906010001,5.57924149200005,0],[95.3097210120001,5.57927254500004,0],[95.3097998250001,5.57935447200003,0],[95.3098234300001,5.57937841000006,0],[95.309863804,5.57941830300007,0],[95.3100664360001,5.57961701000005,0],[95.3100855480001,5.57963551900002,0],[95.3101113640001,5.57966005000003,0],[95.31027851,5.57981719400004,0],[95.3103273120001,5.57986321600004,0],[95.310361174,5.57989537400005,0],[95.310410833,5.57994312500006,0],[95.3106228330001,5.58014811500004,0],[95.310667219,5.58019163000006,0],[95.3110863140001,5.58060443600004,0],[95.311446237,5.58095722400003,0],[95.311465614,5.58097602500004,0],[95.311484926,5.58099450500004,0],[95.311581786,5.58108635600007,0],[95.311714673,5.58121301000006,0],[95.311745848,5.58124289700004,0],[95.3117762830001,5.58127242700004,0],[95.3118142270001,5.58131019200005,0],[95.3119539100001,5.58145086700006,0],[95.3119730610001,5.58146994300006,0],[95.3119859450001,5.58148253800005,0],[95.3120052460001,5.58150086600006,0],[95.3120247160001,5.58151901800005,0],[95.3121875320001,5.58166970400003,0],[95.3122069400001,5.58168792000004,0],[95.3122197370001,5.58170020900008,0],[95.3122323430001,5.58171268300003,0],[95.31225104,5.58173161200006,0],[95.3124429600001,5.58192853300005,0],[95.312529478,5.58201669500005,0],[95.3127334320001,5.58225308300007,0],[95.312864302,5.58244046600004,0],[95.3129535320001,5.58258620800007,0],[95.3132341100001,5.58309258700007,0],[95.3133971970001,5.58340565200007,0],[95.3134318910001,5.58348186700005,0],[95.3134836070001,5.58358211200004,0],[95.3134988250001,5.58367555500007,0],[95.3134958510001,5.58373801600004,0],[95.3134571840001,5.58380940000006,0],[95.3132489820001,5.58415739600002,0],[95.3130556500001,5.58448457200006,0],[95.3128504220001,5.58481769600007,0],[95.3128087810001,5.58487718300006,0],[95.3127820120001,5.58492179800004,0],[95.312776064,5.58493964400003,0],[95.312784987,5.58495749000002,0],[95.3128058070001,5.58496343800005,0],[95.3128411420001,5.58496644900004,0],[95.3128712420001,5.58493369500007,0],[95.3129574980001,5.58482067100005,0],[95.3130883680001,5.58460949300007,0],[95.313127034,5.58453513500007,0],[95.313210315,5.58442806000005,0],[95.3132668280001,5.58432098400004,0],[95.3134423130001,5.58405329400006,0],[95.3136237470001,5.58378560500006,0],[95.3137397450001,5.58361606800003,0],[95.313953897,5.58329484100005,0],[95.3140639470001,5.58309853600002,0],[95.3141520930001,5.58295202300008,0],[95.3142840470001,5.58273269400007,0],[95.314444661,5.58250664500002,0],[95.3146320430001,5.58224193000007,0],[95.3147071130001,5.58216397200005,0],[95.314786708,5.58208131600003,0],[95.315138221,5.58231888300003,0],[95.3152264110001,5.58237848500005,0],[95.3155386380001,5.58258950100003,0],[95.3157593130001,5.58273864200004,0],[95.3155094700001,5.58308663800005,0],[95.3153429070001,5.58333648200005,0],[95.3152982920001,5.58338109700003,0],[95.3152388060001,5.58341976300005,0],[95.3152060880001,5.58345545500003,0],[95.315188242,5.58351196700005,0],[95.3151644480001,5.58361012000006,0],[95.3151555250001,5.58365473500004,0],[95.3151406530001,5.58369340100006,0],[95.3150633210001,5.58378560500006,0],[95.315012757,5.58388078300004,0],[95.3149413730001,5.58395811600008,0],[95.314878912,5.58405329400006,0],[95.3148491690001,5.58408898600004,0],[95.3148134770001,5.58412467800002,0],[95.3147926570001,5.58416631900008,0],[95.3147748110001,5.58421985700005,0],[95.3147569650001,5.58427339500003,0],[95.314736145,5.58432098400004,0],[95.3147093760001,5.58437452200008,0],[95.3145517360001,5.58460354500005,0],[95.3144051720001,5.58483255800007,0],[95.314281097,5.58503619900006,0],[95.314227535,5.58506159100006,0],[95.314194817,5.58509728300004,0],[95.3141799460001,5.58513892300004,0],[95.3141710230001,5.58516866700006,0],[95.314119786,5.58529229800007,0],[95.31394434,5.58556481700003,0],[95.313890594,5.58564786100004,0],[95.313856259,5.58570063900004,0],[95.313821772,5.58575293700005,0],[95.31347607,5.58627537500007,0],[95.3134415420001,5.58632688800003,0],[95.3132834900001,5.58656166000003,0],[95.3132320760001,5.58663861300005,0],[95.313213379,5.58666742900004,0],[95.3131848070001,5.58671270400004,0],[95.3131660000001,5.58674303800007,0],[95.313133238,5.58679692000004,0],[95.3131188040001,5.58681976100007,0],[95.313089211,5.58686498600002,0],[95.312915558,5.58712814800003,0],[95.3129005000001,5.58715058600006,0],[95.31288578,5.58717200800004,0],[95.312860985,5.58720753500006,0],[95.312841011,5.58723585600006,0],[95.3128207110001,5.58726393400002,0],[95.3128069530001,5.58728222300005,0],[95.3127862060001,5.58730980300004,0],[95.3127781910001,5.58732093800006,0],[95.3127703820001,5.58733216600007,0],[95.312760537,5.58734669200004,0],[95.3127411130001,5.58737593500007,0],[95.312692832,5.58744924200005,0],[95.312673676,5.58747866300007,0],[95.3126642730001,5.58749348400005,0],[95.312650879,5.58751539400004,0],[95.3126377290001,5.58753745700005,0],[95.3126264220001,5.58755673000007,0],[95.3126204000001,5.58756699300005,0],[95.3126118550001,5.58758182600008,0],[95.3126034730001,5.58759674500004,0],[95.3125771970001,5.58764595500003,0],[95.3125580290001,5.58768055400003,0],[95.3125501590001,5.58769427800007,0],[95.312537805,5.58771509900004,0],[95.312529408,5.58772888200002,0],[95.312515659,5.58775098100006,0],[95.3124415120001,5.58786834000006,0],[95.3123996750001,5.58793424000004,0],[95.312100177,5.58840419500007,0],[95.3120855020001,5.58842681100003,0],[95.3120657300001,5.58845677100004,0],[95.3119117640001,5.58868847700006,0],[95.311887712,5.58872541000005,0],[95.3118548410001,5.58877675200006,0],[95.311840874,5.58879883200007,0],[95.311827065,5.58882109400002,0],[95.311758968,5.58893320800007,0],[95.311745231,5.58895555700008,0],[95.3117358060001,5.58897058800005,0],[95.311706611,5.58901600400003,0],[95.311584076,5.58920477000004,0],[95.3115695160001,5.58922751700004,0],[95.311560189,5.58924241700004,0],[95.311533442,5.58928638800006,0],[95.3115071060001,5.58933059600002,0],[95.3114985930001,5.58934547100006,0],[95.3114926580001,5.58935632100003,0],[95.3114860210001,5.58936929300006,0],[95.311482374,5.58937685100005,0],[95.3114718730001,5.58939975000004,0],[95.311458352,5.58943052500007,0],[95.3114451320001,5.58946143900005,0],[95.3114345990001,5.58948726300002,0],[95.3114281350001,5.58950407400005,0],[95.311415636,5.58953786900003,0],[95.3113972080001,5.58958869100007,0],[95.3113889350001,5.58961229700003,0],[95.311383908,5.58962748100004,0],[95.311379291,5.58964278000008,0],[95.311377178,5.58965062600004,0],[95.3113733930001,5.58966643300005,0],[95.311370115,5.58968235800006,0],[95.3113676720001,5.58969633300006,0],[95.311365133,5.58971354300007,0],[95.3113640480001,5.58972217400003,0],[95.3113626690001,5.58973548600005,0],[95.3113615030001,5.58975087000005,0],[95.3113535470001,5.58989027000007,0],[95.31135075,5.58993496900007,0],[95.311348852,5.58996172400003,0],[95.311339747,5.59007748700003,0],[95.311334667,5.59013980800006,0],[95.311330759,5.59018374600004,0],[95.3113217270001,5.59028049900007,0],[95.3113193900001,5.59030698000004,0],[95.3113176700001,5.59033200800008,0],[95.311317079,5.59034667300006,0],[95.3113169270001,5.59035402000006,0],[95.311316897,5.59036137400005,0],[95.311317101,5.59037166200005,0],[95.311318021,5.59038802500004,0],[95.3113187470001,5.59039619100002,0],[95.3113196740001,5.59040432900002,0],[95.3113211080001,5.59041402000003,0],[95.3113233590001,5.59042523700003,0],[95.3113256620001,5.59043394400004,0],[95.3113284890001,5.59044241100003,0],[95.311331931,5.59045054100005,0],[95.311335005,5.59045636900004,0],[95.311338554,5.59046194200005,0],[95.3113479030001,5.59049380500005,0],[95.3113540900001,5.59052140600005,0],[95.311355517,5.59053425600007,0],[95.311356215,5.59057090400006,0],[95.3113562090001,5.59057173600007,0],[95.3113564080001,5.59058011300004,0],[95.3113572650001,5.59059701300004,0],[95.3113590720001,5.59062250000005,0],[95.311361768,5.59065650600007,0],[95.3113639430001,5.59068196900006,0],[95.3113655770001,5.59069922900005,0],[95.3113682650001,5.59072507300004,0],[95.3113702670001,5.59074226100006,0],[95.3113725910001,5.59075939100006,0],[95.3113739500001,5.59076792100007,0],[95.311377151,5.59078486600004,0],[95.3113826860001,5.59081015500004,0],[95.3114065830001,5.59091099800003,0],[95.311414309,5.59094466400006,0],[95.3114196500001,5.59096997600005,0],[95.311427902,5.59101227300005,0],[95.3114357920001,5.59105463700007,0],[95.3114387560001,5.59107161300005,0],[95.311441458,5.59108862700003,0],[95.311444679,5.59111290300007,0],[95.3114494310001,5.59115345600003,0],[95.3114520610001,5.59117423200007,0],[95.311455014,5.59119371600002,0],[95.311457793,5.59120906800007,0],[95.3114581670001,5.59121084500003,0],[95.3114610050001,5.59122433000005,0],[95.3114653310001,5.59124183700004,0],[95.3114700730001,5.59125924900007,0],[95.3114775330001,5.59128529000003,0],[95.311488421,5.59132255100008,0],[95.3115155300001,5.59141532700005,0],[95.3115810990001,5.59164079100003,0],[95.311591547,5.59167536700005,0],[95.3115968560001,5.59169192900004,0],[95.3116050510001,5.59171670400002,0],[95.3116217020001,5.59176617900005,0],[95.3116330870001,5.59179905600007,0],[95.3116360540001,5.59180722600007,0],[95.311641668,5.59182184700006,0],[95.3116475670001,5.59183574100007,0],[95.3116509490001,5.59184312900004,0],[95.3116580230001,5.59185776000004,0],[95.3116654290001,5.59187222300005,0],[95.311673182,5.59188647900004,0],[95.311677231,5.59189349600007,0],[95.3116814380001,5.59190040900006,0],[95.3116847750001,5.59190558200004,0],[95.311690109,5.59191326900003,0],[95.3116951920001,5.59192006200004,0],[95.3117058500001,5.59193330600004,0],[95.311739275,5.59197247800006,0],[95.311767708,5.59200701100002,0],[95.311902466,5.59217413200003,0],[95.311924833,5.59220205300005,0],[95.3119359070001,5.59221609600007,0],[95.3119468070001,5.59223027200005,0],[95.3119569190001,5.59224391700008,0],[95.3119600540001,5.59224830000005,0],[95.312006334,5.59231302000006,0],[95.312048609,5.59237077900002,0],[95.312070003,5.59239945200005,0],[95.3120809600001,5.59241354100004,0],[95.3120865860001,5.59242044600006,0],[95.3120923650001,5.59242720200007,0],[95.3120983570001,5.59243375400007,0],[95.3121019490001,5.59243743000007,0],[95.3121121730001,5.59244709700005,0],[95.3121188910001,5.59245299800006,0],[95.3121257400001,5.59245876100005,0],[95.3121397470001,5.59246993300007,0],[95.312146893,5.59247533600006,0],[95.3121541450001,5.59248059300006,0],[95.3121615270001,5.59248566300005,0],[95.312166947,5.59248918500003,0],[95.312177977,5.59249595000006,0],[95.3121934480001,5.59250488600003,0],[95.3122090740001,5.59251358500006,0],[95.312311144,5.59256928700006,0],[95.3125228540001,5.59268531200007,0],[95.3125620160001,5.59270687600002,0],[95.3125854040001,5.59272000600004,0],[95.3126082540001,5.59273323600007,0],[95.3126310100001,5.59274663400004,0],[95.3127976210001,5.59284534500006,0],[95.3128280240001,5.59286308200006,0],[95.3128585470001,5.59288055400003,0],[95.312996151,5.59295874800006,0],[95.3130344740001,5.59298028900002,0],[95.313072569,5.59300112400007,0],[95.3131871290001,5.59306313000008,0],[95.313209923,5.59307573800004,0],[95.3132250740001,5.59308438300008,0],[95.3132627800001,5.59310670200006,0],[95.3134130130001,5.59319700800006,0],[95.3134432350001,5.59321476400004,0],[95.3134649080001,5.59322701800005,0],[95.3135381500001,5.59326732800002,0],[95.3139444320001,5.59348904600006,0],[95.31398354,5.59350987800002,0],[95.3140773810001,5.59355843200007,0],[95.3141007820001,5.59357067800005,0],[95.3141242070001,5.59358331900006,0],[95.3141477990001,5.59359652900002,0],[95.314241742,5.59365015200007,0],[95.3142886250001,5.59367712500006,0],[95.314464242,5.59378057100002,0],[95.314478797,5.59378962000005,0],[95.3144858940001,5.59379431000002,0],[95.314492795,5.59379917500007,0],[95.3144992680001,5.59380416000005,0],[95.314505383,5.59380946100003,0],[95.3145110150001,5.59381518600003,0],[95.3145158880001,5.59382120100003,0],[95.31452025,5.59382763700006,0],[95.3145241560001,5.59383441900007,0],[95.31452777,5.59384175800005,0],[95.3145310400001,5.59384933100006,0],[95.314534058,5.59385707200005,0],[95.3145368980001,5.59386493100004,0],[95.314542229,5.59388087400004,0],[95.3145472900001,5.59389697400007,0],[95.3145545560001,5.59392125100004,0],[95.3145591210001,5.59393750700002,0],[95.3145612600001,5.59394566700007,0],[95.3145631450001,5.59395331500002,0],[95.3145666390001,5.59396867100003,0],[95.314571368,5.59399178700005,0],[95.314579796,5.59403607500008,0],[95.3145834160001,5.59405372200007,0],[95.314585386,5.59406250700005,0],[95.3145874050001,5.59407086500005,0],[95.3145917470001,5.59408750700004,0],[95.3145986820001,5.59411236900007,0],[95.31460824,5.59414544000003,0],[95.3146180420001,5.59417843100005,0],[95.3146231600001,5.59419484500006,0],[95.3146286080001,5.59421113200005,0],[95.3146315370001,5.59421919900007,0],[95.314634771,5.59422752100005,0],[95.3146555280001,5.59427694000004,0],[95.314658766,5.59428525900006,0],[95.3146647120001,5.59430211800003,0],[95.314670183,5.59431915600004,0],[95.3146754080001,5.59433628700003,0],[95.314698133,5.59441367300008,0],[95.3147106280001,5.59445670600007,0],[95.31472032,5.59449091800008,0],[95.3147939360001,5.59475569200004,0],[95.3148131840001,5.59482396500005,0],[95.3148739060001,5.59503718700006,0],[95.3149505640001,5.59530196700007,0],[95.314962731,5.59534474400004,0],[95.3149669740001,5.59536043500003,0],[95.3149706240001,5.59537469400004,0],[95.314974003,5.59538900500007,0],[95.314975771,5.59539723300003,0],[95.314978878,5.59541374700007,0],[95.3149835120001,5.59544446100006,0],[95.3149847810001,5.59545123900006,0],[95.3149863150001,5.59545795000002,0],[95.3149875930001,5.59546265600005,0],[95.31498903,5.59546731700004,0],[95.3149913070001,5.59547381600004,0],[95.3149938350001,5.59548023700006,0],[95.3149965730001,5.59548658700004,0],[95.315000291,5.59549453900007,0],[95.3150042340001,5.59550240300007,0],[95.315008359,5.59551018600007,0],[95.3150126470001,5.59551788700003,0],[95.3150170960001,5.59552549100005,0],[95.3150217260001,5.59553297300005,0],[95.315026576,5.59554029600002,0],[95.3150317100001,5.59554740500005,0],[95.3150366340001,5.59555357600004,0],[95.315042023,5.59555972700002,0],[95.315047646,5.59556568600004,0],[95.3150593700001,5.59557721000004,0],[95.315071485,5.59558839900006,0],[95.3150822430001,5.59559799200002,0],[95.3150957860001,5.59560978600007,0],[95.3151706950001,5.59567410200003,0],[95.315279354,5.59576781400006,0],[95.315405329,5.59587497400003,0],[95.3154385270001,5.59590302700008,0],[95.3154589550001,5.59591999600002,0],[95.3155074690001,5.59595968500003,0],[95.3155356510001,5.59598234400005,0],[95.3155499850001,5.59599347000005,0],[95.3155641740001,5.59600386100004,0],[95.315578245,5.59601344300006,0],[95.3155854090001,5.59601805400007,0],[95.315592952,5.59602269000004,0],[95.3156005800001,5.59602714300007,0],[95.3156082900001,5.59603137200003,0],[95.3156160780001,5.59603530800007,0],[95.3156239460001,5.59603884700005,0],[95.3156318950001,5.59604184000005,0],[95.3156390930001,5.59604393000006,0],[95.3156461140001,5.59604539700007,0],[95.31565305,5.59604625800006,0],[95.315659812,5.59604643500006,0],[95.3156662970001,5.59604579600006,0],[95.3156724720001,5.59604412100003,0],[95.3156773170001,5.59604171600006,0],[95.315682092,5.59603807200006,0],[95.3156867050001,5.59603299600008,0],[95.3156906470001,5.59602709700005,0],[95.3156939680001,5.59602059100007,0],[95.3156966610001,5.59601364100007,0],[95.3156986640001,5.59600637100004,0],[95.315699861,5.59599887100006,0],[95.3157001470001,5.59599169800003,0],[95.3156997080001,5.59598445900002,0],[95.3156986370001,5.59597722600006,0],[95.31569698,5.59597006300004,0],[95.315694744,5.59596303800004,0],[95.3156918880001,5.59595622100005,0],[95.315687816,5.59594872600007,0],[95.3156830680001,5.59594152700004,0],[95.3156778320001,5.59593455700002,0],[95.315672244,5.59592776900007,0],[95.3156664000001,5.59592113000002,0],[95.3156603670001,5.59591461900004,0],[95.3156541810001,5.59590822700005,0],[95.3156480810001,5.59590216500004,0],[95.315635559,5.59589032900004,0],[95.31562275,5.59587878900004,0],[95.3156033540001,5.59586178600006,0],[95.3155838700001,5.59584502700005,0],[95.315570789,5.59583405300003,0],[95.3155575310001,5.59582339000002,0],[95.3155507860001,5.59581825000004,0],[95.3155439240001,5.59581329500003,0],[95.3155375740001,5.59580899600007,0],[95.3155316560001,5.59580520100008,0],[95.3155153920001,5.59579503000003,0],[95.3155088,5.59579063100006,0],[95.315495904,5.59578133900004,0],[95.3154895630001,5.59577651000006,0],[95.315477038,5.59576659800007,0],[95.315457951,5.59575070700004,0],[95.3154312930001,5.59572745800006,0],[95.3152922580001,5.59560425000006,0],[95.315199217,5.59552239300007,0],[95.315185978,5.59551063200007,0],[95.3151729090001,5.59549871000007,0],[95.315160216,5.59548644700004,0],[95.315154121,5.59548009300005,0],[95.3151487760001,5.59547412600006,0],[95.3151436140001,5.59546800600003,0],[95.3151386200001,5.59546175500003,0],[95.3151337950001,5.59545538500004,0],[95.3151291510001,5.59544889600005,0],[95.315124718,5.59544228000004,0],[95.3151205450001,5.59543551800004,0],[95.3151166970001,5.59542857900004,0],[95.3151128320001,5.59542056400005,0],[95.3151093490001,5.59541234600005,0],[95.3151061410001,5.59540398300004,0],[95.3151002500001,5.59538698200004,0],[95.3150947350001,5.59536978600005,0],[95.3150788360001,5.59531789400006,0],[95.315068545,5.59528344500006,0],[95.3149904360001,5.59501227500004,0],[95.3149808570001,5.59497833600005,0],[95.3149744780001,5.59495410200003,0],[95.3149710330001,5.59493964100005,0],[95.31496911,5.59493089700004,0],[95.3149655170001,5.59491335000007,0],[95.3149536480001,5.59485177700003,0],[95.3149499840001,5.59483425000008,0],[95.3149480040001,5.59482552100008,0],[95.314945933,5.59481699400004,0],[95.3149415,5.59480000700006,0],[95.3149368380001,5.59478307400002,0],[95.3149272310001,5.59474927700006,0],[95.314883652,5.59459726000006,0],[95.3148762440001,5.59457197000006,0],[95.3148711170001,5.59455517000004,0],[95.3148637080001,5.59453246000004,0],[95.3148557390001,5.59450994500003,0],[95.3148495840001,5.59449390100002,0],[95.3148369800001,5.59446191400002,0],[95.3148310010001,5.59444580000007,0],[95.314825489,5.59442936000005,0],[95.3148203260001,5.59441278600002,0],[95.314808031,5.59437110000005,0],[95.3148010290001,5.59434600900005,0],[95.3147968270001,5.59432925200002,0],[95.3147950410001,5.59432100400005,0],[95.3147935370001,5.59431274700006,0],[95.314792416,5.59430448400008,0],[95.3147918750001,5.59429781300003,0],[95.3147917040001,5.59429115200004,0],[95.314791959,5.59428451100007,0],[95.3147925860001,5.59427859100003,0],[95.3147935520001,5.59427269900004,0],[95.3147948110001,5.59426683700002,0],[95.3147969980001,5.59425866200007,0],[95.3147995580001,5.59425053600006,0],[95.3148023890001,5.59424245000002,0],[95.314805414,5.59423439500006,0],[95.3148118500001,5.59421836000007,0],[95.3148186340001,5.59420243100004,0],[95.314825737,5.59418665500004,0],[95.3148294480001,5.59417885800002,0],[95.3148333070001,5.59417114800004,0],[95.3148411770001,5.59415668200006,0],[95.314845308,5.59414958700006,0],[95.314857982,5.59412864300003,0],[95.3148620260001,5.59412142700006,0],[95.314865905,5.59411409600006,0],[95.3148697460001,5.59410638800006,0],[95.31487703,5.59409072000005,0],[95.3148873530001,5.59406683400005,0],[95.314893925,5.59405074100005,0],[95.3148970840001,5.59404264500006,0],[95.3149001190001,5.59403450700006,0],[95.3149029800001,5.59402631800003,0],[95.3149055970001,5.59401806300002,0],[95.314908583,5.59400695700003,0],[95.314909721,5.59400196700005,0],[95.3149114070001,5.59399325400005,0],[95.3149127170001,5.59398450600003,0],[95.3149136070001,5.59397574500002,0],[95.3149139910001,5.59396699200005,0],[95.3149138100001,5.59395890500002,0],[95.31491313,5.59395087800004,0],[95.3149119610001,5.59394294600003,0],[95.3149102730001,5.59393515500005,0],[95.3149086230001,5.59392943800003,0],[95.314906593,5.59392386100006,0],[95.314903482,5.59391713800005,0],[95.314901121,5.59391283700006,0],[95.314898553,5.59390863100003,0],[95.3148941090001,5.59390213200004,0],[95.3148892980001,5.59389582900008,0],[95.3148841840001,5.59388970900005,0],[95.314878805,5.59388377400006,0],[95.3148731750001,5.59387804100004,0],[95.3148682720001,5.59387341700005,0],[95.3148632190001,5.59386893600004,0],[95.3148565600001,5.59386336900008,0],[95.3148428270001,5.59385268900007,0],[95.3148287260001,5.59384247100007,0],[95.3148143110001,5.59383271600007,0],[95.3147993580001,5.59382338700004,0],[95.3147765790001,5.59380999100006,0],[95.3146544880001,5.59374013300004,0],[95.3146204170001,5.59372078100006,0],[95.314209835,5.59349047600006,0],[95.314186539,5.59347754300006,0],[95.314163147,5.59346480100004,0],[95.3140378720001,5.59339783600007,0],[95.3140142770001,5.59338494700006,0],[95.313982771,5.59336749400006,0],[95.3134005670001,5.59304341300003,0],[95.313345994,5.59301263400005,0],[95.3131126010001,5.59288040100006,0],[95.3130530560001,5.59284611200007,0],[95.3128297690001,5.59271594600006,0],[95.3127835270001,5.59268917500003,0],[95.3124358420001,5.59249142900006,0],[95.3123573930001,5.59244691200007,0],[95.312278828,5.59240254700006,0],[95.312255394,5.59238906000007,0],[95.3122400010001,5.59237976900005,0],[95.3122324430001,5.59237494100006,0],[95.31222503,5.59236992300004,0],[95.3122178180001,5.59236464400004,0],[95.3122110130001,5.59235918200005,0],[95.3122044,5.59235346900005,0],[95.3121979270001,5.59234757300004,0],[95.312185254,5.59233542400005,0],[95.312166587,5.59231675100006,0],[95.31206826,5.59221683900006,0],[95.312049158,5.59219742900007,0],[95.312031286,5.59217908700003,0],[95.312009184,5.59215601200003,0],[95.3119873430001,5.59213269000003,0],[95.3119713090001,5.59211489100005,0],[95.3119609230001,5.59210278700004,0],[95.3119558820001,5.59209662000006,0],[95.311950983,5.59209034300005,0],[95.311945703,5.59208316100006,0],[95.3119405960001,5.59207584600006,0],[95.3119307370001,5.59206094900003,0],[95.3119211740001,5.59204583600007,0],[95.3119118170001,5.59203058100007,0],[95.311902687,5.59201518900005,0],[95.3118982430001,5.59200742300004,0],[95.3118901700001,5.59199270300007,0],[95.311882321,5.59197785800006,0],[95.3118669090001,5.59194800600005,0],[95.311844013,5.59190307400007,0],[95.311825071,5.59186549900005,0],[95.311813886,5.59184287100004,0],[95.3118066390001,5.59182768700003,0],[95.311799497,5.59181201400003,0],[95.311789123,5.59178834800002,0],[95.3117789620001,5.59176458500002,0],[95.3117657810001,5.59173275000006,0],[95.3117593590001,5.59171643200006,0],[95.311749961,5.59169162000006,0],[95.3117344730001,5.59164939300007,0],[95.311706847,5.59157328900005,0],[95.3116978050001,5.59154786500005,0],[95.3116891430001,5.59152245400003,0],[95.3116752540001,5.59148003600006,0],[95.3116473370001,5.59139381000006,0],[95.311591058,5.59121998500007,0],[95.3115432600001,5.59107235300007,0],[95.3115352950001,5.59104714200004,0],[95.3115226640001,5.59100611200006,0],[95.3115076660001,5.59095682700007,0],[95.311497859,5.59092391600007,0],[95.3114931490001,5.59090740700003,0],[95.3114884650001,5.59089007600005,0],[95.3114773020001,5.59084659400003,0],[95.3114399980001,5.59069857100008,0],[95.3114337220001,5.59067238100005,0],[95.311430327,5.59065688400005,0],[95.3114263410001,5.59063659900005,0],[95.3114235960001,5.59062116200005,0],[95.3114210990001,5.59060568700005,0],[95.3114190460001,5.59059062800003,0],[95.311417969,5.59058072300007,0],[95.3114160640001,5.59055931400007,0],[95.311414524,5.59053846100005,0],[95.3114127410001,5.59051096000007,0],[95.3114126720001,5.59050990200006,0],[95.3114094850001,5.59045602200007,0],[95.311411369,5.59044838200003,0],[95.3114129310001,5.59043983100003,0],[95.3114141550001,5.59043107300005,0],[95.3114159630001,5.59041321800004,0],[95.3114173010001,5.59039519000004,0],[95.3114184170001,5.59037715700003,0],[95.311421108,5.59032402300005,0],[95.3114306750001,5.59011375300003,0],[95.311432579,5.59007975300005,0],[95.3114341780001,5.59005426400006,0],[95.3114353730001,5.59003728200003,0],[95.311436793,5.59001990800004,0],[95.3114411080001,5.58997551000004,0],[95.311447661,5.58991339700003,0],[95.3114694170001,5.58972204200006,0],[95.3114715950001,5.58970467400007,0],[95.311474058,5.58968735400003,0],[95.3114769590001,5.58967026800002,0],[95.3114802970001,5.58965327200002,0],[95.3114841400001,5.58963639900003,0],[95.311486324,5.58962803200006,0],[95.3114902670001,5.58961473900007,0],[95.3114945980001,5.58960155300002,0],[95.3115032030001,5.58957716600003,0],[95.3115121430001,5.58955287700007,0],[95.3115213250001,5.58952867400006,0],[95.3115308540001,5.58950463700006,0],[95.3115404270001,5.58948146400007,0],[95.311540725,5.58948074300002,0],[95.3115477300001,5.58946461500005,0],[95.311555158,5.58944829200004,0],[95.3115628500001,5.58943210000007,0],[95.311566821,5.58942406600005,0],[95.3115741070001,5.58941006700007,0],[95.3115818270001,5.58939626800003,0],[95.3115909670001,5.58938077900007,0],[95.3116097420001,5.58935007600007,0],[95.311704294,5.58919722700006,0],[95.3117232640001,5.58916671600002,0],[95.3117420440001,5.58913690400004,0],[95.311789231,5.58906251800005,0],[95.31181295,5.58902540500003,0],[95.3119024000001,5.58888821000005,0],[95.311921752,5.58885777700004,0],[95.311950542,5.58881197500006,0],[95.311964801,5.58878899200005,0],[95.3119784150001,5.58876651600002,0],[95.3120486750001,5.58864762100006,0],[95.3120621880001,5.58862554100006,0],[95.3120718260001,5.58861044700006,0],[95.31209648,5.58857306200002,0],[95.3123200460001,5.58823766300003,0],[95.312552515,5.58788275900002,0],[95.312638388,5.58775194900005,0],[95.3126814060001,5.58768652000003,0],[95.3127992490001,5.58750795800006,0],[95.312838319,5.58744779300002,0],[95.3129772780001,5.58723306000007,0],[95.313018577,5.58716924000004,0],[95.3130421400001,5.58713209300004,0],[95.3131306510001,5.58699122600007,0],[95.3131541880001,5.58695432200005,0],[95.3132686640001,5.58677820900004,0],[95.3133072050001,5.58671921400003,0],[95.3137303570001,5.58607597500003,0],[95.3139243800001,5.58578338200005,0],[95.314259383,5.58527735600006,0],[95.3143125820001,5.58519669400005,0],[95.3143938410001,5.58507303800008,0],[95.3144177510001,5.58503599200003,0],[95.314500115,5.58490742100003,0],[95.314722654,5.58456306800002,0],[95.3148873010001,5.58431037500003,0],[95.3149908080001,5.58415203300007,0],[95.3150153030001,5.58411415000006,0],[95.315034138,5.58408421500008,0],[95.3150668170001,5.58403164800006,0],[95.3150947550001,5.58398654600006,0],[95.3151085740001,5.58396391100007,0],[95.3151176060001,5.58394871700006,0],[95.3151263350001,5.58393339100007,0],[95.3151514950001,5.58388695400004,0],[95.315160066,5.58387158200003,0],[95.3151644420001,5.58386403000003,0],[95.3151734,5.58384904700006,0],[95.3151825340001,5.58383416500004,0],[95.315205829,5.58379723800005,0],[95.3152305500001,5.58375949900005,0],[95.315390038,5.58351880100003,0],[95.3155028530001,5.58334924800005,0],[95.3156068490001,5.58323535500006,0],[95.3156806120001,5.58318062700005,0],[95.315687751,5.58321156000005,0],[95.3158400360001,5.58324725200004,0],[95.3158621850001,5.58318551700006,0],[95.3158991620001,5.58320030500005,0],[95.3159895270001,5.58323598500004,0],[95.3160058560001,5.58324266400007,0],[95.3160220390001,5.58324964700006,0],[95.3160300380001,5.58325333400006,0],[95.3160454800001,5.58326103200005,0],[95.3160683090001,5.58327328900003,0],[95.3160909700001,5.58328589900003,0],[95.316121083,5.58330290900005,0],[95.316150985,5.58332025800007,0],[95.3161657090001,5.58332929100004,0],[95.316173039,5.58333401900006,0],[95.31618753,5.58334373900004,0],[95.3162018890001,5.58335367000006,0],[95.316315994,5.58343431900005,0],[95.3163514510001,5.58345979300003,0],[95.3163655330001,5.58347030100003,0],[95.316386546,5.58348648500004,0],[95.3164700890001,5.58355201600006,0],[95.316540192,5.58360640900003,0],[95.316554125,5.58361736000006,0],[95.316559608,5.58362184700007,0],[95.31662048,5.58366486300002,0],[95.316644425,5.58368390100003,0],[95.316655815,5.58369700900005,0],[95.3166726000001,5.58370646700007,0],[95.316718758,5.58374899100005,0],[95.316741714,5.58377018800007,0],[95.3167915480001,5.58380562500002,0],[95.3168719720001,5.58386127100005,0],[95.3169269370001,5.58389713500003,0],[95.316945204,5.58390905400006,0],[95.3169750390001,5.58393015700005,0],[95.3170059720001,5.58391826000008,0],[95.317055941,5.58390160400006,0],[95.317139335,5.58383331100003,0],[95.3171768450001,5.58381128000002,0],[95.3172068740001,5.58379896400004,0],[95.3172834170001,5.58386067700008,0],[95.317312363,5.58384000200004,0],[95.3173188860001,5.58384277600004,0],[95.3173336360001,5.58384935900006,0],[95.3173409410001,5.58385278000003,0],[95.3173527800001,5.58385865500003,0],[95.317366415,5.58386606100004,0],[95.317374117,5.58387054300005,0],[95.317389323,5.58387983500006,0],[95.317404298,5.58388946500003,0],[95.317418972,5.58389946600005,0],[95.3174261360001,5.58390466800006,0],[95.3174331280001,5.58391006700003,0],[95.317439886,5.58391573500006,0],[95.31744624,5.58392160800003,0],[95.3174523690001,5.58392773700007,0],[95.3174583350001,5.58393405400005,0],[95.3174617070001,5.58393782400003,0],[95.3174974990001,5.58396766900006,0],[95.3176376060001,5.58408550100006,0],[95.3179333610001,5.58432708200007,0],[95.318018561,5.58439516400006,0],[95.3180667600001,5.58443368000007,0],[95.318063835,5.58444863900007,0],[95.318057378,5.58445795900008,0],[95.3180555270001,5.58446063000002,0],[95.3177899670001,5.58476481500003,0],[95.3175540070001,5.58501288600007,0],[95.3175862860001,5.58504278600003,0],[95.3176471150001,5.58509484300004,0],[95.3176653130001,5.58511456900004,0],[95.3176679370001,5.58511690600005,0],[95.3176995970001,5.58514261000005,0],[95.3177131090001,5.58515584800006,0],[95.3177302330001,5.58517087700005,0],[95.3177400800001,5.58517873500006,0],[95.3177483320001,5.58518398600006,0],[95.3178011700001,5.58523154000005,0],[95.3178155990001,5.58524353100006,0],[95.317845515,5.58527274300008,0],[95.3178915770001,5.58530799900007,0],[95.3179124000001,5.58532419800002,0],[95.3179329340001,5.58534074700003,0],[95.3179463180001,5.58535214000005,0],[95.317966105,5.58536958000008,0],[95.317979075,5.58538124600005,0],[95.3180772690001,5.58546957400006,0],[95.3180901960001,5.58548147900007,0],[95.3181029030001,5.58549359100004,0],[95.318109113,5.58549978100007,0],[95.3181151810001,5.58550610600003,0],[95.318120972,5.58551247700007,0],[95.3181255690001,5.58551776400003,0],[95.3185165310001,5.58586933700008,0],[95.3186500670001,5.58598540100007,0],[95.318653645,5.58598478900007,0],[95.318701832,5.58594633300004,0],[95.318706019,5.58594870800005,0],[95.3189397770001,5.58614664700002,0],[95.318977154,5.58618189500004,0],[95.3189429280001,5.58621934000007,0],[95.318841191,5.58632879900006,0],[95.3185844590001,5.58660149900004,0],[95.3184066750001,5.58679735700002,0],[95.3179236660001,5.58730122300005,0],[95.3178655280001,5.58735885100003,0],[95.317856605,5.58736606100007,0],[95.3178530180001,5.58736464000003,0],[95.3178426100001,5.58735822400007,0],[95.3178307330001,5.58735098900007,0],[95.3178280060001,5.58735001900004,0],[95.317820844,5.58734674500005,0],[95.3178135160001,5.58734288700003,0],[95.3178060870001,5.58733861100006,0],[95.317798608,5.58733403000002,0],[95.3177841620001,5.58732456900003,0],[95.3177703150001,5.58731497600007,0],[95.3177428530001,5.58729537400006,0],[95.3177156730001,5.58727566800007,0],[95.3173026650001,5.58696863400007,0],[95.3172617650001,5.58693764400005,0],[95.317171741,5.58686783500002,0],[95.3171399820001,5.58684374700005,0],[95.3166881320001,5.58650745600005,0],[95.3166450510001,5.58647551600006,0],[95.316588569,5.58643399600004,0],[95.3162989360001,5.58622158900005,0],[95.3162637230001,5.58619589500006,0],[95.3162424330001,5.58618071500007,0],[95.3162280170001,5.58617084700006,0],[95.3162060550001,5.58615642800004,0],[95.316176537,5.58613754700002,0],[95.3161542560001,5.58612362100007,0],[95.3161392540001,5.58611460300006,0],[95.316124345,5.58610621400004,0],[95.3161095010001,5.58609852200004,0],[95.316094407,5.58609134900007,0],[95.316078465,5.58608455500007,0],[95.31606228,5.58607834300005,0],[95.3160485100001,5.58607356400006,0],[95.3160365800001,5.58606978200004,0],[95.3160332450001,5.58606872500008,0],[95.3160248830001,5.58606623400004,0],[95.315999682,5.58605912300004,0],[95.3159743670001,5.58605244400007,0],[95.3159512390001,5.58604696100002,0],[95.315933607,5.58604329000002,0],[95.3158982150001,5.58603651200002,0],[95.3158970550001,5.58603629600003,0],[95.3158671460001,5.58603073300003,0],[95.3157742060001,5.58601344700003,0],[95.3157387270001,5.58600715000006,0],[95.315713896,5.58600335500006,0],[95.3156979250001,5.58600122100006,0],[95.3156818610001,5.58599927300003,0],[95.3156576220001,5.58599675600004,0],[95.3156495320001,5.58599607100007,0],[95.3156352810001,5.58599514300005,0],[95.3156189050001,5.58599458800006,0],[95.315594311,5.58599441200005,0],[95.3155697120001,5.58599473800007,0],[95.315553326,5.58599528400003,0],[95.3155451420001,5.58599570900003,0],[95.315531128,5.58599674900006,0],[95.3155226390001,5.58599755300003,0],[95.315508472,5.58599913500007,0],[95.3155056850001,5.58599944600007,0],[95.315480317,5.58600282700007,0],[95.3154634740001,5.58600549200003,0],[95.315455086,5.58600701400007,0],[95.315443004,5.58600949900006,0],[95.315418031,5.58601537400006,0],[95.3153848470001,5.58602384500006,0],[95.315368289,5.58602823900003,0],[95.315351783,5.58603281400002,0],[95.3153349670001,5.58603787200008,0],[95.315317926,5.58604362100004,0],[95.31531147,5.58604604000004,0],[95.3153095150001,5.58604677200003,0],[95.3153015450001,5.58605001700005,0],[95.315293673,5.58605348100002,0],[95.3152859080001,5.58605716800002,0],[95.315274931,5.58606291300003,0],[95.3152672150001,5.58606735200004,0],[95.315259638,5.58607202100006,0],[95.3152522,5.58607689500008,0],[95.3152449150001,5.58608197900003,0],[95.315237816,5.58608729500003,0],[95.3152309530001,5.58609289400005,0],[95.3152253430001,5.58609792100003,0],[95.3152199500001,5.58610318600006,0],[95.3152139220001,5.58610959800006,0],[95.3152081150001,5.58611623900003,0],[95.315201056,5.58612490700006,0],[95.3151969370001,5.58612996400007,0],[95.315180775,5.58615113600007,0],[95.3151650930001,5.58617269900003,0],[95.315155889,5.58618597400005,0],[95.315142429,5.58620637100006,0],[95.3151337410001,5.58622023100003,0],[95.3151295150001,5.58622723200006,0],[95.3151206220001,5.58624264000002,0],[95.3151077200001,5.58626601000003,0],[95.315065502,5.58634434700002,0],[95.3150445480001,5.58638357200005,0],[95.3149001300001,5.58665886600005,0],[95.3148755080001,5.58670612900005,0],[95.3148593510001,5.58673797700004,0],[95.3147993960001,5.58685808400003,0],[95.314762575,5.58693049400006,0],[95.3147419570001,5.58697053100002,0],[95.3145380720001,5.58735778600004,0],[95.314513214,5.58740526000003,0],[95.3144884720001,5.58745342600002,0],[95.3143530950001,5.58771843300002,0],[95.3143037230001,5.58781431300002,0],[95.314268999,5.58787019600004,0],[95.314195096,5.58801637600004,0],[95.3141361990001,5.58812417000007,0],[95.3141178320001,5.58815778600007,0],[95.3140562150001,5.58827187000003,0],[95.314005976,5.58836534100004,0],[95.3139486580001,5.58847988600007,0],[95.313939184,5.58849905700004,0],[95.313937781,5.58850623700005,0],[95.313936858,5.58851437200002,0],[95.3139373640001,5.58852154500005,0],[95.3139747370001,5.58855583700006,0],[95.3139804720001,5.58855724900008,0],[95.313987598,5.58855364400006,0],[95.3139919070001,5.58855146400003,0],[95.3140042840001,5.58854232800007,0],[95.3140706770001,5.58842870300003,0],[95.3140958260001,5.58838938100007,0],[95.314120029,5.58835245500006,0],[95.3142114990001,5.58818133300002,0],[95.314309624,5.58800300900003,0],[95.314381547,5.58783866100003,0],[95.3144659640001,5.58766469700004,0],[95.3144883250001,5.58761474300007,0],[95.3145861310001,5.58744610700006,0],[95.3146346,5.58736065200003,0],[95.314646714,5.58733826300005,0],[95.3146929280001,5.58725129000004,0],[95.3147540480001,5.58713513200007,0],[95.314774211,5.58709630800007,0],[95.31478516,5.58707442200006,0],[95.3148066420001,5.58702918200004,0],[95.3148186060001,5.58700487300007,0],[95.3148390440001,5.58696459600003,0],[95.3148761940001,5.58689227500003,0],[95.315105239,5.58645131300005,0],[95.315175841,5.58631486800004,0],[95.315184242,5.58629886200004,0],[95.315192832,5.58628296700005,0],[95.3151997030001,5.58627085300003,0],[95.3152032570001,5.58626487000004,0],[95.3152116970001,5.58625159100006,0],[95.3152166310001,5.58624432800002,0],[95.3152268160001,5.58622999800002,0],[95.3152425930001,5.58620883800006,0],[95.3152534260001,5.58619498500002,0],[95.315258982,5.58618818800005,0],[95.3152646790001,5.58618152400004,0],[95.3152700080001,5.58617562000006,0],[95.3152754860001,5.58616987200003,0],[95.3152811190001,5.58616429700004,0],[95.3152869210001,5.58615892500006,0],[95.3152934390001,5.58615337000003,0],[95.315300188,5.58614812700006,0],[95.3153061140001,5.58614395100005,0],[95.3153122310001,5.58614007200003,0],[95.3153198510001,5.58613583300007,0],[95.3153277010001,5.58613196900006,0],[95.3153357130001,5.58612837200008,0],[95.3153438410001,5.58612496800004,0],[95.3153520500001,5.58612169700007,0],[95.3153686150001,5.58611540900006,0],[95.3153852840001,5.58610932700003,0],[95.315402019,5.58610343100003,0],[95.315418707,5.58609787100005,0],[95.3154270300001,5.58609528100004,0],[95.315435392,5.58609285300003,0],[95.3154438050001,5.58609063800003,0],[95.3154553970001,5.58608803700002,0],[95.3154690110001,5.58608556100006,0],[95.315482714,5.58608355300004,0],[95.3154992230001,5.58608164900005,0],[95.3155157850001,5.58608016000005,0],[95.315532927,5.58607903100005,0],[95.315550638,5.58607826500003,0],[95.315559497,5.58607801400007,0],[95.3155759100001,5.58607781100005,0],[95.3155910140001,5.58607790700006,0],[95.3156136600001,5.58607844000005,0],[95.3156304730001,5.58607915500005,0],[95.3156472640001,5.58608017200004,0],[95.3156639150001,5.58608159200003,0],[95.3156804260001,5.58608339900007,0],[95.31570514,5.58608659300006,0],[95.315721937,5.58608906700005,0],[95.315756175,5.58609463700003,0],[95.3158074780001,5.58610334000002,0],[95.315841649,5.58610931000004,0],[95.3158613520001,5.58611298800002,0],[95.315887677,5.58611829500006,0],[95.315909843,5.58612314100003,0],[95.3159245680001,5.58612660000006,0],[95.3159448810001,5.58613179000002,0],[95.315968373,5.58613840300006,0],[95.3160012180001,5.58614847800004,0],[95.316025734,5.58615639700002,0],[95.316048718,5.58616439300005,0],[95.3160620830001,5.58616957300006,0],[95.3160775330001,5.58617630700007,0],[95.316092714,5.58618364000006,0],[95.3161000520001,5.58618743500006,0],[95.3161145600001,5.58619535000003,0],[95.316128856,5.58620363100005,0],[95.3161428870001,5.58621233000002,0],[95.316149759,5.58621689600005,0],[95.316161466,5.58622527300003,0],[95.3161729080001,5.58623403700005,0],[95.316179801,5.58623951400006,0],[95.316242129,5.58629013200004,0],[95.316284265,5.58632365400007,0],[95.316318859,5.58635030900007,0],[95.3163953260001,5.58640847800007,0],[95.316542698,5.58651963400007,0],[95.3165920600001,5.58655669000007,0],[95.3169160680001,5.58679704000002,0],[95.3169451210001,5.58681804500003,0],[95.31696737,5.58683341800003,0],[95.3169972690001,5.58685358000002,0],[95.317124645,5.58693883700005,0],[95.3171469330001,5.58695414100004,0],[95.3171615790001,5.58696463300004,0],[95.3171758980001,5.58697546900004,0],[95.3171900300001,5.58698655700005,0],[95.317294986,5.58707113700007,0],[95.3173161400001,5.58708784400005,0],[95.3173303990001,5.58709881700003,0],[95.3173663100001,5.58712590800008,0],[95.3176399330001,5.58733089800006,0],[95.3177598060001,5.58742095500003,0],[95.3177879070001,5.58744178100005,0],[95.3178021420001,5.58745192000003,0],[95.3178089640001,5.58745653700004,0],[95.3178150540001,5.58746112000006,0],[95.3178748920001,5.58750201900006,0],[95.3178839760001,5.58750533200003,0],[95.317901652,5.58750813200004,0],[95.3179255190001,5.58750708100007,0],[95.317932263,5.58750679500002,0],[95.3179503410001,5.58750602700007,0],[95.317972286,5.58750211400007,0],[95.3179832590001,5.58750015700002,0],[95.3181016170001,5.58736815100002,0],[95.3182161890001,5.58724477000004,0],[95.3184297990001,5.58700340100006,0],[95.3184753640001,5.58694975900005,0],[95.318521064,5.58689681400006,0],[95.318538297,5.58687705200003,0],[95.318555669,5.58685741300008,0],[95.3185734570001,5.58683782400004,0],[95.3185914190001,5.58681839300004,0],[95.3186490860001,5.58675714600002,0],[95.3186725580001,5.58673181700004,0],[95.3187084740001,5.58669230200007,0],[95.3188697210001,5.58651412700004,0],[95.318893351,5.58648766600004,0],[95.3189222710001,5.58645468100002,0],[95.318962571,5.58640816300004,0],[95.3189893860001,5.58637683200004,0],[95.3190603150001,5.58630290300005,0],[95.3190754770001,5.58628665000003,0],[95.3190796280001,5.58628220000003,0],[95.319122743,5.58631969700002,0],[95.3191832320001,5.58637416600004,0],[95.3192122950001,5.58640277600006,0],[95.3192178830001,5.58640827700003,0],[95.319173054,5.58645681300004,0],[95.319175353,5.58645871700003,0],[95.3191998560001,5.58647751300003,0],[95.3192527410001,5.58652265000006,0],[95.319268788,5.58653839300007,0],[95.3193004510001,5.58655650500003,0],[95.319336891,5.58658025100004,0],[95.319327978,5.58659015200004,0],[95.319424702,5.58667796000003,0],[95.319425213,5.58667835100005,0],[95.3194556440001,5.58670455500004,0],[95.3194899980001,5.58673775800003,0],[95.319533838,5.58677400900007,0],[95.319558322,5.58679681000007,0],[95.3196058820001,5.58684081600006,0],[95.319669047,5.58689212700006,0],[95.3196789520001,5.58690087400004,0],[95.3198588690001,5.58705020700006,0],[95.319867651,5.58705464300004,0],[95.3198743030001,5.58704769300005,0],[95.319907507,5.58701300300004,0],[95.319927776,5.58703212500006,0],[95.3199390340001,5.58704274600007,0],[95.3199503370001,5.58704215100005,0],[95.3199646140001,5.58703501300005,0],[95.3199860290001,5.58701657200004,0],[95.320027075,5.58695946500006,0],[95.3201427490001,5.58681536200004,0],[95.3201639200001,5.58679136100005,0],[95.320205877,5.58674452900004,0],[95.3202702180001,5.58667298000006,0],[95.3203980760001,5.58653079400005,0],[95.3204160050001,5.58651067700004,0],[95.320433064,5.58649112800003,0],[95.3204537030001,5.58646675700004,0],[95.320468088,5.58644944400004,0],[95.3204735510001,5.58644286700007,0],[95.3204987670001,5.58641192800008,0],[95.3205198650001,5.58638558400003,0],[95.320541818,5.58635760300007,0],[95.320557949,5.58633638300006,0],[95.32056837,5.58632201700004,0],[95.3205825630001,5.58630171900006,0],[95.3205874650001,5.58629509100007,0],[95.320592993,5.58628811500006,0],[95.32059874,5.58628130700004,0],[95.3206046720001,5.58627464800003,0],[95.320610769,5.58626812900008,0],[95.3206212320001,5.58625766200004,0],[95.3206385650001,5.58623672800007,0],[95.320682623,5.58619817700003,0],[95.3207168260001,5.58618194500002,0],[95.3207513190001,5.58617411900002,0],[95.3207989590001,5.58617295200003,0],[95.3208385660001,5.58617180000005,0],[95.320908849,5.58617480100003,0],[95.320938164,5.58617316500005,0],[95.3209846570001,5.58617437800007,0],[95.321024074,5.58617382900007,0],[95.321102625,5.58617498900003,0],[95.3211103980001,5.58617408200007,0],[95.3211231720001,5.58617419500007,0],[95.321140223,5.58617347100005,0],[95.321200306,5.58617498900003,0],[95.321282625,5.58617933600004,0],[95.321455669,5.58617730700007,0],[95.321557119,5.58617933600004,0],[95.3216229400001,5.58617758900004,0],[95.3216492160001,5.58617448800004,0],[95.3216744570001,5.58617517700003,0],[95.3217595880001,5.58617563500007,0],[95.3218540120001,5.58617632400006,0],[95.3219371930001,5.58617540600005,0],[95.3219404050001,5.58617689700003,0],[95.322020373,5.58617701200006,0],[95.3220411920001,5.58617871200005,0],[95.3221165410001,5.58617962600005,0],[95.322189295,5.58617991600005,0],[95.3222901650001,5.58618223500002,0],[95.3223971210001,5.58617904700003,0],[95.3225516150001,5.58618049600005,0],[95.322635963,5.58618049600005,0],[95.32274147,5.58617991600005,0],[95.3228559630001,5.58618455400006,0],[95.3229397320001,5.58618890200006,0],[95.322994034,5.58617977300003,0],[95.322999397,5.58617962300002,0],[95.3230260930001,5.58617917600003,0],[95.3230438400001,5.58617936900004,0],[95.3230526630001,5.58617969800002,0],[95.3230614560001,5.58618021100006,0],[95.3230695650001,5.58618088100008,0],[95.3230776070001,5.58618174600002,0],[95.3230855480001,5.58618282300006,0],[95.323087881,5.58618322200005,0],[95.323328775,5.58618058800005,0],[95.323381123,5.58579273600003,0],[95.3233620870001,5.58577608000007,0],[95.32335019,5.58572373200008,0],[95.3233620870001,5.58569279900007,0],[95.3234049180001,5.58567852200002,0],[95.3234310920001,5.58566662400005,0],[95.3234691630001,5.58565948600005,0],[95.323485819,5.58567614200007,0],[95.323485819,5.58572373200008,0],[95.3234953370001,5.58576894100003,0],[95.3235072350001,5.58582128900002,0],[95.3234881990001,5.58587839700004,0],[95.3234429890001,5.58600450800003,0],[95.32344061,5.58605923600004,0],[95.323433471,5.58609968600007,0],[95.3234191940001,5.58617107000003,0],[95.3234382300001,5.58624721300004,0],[95.3234834400001,5.58627338700006,0],[95.3235572030001,5.58624483400007,0],[95.3236238280001,5.58618296800006,0],[95.323697591,5.58611396300006,0],[95.3237856310001,5.58605685600003,0],[95.32387843,5.58600688700005,0],[95.3239664710001,5.58596167800005,0],[95.3240426130001,5.58593550400008,0],[95.3241830010001,5.58595691900007,0],[95.32419014,5.58599974900005,0],[95.3241806220001,5.58605685600003,0],[95.3241568270001,5.58610444500005,0],[95.3241306530001,5.58616155200002,0],[95.324083064,5.58621390100006,0],[95.32392602,5.58631383800002,0],[95.323902225,5.58637332400002,0],[95.3238927070001,5.58641853400007,0],[95.3238522560001,5.58645660600007,0],[95.3238022880001,5.58648991800004,0],[95.3237784930001,5.58654226600004,0],[95.323795149,5.58660651200006,0],[95.3238332210001,5.58665172100007,0],[95.323902225,5.58670644900008,0],[95.3239498140001,5.58675165900007,0],[95.3240045420001,5.58686825200004,0],[95.324006921,5.58692535900008,0],[95.3240259570001,5.58699198400006,0],[95.3240426130001,5.58702767600005,0],[95.3240711670001,5.58705860900005,0],[95.3240949610001,5.58708240400006,0],[95.3241163770001,5.58712047500006,0],[95.324137792,5.58715140800007,0],[95.3241711040001,5.58717282300006,0],[95.324221073,5.58717996200005,0],[95.3242639030001,5.58715378800002,0],[95.324280559,5.58712285500008,0],[95.3243019750001,5.58706574800004,0],[95.324311492,5.58700388200003,0],[95.3244209480001,5.58703481500004,0],[95.3244280860001,5.58708478300002,0],[95.3244590190001,5.58712523400004,0],[95.3245351620001,5.58716568500006,0],[95.324558956,5.58721089500006,0],[95.324589889,5.58723944800005,0],[95.3246327200001,5.58725372500004,0],[95.3246755500001,5.58725848400007,0],[95.3246392070001,5.58747886900005,0],[95.324601192,5.58770939200002,0],[95.324571189,5.58773738000002,0],[95.3245521530001,5.58775165700007,0],[95.3245354970001,5.58776593400006,0],[95.3245212200001,5.58779210800003,0],[95.3245093230001,5.58782066100002,0],[95.3244926660001,5.58785159400003,0],[95.324473631,5.58787300900002,0],[95.3244379390001,5.58790870100006,0],[95.3243927290001,5.58793487500003,0],[95.324321345,5.58796342900007,0],[95.324290412,5.58797294700003,0],[95.324207131,5.58798246500004,0],[95.32416906,5.58798246500004,0],[95.32412623,5.58797770600006,0],[95.3241071940001,5.58798246500004,0],[95.3240881580001,5.58800863900007,0],[95.3240881580001,5.58803243300002,0],[95.3240929170001,5.58807526400005,0],[95.324116712,5.58809667900005,0],[95.324154783,5.58809192000007,0],[95.324185716,5.58810381700005,0],[95.324133368,5.58817758000004,0],[95.324100055,5.58816330400003,0],[95.324064364,5.58817758000004,0],[95.324026292,5.58817044200003,0],[95.323995359,5.58815616500004,0],[95.3239691850001,5.58813950900003,0],[95.3239168370001,5.58812999100007,0],[95.3238644890001,5.58810857600002,0],[95.3238311760001,5.58808002300003,0],[95.3237812080001,5.58805384800007,0],[95.323752654,5.58802767400005,0],[95.323731239,5.58800863900007,0],[95.3236907880001,5.58799674100004,0],[95.3236313020001,5.58797294700003,0],[95.3235765740001,5.58795391100006,0],[95.3235075700001,5.58795391100006,0],[95.3234647390001,5.58796104900006,0],[95.3234195300001,5.58798722400007,0],[95.323390976,5.58797056700007,0],[95.3234076320001,5.58792773700003,0],[95.3234076320001,5.58790632200004,0],[95.323405253,5.58788252700003,0],[95.323398114,5.58786111200004,0],[95.323383838,5.58783731800003,0],[95.323367181,5.58781828200006,0],[95.3233521820001,5.58780114000007,0],[95.3233505250001,5.58779924600003,0],[95.3233468770001,5.58777107300006,0],[95.3233354550001,5.58775203800008,0],[95.3233164200001,5.58773680900003,0],[95.3232973840001,5.58771967700005,0],[95.3232688300001,5.58769873800003,0],[95.3232326630001,5.58768731600003,0],[95.3232079160001,5.58767589500007,0],[95.3231679410001,5.58765685900005,0],[95.323108931,5.58762069100004,0],[95.3230784740001,5.58760355900006,0],[95.3230594380001,5.58758833100006,0],[95.323028981,5.58757119900002,0],[95.3229890060001,5.58755787400003,0],[95.3229585490001,5.58755025900007,0],[95.322928092,5.58754074200004,0],[95.322880502,5.58753122400003,0],[95.322840527,5.58751218800006,0],[95.3228100700001,5.58748553800007,0],[95.322787227,5.58745508100003,0],[95.322762481,5.58741510600004,0],[95.322733928,5.58737513100004,0],[95.3227034700001,5.58734467400006,0],[95.3226673030001,5.58731992800006,0],[95.32264446,5.58731421700003,0],[95.3226120990001,5.58731421700003,0],[95.322558799,5.58732183100005,0],[95.3224769460001,5.58734086700002,0],[95.3223907620001,5.58737974700006,0],[95.322302246,5.58742043600006,0],[95.3222565600001,5.58744113700004,0],[95.3222187270001,5.58744970300006,0],[95.322198739,5.58744970300006,0],[95.3221816070001,5.58744684800007,0],[95.3221666160001,5.58744327900007,0],[95.322150198,5.58743399900004,0],[95.3221266420001,5.58742257700004,0],[95.3221152200001,5.58741615300005,0],[95.322091663,5.58740615900007,0],[95.322084525,5.58740044800004,0],[95.3220745310001,5.58739259600003,0],[95.3220638240001,5.58739116900006,0],[95.3220459780001,5.58739402400005,0],[95.322033843,5.58740544500006,0],[95.3220288460001,5.58741543900004,0],[95.322025276,5.58743114400005,0],[95.3220302730001,5.58744470600004,0],[95.3220388390001,5.58746969100002,0],[95.3220609680001,5.58751823200004,0],[95.3220941160001,5.58757085700006,0],[95.3220985040001,5.58757813800003,0],[95.3221123070001,5.58759993800004,0],[95.3221443030001,5.58764937400002,0],[95.3221669980001,5.58768393700007,0],[95.3221951660001,5.58772583100006,0],[95.3222191990001,5.58776112800007,0],[95.3222440320001,5.58779711000005,0],[95.3222641550001,5.58782563800003,0],[95.322376395,5.58798104000005,0],[95.3223947660001,5.58800603300006,0],[95.3224080740001,5.58802362900008,0],[95.3224236710001,5.58804368900007,0],[95.3224933560001,5.58813218000006,0],[95.3226732840001,5.58836138300006,0],[95.3228238030001,5.58855386400006,0],[95.3228250540001,5.58855546400002,0],[95.3228266950001,5.58855798500002,0],[95.3229346800001,5.58872386000007,0],[95.3230061310001,5.58885168100005,0],[95.3230414770001,5.58891793700008,0],[95.3230532950001,5.58894913400007,0],[95.323054916,5.58896475000006,0],[95.3230549800001,5.58898115400007,0],[95.3230550420001,5.58899677600004,0],[95.3230551030001,5.58901239800002,0],[95.3230513070001,5.58903819000005,0],[95.323056906,5.58907410000006,0],[95.323063264,5.58910453900006,0],[95.323080674,5.58917008400005,0],[95.323098057,5.58922859900002,0],[95.323102684,5.58924907800002,0],[95.3231047780001,5.58925639000006,0],[95.3231093690001,5.58927343200003,0],[95.3231157740001,5.58929916200003,0],[95.323119633,5.58931640900005,0],[95.323121358,5.58932507400004,0],[95.3231228770001,5.58933360700007,0],[95.323125535,5.58935074600004,0],[95.3231290420001,5.58937655800003,0],[95.3231389740001,5.58945423800003,0],[95.3231409520001,5.58947150700004,0],[95.323142465,5.58948873500003,0],[95.3231428970001,5.58949731400003,0],[95.3231429890001,5.58950585000002,0],[95.3231427460001,5.58951254300007,0],[95.323142095,5.58952004200006,0],[95.3231410390001,5.58952744500004,0],[95.3231395540001,5.58953472100006,0],[95.3231386790001,5.58953787600007,0],[95.3231375840001,5.58954182800005,0],[95.3231350400001,5.58954871500003,0],[95.3231305560001,5.58955764300003,0],[95.3231259610001,5.58956497800006,0],[95.3231208780001,5.58957210400007,0],[95.3231154480001,5.58957908000002,0],[95.3231039500001,5.58959275200004,0],[95.3230920120001,5.58960622600006,0],[95.3230496070001,5.58965306000005,0],[95.3230134760001,5.58969326000005,0],[95.3229715520001,5.58974026300007,0],[95.3229477740001,5.58976726300006,0],[95.322913004,5.58980778000006,0],[95.3227804460001,5.58996372600006,0],[95.322763062,5.58998398200004,0],[95.3227513580001,5.58999738500006,0],[95.322739572,5.59001051200005,0],[95.3227277060001,5.59002336700007,0],[95.3226676080001,5.59008700200008,0],[95.3226437440001,5.59011269800004,0],[95.3226337230001,5.59012387500007,0],[95.322623832,5.59013519900003,0],[95.322607723,5.59015438000006,0],[95.3225743850001,5.59019558200004,0],[95.3225532480001,5.59022232100006,0],[95.322522393,5.59025394200006,0],[95.3224997890001,5.59027608400004,0],[95.322427427,5.59037161400005,0],[95.3223398920001,5.59046691200007,0],[95.3222933270001,5.59051956800005,0],[95.3222725050001,5.59054391600006,0],[95.3221920930001,5.59063893300004,0],[95.3221684550001,5.59066727100003,0],[95.3221667220001,5.59066890400004,0],[95.3220333790001,5.59081436400004,0],[95.3219480750001,5.59091135600005,0],[95.3219450380001,5.59091418700007,0],[95.321932174,5.59092648200004,0],[95.3219258570001,5.59093274500003,0],[95.321913528,5.59094556600007,0],[95.321895484,5.59096524400007,0],[95.321871743,5.59099179700007,0],[95.3217356220001,5.59114499200007,0],[95.3215717030001,5.59133083100005,0],[95.3215230180001,5.59137884900002,0],[95.3215101580001,5.59139153200005,0],[95.321441716,5.59146929100007,0],[95.3213861150001,5.59153444200007,0],[95.32138259,5.59153877800003,0],[95.3213298800001,5.59160359500004,0],[95.321301647,5.59163519300006,0],[95.3212732600001,5.59166329000004,0],[95.3212495760001,5.59168673000005,0],[95.321166163,5.59178176800003,0],[95.3211112720001,5.59184548200005,0],[95.3211047610001,5.59185367200007,0],[95.321041903,5.59193273800003,0],[95.3209850760001,5.59198732500005,0],[95.3208959580001,5.59208848400004,0],[95.3208271560001,5.59216588500004,0],[95.3207257220001,5.59229541600007,0],[95.3207068950001,5.59231663700007,0],[95.3206617700001,5.59235774900003,0],[95.3206282680001,5.59239734300007,0],[95.3205538650001,5.59248911900005,0],[95.3204687570001,5.59258504700006,0],[95.3204449990001,5.59261157400005,0],[95.3204268520001,5.59263130200003,0],[95.3204020320001,5.59265739700004,0],[95.3203270970001,5.59273524000002,0],[95.320308605,5.59275492300003,0],[95.320290679,5.59277468700003,0],[95.320261153,5.59280795100005,0],[95.319954941,5.59315468600005,0],[95.3196618600001,5.59348991800005,0],[95.3195424840001,5.59362460400007,0],[95.3195184590001,5.59365143100007,0],[95.3195006330001,5.59367102400006,0],[95.319357208,5.59382702100004,0],[95.3193033590001,5.59388543600005,0],[95.3191116300001,5.59409278500004,0],[95.319075872,5.59413183600003,0],[95.3190407120001,5.59417145000003,0],[95.3188950580001,5.59433727500004,0],[95.3188599220001,5.59437787500002,0],[95.318792591,5.59445652000005,0],[95.3187758720001,5.59447571100003,0],[95.3187649160001,5.59448791500006,0],[95.3187593440001,5.59449392900007,0],[95.3187471620001,5.59450655700005,0],[95.3187222230001,5.59453127000006,0],[95.3185961760001,5.59465356600003,0],[95.318577196,5.59467183200007,0],[95.3185578860001,5.59469005200003,0],[95.318539731,5.59470670600007,0],[95.3185247580001,5.59472044000006,0],[95.318431601,5.59480510800006,0],[95.3183937650001,5.59483963100007,0],[95.318351868,5.59487785900006,0],[95.3183340570001,5.59489392600005,0],[95.318322063,5.59490448600008,0],[95.3183098680001,5.59491479200005,0],[95.318303648,5.59491978600005,0],[95.3182972050001,5.59492472600004,0],[95.318284039,5.59493423400005,0],[95.3182705850001,5.59494332900005,0],[95.3182637570001,5.59494771700003,0],[95.3182568510001,5.59495197700005,0],[95.3182498530001,5.59495608100002,0],[95.318242463,5.59496015400003,0],[95.3182349740001,5.59496404800007,0],[95.3182197550001,5.59497137800003,0],[95.3182123400001,5.59497469500008,0],[95.3181973710001,5.59498103500005,0],[95.3181822800001,5.59498709800005,0],[95.3181671010001,5.59499292600003,0],[95.3181518230001,5.59499844400005,0],[95.318136704,5.59500339300007,0],[95.318129083,5.59500564300004,0],[95.3181214130001,5.59500770100004,0],[95.31811407,5.59500945100007,0],[95.3181066860001,5.59501103200006,0],[95.3180892290001,5.59501429000005,0],[95.3180540930001,5.59501989400007,0],[95.3179660760001,5.59503310700006,0],[95.3178429270001,5.59505185300003,0],[95.317799445,5.59505818300005,0],[95.3177470840001,5.59506490300004,0],[95.3175666270001,5.59508702200003,0],[95.317517701,5.59509301900005,0],[95.3174142570001,5.59510618200005,0],[95.317402858,5.59510763300005,0],[95.3173851610001,5.59510967100005,0],[95.317371016,5.59511100000003,0],[95.317356004,5.59511186400005,0],[95.3173480780001,5.59511197200004,0],[95.317340185,5.59511174100004,0],[95.3173328190001,5.59511115000004,0],[95.3173255070001,5.59511020800005,0],[95.317318259,5.59510892900005,0],[95.317310831,5.59510723900007,0],[95.3173035200001,5.59510515800002,0],[95.3172963590001,5.59510263700002,0],[95.3172905390001,5.59510016700006,0],[95.317284848,5.59509737700006,0],[95.3172775830001,5.59509330200007,0],[95.317270486,5.59508885300005,0],[95.3172635180001,5.59508412900004,0],[95.3172498610001,5.59507411700002,0],[95.3172306390001,5.59505894700004,0],[95.3172051160001,5.59503788900003,0],[95.3171920650001,5.59502682800007,0],[95.3171512270001,5.59499221800007,0],[95.31713634,5.59497903200003,0],[95.3170428870001,5.59488899900003,0],[95.3170228320001,5.59487062500006,0],[95.3169326820001,5.59478803000007,0],[95.3168617680001,5.59472325800004,0],[95.316739597,5.59461468400002,0],[95.3167163700001,5.59459377800005,0],[95.3166607590001,5.59454155900005,0],[95.3166524260001,5.59453146600003,0],[95.3165887440001,5.59447245300004,0],[95.3165795630001,5.59446320500007,0],[95.316545605,5.59442900100004,0],[95.3165423020001,5.59442686100004,0],[95.3165392920001,5.59442615600005,0],[95.316534425,5.59442703600007,0],[95.316528706,5.59442964200002,0],[95.316484028,5.59446798800008,0],[95.316480604,5.59447158900002,0],[95.3164796130001,5.59447474900003,0],[95.3164801990001,5.59447790400003,0],[95.3164823600001,5.59448105200005,0],[95.316504804,5.59450307600002,0],[95.316516005,5.59451406800002,0],[95.316557119,5.59455236200006,0],[95.3165775830001,5.59456970600007,0],[95.3165796580001,5.59457167200003,0],[95.3166181500001,5.59460781500007,0],[95.3166374210001,5.59462560800006,0],[95.3166504490001,5.59463720000002,0],[95.3166570750001,5.59464285100006,0],[95.3166701010001,5.59465341900005,0],[95.31667766,5.59465937700003,0],[95.3167447900001,5.59472085100003,0],[95.316803732,5.59477658200007,0],[95.3168530890001,5.59482278400003,0],[95.3169076900001,5.59486705200004,0],[95.316981013,5.59493755500006,0],[95.317098157,5.59504031300003,0],[95.3171016370001,5.59504386400005,0],[95.3171806610001,5.59512496700006,0],[95.31719902,5.59514362400006,0],[95.3172115780001,5.59515610600005,0],[95.3172244500001,5.59516863100004,0],[95.3172374200001,5.59518104700004,0],[95.317250502,5.59519328500005,0],[95.3172637920001,5.59520512100005,0],[95.3172705760001,5.59521075300006,0],[95.317277505,5.59521608000006,0],[95.3172846370001,5.59522097100006,0],[95.3172920520001,5.59522525600005,0],[95.317297668,5.59522787700007,0],[95.317305118,5.59523056900002,0],[95.317312815,5.59523265600006,0],[95.317320695,5.59523427500005,0],[95.317328709,5.59523552000007,0],[95.3173405730001,5.59523679200004,0],[95.317348038,5.59523730200004,0],[95.31735553,5.59523760900004,0],[95.3173630370001,5.59523771500005,0],[95.3173705470001,5.59523760300004,0],[95.3173779630001,5.59523724800005,0],[95.317385362,5.59523661800006,0],[95.3173916520001,5.59523584300007,0],[95.3173979250001,5.59523487900003,0],[95.3174064130001,5.59523333400006,0],[95.317423325,5.59522969500006,0],[95.3174485930001,5.59522355400003,0],[95.3175241860001,5.59520447700004,0],[95.3175410090001,5.59520046500006,0],[95.317557879,5.59519672600004,0],[95.31757486,5.59519346100006,0],[95.3175919500001,5.59519066600006,0],[95.317634839,5.59518455700004,0],[95.3176949670001,5.59517647200005,0],[95.3177293420001,5.59517200300007,0],[95.3177465480001,5.59516992700003,0],[95.3177718800001,5.59516720300007,0],[95.3178479690001,5.59515986100007,0],[95.3179077930001,5.59515443100003,0],[95.318011815,5.59514559600007,0],[95.3180992220001,5.59513870300003,0],[95.3181028400001,5.59513838600003,0],[95.31811695,5.59513715100007,0],[95.318134575,5.59513516300007,0],[95.318143316,5.59513386600003,0],[95.31815198,5.59513225600006,0],[95.3181558460001,5.59513140000007,0],[95.318162789,5.59512961600007,0],[95.3181696510001,5.59512753800004,0],[95.3181778410001,5.59512464800002,0],[95.3181859330001,5.59512143700005,0],[95.3181939510001,5.59511799000006,0],[95.3182098340001,5.59511062000007,0],[95.3182255680001,5.59510284100003,0],[95.318232288,5.59509934600004,0],[95.318241153,5.59509473600002,0],[95.31825503,5.59508707800006,0],[95.3182685770001,5.59507904800006,0],[95.31827595,5.59507446300006,0],[95.3182905770001,5.59506508900006,0],[95.3183123640001,5.59505078000007,0],[95.3183701730001,5.59501220300007,0],[95.3183913110001,5.59499766600004,0],[95.3184121420001,5.59498304000005,0],[95.3184397350001,5.59496330000007,0],[95.318460122,5.59494810500007,0],[95.318473693,5.59493728400003,0],[95.3184939920001,5.59491998100003,0],[95.318514007,5.59490232200005,0],[95.3186269770001,5.59480166300006,0],[95.3186451720001,5.59478529900002,0],[95.3186534450001,5.59477785800004,0],[95.3186665040001,5.59476577100003,0],[95.3186781150001,5.59475463500007,0],[95.3186952040001,5.59473760000003,0],[95.3187063410001,5.59472600200007,0],[95.31871763,5.59471359100007,0],[95.3187346880001,5.59469366100006,0],[95.318751434,5.59467344800004,0],[95.3188092840001,5.59460295200006,0],[95.3188291590001,5.59457873200006,0],[95.318845954,5.59455855600004,0],[95.3188633080001,5.59453807900007,0],[95.3192830280001,5.59404935600003,0],[95.3193181280001,5.59400874000005,0],[95.319335944,5.59398870400003,0],[95.319360079,5.59396242700006,0],[95.3194695010001,5.59384490600007,0],[95.3195949320001,5.59370976500003,0],[95.319612711,5.59369033500008,0],[95.3196302730001,5.59367054100005,0],[95.319659098,5.59363658500007,0],[95.3198362420001,5.59342466400005,0],[95.3198763440001,5.59337689700004,0],[95.319917112,5.59332908700003,0],[95.320127271,5.59308362800004,0],[95.3201563150001,5.59304941500005,0],[95.320179124,5.59302175100004,0],[95.320218497,5.59297292300005,0],[95.320240487,5.59294524100005,0],[95.320271856,5.59290525200004,0],[95.3202877080001,5.59288539500005,0],[95.3202985360001,5.59287221300002,0],[95.320314968,5.59285259600006,0],[95.3203482000001,5.59281366900007,0],[95.320365516,5.59279395400006,0],[95.3203832180001,5.59277414600007,0],[95.3205491250001,5.59258987000004,0],[95.3205694900001,5.59256702500005,0],[95.3205959100001,5.59254563100006,0],[95.3206519060001,5.59248944600006,0],[95.320709649,5.59242285100004,0],[95.3207645300001,5.59235662400005,0],[95.320848276,5.59225512800003,0],[95.3208974510001,5.59219466500002,0],[95.3209135560001,5.59217520400006,0],[95.3209257190001,5.59216177400003,0],[95.3209550330001,5.59212891400006,0],[95.3210012690001,5.59207565900005,0],[95.3211570390001,5.59189540000006,0],[95.321378489,5.59163869900004,0],[95.3214077690001,5.59160505100004,0],[95.3214196430001,5.59159173900002,0],[95.3214377910001,5.59157204100006,0],[95.321554414,5.59144881700007,0],[95.3215727020001,5.59142924500003,0],[95.321584747,5.59141608400006,0],[95.3216203360001,5.59137616900006,0],[95.3217502140001,5.59122924400003,0],[95.321779646,5.59119577900003,0],[95.3217971600001,5.59117547000005,0],[95.3218203380001,5.59114795900007,0],[95.322154454,5.59074736600007,0],[95.322177616,5.59071984500002,0],[95.3221893560001,5.59070622800004,0],[95.3221953070001,5.59069949200006,0],[95.3222072440001,5.59068639600002,0],[95.322237677,5.59065418600005,0],[95.322299091,5.59059029300005,0],[95.3223406440001,5.59054796100003,0],[95.3223568280001,5.59053036700004,0],[95.322367388,5.59051838500005,0],[95.3223778130001,5.59050626500004,0],[95.32239422,5.59048668000003,0],[95.3224267200001,5.59044720200006,0],[95.322448303,5.59042078900006,0],[95.3224643140001,5.59040082600006,0],[95.322476092,5.59038553100004,0],[95.3225223890001,5.59033418100006,0],[95.3225716890001,5.59027533700004,0],[95.322588346,5.59025021700006,0],[95.32259708,5.59023961500003,0],[95.3226062830001,5.59022903000005,0],[95.3226125630001,5.59022255500003,0],[95.3226191090001,5.59021633900005,0],[95.3226258510001,5.59021031800006,0],[95.322632733,5.59020444400005,0],[95.3226467700001,5.59019300300002,0],[95.322661026,5.59018184600006,0],[95.3226754280001,5.59017097000003,0],[95.322688643,5.59016148200004,0],[95.322695304,5.59015695700003,0],[95.322702011,5.59015265000005,0],[95.322708774,5.59014864000005,0],[95.32271561,5.59014503900005,0],[95.3227225430001,5.59014199500007,0],[95.3227296000001,5.59013969700004,0],[95.3227348730001,5.59013861500006,0],[95.3227419820001,5.59013805500007,0],[95.3227495820001,5.59013853000005,0],[95.3227571840001,5.59013993500002,0],[95.322764738,5.59014212400007,0],[95.322772646,5.59014517100007,0],[95.322780471,5.59014878100004,0],[95.3227882340001,5.59015278500004,0],[95.3227959500001,5.59015706100007,0],[95.3228112890001,5.59016609000003,0],[95.3228797790001,5.59020828100006,0],[95.3229177750001,5.59023145500004,0],[95.3229482460001,5.59024975600005,0],[95.3229712740001,5.59026314200003,0],[95.3229948760001,5.59027614100006,0],[95.3230106280001,5.59028452100006,0],[95.3230424560001,5.59030145200006,0],[95.323129845,5.59034756300002,0],[95.3231457970001,5.59035581900002,0],[95.323161838,5.59036388700002,0],[95.32317829,5.59037177300007,0],[95.3232012380001,5.59038220800005,0],[95.323232035,5.59039568400004,0],[95.3232552490001,5.59040551700002,0],[95.3232713610001,5.59041206200004,0],[95.3232880960001,5.59041861700007,0],[95.3233552730001,5.59044427600003,0],[95.323380393,5.59045407700006,0],[95.3234196270001,5.59047013000003,0],[95.3234664980001,5.59048989700005,0],[95.3234897680001,5.59050014000007,0],[95.3235055060001,5.59050751900003,0],[95.3235294310001,5.59051945100003,0],[95.323561092,5.59053586100003,0],[95.3235768440001,5.59054421700006,0],[95.323592509,5.59055273400003,0],[95.3236235040001,5.59057038300006,0],[95.3239698670001,5.59077314100006,0],[95.3240152990001,5.59080020300007,0],[95.3240903160001,5.59084546200006,0],[95.3242483100001,5.59094231600005,0],[95.3242932970001,5.59097027100006,0],[95.3243160680001,5.59098488300003,0],[95.3243462980001,5.59100457500006,0],[95.3243914830001,5.59103435600002,0],[95.324406432,5.59104444700006,0],[95.3244208260001,5.59105440700006,0],[95.3244565590001,5.59107967800003,0],[95.3246636680001,5.59122730500007,0],[95.3246925660001,5.59124755100004,0],[95.324721894,5.59126744400004,0],[95.3249430260001,5.59141494100004,0],[95.324979994,5.59143934600007,0],[95.3249949030001,5.59144891500006,0],[95.3250175740001,5.59146293400005,0],[95.325086146,5.59150410600006,0],[95.3251089350001,5.59151793300003,0],[95.3251314840001,5.59153213200005,0],[95.325146482,5.59154213300008,0],[95.325176115,5.59156269400006,0],[95.3252719000001,5.59163032900005,0],[95.3252938690001,5.59164610900007,0],[95.3253083420001,5.59165685100004,0],[95.3253154810001,5.59166234800006,0],[95.325328948,5.59167319600004,0],[95.3253488020001,5.59168991600006,0],[95.3254143010001,5.59174651800004,0],[95.3254340540001,5.59176337300005,0],[95.3254473550001,5.59177444800002,0],[95.325468119,5.59179109500008,0],[95.325503133,5.59181833800005,0],[95.3255313510001,5.59183986500005,0],[95.3255603440001,5.59186138700005,0],[95.3256283760001,5.59191133500002,0],[95.325640386,5.59192015300005,0],[95.325661945,5.59193651600003,0],[95.325672839,5.59194518200007,0],[95.3256860820001,5.59195624800003,0],[95.3257055760001,5.59197329300002,0],[95.3257248780001,5.59199087400003,0],[95.325744194,5.59200905000006,0],[95.3258401320001,5.59210062800003,0],[95.325865628,5.59212513600005,0],[95.3258844590001,5.59214362100005,0],[95.3259089920001,5.59216834600005,0],[95.325988253,5.59224917900002,0],[95.3260251120001,5.59228704900005,0],[95.3263436110001,5.59261789800007,0],[95.3265543890001,5.59283661100005,0],[95.326585476,5.59286868600003,0],[95.3266042590001,5.59288767300006,0],[95.3266231280001,5.59290632300002,0],[95.3267497640001,5.59302982600002,0],[95.3267686410001,5.59304846000003,0],[95.3267810560001,5.59306103900008,0],[95.326793174,5.59307388900004,0],[95.3267989620001,5.59308035500004,0],[95.326815846,5.59310019500003,0],[95.326843313,5.59313388700002,0],[95.326908797,5.59321532600006,0],[95.326919902,5.59322876200002,0],[95.3269312990001,5.59324192100007,0],[95.3269417540001,5.59325309100007,0],[95.3269473890001,5.59325873100005,0],[95.326953141,5.59326422200007,0],[95.326959011,5.59326954200003,0],[95.3269650120001,5.59327465700005,0],[95.326971169,5.59327951300003,0],[95.326977517,5.59328403400002,0],[95.3269841100001,5.59328811700004,0],[95.3269884540001,5.59329043400004,0],[95.3269953770001,5.59329358600007,0],[95.3270025180001,5.59329629800004,0],[95.327009827,5.59329864500006,0],[95.327017272,5.59330066900003,0],[95.3270245020001,5.59330233300005,0],[95.327031811,5.59330376000003,0],[95.3270401560001,5.59330512600008,0],[95.3270485580001,5.59330629400006,0],[95.3270654620001,5.59330825200004,0],[95.327107906,5.59331229300005,0],[95.3271503440001,5.59331596700002,0],[95.3271673180001,5.59331721200004,0],[95.3271837490001,5.59331815700006,0],[95.3272001890001,5.59331890000004,0],[95.3272203480001,5.59331959600007,0],[95.3272677880001,5.59332060300005,0],[95.327302682,5.59332086000006,0],[95.3274198350001,5.59332100800003,0],[95.3274913690001,5.59332154400005,0],[95.3275446690001,5.59332236000006,0],[95.327604776,5.59332414300007,0],[95.3282198240001,5.59334683800006,0],[95.3282733300001,5.59334892600003,0],[95.3283162050001,5.59335098000003,0],[95.3283586890001,5.59335341000002,0],[95.328430639,5.59335806200005,0],[95.328471667,5.59336094700006,0],[95.3284962180001,5.59336306600005,0],[95.328512501,5.59336494500008,0],[95.3285205970001,5.59336613800002,0],[95.3285263220001,5.59336713000005,0],[95.3285348260001,5.59336886000006,0],[95.3285517150001,5.59337297600007,0],[95.3285685100001,5.59337760600005,0],[95.3285936290001,5.59338497000005,0],[95.3286354320001,5.59339757200007,0],[95.328660439,5.59340533500006,0],[95.3286769950001,5.59341079600006,0],[95.3286852040001,5.59341369700007,0],[95.3286933430001,5.59341677400005,0],[95.3287064470001,5.59342228300005,0],[95.3287140450001,5.59342575900007,0],[95.3287290710001,5.59343309200005,0],[95.3287439010001,5.59344083500002,0],[95.328751234,5.59344486300006,0],[95.3287652860001,5.59345306100005,0],[95.3287853510001,5.59346572100003,0],[95.3288049450001,5.59347862300007,0],[95.3289120650001,5.59354999300007,0],[95.3291907600001,5.59373456300006,0],[95.3292472990001,5.59377293300003,0],[95.329406072,5.59388068400006,0],[95.3296501720001,5.59403612400007,0],[95.3297084980001,5.59407677800004,0],[95.3297180430001,5.59408708400002,0],[95.329722416,5.59409146500008,0],[95.3297269650001,5.59409570700006,0],[95.3297316650001,5.59409982500006,0],[95.3297425420001,5.59410861900005,0],[95.3297494190001,5.59411380300003,0],[95.3297634900001,5.59412388300007,0],[95.3297850180001,5.59413863100002,0],[95.3298864480001,5.59420658500005,0],[95.3299082920001,5.59422096000003,0],[95.3299229930001,5.59423031800003,0],[95.3299376040001,5.59423921600006,0],[95.3299597380001,5.59425220900005,0],[95.329982021,5.59426495100007,0],[95.330007267,5.59427896300002,0],[95.330008601,5.59427967600004,0],[95.330017819,5.59428578000006,0],[95.3301728700001,5.59437843500007,0],[95.3302876700001,5.59443394300007,0],[95.330381005,5.59449384000004,0],[95.33054902,5.59460509800005,0],[95.3308290620001,5.59479483400003,0],[95.3309631290001,5.59489613300002,0],[95.3309669720001,5.59489903700006,0],[95.3310546740001,5.59498335100005,0],[95.3310577230001,5.59498667200006,0],[95.3311294740001,5.59506484500002,0],[95.3311523830001,5.59508500500004,0],[95.3312209890001,5.59514538000008,0],[95.3312338110001,5.59515990800003,0],[95.331251083,5.59517875900002,0],[95.331268536,5.59519744300007,0],[95.3312862450001,5.59521585600004,0],[95.3312983660001,5.59522778100006,0],[95.3313046010001,5.59523355200002,0],[95.331311322,5.59523943500005,0],[95.331318186,5.59524516000005,0],[95.3313310680001,5.59525539500004,0],[95.3313430270001,5.59526449900005,0],[95.3313551310001,5.59527341400008,0],[95.3313749810001,5.59528736500005,0],[95.3313884410001,5.59529627200004,0],[95.331395269,5.59530054400005,0],[95.3314021880001,5.59530464300002,0],[95.3314092260001,5.59530851900007,0],[95.33141699,5.59531240400003,0],[95.3314248870001,5.59531603500005,0],[95.331432883,5.59531947700003,0],[95.3314490120001,5.59532597000003,0],[95.3314733620001,5.59533521200007,0],[95.331587428,5.59537746400002,0],[95.33161191,5.59538637500003,0],[95.3316282970001,5.59539211800006,0],[95.331645086,5.59539770300006,0],[95.3316619350001,5.59540310900007,0],[95.331712613,5.59541893900007,0],[95.3317549240001,5.59543187300005,0],[95.33178023,5.59543919900005,0],[95.3318052870001,5.59544596900002,0],[95.3318304310001,5.59545240200003,0],[95.3318472510001,5.59545644900004,0],[95.3318906090001,5.59546636400006,0],[95.3319052940001,5.59547004300003,0],[95.331920606,5.59547433900002,0],[95.3319290970001,5.59547697900007,0],[95.3319459720001,5.59548262800007,0],[95.3319794970001,5.59549466600004,0],[95.332004537,5.59550400500007,0],[95.3320211600001,5.59551040600007,0],[95.33203767,5.59551707700007,0],[95.332045753,5.59552052000004,0],[95.3320618210001,5.59552764800003,0],[95.3320937620001,5.59554236300005,0],[95.3321733970001,5.59557965900007,0],[95.332205151,5.59559478300002,0],[95.3322441510001,5.59561404200002,0],[95.3323297140001,5.59565690600004,0],[95.3323607820001,5.59567258000004,0],[95.332383963,5.59568455800007,0],[95.3323994670001,5.59569291300005,0],[95.332422793,5.59570601300004,0],[95.3324537270001,5.59572379200006,0],[95.3324922840001,5.59574621600007,0],[95.3325222540001,5.59576400800006,0],[95.3325889700001,5.59580407400006,0],[95.3326111270001,5.59581755500005,0],[95.3326257480001,5.59582673900007,0],[95.332640085,5.59583629100007,0],[95.3326466340001,5.59584097300007,0],[95.33265305,5.59584581500008,0],[95.3326593100001,5.59585084100007,0],[95.3326653770001,5.59585608400005,0],[95.3326702620001,5.59586064500007,0],[95.332674995,5.59586536900002,0],[95.3326795850001,5.59587024200005,0],[95.332687277,5.59587905200004,0],[95.3326923870001,5.59588529300004,0],[95.33271238,5.59591062300007,0],[95.332717485,5.59591680500006,0],[95.3327227280001,5.59592285200006,0],[95.3327282480001,5.59592879800005,0],[95.332734003,5.59593449500005,0],[95.3327399650001,5.59593997800005,0],[95.3327460950001,5.59594528800005,0],[95.332752364,5.59595044600007,0],[95.3327587520001,5.59595546100007,0],[95.3327652550001,5.59596033200006,0],[95.3327718730001,5.59596504200005,0],[95.332779219,5.59596996200003,0],[95.3327867100001,5.59597465000007,0],[95.3327930820001,5.59597837400003,0],[95.332799552,5.59598192300007,0],[95.3328061170001,5.59598529000004,0],[95.3328117720001,5.59598799800006,0],[95.3328175010001,5.59599055200005,0],[95.33282524,5.59599371700006,0],[95.3328330690001,5.59599668300007,0],[95.332864197,5.59600791800005,0],[95.3328718830001,5.59601084500002,0],[95.332879882,5.59601407300005,0],[95.332887783,5.59601749100005,0],[95.3328955600001,5.59602113900007,0],[95.3329057160001,5.59602649400006,0],[95.3329119510001,5.59603021800007,0],[95.3329180550001,5.59603416800007,0],[95.3329299690001,5.59604257400002,0],[95.332941271,5.59605118800005,0],[95.3329591780001,5.59606564800004,0],[95.3329793610001,5.59608256800004,0],[95.3330395850001,5.59613375000004,0],[95.3330644060001,5.59615534700004,0],[95.3330767310001,5.59616652100004,0],[95.333087661,5.59617683700003,0],[95.333105355,5.59619447100005,0],[95.3331277880001,5.59621764400003,0],[95.3331443070001,5.59623439000006,0],[95.333161149,5.59625075800005,0],[95.33317887,5.59626713900008,0],[95.3332113690001,5.59629586700004,0],[95.3333161,5.59638699600004,0],[95.333331924,5.59640041800003,0],[95.33334188,5.59640886200003,0],[95.3333616080001,5.59642491900007,0],[95.3333889470001,5.59644626800002,0],[95.3334371940001,5.59648312000007,0],[95.333716773,5.59669471900003,0],[95.3337527200001,5.59672170200002,0],[95.3337714730001,5.59673535400003,0],[95.3337913980001,5.59674927200007,0],[95.333812476,5.59676341300008,0],[95.3338389900001,5.59678062200004,0],[95.3338572360001,5.59679267300004,0],[95.3338794470001,5.59680794800005,0],[95.3338968530001,5.59682034500003,0],[95.3339315210001,5.59684577400003,0],[95.334046695,5.59693136800007,0],[95.334080402,5.59695662500008,0],[95.3340995550001,5.59697130500007,0],[95.3341177840001,5.59698556600006,0],[95.3341353600001,5.59699961600006,0],[95.3341547360001,5.59701552000007,0],[95.334167516,5.59702628500003,0],[95.3341799130001,5.59703705500004,0],[95.334191939,5.59704781500005,0],[95.33423543,5.59708762500003,0],[95.3342571750001,5.59710703600007,0],[95.3342761270001,5.59712325200007,0],[95.3342952740001,5.59713923900006,0],[95.3343134690001,5.59715411700006,0],[95.3343312710001,5.59716833400006,0],[95.334350354,5.59718313200005,0],[95.3343760480001,5.59720253500006,0],[95.334395601,5.59721683000004,0],[95.33441537,5.59723088200008,0],[95.334428652,5.59724010400004,0],[95.3344458980001,5.59725170300004,0],[95.3344900910001,5.59728025200008,0],[95.3345037460001,5.59728923500006,0],[95.334517185,5.59729851800006,0],[95.334524451,5.59730383300007,0],[95.334538744,5.59731479700002,0],[95.3345598670001,5.59733168600008,0],[95.3346925970001,5.59744013400007,0],[95.3347203270001,5.59746319300007,0],[95.3347339430001,5.59747499200006,0],[95.334740626,5.59748102800006,0],[95.3347928730001,5.59753094600006,0],[95.3348298060001,5.59756557700007,0],[95.3348545440001,5.59758853900007,0],[95.3348738700001,5.59760610100005,0],[95.3348865030001,5.59761721700005,0],[95.3348986920001,5.59762755600002,0],[95.3349118390001,5.59763824800007,0],[95.334946937,5.59766569700002,0],[95.3352151080001,5.59787257200003,0],[95.3352262510001,5.59788104400008,0],[95.3354081520001,5.59801933300002,0],[95.3355470330001,5.59812349100002,0],[95.3355697690001,5.59814108000006,0],[95.3355899570001,5.59815724300006,0],[95.3356333470001,5.59819274600005,0],[95.33568267,5.59823362900005,0],[95.3359888300001,5.59848932400007,0],[95.336036322,5.59852927900005,0],[95.3364133190001,5.59885355500006,0],[95.336813255,5.59919942200003,0],[95.3371050170001,5.59944861200006,0],[95.3371458660001,5.59948321900004,0],[95.337172702,5.59950541200004,0],[95.3372131560001,5.59953845800004,0],[95.337233493,5.59955483700003,0],[95.337254075,5.59957089200003,0],[95.3372674510001,5.59958082600002,0],[95.33728096,5.59959058200008,0],[95.337335346,5.59962915500006,0],[95.3373562100001,5.59964418000004,0],[95.337419314,5.59969035600005,0],[95.337468297,5.59972640700005,0],[95.3374891270001,5.59974207100004,0],[95.3375036040001,5.59975333900007,0],[95.3375214070001,5.59976774200004,0],[95.337538991,5.59978241300007,0],[95.3375512970001,5.59979294800007,0],[95.337563161,5.59980340100003,0],[95.3375804930001,5.59981936800006,0],[95.3375980150001,5.59983624400007,0],[95.3376502670001,5.59988788100003,0],[95.337668147,5.59990498000008,0],[95.3376862140001,5.59992188300004,0],[95.3377015390001,5.59993589600003,0],[95.3377194980001,5.59995177800005,0],[95.3377307370001,5.59996136500007,0],[95.3377464920001,5.59997424000005,0],[95.3377640590001,5.59998771800002,0],[95.3377925760001,5.60000851800004,0],[95.3380724610001,5.60020893400002,0],[95.3382165350001,5.60031093500004,0],[95.338323454,5.60038537500003,0],[95.3383665160001,5.60041561500003,0],[95.338539284,5.60053781900007,0],[95.338567971,5.60055833600006,0],[95.3385872310001,5.60057240300006,0],[95.3386785690001,5.60064047300006,0],[95.338699579,5.60065641500006,0],[95.338716871,5.60066990200005,0],[95.3387336210001,5.60068349000005,0],[95.3387445180001,5.60069268300003,0],[95.3387554910001,5.60070228400002,0],[95.338761586,5.60070777700003,0],[95.338788783,5.60073228300007,0],[95.3388015520001,5.60074334000007,0],[95.338815261,5.60075474100006,0],[95.3388499820001,5.60078272700002,0],[95.338933743,5.60084938900008,0],[95.3389548380001,5.60086584400005,0],[95.3389690770001,5.60087657500003,0],[95.3389761350001,5.60088171000007,0],[95.3389975640001,5.60089677500002,0],[95.339026393,5.60091650900006,0],[95.3397415220001,5.60140255900006,0],[95.3401846410001,5.60170162100007,0],[95.3403354590001,5.60180303800007,0],[95.3404812320001,5.60190168200006,0],[95.3405088950001,5.60192094400003,0],[95.3405305910001,5.60193672200006,0],[95.3405735440001,5.60196889200006,0],[95.3406306090001,5.60201293300003,0],[95.340651048,5.60202851100007,0],[95.3406636750001,5.60203788000007,0],[95.3406767530001,5.60204731500005,0],[95.3406904160001,5.60205679300003,0],[95.340697075,5.60206124700005,0],[95.340718043,5.60207478400002,0],[95.3407407440001,5.60208901600004,0],[95.340862212,5.60216432200002,0],[95.3408953670001,5.60218473900005,0],[95.34131913,5.60244208900002,0],[95.341442278,5.60251731700004,0],[95.3414654370001,5.60253128100004,0],[95.3414810190001,5.60254025400008,0],[95.3414888980001,5.60254453200002,0],[95.341496868,5.60254858700006,0],[95.3415049650001,5.60255233300006,0],[95.341512187,5.60255529400007,0],[95.341519518,5.60255797400004,0],[95.341526936,5.60256040000007,0],[95.3415344320001,5.60256257900005,0],[95.3415419990001,5.60256450000003,0],[95.341549634,5.60256613800004,0],[95.3415571150001,5.60256744200007,0],[95.3415646450001,5.60256855100005,0],[95.3415942330001,5.60257238100007,0],[95.3416053500001,5.60257399200003,0],[95.3416223680001,5.60257702900003,0],[95.341630819,5.60257881800004,0],[95.3416425090001,5.60258165700003,0],[95.3416510850001,5.60258405100006,0],[95.341659593,5.60258667500005,0],[95.341668031,5.60258951700007,0],[95.341676389,5.60259258600007,0],[95.341684247,5.60259572900003,0],[95.341692429,5.60259925800005,0],[95.341708608,5.60260678300006,0],[95.3417326380001,5.60261866600007,0],[95.341780462,5.60264298500005,0],[95.341820221,5.60266341400006,0],[95.3418592670001,5.60268396900005,0],[95.3420073810001,5.60276254600006,0],[95.342038497,5.60277920400006,0],[95.342056949,5.60278934900003,0],[95.3420690350001,5.60279623400004,0],[95.3420824760001,5.60280413200007,0],[95.3421066120001,5.60281875400005,0],[95.342242248,5.60290294100002,0],[95.3422722980001,5.60292179100003,0],[95.342312769,5.60294743900005,0],[95.342335688,5.60296140100007,0],[95.3423741540001,5.60298424200005,0],[95.3425514460001,5.60308862800002,0],[95.3429361340001,5.60331114300004,0],[95.3429669590001,5.60332885700006,0],[95.342990172,5.60334197600002,0],[95.3430481170001,5.60337345600004,0],[95.3430739610001,5.60338805500004,0],[95.3430863240001,5.60339535600002,0],[95.34309913,5.60340318900006,0],[95.3431118170001,5.60341121100004,0],[95.3431250190001,5.60341989000005,0],[95.3431315430001,5.60342434000006,0],[95.3431437130001,5.60343303200005,0],[95.3431538770001,5.60344075700004,0],[95.34316418,5.60344915500002,0],[95.3431702400001,5.60345444600006,0],[95.3431761460001,5.60345990300004,0],[95.3431817590001,5.60346541100006,0],[95.3431871990001,5.60347108800005,0],[95.3431920520001,5.60347646700006,0],[95.3431967600001,5.60348197700006,0],[95.34320224,5.60348876100005,0],[95.3432075140001,5.60349571300003,0],[95.3432122300001,5.60350233600008,0],[95.3432167760001,5.60350908700002,0],[95.3432211670001,5.60351594900004,0],[95.3432296820001,5.60353018000006,0],[95.343245708,5.60355825600004,0],[95.3432533550001,5.60357073100005,0],[95.3432582040001,5.60357783900002,0],[95.343263322,5.60358473400004,0],[95.343268702,5.60359140100007,0],[95.343274362,5.60359780600004,0],[95.3432803420001,5.60360389100003,0],[95.343284726,5.60360791000005,0],[95.343289272,5.60361175600002,0],[95.3432939610001,5.60361544300002,0],[95.3433000580001,5.60361989300003,0],[95.3433063130001,5.60362415900005,0],[95.343312687,5.60362828500007,0],[95.3433200540001,5.60363285700004,0],[95.343335004,5.60364173400006,0],[95.3433577050001,5.60365468700007,0],[95.3433972190001,5.60367659000002,0],[95.3437648890001,5.60387760600003,0],[95.343802559,5.60389795000003,0],[95.3438306140001,5.60391283800004,0],[95.3438663370001,5.60393145400008,0],[95.3438884620001,5.60394269000005,0],[95.343906754,5.60395158300003,0],[95.343932351,5.60396327700005,0],[95.3439532790001,5.60397225300005,0],[95.3439758650001,5.60398133300004,0],[95.343991035,5.60398709200007,0],[95.3440135610001,5.60399506300007,0],[95.344028672,5.60400009400007,0],[95.3440604560001,5.60401005200004,0],[95.344076494,5.60401529300003,0],[95.3440844310001,5.60401813000004,0],[95.344092737,5.60402135800007,0],[95.344109153,5.60402833700005,0],[95.3441254140001,5.60403573500002,0],[95.3441496730001,5.60404718500007,0],[95.3443191210001,5.60412837300004,0],[95.344351219,5.60414417200008,0],[95.3443591750001,5.60414825500004,0],[95.3443750160001,5.60415668900004,0],[95.3443907490001,5.60416533300003,0],[95.3444220820001,5.60418287900006,0],[95.3447741370001,5.60438110400003,0],[95.3448209470001,5.60440776200005,0],[95.344866638,5.60443479300005,0],[95.3450640230001,5.60455298400007,0],[95.3451015780001,5.60457567500004,0],[95.3452134120001,5.60464370400007,0],[95.345250929,5.60466613200003,0],[95.3452890130001,5.60468823100007,0],[95.3453577560001,5.60472767400006,0],[95.3455344750001,5.60482755100003,0],[95.345580693,5.60485339000007,0],[95.345611703,5.60487005100003,0],[95.3457442150001,5.60493925000003,0],[95.3458609090001,5.60500050600007,0],[95.3460627520001,5.60510726900003,0],[95.346083724,5.60511867700006,0],[95.3461029440001,5.60512956200006,0],[95.346115453,5.60513697500005,0],[95.3461314960001,5.60514700900006,0],[95.3461461850001,5.60515673000003,0],[95.3461535150001,5.60516179100006,0],[95.34616665,5.60517116400007,0],[95.3461865780001,5.60518591000005,0],[95.3462845490001,5.60526025900003,0],[95.3463054100001,5.60527636500007,0],[95.3463191390001,5.60528732200004,0],[95.3463325160001,5.60529859000007,0],[95.3463455500001,5.60531016400006,0],[95.346371269,5.60533377100006,0],[95.346382927,5.60534465900002,0],[95.346403158,5.60536355500005,0],[95.346415639,5.60537560900002,0],[95.346421713,5.60538171800005,0],[95.3464276070001,5.60538791700003,0],[95.3464332400001,5.60539424600006,0],[95.3464385070001,5.60540076000007,0],[95.3464432710001,5.60540752700007,0],[95.3464473480001,5.60541464100004,0],[95.346450211,5.60542116700003,0],[95.3464525460001,5.60542796300007,0],[95.3464544890001,5.60543496400004,0],[95.3464561490001,5.60544212000002,0],[95.3464576200001,5.60544938600003,0],[95.3464669250001,5.60550186400008,0],[95.3464734350001,5.60553497400002,0],[95.3464786640001,5.60555972500003,0],[95.3464823480001,5.60557616100004,0],[95.3464863280001,5.60559249700003,0],[95.3464891390001,5.60560288400006,0],[95.3464916900001,5.60561148100004,0],[95.346494464,5.60561998800006,0],[95.346497513,5.60562837800006,0],[95.346500915,5.60563661300006,0],[95.3465044470001,5.60564408700003,0],[95.3465082810001,5.60565142600007,0],[95.3465123400001,5.60565866100006,0],[95.3465165710001,5.60566581900002,0],[95.3465253960001,5.60567995500003,0],[95.3465308030001,5.60568816300002,0],[95.3465345800001,5.60569389700004,0],[95.346539297,5.60570078900002,0],[95.3465490150001,5.60571433100006,0],[95.3465591250001,5.60572754100002,0],[95.3465697620001,5.60574067700003,0],[95.346586136,5.60576004700005,0],[95.3466012700001,5.60577737700004,0],[95.3466169870001,5.60579491900006,0],[95.346658043,5.60584024700006,0],[95.3467109750001,5.60589899800004,0],[95.3467229950001,5.60591197500003,0],[95.346735364,5.60592463300003,0],[95.346740723,5.60592976700002,0],[95.3467461960001,5.60593475700006,0],[95.346751796,5.60593957200007,0],[95.3467575640001,5.60594419600005,0],[95.3467634770001,5.60594855800002,0],[95.3467695420001,5.60595260300005,0],[95.346775257,5.60595597300005,0],[95.3467811070001,5.60595895100005,0],[95.3467870910001,5.60596146400007,0],[95.346792527,5.60596323700003,0],[95.3467980400001,5.60596454100005,0],[95.3468050280001,5.60596548400002,0],[95.346812001,5.60596568300002,0],[95.346818849,5.60596516300006,0],[95.346825482,5.60596393300006,0],[95.346831777,5.60596195700003,0],[95.3468375900001,5.60595915100004,0],[95.3468434980001,5.60595474800004,0],[95.346848316,5.60594922400003,0],[95.3468513560001,5.60594420800004,0],[95.3468537830001,5.60593874300002,0],[95.3468556330001,5.60593294400007,0],[95.3468569140001,5.60592690200002,0],[95.346857572,5.60592118600005,0],[95.346857721,5.60591539200004,0],[95.3468575700001,5.60591309500006,0],[95.3468786810001,5.60591994100002,0],[95.3495928140001,5.60680016100002,0],[95.3497033690001,5.60683601500006,0],[95.3497164650001,5.60684026200005,0],[95.349717334,5.60684651900004,0],[95.3497186450001,5.60685322000006,0],[95.3497203320001,5.60685974700004,0],[95.3497213650001,5.60686277900004,0],[95.3497228900001,5.60686725500005,0],[95.3497260440001,5.60687433200007,0],[95.349729831,5.60688083500003,0],[95.349734336,5.60688656900004,0],[95.3497370810001,5.60688923500004,0],[95.3497427930001,5.60689340300007,0],[95.3497490540001,5.60689657400007,0],[95.3497556400001,5.60689876200007,0],[95.3497623530001,5.60689989400004,0],[95.349767941,5.60689992700003,0],[95.3497733560001,5.60689901700005,0],[95.3497778700001,5.60689735800003,0],[95.349782071,5.60689492300003,0],[95.349786232,5.60689142800004,0],[95.34978992,5.60688719100006,0],[95.349793391,5.60688190400003,0],[95.3497964060001,5.60687605700002,0],[95.3497990580001,5.60686978900003,0],[95.3498017950001,5.60686209200003,0],[95.3498042450001,5.60685410200006,0],[95.3498064870001,5.60684591500006,0],[95.349808582,5.60683760300003,0],[95.3498124810001,5.60682078100007,0],[95.3498179160001,5.60679541500002,0],[95.3498213230001,5.60677852200007,0],[95.3498279250001,5.60674309600006,0],[95.349854877,5.60659367000005,0],[95.349868283,5.60651848200007,0],[95.3498784500001,5.60646655900007,0],[95.3499079910001,5.60631957600003,0],[95.3499412530001,5.60616153800004,0],[95.349948903,5.60612636700006,0],[95.3499525440001,5.60611098100003,0],[95.349956159,5.60609705100006,0],[95.3499564890001,5.60609590800004,0],[95.34996248,5.60607517400007,0],[95.3499673380001,5.60605990400006,0],[95.3499725340001,5.60604478400006,0],[95.3499752910001,5.60603731500004,0],[95.349978191,5.60602993700007,0],[95.3499812380001,5.60602277000004,0],[95.3499845030001,5.60601576500005,0],[95.349988276,5.60600853600005,0],[95.3499924060001,5.60600162000003,0],[95.349996978,5.60599511700002,0],[95.3500021080001,5.60598915700007,0],[95.3500086540001,5.60598327700006,0],[95.350014925,5.60597875000008,0],[95.3500215970001,5.60597463300007,0],[95.350028567,5.60597083200003,0],[95.3500357610001,5.60596728100006,0],[95.3500431240001,5.60596393600002,0],[95.3500513880001,5.60596045400007,0],[95.350068213,5.60595399200002,0],[95.350085273,5.60594815800005,0],[95.350093868,5.60594555000006,0],[95.3501025090001,5.60594324000004,0],[95.350111209,5.60594134100006,0],[95.3501176520001,5.60594028000003,0],[95.3501241260001,5.60593952200003,0],[95.350133525,5.60593899900005,0],[95.3501407050001,5.60593907300006,0],[95.3501478900001,5.60593949600008,0],[95.350155074,5.60594021200006,0],[95.350163889,5.60594142900004,0],[95.350172693,5.60594292100006,0],[95.3501902740001,5.60594641900008,0],[95.3502691780001,5.60596413300004,0],[95.350312644,5.60597347400005,0],[95.3503996220001,5.60599159900005,0],[95.350425763,5.60599674500003,0],[95.3504421540001,5.60599969200007,0],[95.3504577320001,5.60600221300007,0],[95.350473573,5.60600454600007,0],[95.3505151100001,5.60601001900005,0],[95.3505467320001,5.60601359000003,0],[95.3505878220001,5.60601748100004,0],[95.3506111470001,5.60602021600005,0],[95.3506348750001,5.60602364900006,0],[95.350650912,5.60602637900007,0],[95.3506673740001,5.60602944300007,0],[95.3506927210001,5.60603444900005,0],[95.3508024340001,5.60605683800003,0],[95.3509696710001,5.60609156100003,0],[95.3510225700001,5.60610271600007,0],[95.3510833540001,5.60611614500004,0],[95.3512829480001,5.60616084900005,0],[95.351384028,5.60618432100006,0],[95.3514714880001,5.60620495100005,0],[95.3514935330001,5.60620992200006,0],[95.351561443,5.60622430100005,0],[95.3517286360001,5.60625884600006,0],[95.351746345,5.60626234700004,0],[95.3517615550001,5.60626512900006,0],[95.351776799,5.60626758100005,0],[95.3517910570001,5.60626937600006,0],[95.3518043240001,5.60627040700007,0],[95.3518115900001,5.60627063800007,0],[95.351818859,5.60627064200003,0],[95.3518261240001,5.60627043800002,0],[95.3518338000001,5.60627000400007,0],[95.3518414590001,5.60626934800007,0],[95.3518490930001,5.60626845800005,0],[95.351857947,5.60626710200006,0],[95.3518667440001,5.60626539500004,0],[95.3518753990001,5.60626336000007,0],[95.3518840030001,5.60626105600005,0],[95.351901103,5.60625592500003,0],[95.351926576,5.60624750200003,0],[95.351951833,5.60623846100003,0],[95.3519684410001,5.60623188300002,0],[95.3519846070001,5.60622468500003,0],[95.3520005840001,5.60621704200003,0],[95.352024385,5.60620520400005,0],[95.3520936880001,5.60617019800003,0],[95.3521193030001,5.60615725800005,0],[95.352238028,5.60609755000007,0],[95.352277126,5.60607757300005,0],[95.3522995970001,5.60606572400008,0],[95.352321912,5.60605361100005,0],[95.352336634,5.60604528700003,0],[95.3523439200001,5.60604100300003,0],[95.3523687050001,5.60602587100004,0],[95.3523749560001,5.60602218700006,0],[95.3523904360001,5.60601367100003,0],[95.3524061680001,5.60600558600004,0],[95.3524459490001,5.60598614000003,0],[95.3527334360001,5.60584790500008,0],[95.352765473,5.60583276200003,0],[95.3527896940001,5.60582190600007,0],[95.3528059590001,5.60581501600007,0],[95.352830463,5.60580492600008,0],[95.3528515280001,5.60579638700005,0],[95.353010592,5.60573190500003,0],[95.353035086,5.60572178600006,0],[95.3530513420001,5.60571487200002,0],[95.3530758590001,5.60570397200007,0],[95.3531002650001,5.60569281300008,0],[95.353238284,5.60562884100005,0],[95.3532546230001,5.60562159600005,0],[95.3532711130001,5.60561479500006,0],[95.3532794560001,5.60561168900006,0],[95.3532877370001,5.60560891600005,0],[95.3532955650001,5.60560659500004,0],[95.3533038880001,5.60560441300004,0],[95.353320706,5.60560062200005,0],[95.3533461650001,5.60559574500007,0],[95.3533717590001,5.60559144500007,0],[95.353387819,5.60558911700002,0],[95.353402857,5.60558728600006,0],[95.3534103860001,5.60558651600007,0],[95.3534254640001,5.60558536400004,0],[95.3534337620001,5.60558501900005,0],[95.3534420650001,5.60558487200007,0],[95.3534503670001,5.60558491100005,0],[95.3534637370001,5.60558537200006,0],[95.3534779560001,5.60558649100005,0],[95.3534854860001,5.60558734900007,0],[95.353500495,5.60558951600007,0],[95.353515417,5.60559225600002,0],[95.353530564,5.60559567900003,0],[95.3535531310001,5.60560157900005,0],[95.3535763730001,5.60560823900005,0],[95.353627541,5.60562344100003,0],[95.3536578960001,5.60563222800005,0],[95.3536891680001,5.60564091900005,0],[95.3537121670001,5.60564687100003,0],[95.3537268160001,5.60565038400006,0],[95.3537488790001,5.60565535400002,0],[95.3537636550001,5.60565847400005,0],[95.3537784680001,5.60566140700007,0],[95.353804235,5.60566599300006,0],[95.35384729,5.60567304200003,0],[95.353890381,5.60567987900004,0],[95.3539162610001,5.60568377400006,0],[95.3539335460001,5.60568611800005,0],[95.3539511920001,5.60568816500006,0],[95.3539954,5.60569251600003,0],[95.3541723720001,5.60570880200004,0],[95.3541900800001,5.60571026500003,0],[95.3542077990001,5.60571151100004,0],[95.354225517,5.60571243400005,0],[95.354252117,5.60571344900006,0],[95.3542803570001,5.60571429400005,0],[95.3545625990001,5.60572273600008,0],[95.3546851610001,5.60572619900006,0],[95.354698597,5.60572652700006,0],[95.3547201440001,5.60572705400006,0],[95.3547463830001,5.60572743600005,0],[95.3548188770001,5.60572729600005,0],[95.3548546310001,5.60572745300004,0],[95.354881445,5.60572773100006,0],[95.3549167900001,5.60572842500005,0],[95.3549521310001,5.60572931900003,0],[95.3549786310001,5.60573014300007,0],[95.354996289,5.60573086400007,0],[95.3550213130001,5.60573225700006,0],[95.3550463240001,5.60573390500002,0],[95.355071325,5.60573570900004,0],[95.3550963070001,5.60573773000004,0],[95.355123195,5.60574028300005,0],[95.3551948450001,5.60574766400003,0],[95.355263246,5.60575437100005,0],[95.3553316630001,5.60576088900007,0],[95.3553658980001,5.60576380700007,0],[95.355392737,5.60576561500005,0],[95.3554285480001,5.60576768600004,0],[95.3557240640001,5.60578383800004,0],[95.3557508910001,5.60578561000005,0],[95.355768728,5.60578718400006,0],[95.355777619,5.60578819100004,0],[95.355794732,5.60579066700006,0],[95.3558203040001,5.60579517000002,0],[95.3559308680001,5.60581672300003,0],[95.355973852,5.60582467500006,0],[95.3562707720001,5.60587554400007,0],[95.3563231940001,5.60588436600005,0],[95.3563579810001,5.60588971200002,0],[95.35640992,5.60589692400004,0],[95.356461897,5.60590387700006,0],[95.356517222,5.60591082200006,0],[95.3565525720001,5.60591547500007,0],[95.35657903,5.60591933000006,0],[95.3566050220001,5.60592367300006,0],[95.3566396140001,5.60592988600007,0],[95.3567346780001,5.60594736000007,0],[95.3567605860001,5.60595221800003,0],[95.356786459,5.60595726300005,0],[95.3568467140001,5.60596961800007,0],[95.3568778800001,5.60597642200003,0],[95.356924238,5.60598701900005,0],[95.3569457140001,5.60599148900008,0],[95.3569631060001,5.60599485000006,0],[95.3570903740001,5.60601791200003,0],[95.3571227100001,5.60602358600005,0],[95.357145775,5.60602723400007,0],[95.3571629050001,5.60602943500004,0],[95.357171491,5.60603028300005,0],[95.3571864030001,5.60603123200002,0],[95.3572014170001,5.60603157000003,0],[95.3572089240001,5.60603150200006,0],[95.357216426,5.60603125200004,0],[95.357223381,5.60603084000007,0],[95.3572372660001,5.60602956700006,0],[95.357252842,5.60602753500007,0],[95.3572685240001,5.60602491700007,0],[95.3572825960001,5.60602215500006,0],[95.357308478,5.60601639900005,0],[95.3573600730001,5.60600403100005,0],[95.3573772220001,5.60599976700007,0],[95.3573942960001,5.60599532100002,0],[95.357411218,5.60599049800004,0],[95.3574195780001,5.60598784700005,0],[95.357427838,5.60598495600004,0],[95.357435734,5.60598186800007,0],[95.3574435100001,5.60597853000007,0],[95.3574486780001,5.60597613300007,0],[95.357451166,5.60597497800006,0],[95.3574763560001,5.60596210400007,0],[95.3574823530001,5.60595940300004,0],[95.3574870460001,5.60595758200003,0],[95.3574907400001,5.60595632700006,0],[95.3574984640001,5.60595413700003,0],[95.3575063430001,5.60595237100006,0],[95.357514339,5.60595093400002,0],[95.357522422,5.60594975900005,0],[95.3575305720001,5.60594879900003,0],[95.3575387690001,5.60594803100003,0],[95.35754653,5.60594746600003,0],[95.3575621140001,5.60594672600007,0],[95.3575777410001,5.60594645700007,0],[95.3575855590001,5.60594652100002,0],[95.3575939720001,5.60594675800007,0],[95.3576107910001,5.60594764700005,0],[95.3576275920001,5.60594894500002,0],[95.3576435300001,5.60595048400006,0],[95.3576674050001,5.60595310600007,0],[95.357700944,5.60595708900007,0],[95.3577350320001,5.60596130500005,0],[95.357760565,5.60596466000004,0],[95.3577862340001,5.60596846900006,0],[95.3578119520001,5.60597264000006,0],[95.357923299,5.60599135500007,0],[95.3579575310001,5.60599725800006,0],[95.357983141,5.60600202100005,0],[95.358009006,5.60600743100002,0],[95.3580434070001,5.60601510900005,0],[95.3580949500001,5.60602694400006,0],[95.3581206700001,5.60603306800004,0],[95.3581462650001,5.60603961000004,0],[95.3581631740001,5.60604445200005,0],[95.3581878910001,5.60605230200002,0],[95.358196154,5.60605476000006,0],[95.358202868,5.60605655700004,0],[95.3582096280001,5.60605813400002,0],[95.3582177630001,5.60605968600004,0],[95.358225953,5.60606090800007,0],[95.3582341860001,5.60606183400006,0],[95.358240831,5.60606237300004,0],[95.3582474890001,5.60606272700005,0],[95.3582541540001,5.60606288700006,0],[95.358262354,5.60606280700006,0],[95.3582705470001,5.60606244300004,0],[95.358278721,5.60606181600002,0],[95.3582853940001,5.60606110100002,0],[95.3582920370001,5.60606019300008,0],[95.3582986440001,5.60605906900003,0],[95.3583063250001,5.60605745000004,0],[95.3583139410001,5.60605553000005,0],[95.3583210850001,5.60605347600006,0],[95.3583353070001,5.60604910200004,0],[95.35834499,5.60604631200005,0],[95.358351445,5.60604468700006,0],[95.3583596220001,5.60604291900006,0],[95.3583678620001,5.60604140400005,0],[95.358384474,5.60603891100004,0],[95.3584011950001,5.60603690900007,0],[95.358417978,5.60603527300003,0],[95.3584263850001,5.60603459500004,0],[95.3584432250001,5.60603360700003,0],[95.3584609480001,5.60603323100003,0],[95.3584786920001,5.60603338700002,0],[95.3584964330001,5.60603398700005,0],[95.358531913,5.60603600300004,0],[95.3585673730001,5.60603836400003,0],[95.3585937450001,5.60604045000002,0],[95.3586109550001,5.60604234800007,0],[95.358619332,5.60604361500003,0],[95.3586274740001,5.60604521500005,0],[95.3586352890001,5.60604728000004,0],[95.3586426580001,5.60604998300005,0],[95.358649427,5.60605354800003,0],[95.358653158,5.60605620300004,0],[95.3586566590001,5.60605918300007,0],[95.358661613,5.60606407900002,0],[95.3586712920001,5.60607436300006,0],[95.3586768430001,5.60607950200006,0],[95.3586831550001,5.60608413900007,0],[95.3586900320001,5.60608822500006,0],[95.3586973320001,5.60609189300004,0],[95.358704946,5.60609524900002,0],[95.3587127920001,5.60609837300007,0],[95.3587208040001,5.60610132600004,0],[95.3587371520001,5.60610688400004,0],[95.358753747,5.60611213700003,0],[95.358770474,5.60611714600003,0],[95.3587873020001,5.60612184000007,0],[95.3587957620001,5.60612401000003,0],[95.358813264,5.60612802400004,0],[95.358839662,5.60613338800005,0],[95.359051214,5.60617352400004,0],[95.3593041730001,5.60622201800004,0],[95.3593564480001,5.60623215500004,0],[95.359382526,5.60623750500002,0],[95.3594079210001,5.60624315800004,0],[95.359433267,5.60624904600007,0],[95.3595092460001,5.60626698800007,0],[95.359585226,5.60628492900003,0],[95.359598287,5.60628798200003,0],[95.3598659070001,5.60635053700003,0],[95.3599886810001,5.60637941300007,0],[95.3600150090001,5.60638547000002,0],[95.3600325940001,5.60638927600007,0],[95.3600502420001,5.60639265400005,0],[95.3600591050001,5.60639406700005,0],[95.3600677810001,5.60639520600006,0],[95.360085209,5.60639695600003,0],[95.3601026970001,5.60639829000007,0],[95.3601377480001,5.60640045200006,0],[95.360286805,5.60640892500004,0],[95.3603218850001,5.60641062500002,0],[95.3603675730001,5.60641223700003,0],[95.3603843650001,5.60641324700003,0],[95.3603930180001,5.60641395600004,0],[95.3604144060001,5.60641621100007,0],[95.3604295660001,5.60641828700005,0],[95.3604558900001,5.60642261500004,0],[95.3604909200001,5.60642893300007,0],[95.3605677740001,5.60644339600003,0],[95.3605930400001,5.60644835400007,0],[95.3606085660001,5.60645157700003,0],[95.360629857,5.60645635400004,0],[95.3606464490001,5.60646048200005,0],[95.360659115,5.60646398300003,0],[95.3606719940001,5.60646782900005,0],[95.3606850830001,5.60647201300003,0],[95.3606994740001,5.60647698000002,0],[95.360716123,5.60648321500003,0],[95.360732667,5.60648974600002,0],[95.3607573660001,5.60649985600003,0],[95.3607737580001,5.60650677900003,0],[95.3607888560001,5.60651337000007,0],[95.360816529,5.60652573600004,0],[95.360834234,5.60653339500004,0],[95.3608582620001,5.60654319700006,0],[95.360872611,5.60654868000006,0],[95.3608880030001,5.60655416700007,0],[95.3608957470001,5.60655676400006,0],[95.360910855,5.60656146200006,0],[95.3609256130001,5.60656553500007,0],[95.3609426580001,5.60656959200003,0],[95.360959839,5.60657303900007,0],[95.3609711600001,5.60657494200007,0],[95.36099733,5.60657862200003,0],[95.3611264350001,5.60659424100004,0],[95.3612336250001,5.60660720900006,0],[95.3614002050001,5.60662698400006,0],[95.3614264570001,5.60663041200007,0],[95.3614439030001,5.60663303700005,0],[95.3614527760001,5.60663455500003,0],[95.361470479,5.60663787400006,0],[95.361505794,5.60664505700004,0],[95.3619909350001,5.60674654600007,0],[95.3620162920001,5.60675195000005,0],[95.3620394380001,5.60675707800004,0],[95.36207568,5.60676572700004,0],[95.362106463,5.60677359200002,0],[95.362136535,5.60678167600003,0],[95.362158734,5.60678803300004,0],[95.3621807580001,5.60679492800006,0],[95.3621975520001,5.60680083300002,0],[95.362212228,5.60680634900007,0],[95.362265774,5.60682739200007,0],[95.3622912070001,5.60683702500006,0],[95.3623281740001,5.60685038100007,0],[95.362376838,5.60686740400007,0],[95.362425596,5.60688414700007,0],[95.3624528270001,5.60689297800008,0],[95.362480513,5.60690121400006,0],[95.36250655,5.60690824800002,0],[95.362549491,5.60691885800003,0],[95.3626613280001,5.60694571600004,0],[95.3626976460001,5.60695427600007,0],[95.3627412870001,5.60696421000006,0],[95.3631021910001,5.60704487000004,0],[95.3634196350001,5.60711364400004,0],[95.3634900340001,5.60712913700007,0],[95.36361242,5.60715651100003,0],[95.363801026,5.60719934700006,0],[95.3638438440001,5.60720927300002,0],[95.3638698930001,5.60721565900008,0],[95.363904833,5.60722457400004,0],[95.364358704,5.60734196600004,0],[95.364410369,5.60735591700006,0],[95.3645898970001,5.60740570300004,0],[95.3646154690001,5.60741305300007,0],[95.364632435,5.60741821700003,0],[95.3646407520001,5.60742088900002,0],[95.3646655860001,5.60742927500007,0],[95.3647233730001,5.60744937400005,0],[95.364748739,5.60745791800002,0],[95.3648334900001,5.60748581600006,0],[95.3648876780001,5.60750332700007,0],[95.364930115,5.60751661800003,0],[95.365100021,5.60756929600007,0],[95.3652718660001,5.60762229000005,0],[95.3653051680001,5.60763286300005,0],[95.3653352870001,5.60764287200004,0],[95.3653826120001,5.60765934900007,0],[95.3654643570001,5.60768855900005,0],[95.365868134,5.60783665600007,0],[95.3659006490001,5.60784876500003,0],[95.365951124,5.60786790100002,0],[95.3661538810001,5.60794519800004,0],[95.3662698350001,5.60798940300003,0],[95.3663367250001,5.60801506000007,0],[95.366387085,5.60803483300003,0],[95.366722543,5.60816736500004,0],[95.366762184,5.60818326900005,0],[95.3667825670001,5.60819170900004,0],[95.3667950380001,5.60819703100003,0],[95.366814569,5.60820560600007,0],[95.366841648,5.60821777600006,0],[95.3669831170001,5.60828243400005,0],[95.367022638,5.60830078800007,0],[95.3671050570001,5.60834030400002,0],[95.3671438820001,5.60835841000005,0],[95.367253426,5.60840871200003,0],[95.3676801330001,5.60860394800005,0],[95.367711527,5.60861807600003,0],[95.367752614,5.60863617700005,0],[95.3678518350001,5.60867947700007,0],[95.3679476720001,5.60872084700003,0],[95.3679634850001,5.60872783600007,0],[95.3679782300001,5.60873454900008,0],[95.3680010530001,5.60874524900004,0],[95.368032607,5.60876048000006,0],[95.3681593950001,5.60882275000006,0],[95.3681973400001,5.60884193300006,0],[95.3682506950001,5.60886944400005,0],[95.3687082170001,5.60910822800003,0],[95.368798654,5.60915542800007,0],[95.3688462060001,5.60918060200004,0],[95.3690280960001,5.60927831800007,0],[95.3690677580001,5.60929931700002,0],[95.3690837550001,5.60930745000007,0],[95.369106705,5.60931851000004,0],[95.3691683790001,5.60934704600004,0],[95.3691914380001,5.60935788500007,0],[95.3692067000001,5.60936533400007,0],[95.369222564,5.60937346200006,0],[95.3692618740001,5.60939449000006,0],[95.369536129,5.60954352100003,0],[95.3695910630001,5.60957317100002,0],[95.3696307110001,5.60959408600007,0],[95.3698451770001,5.60970634100005,0],[95.36994458,5.60975935900007,0],[95.369982581,5.60977991700003,0],[95.3700054270001,5.60979274300007,0],[95.3700438720001,5.60981537000004,0],[95.3700667990001,5.60982918200006,0],[95.370081998,5.60983851900005,0],[95.3700970580001,5.60984806200003,0],[95.3701118590001,5.60985798700005,0],[95.3701248520001,5.60986736000007,0],[95.3701499460001,5.60988593000008,0],[95.3701568810001,5.60989089000003,0],[95.3701689220001,5.60989913900005,0],[95.370179137,5.60990569500007,0],[95.3701852780001,5.60990941800003,0],[95.370191493,5.60991300600006,0],[95.370199185,5.60991718100007,0],[95.3702069880001,5.60992112900004,0],[95.3702149050001,5.60992483000007,0],[95.370221401,5.60992761900008,0],[95.370232075,5.60993170000006,0],[95.3702397210001,5.60993429500007,0],[95.3702474410001,5.60993668600003,0],[95.370255226,5.60993888200005,0],[95.3702694020001,5.60994235200008,0],[95.3702833340001,5.60994520200006,0],[95.370314207,5.60995105400002,0],[95.370322505,5.60995283300002,0],[95.3703379230001,5.60995662800002,0],[95.370352095,5.60996080600006,0],[95.370359078,5.60996316700005,0],[95.3703653860001,5.60996552200004,0],[95.3703722220001,5.60996835700007,0],[95.3703789470001,5.60997143700007,0],[95.370384475,5.60997418700003,0],[95.37038992,5.60997709600002,0],[95.370399579,5.60998280200005,0],[95.3704098440001,5.60998969100007,0],[95.370415753,5.60999402100003,0],[95.3704277360001,5.61000352100007,0],[95.3704572130001,5.61002868100007,0],[95.3704705980001,5.61003985400004,0],[95.3705044290001,5.61006733700003,0],[95.370524931,5.61008354300003,0],[95.3705387570001,5.61009411800006,0],[95.370552833,5.61010433300004,0],[95.370560217,5.61010937500004,0],[95.37057522,5.61011912100003,0],[95.3705980340001,5.61013329100007,0],[95.3707359000001,5.61021688600005,0],[95.3707706610001,5.61023749200007,0],[95.3707864940001,5.61024651500003,0],[95.370805998,5.61025735500004,0],[95.37084414,5.61027806600003,0],[95.370951129,5.61033570800004,0],[95.371013164,5.61036863200007,0],[95.3712244260001,5.61047957100004,0],[95.3712919500001,5.61051482300007,0],[95.37135885,5.61054937800003,0],[95.3713887230001,5.61056457100005,0],[95.3714112150001,5.61057578300006,0],[95.3714345560001,5.61058692200004,0],[95.3714583970001,5.61059785700007,0],[95.371482347,5.61060854200002,0],[95.371506464,5.61061880500006,0],[95.3715145730001,5.61062205000007,0],[95.3715307520001,5.61062811600004,0],[95.3715878990001,5.61064802400006,0],[95.3716041540001,5.61065390200002,0],[95.3716205650001,5.61066028400006,0],[95.3716371240001,5.61066719600007,0],[95.3716782340001,5.61068521800007,0],[95.3717355750001,5.61071095900007,0],[95.3717599540001,5.61072238400004,0],[95.3717759100001,5.61073038300003,0],[95.3717915970001,5.61073870400003,0],[95.371814961,5.61075152400002,0],[95.3720244410001,5.61086847100006,0],[95.3722482200001,5.61099402000002,0],[95.3722866850001,5.61101584000005,0],[95.3723094690001,5.61102939400007,0],[95.3723235190001,5.61103839600003,0],[95.372343674,5.61105215900005,0],[95.3723865680001,5.61108202000003,0],[95.3724067620001,5.61109557000003,0],[95.3724242850001,5.61110659500002,0],[95.3724395940001,5.61111547000007,0],[95.3724550000001,5.61112370600006,0],[95.3724784180001,5.61113551000005,0],[95.3725727760001,5.61118148800006,0],[95.372612147,5.61120052800004,0],[95.372648456,5.61121756400007,0],[95.3726899170001,5.61123635200005,0],[95.3727186560001,5.61124890200006,0],[95.3727555930001,5.61126434100004,0],[95.37279291,5.61127912500007,0],[95.3728256030001,5.61129149600004,0],[95.372852342,5.61130110400006,0],[95.372866823,5.61130601000002,0],[95.3728830420001,5.61131122200004,0],[95.372892763,5.61131417800004,0],[95.3729068680001,5.61131821000004,0],[95.3729281540001,5.61132377100006,0],[95.3729435480001,5.61132734200004,0],[95.3729652390001,5.61133174900004,0],[95.3729814440001,5.61133463800007,0],[95.3730038530001,5.61133809700004,0],[95.373026585,5.61134112900004,0],[95.3730716310001,5.61134658300006,0],[95.3730918950001,5.61134955000006,0],[95.373107234,5.61135224400005,0],[95.3731224790001,5.61135539200006,0],[95.373130421,5.61135726700007,0],[95.3731462200001,5.61136139100006,0],[95.3731619390001,5.61136586100002,0],[95.3731776450001,5.61137058400004,0],[95.3731997620001,5.61137751100006,0],[95.373224184,5.61138543100003,0],[95.3734797420001,5.61147000900007,0],[95.3735033710001,5.61147803400007,0],[95.373523166,5.61148512800003,0],[95.373546543,5.61149427300006,0],[95.373568387,5.61150352100003,0],[95.3735920680001,5.61151436900008,0],[95.3736154850001,5.61152577900003,0],[95.3736305500001,5.61153357100005,0],[95.373645116,5.61154145100005,0],[95.3736668160001,5.61155355200003,0],[95.3737044740001,5.61157493600007,0],[95.3737198360001,5.61158331900003,0],[95.3737430480001,5.61159558500003,0],[95.3737819090001,5.61161571000002,0],[95.3738208880001,5.61163561600006,0],[95.3738444940001,5.61164736000006,0],[95.3739553520001,5.61170152600005,0],[95.373979175,5.61171300200004,0],[95.3739951640001,5.61172032700006,0],[95.3740032220001,5.61172378300006,0],[95.3740113470001,5.61172701900006,0],[95.374021273,5.61173050700006,0],[95.3740285410001,5.61173265500003,0],[95.3740358860001,5.61173451100007,0],[95.374043294,5.61173610300006,0],[95.37405075,5.61173743800003,0],[95.3740582500001,5.61173850600005,0],[95.3740657860001,5.61173927700003,0],[95.374073115,5.61173971600005,0],[95.3740804670001,5.61173988800005,0],[95.3740878340001,5.61173983700007,0],[95.3740954150001,5.61173957800003,0],[95.374102996,5.61173913000005,0],[95.374110574,5.61173849700003,0],[95.374116702,5.61173784900006,0],[95.374128941,5.61173627700003,0],[95.3741464810001,5.61173361800007,0],[95.3741639980001,5.61173072700007,0],[95.374260215,5.61171432400005,0],[95.374365143,5.61169672300002,0],[95.3743914020001,5.61169257400007,0],[95.374408939,5.61169010100002,0],[95.3744177250001,5.61168903000004,0],[95.3744265270001,5.61168812400007,0],[95.374434948,5.61168744600008,0],[95.374451832,5.61168650900004,0],[95.3745110460001,5.61168470500007,0],[95.3745278750001,5.61168387000004,0],[95.374536236,5.61168323100003,0],[95.3745445440001,5.61168236200007,0],[95.3745527760001,5.61168117500006,0],[95.3745609050001,5.61167955600007,0],[95.374569733,5.61167715700003,0],[95.3745763080001,5.61167496600007,0],[95.37458281,5.61167251100005,0],[95.374589245,5.61166982800006,0],[95.3745970670001,5.61166627000006,0],[95.3746048190001,5.61166249400003,0],[95.374612519,5.61165856500003,0],[95.3746278310001,5.61165042800008,0],[95.3746963460001,5.61161270200006,0],[95.374711484,5.61160421200003,0],[95.3747264720001,5.61159552400005,0],[95.3747338620001,5.61159104100005,0],[95.374745691,5.61158337300003,0],[95.374753485,5.61157780500002,0],[95.374760483,5.61157232100004,0],[95.3747672950001,5.61156659000005,0],[95.374773974,5.61156067900004,0],[95.3747870720001,5.61154851100002,0],[95.37479998,5.61153609000007,0],[95.3749216910001,5.61141689000004,0],[95.374946944,5.61139171500002,0],[95.3749653240001,5.61137290800002,0],[95.3749957850001,5.61134137600004,0],[95.375013912,5.61132231100004,0],[95.37502528,5.61130999400007,0],[95.3750359100001,5.61129806200006,0],[95.3750462550001,5.61128591700003,0],[95.3750512720001,5.61127973200007,0],[95.3750561400001,5.61127344400006,0],[95.3750608140001,5.61126701900002,0],[95.3750652430001,5.61126044700006,0],[95.3750694610001,5.61125373200002,0],[95.375073495,5.61124689700006,0],[95.37507736,5.61123995900005,0],[95.3750814080001,5.61123224600004,0],[95.3750852800001,5.61122443700003,0],[95.3750889880001,5.61121654200002,0],[95.3750925240001,5.61120856400004,0],[95.3750955890001,5.61120122500006,0],[95.375101354,5.61118638600004,0],[95.3751067250001,5.61117138900005,0],[95.3751192990001,5.61113311800005,0],[95.3751250290001,5.61111645600005,0],[95.375130971,5.61109994500003,0],[95.3751371110001,5.61108358300004,0],[95.375143452,5.61106738600006,0],[95.3751500120001,5.61105136600003,0],[95.375156544,5.61103619400006,0],[95.3751630150001,5.61102186000005,0],[95.3751694270001,5.61100817000005,0],[95.3751822150001,5.61098213300005,0],[95.375189886,5.61096730500003,0],[95.3751977790001,5.61095259500007,0],[95.3752099260001,5.61093096400003,0],[95.375218245,5.61091673100003,0],[95.3752310140001,5.61089564900004,0],[95.375244094,5.61087489700003,0],[95.3752529960001,5.61086123200005,0],[95.375262042,5.61084771500003,0],[95.3752754690001,5.61082827600006,0],[95.3752891440001,5.61080912700004,0],[95.3752992410001,5.61079532400004,0],[95.3765496720001,5.61128931600007,0],[95.376650989,5.61104116700005,0],[95.376663916,5.61069673700007,0],[95.3764433090001,5.61018315700005,0],[95.3758337080001,5.60987592100003,0],[95.375384759,5.60959705700003,0],[95.374739966,5.60952793100006,0],[95.3736210860001,5.60910200100005,0],[95.3726320360001,5.60890512700007,0],[95.372001449,5.60880724100002,0],[95.370983116,5.60845264300002,0],[95.3692309300001,5.60725441600005,0],[95.367806396,5.60586318800006,0],[95.3669327280001,5.60374569700002,0],[95.366839584,5.60351994600006,0],[95.3660147450001,5.60260493400006,0],[95.365933893,5.60149559100006,0],[95.3648631170001,5.60115553600002,0],[95.363824089,5.60107069100007,0],[95.3618266570001,5.60112952600002,0],[95.36061519,5.59951331400003,0],[95.3582189270001,5.59864107600004,0],[95.3570056600001,5.59819944700007,0],[95.3543379500001,5.59673950700005,0],[95.354053288,5.59658372200005,0],[95.35288855,5.59598575400003,0],[95.3523225370001,5.59563653100003,0],[95.352303519,5.59551594400006,0],[95.3516677090001,5.59530325500003,0],[95.3515200840001,5.59528318900004,0],[95.3503242560001,5.59466925100003,0],[95.351868143,5.59087198800006,0],[95.3534153240001,5.58697757900006,0],[95.3541874800001,5.58513470100007,0],[95.354187514,5.58513460900002,0],[95.354759259,5.58360139100006,0],[95.3560654,5.58371969200005,0],[95.3567766480001,5.58388522900003,0],[95.3574924270001,5.58407810900007,0],[95.3575062680001,5.58408183900002,0],[95.3580119390001,5.58420340700008,0],[95.3581397610001,5.58423606500003,0],[95.3585968790001,5.58435285800005,0],[95.358605814,5.58435514100006,0],[95.35860969,5.58435492700005,0],[95.3588669960001,5.58434074100006,0],[95.3590891850001,5.58431231200007,0],[95.3593893170001,5.58420477300007,0],[95.3594733850001,5.58421868000005,0],[95.3595235000001,5.58422697000003,0],[95.3596998340001,5.58425614000004,0],[95.3600146970001,5.58420351700005,0],[95.3602328060001,5.58423146600006,0],[95.3605726230001,5.58432830700002,0],[95.3614112230001,5.58482801400004,0],[95.3619432620001,5.58507836400003,0],[95.3621582490001,5.58520870800004,0],[95.3623107940001,5.58534096800003,0],[95.3625750640001,5.58532381300006,0],[95.362806027,5.58531191000003,0],[95.3630663280001,5.58535227700003,0],[95.3632311580001,5.58538390000007,0],[95.363381566,5.58539046900006,0],[95.3634921340001,5.58539248600005,0],[95.3635427010001,5.58539340800007,0],[95.3637433790001,5.58543564800004,0],[95.3637555940001,5.58545274700003,0],[95.363822595,5.58554653500005,0],[95.363860844,5.58570564100006,0],[95.3639580910001,5.58584874100006,0],[95.3645045360001,5.58595632900006,0],[95.364595304,5.58597232100004,0],[95.3646060710001,5.58594146400003,0],[95.364663588,5.58577662900007,0],[95.364845453,5.58525543300004,0],[95.3649159110001,5.58496816500002,0],[95.3649513560001,5.58487834000005,0],[95.3649929360001,5.58488834600007,0],[95.3650795840001,5.58490919800005,0],[95.3651126340001,5.58491715100007,0],[95.3657796460001,5.58540991400002,0],[95.3658129090001,5.58543448800003,0],[95.365858271,5.58547003900003,0],[95.3660679270001,5.58563434900003,0],[95.3662280120001,5.58581807400003,0],[95.3665594010001,5.58631178500002,0],[95.3678414270001,5.58860351000004,0],[95.3678766560001,5.58866648500003,0],[95.3681684790001,5.58918814100002,0],[95.3683331660001,5.58913512200007,0],[95.3687132200001,5.58914943800005,0],[95.3687529950001,5.58913465500007,0],[95.368760648,5.58913181100007,0],[95.368762282,5.58912529100007,0],[95.368909392,5.58853816200002,0],[95.3690183090001,5.58802115300006,0],[95.3691661930001,5.58739995500002,0],[95.3692682370001,5.58695472000005,0],[95.3694221470001,5.58635250900005,0],[95.369423339,5.58634784300006,0],[95.3694225670001,5.58634455100002,0],[95.369379624,5.58616148000004,0],[95.3694110690001,5.58596764000004,0],[95.369481582,5.58569472100004,0],[95.3695023440001,5.58551527300006,0],[95.3694946640001,5.58538616200002,0],[95.3695439680001,5.58518148800005,0],[95.369628832,5.58491568600004,0],[95.369642592,5.58483436500006,0],[95.3696472280001,5.58480697000005,0],[95.369544944,5.58477223900007,0],[95.3695415820001,5.58477109700004,0],[95.3695427690001,5.58476759900003,0],[95.3695133200001,5.58468297900004,0],[95.369544895,5.58452142300007,0],[95.3695944020001,5.58436697000008,0],[95.3696829610001,5.58412985200005,0],[95.369764532,5.58393581000007,0],[95.3698315060001,5.58373452000006,0],[95.3699190720001,5.58318903100007,0],[95.370004195,5.58298779900002,0],[95.3701637230001,5.58286914300004,0],[95.3704429410001,5.58191951300006,0],[95.3704859280001,5.58192472100006,0],[95.3705932680001,5.58167247700004,0],[95.3706477700001,5.58165860900004,0],[95.3707071970001,5.58152294900003,0],[95.3708391480001,5.58138091500007,0],[95.3704948380001,5.58123522500006,0],[95.370618898,5.58092263100002,0],[95.3706792460001,5.58079324500005,0],[95.370728752,5.58063879200006,0],[95.3708351980001,5.58039801500007,0],[95.371055556,5.58048619100003,0],[95.3711182380001,5.58044350800003,0],[95.3712141730001,5.58026016900004,0],[95.3713586150001,5.57988891600007,0],[95.3712949100001,5.57985866600006,0],[95.371351389,5.57965755000004,0],[95.3714504150001,5.57935223200008,0],[95.3715140260001,5.57914391300005,0],[95.3715711250001,5.57909704800005,0],[95.3716284260001,5.57910040400003,0],[95.3716928320001,5.57913181200007,0],[95.371699918,5.57913526800007,0],[95.3717018870001,5.57913295800006,0],[95.3718204030001,5.57899390800003,0],[95.3718628300001,5.57901131200003,0],[95.3725305030001,5.57928519900003,0],[95.3725936870001,5.57923151400007,0],[95.3726522090001,5.57907679700003,0],[95.3727102340001,5.57892339600005,0],[95.3727404940001,5.57882726000003,0],[95.372434039,5.57873887300002,0],[95.3724092620001,5.57873123100006,0],[95.3723772530001,5.57872135800005,0],[95.3723361040001,5.57878904300003,0],[95.3720636190001,5.57869687300007,0],[95.3721129950001,5.57851013500004,0],[95.3720423650001,5.57848617600007,0],[95.3716218040001,5.57834351400004,0],[95.3712667680001,5.57820145500006,0],[95.3711054060001,5.57814112200003,0],[95.3712436430001,5.57779259800003,0],[95.3712959430001,5.57763872800007,0],[95.37078618,5.57746601900004,0],[95.370716379,5.57742220600005,0],[95.3706851420001,5.57737091500007,0],[95.3707015190001,5.57728834100004,0],[95.3708334250001,5.57698837800007,0],[95.3708495420001,5.57693929900006,0],[95.3706903880001,5.57689402400007,0],[95.3706708320001,5.57691602300002,0],[95.370434253,5.57684881800003,0],[95.3704227540001,5.57687296500006,0],[95.3702675920001,5.57681824300005,0],[95.370191613,5.57679989500002,0],[95.370141372,5.57677139900005,0],[95.3700940480001,5.57675580600005,0],[95.3700759390001,5.57676493500003,0],[95.369993036,5.57672587600007,0],[95.3699610800001,5.57671082100006,0],[95.3701172350001,5.57636581200006,0],[95.370336814,5.57576585100003,0],[95.3705744520001,5.57520527700007,0],[95.371014372,5.57419547700005,0],[95.371087254,5.57403776200005,0],[95.3710930490001,5.57402522200005,0],[95.3711954010001,5.57380373400002,0],[95.3712958690001,5.57380589100006,0],[95.3712965890001,5.57380421400006,0],[95.371353969,5.57377475500004,0],[95.371392169,5.57373030900004,0],[95.3714420060001,5.57373565100005,0],[95.371451027,5.57371764700002,0],[95.3716506850001,5.57331917600004,0],[95.3718814310001,5.57288598200006,0],[95.371875049,5.57287999000005,0],[95.3717006960001,5.57271628200004,0],[95.371860343,5.57234973600004,0],[95.3719983220001,5.57209345100006,0],[95.3721432460001,5.57182426500003,0],[95.3721456630001,5.57166911700006,0],[95.37214765,5.57154161600005,0],[95.372150784,5.57151962500006,0],[95.3721556560001,5.57148544100005,0],[95.372169629,5.57138740900007,0],[95.3721716860001,5.57137297500003,0],[95.372175477,5.57134637900003,0],[95.3727060910001,5.57115028000004,0],[95.3729959730001,5.57105003500004,0],[95.3731925320001,5.57098206300003,0],[95.3732795480001,5.57095194900006,0],[95.3736400370001,5.57082719200002,0],[95.3736623940001,5.57081945500005,0],[95.373809457,5.57079488000005,0],[95.3739002570001,5.57077970700004,0],[95.374011764,5.57077508300006,0],[95.3743008470001,5.57076309500007,0],[95.3744924430001,5.57075514900004,0],[95.374776044,5.57071366400004,0],[95.3748472680001,5.57070324500006,0],[95.374937898,5.57068998800003,0],[95.375618521,5.57063182200005,0],[95.3760999340001,5.57059108700003,0],[95.3762470450001,5.57056396500008,0],[95.3762819410001,5.57052864000002,0],[95.3767633750001,5.57004127900007,0],[95.3774229220001,5.56933909900005,0],[95.377625976,5.56908358400005,0],[95.377427169,5.56861445400006,0],[95.3771056940001,5.56791264700007,0],[95.376907407,5.56757265700003,0],[95.376411998,5.56724462700004,0],[95.3762069540001,5.56700510700006,0],[95.3760515600001,5.56664700600004,0],[95.3757957010001,5.56623550200004,0],[95.3755040680001,5.56583131600007,0],[95.37532452,5.56569931000007,0],[95.374986188,5.56559944800006,0],[95.3749768120001,5.56559668100005,0],[95.3748629610001,5.56559714000002,0],[95.3746535990001,5.56559798300003,0],[95.374228529,5.56559969600005,0],[95.3734766640001,5.56560272500008,0],[95.3730540440001,5.56556855400004,0],[95.372730952,5.56535461800007,0],[95.3724076600001,5.56509046100007,0],[95.3721868200001,5.56494712000006,0],[95.371951767,5.56479455200002,0],[95.3717968120001,5.56471965200006,0],[95.3715248770001,5.56458820700004,0],[95.371273134,5.56430941200006,0],[95.3710677620001,5.56398738300004,0],[95.3708913930001,5.56375491900008,0],[95.3706689260001,5.56363384600007,0],[95.3702862230001,5.56349838400007,0],[95.3702781120001,5.56349551300002,0],[95.3696868160001,5.56336157300007,0],[95.369328426,5.56327333100006,0],[95.369166007,5.56322281600006,0],[95.3691348460001,5.56321312500006,0],[95.369141271,5.56320546000006,0],[95.3691710450001,5.56316993800004,0],[95.369197419,5.56313847300004,0],[95.3692325540001,5.56308367100007,0],[95.3690614930001,5.56295585300006,0],[95.3688495800001,5.56278810200007,0],[95.3683900090001,5.56246709200008,0],[95.368133142,5.56226288700003,0],[95.3680945670001,5.56223222100004,0],[95.3680458690001,5.56219350700007,0],[95.3675641290001,5.56275826100006,0],[95.3670393030001,5.56337352500003,0],[95.366604511,5.56384730300005,0],[95.3659817170001,5.56452593900002,0],[95.365981692,5.56452596700007,0],[95.36471335,5.56590803600005,0],[95.3641599520001,5.56655260800005,0],[95.3636976000001,5.56709113400007,0],[95.362155133,5.56894483000002,0],[95.360841737,5.57052748200005,0],[95.3606471410001,5.57077547500006,0],[95.3595551210001,5.57216714300006,0],[95.3595195190001,5.57221031100005,0],[95.359506567,5.57222601600006,0],[95.3594451340001,5.57230050600003,0],[95.35848307,5.57167299400004,0],[95.3580236640001,5.57139502400003,0],[95.3578192530001,5.57131333400002,0],[95.3576508030001,5.57127096100004,0],[95.357625726,5.57126747400002,0],[95.357639207,5.57119020900006,0],[95.3576466200001,5.57114772400007,0],[95.3576492460001,5.57112960300003,0],[95.357768687,5.57030550100006,0],[95.3578286420001,5.56992601700006,0],[95.3578350400001,5.56988551900002,0],[95.3579296070001,5.56935780400005,0],[95.3579352,5.56933899800003,0],[95.3580214660001,5.56904892700004,0],[95.358064648,5.56886393400003,0],[95.3581094730001,5.56867190700007,0],[95.35811791,5.56809431500005,0],[95.3580506310001,5.56738429500007,0],[95.3579298340001,5.56672112500007,0],[95.3578064000001,5.56629472800006,0],[95.3576079790001,5.56591885400007,0],[95.357275971,5.56526370300003,0],[95.356812377,5.56483149100006,0],[95.3564376400001,5.56465034400003,0],[95.3563854870001,5.56462513300005,0],[95.355965929,5.56446179400007,0],[95.3556793870001,5.56443424000003,0],[95.3556042720001,5.56444167300003,0],[95.3553393820001,5.56446788500006,0],[95.3552516760001,5.56446306800007,0],[95.3550373350001,5.56445129400004,0],[95.3550349810001,5.56445116500004,0],[95.3549403680001,5.56442604800003,0],[95.354899898,5.56441530400002,0],[95.3548664200001,5.56440641700004,0],[95.3547554140001,5.56437694800007,0],[95.3544076780001,5.56426713000008,0],[95.354185139,5.56412811300004,0],[95.3541005760001,5.56404723200006,0],[95.3540953510001,5.56404223400006,0],[95.3539946530001,5.56394592000004,0],[95.35392955,5.56378116300004,0],[95.3538610100001,5.56365229300008,0],[95.3537201710001,5.56347900200007,0],[95.3537098930001,5.56346635500006,0],[95.3534907650001,5.56328427600005,0],[95.3533504750001,5.56311981900006,0],[95.3533218140001,5.56296262800004,0],[95.353295572,5.56281870200007,0],[95.3532333100001,5.56261778200007,0],[95.353186764,5.56246757800005,0],[95.3530307980001,5.56196238700005,0],[95.353001528,5.56180466100005,0],[95.3529417770001,5.56151300600004,0],[95.3529137790001,5.56137634200007,0],[95.3529694470001,5.56114133200003,0],[95.352879467,5.56088261200006,0],[95.3529666890001,5.56067235400008,0],[95.3530476750001,5.56047712900005,0],[95.3531996510001,5.56005552100004,0],[95.35336892,5.55991720900005,0],[95.353641113,5.55967482300002,0],[95.3537331750001,5.55941616800004,0],[95.3537835500001,5.55930426900005,0],[95.3538510910001,5.55915424000005,0],[95.3536721870001,5.55890397200005,0],[95.3535012140001,5.55861319100006,0],[95.3533996190001,5.55841766200007,0],[95.353362679,5.55834656800005,0],[95.3533590540001,5.55813036400002,0],[95.3533904430001,5.55805088600005,0],[95.353468111,5.55785423100002,0],[95.353657985,5.55775823200003,0],[95.3536680000001,5.55775819200005,0],[95.3539329810001,5.55766188900003,0],[95.3541030310001,5.55761609800004,0],[95.3543790350001,5.55777540400004,0],[95.3546297970001,5.55787967200007,0],[95.3550352400001,5.55785299000007,0],[95.3553904410001,5.55778139500006,0],[95.3557359270001,5.55778502700002,0],[95.355983236,5.55789372900006,0],[95.356196292,5.55827610500006,0],[95.3564186950001,5.55847691400004,0],[95.356606163,5.55854755600006,0],[95.3566305470001,5.55855674400004,0],[95.3566346170001,5.55856994300007,0],[95.3567019760001,5.55878841000003,0],[95.3568029470001,5.55884851700006,0],[95.35711488,5.55876659100005,0],[95.3573031210001,5.55864302200007,0],[95.3573158190001,5.55863468700005,0],[95.357319493,5.55860580400002,0],[95.3573321690001,5.55850616600003,0],[95.3573582230001,5.55830137200007,0],[95.3573842040001,5.55820894000004,0],[95.357420813,5.55807869500006,0],[95.3574004560001,5.55786256400006,0],[95.3573255860001,5.55779235800003,0],[95.3572712900001,5.55774144400004,0],[95.357209986,5.55768395900003,0],[95.3570946600001,5.55749429200006,0],[95.3571005270001,5.55731210300007,0],[95.357110585,5.55699977800003,0],[95.357125554,5.55690760000005,0],[95.3571334320001,5.55685908500004,0],[95.3572380270001,5.55663276200005,0],[95.3573299590001,5.55634182200004,0],[95.357681127,5.55641575300007,0],[95.3578398550001,5.55643561000005,0],[95.3580083720001,5.55616611000005,0],[95.3581086680001,5.55604513900005,0],[95.3581107990001,5.55604256800007,0],[95.3581177830001,5.55602475800004,0],[95.3582594600001,5.55566349200006,0],[95.3582594950001,5.55566348900004,0],[95.358366823,5.55565391600004,0],[95.3583834180001,5.55565243600006,0],[95.3583993220001,5.55564278900005,0],[95.3584191360001,5.55563077000005,0],[95.3584338150001,5.55558422200005,0],[95.3584513320001,5.55553345900006,0],[95.358447498,5.55544404100004,0],[95.358443041,5.55534010100007,0],[95.358464095,5.55523239800004,0],[95.3585316350001,5.55511015900004,0],[95.3585848820001,5.55499515200006,0],[95.358619209,5.55492753700003,0],[95.3586532450001,5.55486049400002,0],[95.3586877110001,5.55474362900003,0],[95.3586027740001,5.55469026400004,0],[95.358554854,5.55465571900004,0],[95.3585333450001,5.55464021400007,0],[95.358607846,5.55446772500005,0],[95.358657613,5.55437784300005,0],[95.358739346,5.55422326200005,0],[95.35891438,5.55412211800007,0],[95.3590428560001,5.55401757300007,0],[95.3591499930001,5.55394898600002,0],[95.3592248640001,5.55386976500006,0],[95.3592675990001,5.55381219800006,0],[95.3593563920001,5.55363247700006,0],[95.3594059590001,5.55349237400003,0],[95.3594445860001,5.55330209200002,0],[95.3594652390001,5.55309394500006,0],[95.359443087,5.55292543000007,0],[95.3594317610001,5.55277839500008,0],[95.359445539,5.55264202200004,0],[95.3594632690001,5.55259890300005,0],[95.3594969750001,5.55259852800003,0],[95.3595232340001,5.55259823600005,0],[95.3595382110001,5.55257353300004,0],[95.359577481,5.55250876400004,0],[95.359593826,5.55211768200007,0],[95.3598339470001,5.55217770700006,0],[95.3598348780001,5.55216636000006,0],[95.359868094,5.55176144200004,0],[95.3599089000001,5.55150003200004,0],[95.3599089360001,5.55149979900006,0],[95.35990918,5.55149824400007,0],[95.359913481,5.55147068800005,0],[95.3600217850001,5.55079584000003,0],[95.36005785,5.55079336400007,0],[95.3600581800001,5.55079334100003,0],[95.360132745,5.55078822300004,0],[95.3601970750001,5.55075926700005,0],[95.3602199860001,5.55065730900003,0],[95.360343631,5.55000924100005,0],[95.3603608130001,5.54991918200005,0],[95.3603990770001,5.54992525900008,0],[95.3605528730001,5.54993361100003,0],[95.3606160560001,5.54993731200005,0],[95.360661254,5.54954251000004,0],[95.3606699250001,5.54902231500006,0],[95.3606360360001,5.54879948200005,0],[95.360531183,5.54860456200004,0],[95.3605230950001,5.54858952700005,0],[95.3605103400001,5.54856581700005,0],[95.3604602140001,5.54846406300004,0],[95.360437312,5.54841757300005,0],[95.3604059130001,5.54835612900007,0],[95.3607863030001,5.54806673900003,0],[95.360740429,5.54784539400003,0],[95.3607325280001,5.54775982100006,0],[95.3607030140001,5.54744017800004,0],[95.360684043,5.54717120500004,0],[95.3606278570001,5.54654723700003,0],[95.3605767350001,5.54629632900003,0],[95.3605708680001,5.54624733200006,0],[95.360547109,5.54604892300006,0],[95.360517697,5.54585532500005,0],[95.360481039,5.54564023300003,0],[95.3604870730001,5.54535681100003,0],[95.3605402920001,5.54523463000004,0],[95.360557822,5.54514129000006,0],[95.3605849090001,5.54475016400005,0],[95.3605846300001,5.54468704100003,0],[95.3603251810001,5.54468308100007,0],[95.3597889810001,5.54468806600005,0],[95.359750901,5.54384604100005,0],[95.3597972350001,5.54384571700007,0],[95.3597813750001,5.54345835000004,0],[95.3597336970001,5.54346561500006,0],[95.3597217210001,5.54320080200006,0],[95.359797498,5.54210945500006,0],[95.359758582,5.54210526600002,0],[95.3596219820001,5.54208863100007,0],[95.3596379700001,5.54134879700007,0],[95.359627743,5.54121265400005,0],[95.3595521240001,5.54127668600006,0],[95.3594865090001,5.54133224700007,0],[95.3587141850001,5.54203500400007,0],[95.3586945530001,5.54205286800004,0],[95.358692718,5.54205363400007,0],[95.3585730250001,5.54210357500006,0],[95.3569710890001,5.54205757200003,0],[95.3568865340001,5.54205648400006,0],[95.3568906410001,5.54218919900006,0],[95.355888324,5.54222906400003,0],[95.3552254310001,5.54226811000007,0],[95.355140244,5.54227867700007,0],[95.355181315,5.54180139900006,0],[95.3552354700001,5.54101197100005,0],[95.3552975420001,5.54048280000006,0],[95.354642433,5.54043318300006,0],[95.3546023270001,5.54028529500005,0],[95.3541148990001,5.54026153100006,0],[95.3540445250001,5.54025170700004,0],[95.354000823,5.54024560700003,0],[95.3540410290001,5.53954950500002,0],[95.3540499800001,5.53909746600004,0],[95.3540057390001,5.53877478200008,0],[95.35396424,5.53824043400004,0],[95.3539232100001,5.53782446700006,0],[95.3538720220001,5.53755562100002,0],[95.3538462230001,5.53736918200002,0],[95.353808788,5.53695678800005,0],[95.3537998240001,5.53650123200003,0],[95.3538392550001,5.53628268300002,0],[95.3538768990001,5.53607403400002,0],[95.353883211,5.53606263200004,0],[95.3539803050001,5.53588722700005,0],[95.3539508470001,5.53576164200007,0],[95.353919649,5.53568876400004,0],[95.353900256,5.53564346100006,0],[95.353859141,5.53557636800002,0],[95.3538447760001,5.53555292700003,0],[95.353701212,5.53528408500006,0],[95.3534889920001,5.53488667400006,0],[95.35313247,5.53420972700007,0],[95.3528656440001,5.53370309000007,0],[95.352743719,5.53352463300007,0],[95.352692199,5.53344922400004,0],[95.3525291400001,5.53359256800007,0],[95.350382181,5.53547995200006,0],[95.350380241,5.53548165700005,0],[95.3503767300001,5.53548181800005,0],[95.3491996320001,5.53553593400005,0],[95.3491846570001,5.53553662200005,0],[95.34882064,5.53545997200007,0],[95.3484900290001,5.53539035600005,0],[95.3484625410001,5.53538456800004,0],[95.3484497040001,5.53538186500003,0],[95.3482816840001,5.53534648500005,0],[95.3481950990001,5.53529229500003,0],[95.347784297,5.53503518800005,0],[95.3472336630001,5.53469056600005,0],[95.3469882420001,5.53449474100006,0],[95.346922512,5.53444229400003,0],[95.3468960880001,5.53442121000006,0],[95.346723663,5.53428362800003,0],[95.3464988530001,5.53427274000006,0],[95.3462940940001,5.53426282300006,0],[95.3462539940001,5.53426088100002,0],[95.3459117370001,5.53424430500007,0],[95.3458481920001,5.53424122700005,0],[95.3455470630001,5.53430414500002,0],[95.344859408,5.53454158600005,0],[95.3444248420001,5.53478003000004,0],[95.344424378,5.53478028500007,0],[95.3443477340001,5.53482233900007,0],[95.3442610280001,5.53442969500003,0],[95.3441945770001,5.53392055300003,0],[95.344172304,5.53371974900006,0],[95.3442310660001,5.53363497000004,0],[95.344319608,5.53350722600004,0],[95.344349751,5.53347520300002,0],[95.344442342,5.53337683700005,0],[95.344508316,5.53332134400006,0],[95.344558717,5.53327894900002,0],[95.3446815280001,5.53316804500002,0],[95.3448369000001,5.53308948800003,0],[95.3450051670001,5.53299139500007,0],[95.3450199070001,5.53292626800004,0],[95.3450242950001,5.53290688200002,0],[95.3450047470001,5.53283530700003,0],[95.3449998570001,5.53281740200003,0],[95.3449782230001,5.53273818900004,0],[95.3448152650001,5.53253748400004,0],[95.3445931210001,5.53230782800006,0],[95.3445715270001,5.53223326200003,0],[95.344566817,5.53221699900007,0],[95.344568902,5.53220284200006,0],[95.3445891380001,5.53206544800003,0],[95.3445984050001,5.53200253300002,0],[95.3446138470001,5.53196343200005,0],[95.3446754770001,5.53180737300005,0],[95.3448366950001,5.53156641400005,0],[95.344862957,5.53152733000007,0],[95.3449305190001,5.53142678400008,0],[95.344959224,5.53138406400006,0],[95.34493933,5.53127372500006,0],[95.3448351600001,5.53117670900002,0],[95.344698839,5.53115126700004,0],[95.3444407950001,5.53124922500007,0],[95.3442959670001,5.53126686600007,0],[95.344197647,5.53119044400006,0],[95.34420986,5.53037103800006,0],[95.344210215,5.53034722200005,0],[95.3442111310001,5.53028573100005,0],[95.3442538640001,5.53018842500006,0],[95.3443293980001,5.53001642600003,0],[95.3443105000001,5.52952030300003,0],[95.344181442,5.52921357000002,0],[95.3441680210001,5.52918567500006,0],[95.3440551360001,5.52895105500005,0],[95.3440482410001,5.52893672400006,0],[95.344047097,5.52893116800004,0],[95.3439939560001,5.52867316900006,0],[95.3439856940001,5.52863305800003,0],[95.3439829970001,5.52861996600006,0],[95.3439160610001,5.52799699600007,0],[95.343603654,5.52777106600007,0],[95.343561708,5.52777472800005,0],[95.3435078830001,5.52782365500002,0],[95.343483721,5.52784561800007,0],[95.3434600410001,5.52789354300006,0],[95.3434697760001,5.52794133600003,0],[95.3434603800001,5.52797963900002,0],[95.3434105300001,5.52804919100004,0],[95.343355908,5.52811876200008,0],[95.3432966710001,5.52822900900003,0],[95.3431329150001,5.52846642100008,0],[95.3431090380001,5.52846412400004,0],[95.3430111800001,5.52846451100004,0],[95.342934756,5.52845285500007,0],[95.342898823,5.52841951400006,0],[95.3428914460001,5.52836453700007,0],[95.342865192,5.52836464100005,0],[95.342800749,5.52836489600003,0],[95.3427172870001,5.52838435800004,0],[95.3425933060001,5.52841832900003,0],[95.3423309680001,5.52847198000006,0],[95.3422236470001,5.52849392800005,0],[95.3421044500001,5.52853027200007,0],[95.342025789,5.52855689000006,0],[95.341870827,5.52860294200002,0],[95.3417777990001,5.52861765900008,0],[95.3416395260001,5.52865886100005,0],[95.3415322150001,5.52868320100004,0],[95.3414631110001,5.52871217200004,0],[95.3414443990001,5.52871599900004,0],[95.3414553640001,5.52879748800007,0],[95.3414577890001,5.52881550900003,0],[95.3412845770001,5.52883341200004,0],[95.3411471320001,5.52884256500005,0],[95.3411439400001,5.52884335100003,0],[95.3411148310001,5.52885051700002,0],[95.3406888750001,5.52882229500005,0],[95.3402795980001,5.52879517900004,0],[95.3402280280001,5.52879176200003,0],[95.3400615470001,5.52878073200003,0],[95.3398826800001,5.52878657000002,0],[95.3395164710001,5.52879852200005,0],[95.339424496,5.52880272300007,0],[95.338660583,5.52883761100003,0],[95.338644683,5.52883833700002,0],[95.3385178290001,5.52884413100003,0],[95.3378053870001,5.52885052700003,0],[95.3377504060001,5.52884903200004,0],[95.337333991,5.52883770800003,0],[95.3373170720001,5.52883724800006,0],[95.3369820130001,5.52882813600007,0],[95.3369173980001,5.52882637900007,0],[95.336850537,5.52882692700007,0],[95.3367481870001,5.52882776700005,0],[95.3366935280001,5.52882518700005,0],[95.336487629,5.52881546600003,0],[95.3362730580001,5.52880533500007,0],[95.336249174,5.52880420800005,0],[95.3362466710001,5.52880409000005,0],[95.3356034540001,5.52877372200004,0],[95.335581517,5.52871220500003,0],[95.3354454280001,5.52870197900006,0],[95.3354315670001,5.52879913900006,0],[95.3354245100001,5.52884555700007,0],[95.3347119260001,5.52881607500007,0],[95.334575935,5.52883096000005,0],[95.334493352,5.52877030000008,0],[95.3343679330001,5.52874209400005,0],[95.3343390380001,5.52867763500007,0],[95.3340594460001,5.52859263800002,0],[95.333891093,5.52857177600004,0],[95.333823002,5.52883256100006,0],[95.3338063630001,5.52887703700003,0],[95.332867735,5.52873448600008,0],[95.3324885630001,5.52868282200006,0],[95.3324507950001,5.52879059200006,0],[95.3320711540001,5.52875621100003,0],[95.3317248440001,5.52870017400005,0],[95.331026926,5.52845419200003,0],[95.330898446,5.52868399000005,0],[95.330682369,5.52857679500005,0],[95.3306291810001,5.52855040900005,0],[95.330561248,5.52851670800004,0],[95.3303517140001,5.52839685900005,0],[95.3300800600001,5.52813579300005,0],[95.3297722570001,5.52817541700006,0],[95.3288991490001,5.52793307200005,0],[95.3288668740001,5.52792940500007,0],[95.3278769020001,5.52781694300006,0],[95.3277049260001,5.52778533100008,0],[95.327559809,5.52764170700004,0],[95.3266302580001,5.52734747500006,0],[95.326583283,5.52732684200004,0],[95.3265430640001,5.52730917700006,0],[95.3266322540001,5.52631153000004,0],[95.326694961,5.52586644600007,0],[95.3267356260001,5.52527795300006,0],[95.3264375160001,5.52472905300004,0],[95.3259902880001,5.52388896200006,0],[95.3257690240001,5.52345934000004,0],[95.325648491,5.52315368700005,0],[95.325551583,5.52278576000003,0],[95.325459208,5.52247182700006,0],[95.3253870990001,5.52222676900004,0],[95.325170088,5.52166320000003,0],[95.3250366540001,5.52147217400005,0],[95.3250033750001,5.52142453100004,0],[95.324968728,5.52139872500004,0],[95.324967132,5.52139753700004,0],[95.3248684100001,5.52132400600004,0],[95.324394844,5.52121344900007,0],[95.3243891990001,5.52121213100003,0],[95.324378847,5.52120629400002,0],[95.3241558140001,5.52108054600006,0],[95.3240601240001,5.52102659500002,0],[95.323868008,5.52072600400004,0],[95.3237718840001,5.52055896700006,0],[95.3235933620001,5.52007177800004,0],[95.3234921490001,5.51982344700002,0],[95.3233471170001,5.51935525900006,0],[95.323274284,5.51903985200005,0],[95.323211744,5.51891573300003,0],[95.3230402660001,5.51883392400003,0],[95.3225852360001,5.51861683900006,0],[95.3220158070001,5.51826510700005,0],[95.32191276,5.51820223300007,0],[95.3216808590001,5.51806073700004,0],[95.3214319840001,5.51789429600007,0],[95.3211210150001,5.51771853200006,0],[95.320881817,5.51758553500002,0],[95.3207428640001,5.51745214800007,0],[95.3205893480001,5.51725663500002,0],[95.32049304,5.51704176600003,0],[95.3204448400001,5.51692237400005,0],[95.3203615480001,5.51675130500007,0],[95.320346961,5.51672134700004,0],[95.320323079,5.51666545000006,0],[95.3202859740001,5.51657860200004,0],[95.3201351020001,5.51661937600005,0],[95.318597889,5.51703481200008,0],[95.318035115,5.51718231800004,0],[95.316671307,5.51753978000005,0],[95.3159020470001,5.51772937400006,0],[95.3149162890001,5.51797232600006,0],[95.3142535060001,5.51816623700006,0],[95.3142431670001,5.51816896800005,0],[95.3135151590001,5.51836124600004,0],[95.313242529,5.51843325200002,0],[95.313163258,5.51827696700008,0],[95.3131172480001,5.51813239500007,0],[95.3130355600001,5.51799399900005,0],[95.3130445690001,5.51785524900004,0],[95.313109953,5.51748190100005,0],[95.3131294670001,5.51728212500007,0],[95.3131037800001,5.51712079000004,0],[95.313117086,5.51685885600006,0],[95.3130843220001,5.51671907300005,0],[95.3131190810001,5.51644988000004,0],[95.3131312290001,5.51639201000006,0],[95.3131377890001,5.51636075800008,0],[95.3129627100001,5.51636685600005,0],[95.3127431350001,5.51644416800002,0],[95.3125252870001,5.51658492600006,0],[95.3123218840001,5.51675791400004,0],[95.3117183080001,5.51714053000006,0],[95.311400367,5.51732113800006,0],[95.3113397540001,5.51738594800003,0],[95.3110391070001,5.51750319500007,0],[95.311000994,5.51751805900005,0],[95.3108354110001,5.51751976900005,0],[95.310699416,5.51752117300003,0],[95.3106958500001,5.51746586800004,0],[95.310694395,5.51744329200005,0],[95.3105603560001,5.51741060600006,0],[95.3105020200001,5.51739638000004,0],[95.310385808,5.51736395100005,0],[95.3101983350001,5.51731163600004,0],[95.3098626180001,5.51725589900008,0],[95.3092671220001,5.51715703300005,0],[95.309232487,5.51714982100003,0],[95.3091835000001,5.51713962000002,0],[95.309092691,5.51772831400007,0],[95.3090507700001,5.51799753500006,0],[95.308999284,5.51845810100002,0],[95.3089912720001,5.51879758900003,0],[95.308989862,5.51892674300007,0],[95.3090104030001,5.51905389700005,0],[95.3090250650001,5.51914185300006,0],[95.309041021,5.51922225800007,0],[95.309048471,5.51926899600005,0],[95.309002137,5.51927792900005,0],[95.3076472770001,5.51957197300004,0],[95.3037399300001,5.52036926200003,0],[95.303716115,5.52037412100003,0],[95.303419219,5.52046451100006,0]]],[[[95.297980405,5.56835985300006,0],[95.2979470920001,5.56832892000006,0],[95.29791378,5.56829798700005,0],[95.297904262,5.56826943300007,0],[95.297903337,5.56816896100003,0],[95.2979099760001,5.56812799000005,0],[95.2979148480001,5.56809320700006,0],[95.2979403360001,5.56789296900007,0],[95.2979446420001,5.56785813400006,0],[95.2979476740001,5.56783172000007,0],[95.2979532080001,5.56777777300005,0],[95.298019083,5.56711487700005,0],[95.298018556,5.56701798800003,0],[95.2980309650001,5.56686770700003,0],[95.2980357900001,5.56683048100007,0],[95.2980595440001,5.56672514000007,0],[95.29806317,5.56669029300002,0],[95.2980670100001,5.56665440000006,0],[95.2980757750001,5.56657635600004,0],[95.2980785680001,5.56655033000004,0],[95.2980809760001,5.56652437600007,0],[95.298083455,5.56648999000004,0],[95.2980855580001,5.56645435300004,0],[95.2980893930001,5.56638223600004,0],[95.298090556,5.56635519200006,0],[95.2980909670001,5.56633716700003,0],[95.2980908810001,5.56632341700004,0],[95.2980903540001,5.56630967800004,0],[95.2980891980001,5.56629168700005,0],[95.2980877270001,5.56627370700005,0],[95.298085094,5.56624676600006,0],[95.2980830320001,5.56622934600006,0],[95.2980806830001,5.56621247500004,0],[95.2980781960001,5.56619692000004,0],[95.2980753950001,5.56618142400004,0],[95.2980719610001,5.56616496800007,0],[95.298067739,5.56614759900003,0],[95.2980649730001,5.56613744700007,0],[95.2980598760001,5.56612024500004,0],[95.2980517380001,5.56609457900004,0],[95.298043244,5.56606903200003,0],[95.298037294,5.56605211700003,0],[95.298030871,5.56603540100002,0],[95.2980275660001,5.56602759000003,0],[95.298024092,5.56601985200007,0],[95.2980166840001,5.56600458900004,0],[95.2980083210001,5.56598891500005,0],[95.2979995840001,5.56597342500004,0],[95.297927767,5.56585043900003,0],[95.297918634,5.56583518100007,0],[95.2979092150001,5.56582013600007,0],[95.297904315,5.56581275600007,0],[95.2978992170001,5.56580552500003,0],[95.2978945290001,5.56579932300002,0],[95.297889657,5.56579326400004,0],[95.2978846140001,5.56578734400006,0],[95.2978792280001,5.56578136100006,0],[95.2978680670001,5.56576972400006,0],[95.2978565600001,5.56575839000004,0],[95.2978448090001,5.56574729200003,0],[95.2978322280001,5.56573591900008,0],[95.2978120960001,5.56571848500005,0],[95.2977172340001,5.56563819900003,0],[95.2976292800001,5.56556351600005,0],[95.297581988,5.56552314000004,0],[95.2975145280001,5.56546517800007,0],[95.2975008770001,5.56545397700006,0],[95.2974939600001,5.56544860200006,0],[95.297486946,5.56544347500005,0],[95.297479793,5.56543869800004,0],[95.297472445,5.56543441400004,0],[95.297362934,5.56536173200004,0],[95.2972487200001,5.56528677900008,0],[95.2971273680001,5.56520111800006,0],[95.296823987,5.56501909000002,0],[95.296428996,5.56479661000003,0],[95.2959535100001,5.56451626500007,0],[95.2959469480001,5.56451055400004,0],[95.295940704,5.56450546000002,0],[95.295927857,5.56449567900006,0],[95.295914704,5.56448624800004,0],[95.2959013670001,5.56447704300007,0],[95.2958810380001,5.56446355300005,0],[95.295867318,5.56445476400006,0],[95.2958451120001,5.56444100200002,0],[95.2958078820001,5.56441843900006,0],[95.295742175,5.56437893400005,0],[95.2957133740001,5.56436116500004,0],[95.295699201,5.56435194000005,0],[95.295691844,5.56434691700002,0],[95.2956773080001,5.56433660700003,0],[95.2956557370001,5.56432079300004,0],[95.2955556580001,5.56424610600004,0],[95.2955345380001,5.56422974200007,0],[95.2955208440001,5.56421840900003,0],[95.2955142110001,5.56421250700004,0],[95.295507968,5.56420659000003,0],[95.2955018710001,5.56420051300006,0],[95.2954899630001,5.56418804300006,0],[95.2954606390001,5.56415641000007,0],[95.2954485990001,5.56414413400006,0],[95.295442386,5.56413822700006,0],[95.2954359760001,5.56413255200005,0],[95.2954290550001,5.56412694800002,0],[95.2954219220001,5.56412159400003,0],[95.295407239,5.56411138300007,0],[95.2953846730001,5.56409671200004,0],[95.295353742,5.56407725100007,0],[95.2951980220001,5.56395942000006,0],[95.2950381220001,5.56386043500004,0],[95.294923908,5.56378619600002,0],[95.294811597,5.56371957100004,0],[95.294644083,5.56362819900005,0],[95.2943299940001,5.56345687800007,0],[95.2939968700001,5.56326842500005,0],[95.293812223,5.56315421100004,0],[95.2935704700001,5.56300382900002,0],[95.293513363,5.56296004700005,0],[95.2934733880001,5.56294672200005,0],[95.29343722,5.56294672200005,0],[95.293399149,5.56295814300006,0],[95.2933553670001,5.56298289000006,0],[95.2933172960001,5.56298860000004,0],[95.293307778,5.56297527500004,0],[95.2933020670001,5.56295814300006,0],[95.2933020670001,5.56293530000005,0],[95.2933039710001,5.56290294000007,0],[95.2933001630001,5.56287819300007,0],[95.293284935,5.56286106100004,0],[95.2932601890001,5.56284583300004,0],[95.2932278280001,5.56283250800004,0],[95.2932125990001,5.56280585800005,0],[95.2932041990001,5.56278569600005,0],[95.293193564,5.56276017200003,0],[95.2931745280001,5.56272971500005,0],[95.2931255490001,5.56266706600007,0],[95.2930888670001,5.56263263300002,0],[95.293064121,5.56261930800002,0],[95.2930184350001,5.56260217600004,0],[95.2930108210001,5.56258123700007,0],[95.2930070140001,5.56254126200002,0],[95.2929917850001,5.56251270800004,0],[95.292965135,5.56248796200003,0],[95.2929346780001,5.56247083000005,0],[95.2929042210001,5.56246131200004,0],[95.2928680530001,5.56245940800005,0],[95.2928261750001,5.56246321500004,0],[95.292755743,5.56248034700008,0],[95.2927329,5.56248796200003,0],[95.2926872140001,5.56251080500004,0],[95.2926719860001,5.56252032200007,0],[95.2926339140001,5.56253364700007,0],[95.292614879,5.56257552600005,0],[95.292616782,5.56259265800003,0],[95.2926377220001,5.56261550100004,0],[95.2926491430001,5.56262692200005,0],[95.2926339140001,5.56264024700005,0],[95.2925977470001,5.56263263300002,0],[95.2925863250001,5.56264215100003,0],[95.2925806140001,5.56266689700004,0],[95.292567289,5.56267260800007,0],[95.2925501570001,5.56265737900003,0],[95.2925235070001,5.56264976500006,0],[95.2924930500001,5.56264024700005,0],[95.2924702070001,5.56262501900005,0],[95.292447365,5.56260598300003,0],[95.2924188110001,5.56258123700007,0],[95.2923940650001,5.56257171900006,0],[95.292371222,5.56256029700006,0],[95.292348379,5.56254506900007,0],[95.2923007900001,5.56254316500002,0],[95.292283658,5.56254697200006,0],[95.2922627180001,5.56255077900005,0],[95.292217033,5.56254697200006,0],[95.292180865,5.56254697200006,0],[95.2921466010001,5.56254887600005,0],[95.292118047,5.56255649000002,0],[95.292048116,5.56256594500007,0],[95.292039205,5.56256428900002,0],[95.2920104570001,5.56255894700007,0],[95.2919581190001,5.56254887100005,0],[95.2919064310001,5.56253841200004,0],[95.29187204,5.56253112500002,0],[95.2918549190001,5.56252718300004,0],[95.2918377330001,5.56252273100006,0],[95.2918291010001,5.56252027800002,0],[95.2918119280001,5.56251506100006,0],[95.2917948910001,5.56250944700002,0],[95.291786443,5.56250645400007,0],[95.291778063,5.56250329100004,0],[95.2917702140001,5.56250011200007,0],[95.2917547270001,5.56249328600006,0],[95.2917395150001,5.56248592400004,0],[95.291732036,5.56248202700004,0],[95.291724667,5.56247795700006,0],[95.291717437,5.56247367200007,0],[95.2917112100001,5.56246970200004,0],[95.2916986060001,5.56246127000003,0],[95.291691122,5.56245626300006,0],[95.2916839950001,5.56245190300007,0],[95.2916767180001,5.56244776300002,0],[95.2916693220001,5.56244380400005,0],[95.2916541530001,5.56243626800006,0],[95.291630818,5.56242560300007,0],[95.2916072420001,5.56241535400005,0],[95.291583529,5.56240539600003,0],[95.291559378,5.56239584600007,0],[95.2915262070001,5.56238372800004,0],[95.2914845720001,5.56236904200006,0],[95.2914595340001,5.56236040800007,0],[95.2914343770001,5.56235216200002,0],[95.2914180000001,5.56234722500005,0],[95.2914015520001,5.56234251400002,0],[95.2913602950001,5.56233118300003,0],[95.2913271990001,5.56232242300007,0],[95.2912797650001,5.56231054100004,0],[95.2912564040001,5.56230435400005,0],[95.291242766,5.56230027500004,0],[95.291236014,5.56229805500004,0],[95.2912293210001,5.56229567800005,0],[95.291222094,5.56229286700005,0],[95.2912138840001,5.56228934000006,0],[95.2912057720001,5.56228557000003,0],[95.2911977310001,5.56228162400004,0],[95.2911738540001,5.56226917600003,0],[95.2909764010001,5.56216171100004,0],[95.2909447110001,5.56214472800002,0],[95.2909287300001,5.56213653600003,0],[95.2909175250001,5.56213111200003,0],[95.2909041930001,5.56212517100005,0],[95.2908964520001,5.56212196900003,0],[95.2908886600001,5.56211888600006,0],[95.2908729520001,5.56211302100007,0],[95.2908567800001,5.56210743900004,0],[95.290831842,5.56209946800004,0],[95.2907734180001,5.56208154100005,0],[95.2907484420001,5.56207367800005,0],[95.290731878,5.56206818600003,0],[95.290706888,5.56205925500007,0],[95.2906654780001,5.56204367100003,0],[95.2906218590001,5.56202704600003,0],[95.2905117000001,5.56198506100003,0],[95.2904025750001,5.56192923500004,0],[95.290329763,5.56189782600006,0],[95.290304065,5.56188354900007,0],[95.290285505,5.56186213400002,0],[95.2902698010001,5.56184214600006,0],[95.290259807,5.56182215900003,0],[95.2902512410001,5.56180359900003,0],[95.2902298260001,5.56177504500005,0],[95.2902069830001,5.56174934700005,0],[95.290182713,5.56172364900004,0],[95.290157014,5.56170366200007,0],[95.2901213230001,5.56168367400005,0],[95.29007992,5.56166797000003,0],[95.2900242410001,5.56163941600005,0],[95.2900042530001,5.56162228400007,0],[95.2899314420001,5.56157088800006,0],[95.2898714790001,5.56152234700005,0],[95.2897986680001,5.56145524600004,0],[95.2897329940001,5.56137244100006,0],[95.2896658940001,5.56127107600003,0],[95.2896487620001,5.56122539000006,0],[95.2896344850001,5.56099838900008,0],[95.289246157,5.56072427500004,0],[95.2888521180001,5.56077138900002,0],[95.2887564640001,5.56071428200005,0],[95.2885623000001,5.56061577200006,0],[95.2885494510001,5.56061291700007,0],[95.2883053180001,5.56095555900004,0],[95.2882425000001,5.56089702400004,0],[95.2882168020001,5.56092415000006,0],[95.2881825380001,5.56090416300003,0],[95.2881868210001,5.56088417500007,0],[95.28819967,5.56085704900005,0],[95.2881988670001,5.56083896500007,0],[95.288145091,5.56077900300005,0],[95.2881179650001,5.56075616000004,0],[95.28807799,5.56073760000004,0],[95.288049437,5.56072475100007,0],[95.288033732,5.56071333000006,0],[95.288009462,5.56069334200004,0],[95.2879923300001,5.56068763200005,0],[95.2879637760001,5.56068192100003,0],[95.2879337950001,5.56067192700004,0],[95.287902386,5.56068192100003,0],[95.287865266,5.56070619200005,0],[95.28783243,5.56074045600008,0],[95.2878224360001,5.56076329900003,0],[95.2878095870001,5.56078328600006,0],[95.287781033,5.56079185200002,0],[95.287736775,5.56076329900003,0],[95.2877025110001,5.56072903400008,0],[95.2876753850001,5.56070190900004,0],[95.2876582530001,5.56067478300002,0],[95.287641121,5.56065479500006,0],[95.2876182780001,5.56064622900004,0],[95.2876068570001,5.56062624200007,0],[95.2876054290001,5.56058341100004,0],[95.287608285,5.56055628600006,0],[95.287633983,5.56049489500003,0],[95.2876396930001,5.56047776300005,0],[95.2876425490001,5.56044635400002,0],[95.2876311270001,5.56039924100003,0],[95.2876139950001,5.56037068800003,0],[95.2875954350001,5.56034498900004,0],[95.2875654540001,5.56032071900006,0],[95.287545735,5.56030032800004,0],[95.287542611,5.56026932300006,0],[95.287542611,5.56024790700008,0],[95.2875411840001,5.56023077500004,0],[95.2875154860001,5.56020650500005,0],[95.2874783660001,5.56018509000006,0],[95.2873154870001,5.56007990300003,0],[95.2873083860001,5.56007478700008,0],[95.2873010060001,5.56006968500003,0],[95.28728598,5.56005981900006,0],[95.2872706890001,5.56005030600005,0],[95.2872629620001,5.56004568300006,0],[95.2872473610001,5.56003679300005,0],[95.28723949,5.56003260100005,0],[95.287231578,5.56002865200003,0],[95.287223634,5.56002502600006,0],[95.287201397,5.55999520900002,0],[95.2871928310001,5.55997379300004,0],[95.2872066910001,5.55994590100005,0],[95.2872206760001,5.55993528300007,0],[95.2872776310001,5.55989319800005,0],[95.2874046040001,5.55979880300004,0],[95.287425865,5.55978319400003,0],[95.2874401540001,5.55977295300005,0],[95.2874546410001,5.55976300500004,0],[95.2874620090001,5.55975821400006,0],[95.2874692080001,5.55975375200006,0],[95.2874838450001,5.55974517200002,0],[95.2874979110001,5.55973730300008,0],[95.287534425,5.55970690900006,0],[95.2875824970001,5.55966912300005,0],[95.287601726,5.55965861400006,0],[95.2876162590001,5.55964743500004,0],[95.287627215,5.55964028000005,0],[95.2876325810001,5.55963469000005,0],[95.2876323570001,5.55963066500004,0],[95.2876312390001,5.55962843000003,0],[95.2876278860001,5.55962440500002,0],[95.2875822730001,5.55957834500003,0],[95.2875214570001,5.55950970300006,0],[95.2874789750001,5.55946297300005,0],[95.2874295620001,5.55941020600005,0],[95.287375006,5.55935319100007,0],[95.2873175430001,5.55929148000007,0],[95.2872614220001,5.55923066400004,0],[95.2872075370001,5.55916940000003,0],[95.2871563350001,5.55911126700005,0],[95.2870990960001,5.55905581700006,0],[95.287040963,5.55899365900007,0],[95.2870186040001,5.55895184800005,0],[95.2870060830001,5.55893172500004,0],[95.28699155,5.55891540200003,0],[95.2869783580001,5.55890355200006,0],[95.286957117,5.55888812500007,0],[95.2869383350001,5.55887806300007,0],[95.2869365600001,5.55887616600006,0],[95.2869328500001,5.55887435600005,0],[95.2869293110001,5.55887219300007,0],[95.2869259780001,5.55886974800006,0],[95.2869228210001,5.55886696500005,0],[95.286919885,5.55886391200005,0],[95.2869152680001,5.55885809800003,0],[95.286911139,5.55885175400005,0],[95.286907737,5.55884560600003,0],[95.2869074130001,5.55884502100002,0],[95.2869040480001,5.55883801000004,0],[95.286901033,5.55883081500002,0],[95.286898395,5.55882351200006,0],[95.286896276,5.55881648600007,0],[95.2868946130001,5.55880950300002,0],[95.286893492,5.55880264000007,0],[95.2868930480001,5.55879598500007,0],[95.2868934640001,5.55878963900005,0],[95.286895202,5.55878319000004,0],[95.286898293,5.55877770100005,0],[95.2869025670001,5.55877276300004,0],[95.2869077660001,5.55876832400003,0],[95.286913697,5.55876436800003,0],[95.2869206890001,5.55876065500007,0],[95.2869281690001,5.55875736300004,0],[95.2869359900001,5.55875437800006,0],[95.2869440420001,5.55875160900007,0],[95.2869522450001,5.55874899400004,0],[95.2869689,5.55874404100007,0],[95.2870024630001,5.55873459400004,0],[95.287035926,5.55872540700005,0],[95.287052642,5.55872102500007,0],[95.287069032,5.55871700300003,0],[95.287093665,5.55871133400007,0],[95.2871101160001,5.55870775700004,0],[95.2871337550001,5.55870305400003,0],[95.2871480910001,5.55870056300006,0],[95.2871602210001,5.55869871000004,0],[95.287173232,5.55869699900006,0],[95.287189395,5.55869521000005,0],[95.2872315370001,5.55869153200007,0],[95.2872401010001,5.55869040800007,0],[95.2872454380001,5.55868949000006,0],[95.287253121,5.55868782400006,0],[95.287260711,5.55868579800006,0],[95.287268193,5.55868344100003,0],[95.2872755500001,5.55868075400002,0],[95.2872827470001,5.55867771200008,0],[95.2872897350001,5.55867426500004,0],[95.287296815,5.55867013600005,0],[95.287303589,5.55866552500004,0],[95.2873100260001,5.55866045300007,0],[95.2873158570001,5.55865516000006,0],[95.2873213770001,5.55864952500002,0],[95.287326609,5.55864361800008,0],[95.287331555,5.55863748700006,0],[95.287336183,5.55863115600005,0],[95.2873404360001,5.55862463300002,0],[95.2873442210001,5.55861790600005,0],[95.287347405,5.55861094800002,0],[95.2873499250001,5.55860348300007,0],[95.287351631,5.55859578800005,0],[95.2873524280001,5.55858926000008,0],[95.2873527420001,5.55858264200003,0],[95.2873526530001,5.55857596200002,0],[95.287352216,5.55856924400007,0],[95.287351196,5.55856052000007,0],[95.2873497,5.55855180600003,0],[95.2873483910001,5.55854577000002,0],[95.2873468980001,5.55853975500003,0],[95.2873445450001,5.55853128500007,0],[95.2873419800001,5.55852284800005,0],[95.2873364210001,5.55850606900003,0],[95.2873305290001,5.55848948100004,0],[95.287321407,5.55846473200006,0],[95.2873121060001,5.55844010800007,0],[95.287303459,5.55841834100005,0],[95.2873024090001,5.55841569700004,0],[95.287298379,5.55840624400003,0],[95.28729142,5.55839081000005,0],[95.287280508,5.55836789200004,0],[95.2872729850001,5.55835275600003,0],[95.2872651810001,5.55833779900007,0],[95.2872611130001,5.55833042900002,0],[95.2872568810001,5.55832316600004,0],[95.287252429,5.55831604600007,0],[95.287247961,5.55830945500003,0],[95.2872432930001,5.55830299600007,0],[95.2872384720001,5.55829663600002,0],[95.2872285130001,5.55828412800003,0],[95.2872182850001,5.55827180500006,0],[95.2872077100001,5.55825940500006,0],[95.2871914010001,5.55824064700005,0],[95.286880776,5.55788768000002,0],[95.286786158,5.55777995600005,0],[95.286768324,5.55775984000007,0],[95.286756288,5.55774656800003,0],[95.2867449110001,5.55773448400004,0],[95.28673231,5.55772175400006,0],[95.2867194600001,5.55770926800005,0],[95.286706398,5.55769699500007,0],[95.286694319,5.55768608800003,0],[95.2866777280001,5.55767172100008,0],[95.2866531110001,5.55765104600005,0],[95.2866282840001,5.55763061300007,0],[95.2866094010001,5.55761570500005,0],[95.286596563,5.55760629800005,0],[95.2865900140001,5.55760188800002,0],[95.2865833340001,5.55759777500003,0],[95.286576482,5.55759405800006,0],[95.2865698590001,5.55759103000003,0],[95.286563045,5.55758849400007,0],[95.2865558560001,5.55758642400002,0],[95.286548511,5.55758480800006,0],[95.2865410520001,5.55758354800003,0],[95.2865338830001,5.55758261300002,0],[95.286526656,5.55758188200002,0],[95.2865112270001,5.55758087300006,0],[95.2864927940001,5.55758035200006,0],[95.2864866230001,5.55758017800002,0],[95.2864372760001,5.55757982500006,0],[95.286390483,5.55758005100006,0],[95.28613956,5.55758296900007,0],[95.2858967760001,5.55757602800003,0],[95.2856069580001,5.55757174500008,0],[95.285318567,5.55757317300004,0],[95.2851115540001,5.55757174500008,0],[95.285035887,5.55757174500008,0],[95.284756062,5.55756603500004,0],[95.2845875960001,5.55749322300005,0],[95.284421986,5.55741184600004,0],[95.2842006960001,5.55744039900003,0],[95.2841807090001,5.55744896500005,0],[95.2841236020001,5.55745895900003,0],[95.284116463,5.55748037400002,0],[95.284080771,5.55749322300005,0],[95.2840208090001,5.55750321700003,0],[95.284037379,5.55760728600006,0],[95.2839731600001,5.55762577500008,0],[95.2839579910001,5.55759601600005,0],[95.2839308650001,5.55755033000003,0],[95.2838980290001,5.55750178900007,0],[95.2838623370001,5.55747038000004,0],[95.2838409220001,5.55745895900003,0],[95.283810863,5.55746189200005,0],[95.283782387,5.55746467000006,0],[95.2837754720001,5.55745455800007,0],[95.283632481,5.55747323600002,0],[95.2836275330001,5.55745777300007,0],[95.283621059,5.55743754400004,0],[95.2833112540001,5.55748608500005,0],[95.283312698,5.55750601700004,0],[95.2833183920001,5.55758459500004,0],[95.2832814550001,5.55762083500002,0],[95.283278399,5.55762636200006,0],[95.283273647,5.55763308500002,0],[95.2832681990001,5.55763938900003,0],[95.283262242,5.55764538400007,0],[95.283255915,5.55765114700006,0],[95.28324932,5.55765673700006,0],[95.2832356010001,5.55766753500006,0],[95.283221412,5.55767790100003,0],[95.2832141690001,5.55768290100002,0],[95.2832068150001,5.55768773900007,0],[95.2831927120001,5.55769631900006,0],[95.2831855460001,5.55770042100005,0],[95.2831710560001,5.55770834100002,0],[95.283150289,5.55771894000003,0],[95.283136256,5.55772558600006,0],[95.283105574,5.55773892000008,0],[95.283099399,5.55774160400006,0],[95.2830851260001,5.55774817900004,0],[95.2830704190001,5.55775565800008,0],[95.283048722,5.55776761000004,0],[95.2830272840001,5.55778005900004,0],[95.2830042080001,5.55779396000003,0],[95.2829123700001,5.55785035400004,0],[95.2828742010001,5.55787399800005,0],[95.2828520190001,5.55788812800006,0],[95.2828152000001,5.55791230300002,0],[95.2825948620001,5.55805834700004,0],[95.282508949,5.55811568700005,0],[95.2824877260001,5.55813027900007,0],[95.2824808010001,5.55813528600004,0],[95.2824740180001,5.55814042200006,0],[95.282467442,5.55814574100003,0],[95.2824611550001,5.55815131100007,0],[95.282455273,5.55815722400007,0],[95.2824497080001,5.55816379900006,0],[95.2824475470001,5.55816676900002,0],[95.2824446450001,5.55817075600004,0],[95.2824400410001,5.55817800800003,0],[95.282435901,5.55818550300006,0],[95.2824322760001,5.55819320700004,0],[95.2824292710001,5.55820111000003,0],[95.2824270500001,5.55820922600003,0],[95.2824257730001,5.55821735100005,0],[95.2824252060001,5.55822564300007,0],[95.282425161,5.55823405500007,0],[95.282425489,5.55824255100003,0],[95.2824260800001,5.55825110400002,0],[95.2824277460001,5.55826831200005,0],[95.282437067,5.55834604700004,0],[95.2824450730001,5.55841433200004,0],[95.282448333,5.55843942600006,0],[95.2824507120001,5.55845482500007,0],[95.2824508370001,5.55845563400004,0],[95.2824537800001,5.55847128700003,0],[95.2824555070001,5.55847904100006,0],[95.2824573500001,5.55848633400007,0],[95.2824579470001,5.55848841700004,0],[95.282459567,5.55849406800007,0],[95.2824620160001,5.55850172300006,0],[95.282473,5.55853202400004,0],[95.2824774260001,5.55854565400006,0],[95.282479461,5.55855253600004,0],[95.282481471,5.55855985300008,0],[95.282485121,5.55857460200002,0],[95.2824883690001,5.55858946500007,0],[95.2824900470001,5.55859794100007,0],[95.28249307,5.55861496200004,0],[95.282495054,5.55862786700004,0],[95.2824962430001,5.55863663000002,0],[95.2824993250001,5.55866299400003,0],[95.2825029840001,5.55869752300003,0],[95.2825058540001,5.55872460200004,0],[95.2825079570001,5.55874216900003,0],[95.2825104070001,5.55875970300002,0],[95.2825146790001,5.55878594500007,0],[95.2825208080001,5.55882087300006,0],[95.282533314,5.55889070500007,0],[95.282539908,5.55892554500002,0],[95.2825436240001,5.55894286600005,0],[95.2825453330001,5.55895004700005,0],[95.2825490370001,5.55896433600003,0],[95.2825531070001,5.55897852600003,0],[95.2825556210001,5.55898662800007,0],[95.2825609330001,5.55900274700002,0],[95.2825721840001,5.55903480000006,0],[95.2825810640001,5.55905868000002,0],[95.282584167,5.55906658200007,0],[95.2825904570001,5.55908168900004,0],[95.2825928170001,5.55908691600007,0],[95.2825971830001,5.55909658700006,0],[95.282600748,5.55910393000005,0],[95.282604496,5.55911117700003,0],[95.282608876,5.55911903600003,0],[95.2826134750001,5.55912677200007,0],[95.2826182520001,5.55913440300003,0],[95.282623185,5.55914193600006,0],[95.282628269,5.55914936600004,0],[95.2826335180001,5.55915667700003,0],[95.282638961,5.55916383800007,0],[95.28264397,5.55917003000008,0],[95.2826544200001,5.55918205500006,0],[95.282665324,5.55919367400003,0],[95.2826766680001,5.55920484500007,0],[95.2826825450001,5.55921020800002,0],[95.2826886540001,5.55921544600005,0],[95.2826949010001,5.55922052800003,0],[95.282707685,5.55923035900003,0],[95.2827273250001,5.55924454100006,0],[95.2827411700001,5.55925402300005,0],[95.2827556940001,5.55926361500002,0],[95.282777658,5.55927772500007,0],[95.2827924100001,5.55928694100004,0],[95.2828066330001,5.55929551000003,0],[95.2828203490001,5.55930338200005,0],[95.2828272770001,5.55930719000003,0],[95.2828727730001,5.55933075900003,0],[95.2828957180001,5.55934287600007,0],[95.282933809,5.55936336200006,0],[95.2829565210001,5.55937591000003,0],[95.2829780920001,5.55938828400002,0],[95.2830000610001,5.55940128000003,0],[95.283030651,5.55941984800006,0],[95.28305348,5.55943395600002,0],[95.2830761020001,5.55944838000005,0],[95.2830962690001,5.55946198200007,0],[95.283096764,5.55946233200007,0],[95.283116631,5.55947640600004,0],[95.2831574800001,5.55950616900003,0],[95.2831770600001,5.55952017100003,0],[95.2831962920001,5.55953331700005,0],[95.283218527,5.55954779600006,0],[95.28349518,5.55972274900006,0],[95.2835399670001,5.55975123800005,0],[95.2835846030001,5.55978017000007,0],[95.283762831,5.55989639600006,0],[95.283800124,5.55992035400004,0],[95.283845361,5.55994828200005,0],[95.2839437840001,5.56000814000004,0],[95.2839741970001,5.56002633100007,0],[95.2840099740001,5.56004720000004,0],[95.284032595,5.56006086200006,0],[95.284055042,5.56007504100006,0],[95.2840848330001,5.56009477600003,0],[95.2847511840001,5.56054466300003,0],[95.285082349,5.56077110100006,0],[95.285104125,5.56078648300007,0],[95.285118277,5.56079708100003,0],[95.2851251480001,5.56080257300005,0],[95.285131816,5.56080825400005,0],[95.2851382140001,5.56081418900004,0],[95.28514427,5.56082036400005,0],[95.285155043,5.56083179800004,0],[95.285160584,5.56083737600005,0],[95.2851666540001,5.56084298300004,0],[95.285172968,5.56084835500008,0],[95.2851794790001,5.56085352700006,0],[95.2851857640001,5.56085823700005,0],[95.285198661,5.56086730100003,0],[95.285211868,5.56087600600006,0],[95.2852338920001,5.56088969200005,0],[95.285315622,5.56093853100003,0],[95.2853452250001,5.56095646600005,0],[95.2853677250001,5.56097056400006,0],[95.2853978360001,5.56098993500007,0],[95.285562994,5.56109719300002,0],[95.285605407,5.56112509000008,0],[95.2856479180001,5.56115381000006,0],[95.2857646130001,5.56123376000005,0],[95.285786326,5.56124898500002,0],[95.2858076940001,5.56126444700004,0],[95.2859208100001,5.56134810700007,0],[95.2859714260001,5.56138491500008,0],[95.2864753140001,5.56174786600008,0],[95.286504661,5.56176870000007,0],[95.2865266630001,5.56178364600004,0],[95.2865556420001,5.56180225400004,0],[95.286614032,5.56183882300007,0],[95.2866506290001,5.56186151300005,0],[95.286681038,5.56187990200004,0],[95.286742776,5.56191656600004,0],[95.2870754360001,5.56211336400003,0],[95.2871103510001,5.56213355600005,0],[95.2871233600001,5.56214082600007,0],[95.2871375710001,5.56214853600005,0],[95.2871590280001,5.56215983800007,0],[95.287180521,5.56217080600004,0],[95.2872090830001,5.56218489200006,0],[95.2872306140001,5.56219523000004,0],[95.287267237,5.56221224000006,0],[95.2873380360001,5.56224455200004,0],[95.2873695600001,5.56225878000004,0],[95.2873933610001,5.56226921500007,0],[95.287425404,5.56228275400002,0],[95.2874816280001,5.56230611900003,0],[95.287505792,5.56231595700007,0],[95.2875219810001,5.56232229700004,0],[95.2875384380001,5.56232831800003,0],[95.2875635730001,5.56233671000007,0],[95.2875888990001,5.56234445900003,0],[95.287605909,5.56234911600006,0],[95.2876144730001,5.56235118700005,0],[95.2876222090001,5.56235285300005,0],[95.287637778,5.56235576200004,0],[95.2876612950001,5.56235948900007,0],[95.287692829,5.56236386900002,0],[95.2877104780001,5.56236610500002,0],[95.287736398,5.56236914400006,0],[95.287909287,5.56238837800004,0],[95.2879352370001,5.56239107800008,0],[95.2879707060001,5.56239436200002,0],[95.2881304300001,5.56240805600004,0],[95.288174821,5.56241157800002,0],[95.2882263710001,5.56241499900005,0],[95.288251351,5.56241698500003,0],[95.2882679690001,5.56241861700005,0],[95.2882897750001,5.56242136900005,0],[95.2883023840001,5.56242335400003,0],[95.2883163480001,5.56242599600006,0],[95.2883334940001,5.56242976300007,0],[95.2883676480001,5.56243805300005,0],[95.2884869850001,5.56246811900007,0],[95.288529172,5.56247910700006,0],[95.2885617110001,5.56248808500004,0],[95.2886110000001,5.56250204200006,0],[95.288762148,5.56254542600004,0],[95.28880408,5.56255765600002,0],[95.2888385270001,5.56256811100008,0],[95.2888814900001,5.56258148300003,0],[95.2889071820001,5.56258977000005,0],[95.2889239390001,5.56259542200007,0],[95.288965692,5.56260996900005,0],[95.2890741000001,5.56264824000004,0],[95.2890990600001,5.56265722700005,0],[95.289132819,5.56266976000006,0],[95.2893097050001,5.56273650800006,0],[95.2893433510001,5.56274933800006,0],[95.2893684630001,5.56275926200004,0],[95.289401443,5.56277317300004,0],[95.2898443440001,5.56296673800006,0],[95.289885289,5.56298480000004,0],[95.2899015900001,5.56299219500005,0],[95.2899251430001,5.56300327100007,0],[95.2899876480001,5.56303347300008,0],[95.2900266010001,5.56305258600003,0],[95.290042084,5.56306042100005,0],[95.2900571260001,5.56306830200003,0],[95.2900795340001,5.56308041700004,0],[95.2900943750001,5.56308866200004,0],[95.2901163920001,5.56310143100006,0],[95.2901236160001,5.56310587000007,0],[95.2901384640001,5.56311553500007,0],[95.2901603720001,5.56313062000004,0],[95.290399031,5.56330022900005,0],[95.2904409060001,5.56333027400007,0],[95.2904744900001,5.56335471800003,0],[95.2905025150001,5.56337546400005,0],[95.2905662890001,5.56342323800004,0],[95.2905944760001,5.56344467600007,0],[95.290615302,5.56346103900006,0],[95.2906496020001,5.56348874100007,0],[95.2908342760001,5.56363903000005,0],[95.2908800450001,5.56367664600003,0],[95.291135324,5.56389130100007,0],[95.2911626270001,5.56391484300002,0],[95.291175996,5.56392683100006,0],[95.2911958440001,5.56394504800005,0],[95.29122863,5.56397573200007,0],[95.291260277,5.56400632900005,0],[95.2914356730001,5.56417889100004,0],[95.2914676890001,5.56421061200007,0],[95.2914867330001,5.56422980500002,0],[95.2915112680001,5.56425541400006,0],[95.2915233420001,5.56426840000006,0],[95.2915352480001,5.56428157900007,0],[95.291546994,5.56429494100007,0],[95.2915644430001,5.56431513600006,0],[95.291620718,5.56438094200007,0],[95.2916319720001,5.56439382500002,0],[95.2916460600001,5.56440939300006,0],[95.2916642440001,5.56442835900003,0],[95.2916827330001,5.56444704200004,0],[95.2917261840001,5.56449034200006,0],[95.2917512100001,5.56451487900006,0],[95.291770236,5.56453287500005,0],[95.291795903,5.56455646100005,0],[95.291886182,5.56463854300006,0],[95.2919210000001,5.56466992400004,0],[95.291940326,5.56468711800005,0],[95.291960176,5.56470452500002,0],[95.2920475810001,5.56478012000002,0],[95.2920741070001,5.56480325000007,0],[95.2921251510001,5.56484849400005,0],[95.2921441670001,5.56486559600006,0],[95.2921567280001,5.56487712100005,0],[95.292169099,5.56488882900004,0],[95.2921812800001,5.56490071900004,0],[95.2922475510001,5.56496688900006,0],[95.292250042,5.56496929800005,0],[95.2922781540001,5.56499648800008,0],[95.292346131,5.56506094200006,0],[95.292464393,5.56517270500007,0],[95.2925858020001,5.56528744200006,0],[95.2926118220001,5.56531180900004,0],[95.2926314590001,5.56532966100002,0],[95.2926445470001,5.56534118200005,0],[95.292664356,5.56535826100003,0],[95.292684384,5.56537508000002,0],[95.2926983550001,5.56538644100004,0],[95.2927265450001,5.56540886500005,0],[95.2928326620001,5.56549256700004,0],[95.292882105,5.56553156700005,0],[95.2929169230001,5.56555857900003,0],[95.2929490960001,5.56558271100005,0],[95.2929707230001,5.56559857100007,0],[95.2929812730001,5.56560630800004,0],[95.2929942170001,5.56561557200007,0],[95.2930072780001,5.56562463700004,0],[95.293018868,5.56563227700002,0],[95.29303071,5.56563948400003,0],[95.2930378570001,5.56564345900006,0],[95.2930451070001,5.56564725500004,0],[95.293059821,5.56565447400004,0],[95.2930747120001,5.56566138300008,0],[95.293089706,5.56566810800007,0],[95.293137211,5.56568875100004,0],[95.2931680610001,5.56570215700003,0],[95.293174703,5.56570519200005,0],[95.293185995,5.56571068800002,0],[95.2931946450001,5.56571528700005,0],[95.2932010800001,5.56571894700005,0],[95.293207421,5.56572275800005,0],[95.2932136640001,5.56572672100003,0],[95.2932197970001,5.56573084600006,0],[95.2932258010001,5.56573515400004,0],[95.2932353150001,5.56574260900004,0],[95.293244852,5.56575072700002,0],[95.293254485,5.56575940500005,0],[95.293259671,5.56576432300005,0],[95.2932738630001,5.56577778000008,0],[95.2933631000001,5.56586496000006,0],[95.2935482230001,5.56604508900006,0],[95.2935672340001,5.56606388200004,0],[95.2935861280001,5.56608283300005,0],[95.293699083,5.56619695100005,0],[95.2937161900001,5.56621391800007,0],[95.293731531,5.56622876600005,0],[95.2937507950001,5.56624698600007,0],[95.2937831190001,5.56627712400007,0],[95.2938026450001,5.56629506300004,0],[95.2938157950001,5.56630686900007,0],[95.293835292,5.56632377000005,0],[95.2938615530001,5.56634600400002,0],[95.2939011280001,5.56637914000004,0],[95.2939210970001,5.56639546800005,0],[95.2939346240001,5.56640607000003,0],[95.29395156,5.56641849700003,0],[95.293968195,5.56642991200005,0],[95.2939829730001,5.56643962600003,0],[95.2940127520001,5.56645873400004,0],[95.294117267,5.56652517300006,0],[95.294132291,5.56653451000005,0],[95.2941467250001,5.56654325700003,0],[95.294169443,5.56655651500006,0],[95.2942083550001,5.56657845500007,0],[95.294613896,5.56680513900005,0],[95.2946295660001,5.56681372400004,0],[95.294652882,5.56682623800003,0],[95.2947621000001,5.56688387400004,0],[95.29480098,5.56690463200005,0],[95.2950245580001,5.56702712800006,0],[95.295047573,5.56704000000002,0],[95.295068358,5.56705206100003,0],[95.295089014,5.56706452200007,0],[95.2951116470001,5.56707858100003,0],[95.295134213,5.56709293800003,0],[95.2951568170001,5.56710761400007,0],[95.295292089,5.56719621700006,0],[95.2953295900001,5.56722094200006,0],[95.2953667960001,5.56724591600005,0],[95.2955079160001,5.56734122300003,0],[95.2955374430001,5.56736154800006,0],[95.295554758,5.56737401200007,0],[95.2955791700001,5.56739245100005,0],[95.29559842,5.56740745800005,0],[95.295611137,5.56741761100005,0],[95.2956306230001,5.56743377700008,0],[95.295643655,5.56744497900007,0],[95.2956565590001,5.56745632900004,0],[95.2956757590001,5.56747390600003,0],[95.2957012050001,5.56749850400007,0],[95.2957180970001,5.56751530400004,0],[95.2957293380001,5.56752676000002,0],[95.295741122,5.56753917300006,0],[95.2957468880001,5.56754548500004,0],[95.2957525300001,5.56755189500007,0],[95.2957589600001,5.56755962600005,0],[95.2957638290001,5.56756589500003,0],[95.2957731170001,5.56757878800005,0],[95.2957820940001,5.56759219400004,0],[95.2957894340001,5.56760379500003,0],[95.2957908440001,5.56760602300005,0],[95.295799232,5.56762005900003,0],[95.2958032450001,5.56762717000004,0],[95.2958070920001,5.56763436300002,0],[95.2958107220001,5.56764166000005,0],[95.2958137350001,5.56764827100005,0],[95.2958167770001,5.56765553200006,0],[95.2958223590001,5.56767028400003,0],[95.2958299730001,5.56769274700002,0],[95.295835384,5.56770989400007,0],[95.2958432720001,5.56773570200005,0],[95.2958587000001,5.56778740300007,0],[95.2958635370001,5.56780469900002,0],[95.2958657990001,5.56781338100006,0],[95.295869323,5.56782856000007,0],[95.2958723670001,5.56784479900006,0],[95.2958749190001,5.56786114000005,0],[95.2958771870001,5.56787753800006,0],[95.2958802350001,5.56790219100003,0],[95.2958820090001,5.56791865800005,0],[95.295883507,5.56793513900004,0],[95.2958847890001,5.56795164000005,0],[95.2958861980001,5.56797275000002,0],[95.2958881500001,5.56800743700006,0],[95.2958899130001,5.56804679400005,0],[95.2958910570001,5.56808054000004,0],[95.2958918850001,5.56811428900005,0],[95.2958920660001,5.56813116200004,0],[95.2958919220001,5.56814846300006,0],[95.2958914340001,5.56816619300002,0],[95.2958903860001,5.56819278600005,0],[95.295880631,5.56840553700005,0],[95.295866076,5.56870730000003,0],[95.295863264,5.56876053600007,0],[95.2958614390001,5.56878701600004,0],[95.295859335,5.56881342300005,0],[95.2958400350001,5.56904108100002,0],[95.295838281,5.56906518400007,0],[95.295836347,5.56909805300006,0],[95.2958350970001,5.56912272200003,0],[95.2958340700001,5.56914779200002,0],[95.2958294700001,5.56930384600003,0],[95.2958293560001,5.56932127500005,0],[95.2958295510001,5.56933029900006,0],[95.295830014,5.56933923100007,0],[95.2958306090001,5.56934590600002,0],[95.2958314730001,5.56935246400008,0],[95.2958326820001,5.56935886100007,0],[95.2958343230001,5.56936504500004,0],[95.295836562,5.56937111900004,0],[95.295839377,5.56937683100006,0],[95.295842796,5.56938209200007,0],[95.295847838,5.56938779800004,0],[95.295853703,5.56939263300006,0],[95.295860281,5.56939649900005,0],[95.2958664670001,5.56939895400006,0],[95.2958735270001,5.56940073500004,0],[95.2958809020001,5.56940179200006,0],[95.2958884930001,5.56940226700004,0],[95.2958962180001,5.56940225600005,0],[95.2959040060001,5.56940180600003,0],[95.295911791,5.56940092700006,0],[95.2959190820001,5.56939968800003,0],[95.2959262630001,5.56939804700005,0],[95.295933274,5.56939598600007,0],[95.295939575,5.56939365200003,0],[95.29594561,5.56939087500007,0],[95.2959512200001,5.56938767400004,0],[95.295956458,5.56938401200006,0],[95.295961263,5.56937989300008,0],[95.2959660130001,5.56937477000002,0],[95.295970105,5.56936912900005,0],[95.2959734780001,5.56936302000003,0],[95.2959758060001,5.56935731000004,0],[95.2959776660001,5.56935132900003,0],[95.295979516,5.56934363800002,0],[95.2959810010001,5.56933572200006,0],[95.29598223,5.56932765100004,0],[95.2959832870001,5.56931947400005,0],[95.295989449,5.56926220800005,0],[95.2959924940001,5.56923810500007,0],[95.2959953880001,5.56921910900007,0],[95.2959985580001,5.56920146600004,0],[95.296000323,5.56919269500003,0],[95.296002237,5.56918396700007,0],[95.2960053250001,5.56917139800004,0],[95.296009902,5.56915527300004,0],[95.2960124590001,5.56914731300003,0],[95.296013321,5.56914486800002,0],[95.296015233,5.56913944100006,0],[95.2960246550001,5.56911555500005,0],[95.2960275400001,5.56910783000006,0],[95.2960301750001,5.56910003900003,0],[95.2960324410001,5.56909215300004,0],[95.2960343410001,5.56908366900007,0],[95.2960358130001,5.56907507300002,0],[95.29603697,5.56906639600004,0],[95.296038664,5.56904888100007,0],[95.2960404070001,5.56902240000005,0],[95.2960494900001,5.56884520900007,0],[95.296051027,5.56880085900002,0],[95.29605352,5.56870288600004,0],[95.2960539630001,5.56868548400007,0],[95.2960550180001,5.56864998900005,0],[95.2960560860001,5.56862534600003,0],[95.296056961,5.56861028500003,0],[95.2960579850001,5.56859593600007,0],[95.2960594720001,5.56857888300004,0],[95.296061002,5.56856382000007,0],[95.2960635480001,5.56854229400005,0],[95.296065807,5.56852541500007,0],[95.2960730770001,5.56847483300004,0],[95.2960761630001,5.56845393800006,0],[95.296091103,5.56835276400005,0],[95.2960959810001,5.56831719900003,0],[95.2960979860001,5.56829937400005,0],[95.2960994630001,5.56828145000003,0],[95.296101009,5.56825450600007,0],[95.2961019970001,5.56822753400007,0],[95.2961022260001,5.56820954800003,0],[95.296102144,5.56820063000004,0],[95.2961013490001,5.56817387700005,0],[95.2960907940001,5.56795094700004,0],[95.2960880050001,5.56789750800004,0],[95.2960844930001,5.56784099300006,0],[95.296079745,5.56776457900003,0],[95.2960784460001,5.56774692600004,0],[95.296076709,5.56772944700003,0],[95.296075531,5.56772083100003,0],[95.296074027,5.56771234400003,0],[95.2960720660001,5.56770403900003,0],[95.2960694760001,5.56769598400007,0],[95.296068694,5.56769399000007,0],[95.2960650580001,5.56768625700005,0],[95.296060755,5.56767879800003,0],[95.296055966,5.56767153600003,0],[95.2960508310001,5.56766441500002,0],[95.296045453,5.56765739400004,0],[95.2960342520001,5.56764353500006,0],[95.2959647920001,5.56756129500008,0],[95.295878579,5.56745822900007,0],[95.295861023,5.56743793000004,0],[95.2958489320001,5.56742476900007,0],[95.2958428260001,5.56741851500004,0],[95.2958303130001,5.56740629800004,0],[95.2958111340001,5.56738836600005,0],[95.295791744,5.56737064000004,0],[95.2957722250001,5.56735305300003,0],[95.2957590980001,5.56734146000002,0],[95.2957473020001,5.56733130400005,0],[95.2957233700001,5.56731130600002,0],[95.2956928340001,5.56728673700007,0],[95.2956668090001,5.56726657900003,0],[95.2956343120001,5.56724214400003,0],[95.2956083280001,5.56722301600007,0],[95.2955886870001,5.56720881800004,0],[95.2955688970001,5.56719480400005,0],[95.295555597,5.56718562000003,0],[95.2955414410001,5.56717619100004,0],[95.2955264160001,5.56716653800004,0],[95.2954885540001,5.56714286000005,0],[95.2953973350001,5.56708659600002,0],[95.295285898,5.56701931200007,0],[95.2952561150001,5.56700148300007,0],[95.2952336020001,5.56698823900007,0],[95.295149941,5.56694032100006,0],[95.2951194490001,5.56692260600005,0],[95.2950963660001,5.56690877200003,0],[95.295081102,5.56689934400003,0],[95.2950512290001,5.56688008000003,0],[95.2948659880001,5.56675733200007,0],[95.2948297140001,5.56673276100003,0],[95.294743935,5.56667369700006,0],[95.294707938,5.56664917700004,0],[95.294516528,5.56652192600006,0],[95.294479649,5.56649756200005,0],[95.294457396,5.56648314700004,0],[95.2944427480001,5.56647395200002,0],[95.2943995110001,5.56644740500008,0],[95.2943848350001,5.56643796700007,0],[95.294369879,5.56642796000006,0],[95.2943476120001,5.56641268900006,0],[95.294303255,5.56638186400005,0],[95.2942737820001,5.56636117000005,0],[95.294259153,5.56635067000008,0],[95.2942397510001,5.56633629100003,0],[95.2942141820001,5.56631671000002,0],[95.2941966000001,5.56630267600002,0],[95.2941844710001,5.56629259300007,0],[95.2941715110001,5.56628143900002,0],[95.294158752,5.56627005800004,0],[95.2941462950001,5.56625836000006,0],[95.2941402430001,5.56625233100004,0],[95.294134478,5.56624628300005,0],[95.294123304,5.56623382700008,0],[95.294117853,5.56622746300008,0],[95.2941071810001,5.56621451600006,0],[95.294098514,5.56620338700003,0],[95.2940968300001,5.56620122500004,0],[95.294086785,5.56618763500006,0],[95.2940770170001,5.56617389100006,0],[95.294074337,5.56616993100005,0],[95.294067635,5.56616003100004,0],[95.294063184,5.56615305200006,0],[95.294058981,5.56614602700006,0],[95.2940551280001,5.56613894500003,0],[95.294051757,5.56613178100002,0],[95.294049047,5.56612450900008,0],[95.2940471640001,5.56611672000002,0],[95.2940464860001,5.56610910700005,0],[95.294046714,5.56610134900006,0],[95.294047617,5.56609348400002,0],[95.2940490180001,5.56608554200005,0],[95.2940507820001,5.56607754900006,0],[95.294052815,5.56606952500005,0],[95.2940574460001,5.56605344700006,0],[95.294062647,5.56603743200003,0],[95.2940654650001,5.56602949000006,0],[95.2940684660001,5.56602161800004,0],[95.294071698,5.56601384400005,0],[95.2940753340001,5.56600591700004,0],[95.294079206,5.56599809500005,0],[95.2940874060001,5.56598266500004,0],[95.294104626,5.56595221800006,0],[95.2941613390001,5.56585390900005,0],[95.2941882370001,5.56580837500007,0],[95.2943058920001,5.56561117700005,0],[95.2943241020001,5.56558090200002,0],[95.2943333680001,5.56556586600004,0],[95.294342724,5.56555122100002,0],[95.2943521610001,5.56553696200007,0],[95.2943665390001,5.56551571400007,0],[95.2943859640001,5.56548756700005,0],[95.2944009020001,5.56546678400002,0],[95.2944060410001,5.56546000500003,0],[95.294411315,5.56545334800006,0],[95.294416771,5.56544686100005,0],[95.2944224730001,5.56544060300007,0],[95.2944285830001,5.56543451200002,0],[95.2944349460001,5.56542865500006,0],[95.2944414930001,5.56542296800006,0],[95.2944549360001,5.56541190900003,0],[95.294482148,5.56539007400005,0],[95.2944887950001,5.56538448600003,0],[95.2944952970001,5.56537875900005,0],[95.2945015830001,5.56537287500004,0],[95.2945075790001,5.56536680100004,0],[95.2945121980001,5.56536166100005,0],[95.2945164990001,5.56535633800007,0],[95.2945204100001,5.56535079800005,0],[95.2945238330001,5.56534499900005,0],[95.2945267650001,5.56533870900006,0],[95.294529142,5.56533215300004,0],[95.2945310260001,5.56532538500005,0],[95.2945327050001,5.56531703100006,0],[95.2945338380001,5.56530850300004,0],[95.294534491,5.56529985200007,0],[95.294534706,5.56529146500003,0],[95.2945345950001,5.56528303300007,0],[95.2945342290001,5.56527458200003,0],[95.294532905,5.56525771500003,0],[95.2945305010001,5.56523485000002,0],[95.2945300480001,5.56522765200003,0],[95.2945300160001,5.56522051000007,0],[95.2945306540001,5.56521277100006,0],[95.294532035,5.56520525000008,0],[95.2945340640001,5.56519784300002,0],[95.294536629,5.56519055500007,0],[95.2945396650001,5.56518339400003,0],[95.294543139,5.56517638400004,0],[95.2945481980001,5.56516763700006,0],[95.29455211,5.56516161300004,0],[95.2945562310001,5.56515568600003,0],[95.294565677,5.56514303800003,0],[95.2945817040001,5.56512292200006,0],[95.2945980640001,5.56510301700007,0],[95.294614617,5.56508332100003,0],[95.294625878,5.56507044700004,0],[95.2946316410001,5.56506415400003,0],[95.2946375390001,5.56505800500003,0],[95.2946436190001,5.56505205100007,0],[95.2946501060001,5.56504616600006,0],[95.2946567770001,5.56504047900006,0],[95.2946635740001,5.56503492800005,0],[95.2946842330001,5.56501860200007,0],[95.2946977650001,5.56500754800004,0],[95.2947042910001,5.56500181600006,0],[95.2947105550001,5.56499585700004,0],[95.2947164500001,5.56498958000003,0],[95.2947217280001,5.56498312500003,0],[95.2947266520001,5.56497636400007,0],[95.2947313120001,5.56496937400004,0],[95.294735776,5.56496221600003,0],[95.2947443040001,5.56494756200004,0],[95.294756443,5.56492509000003,0],[95.294764135,5.56490987700005,0],[95.294767811,5.56490219100004,0],[95.2947713290001,5.56489443300006,0],[95.2947747110001,5.56488646200006,0],[95.2947810360001,5.56487032800004,0],[95.2947870190001,5.56485404500006,0],[95.2948072080001,5.56479675000003,0],[95.294816025,5.56477227700003,0],[95.2948221920001,5.56475609300003,0],[95.294825438,5.56474807200004,0],[95.2948288440001,5.56474012300004,0],[95.2948324490001,5.56473225000002,0],[95.294840095,5.56471669700005,0],[95.294848087,5.56470129600007,0],[95.2949098290001,5.56458624300006,0],[95.294918281,5.56457096700007,0],[95.2949226250001,5.56456340500006,0],[95.2949302690001,5.56455080400002,0],[95.294934255,5.56454463500006,0],[95.294938378,5.56453858600003,0],[95.294942673,5.56453269600007,0],[95.294947026,5.56452719300006,0],[95.2949515980001,5.56452191600005,0],[95.2949564180001,5.56451691200004,0],[95.2949615320001,5.56451224700004,0],[95.2949682460001,5.56450706700002,0],[95.2949753930001,5.56450245100007,0],[95.29498291,5.56449837300005,0],[95.2949905410001,5.56449491000006,0],[95.294998407,5.56449184900004,0],[95.2950064440001,5.56448909500006,0],[95.2950145990001,5.56448658500005,0],[95.295022831,5.56448428700003,0],[95.295031103,5.56448219600003,0],[95.2950393830001,5.56448033500004,0],[95.2950476350001,5.56447875500004,0],[95.295055817,5.56447754500005,0],[95.2950638780001,5.56447682900006,0],[95.2950717520001,5.56447678300003,0],[95.2950796640001,5.56447762200003,0],[95.2950810780001,5.56447794300004,0],[95.2950843620001,5.56447749900002,0],[95.295106574,5.56448064000006,0],[95.2951219940001,5.56448667900003,0],[95.295184078,5.56452303000003,0],[95.2952142350001,5.56454371900003,0],[95.2953089790001,5.56459967400002,0],[95.295377854,5.56463276900007,0],[95.2954141000001,5.56465379400004,0],[95.2954715340001,5.56469123900007,0],[95.295485881,5.56469764100007,0],[95.2955024060001,5.56471192600003,0],[95.2955257310001,5.56472510900005,0],[95.2955458170001,5.56473399900005,0],[95.295557778,5.56473921300005,0],[95.295587885,5.56475233800006,0],[95.2955998210001,5.56475428900006,0],[95.295608492,5.56475596900003,0],[95.2956171010001,5.56475790400003,0],[95.2956257220001,5.56476017100005,0],[95.2956342800001,5.56476269700005,0],[95.2956427930001,5.56476541000006,0],[95.295668172,5.56477420200002,0],[95.2957444240001,5.56480219000002,0],[95.295836599,5.56483602300005,0],[95.2958533170001,5.56484246400004,0],[95.2958698570001,5.56484929300007,0],[95.2958780100001,5.56485295600004,0],[95.2958860740001,5.56485684800003,0],[95.2958940510001,5.56486092200004,0],[95.29590984,5.56486943300007,0],[95.2959333100001,5.56488266100007,0],[95.296050161,5.56494985600006,0],[95.2962762080001,5.56507947600005,0],[95.296321951,5.56510599600006,0],[95.2965178970001,5.56522036200005,0],[95.296758131,5.56535876000004,0],[95.2967814310001,5.56537206200005,0],[95.29680496,5.56538528200002,0],[95.2968518590001,5.56541118500007,0],[95.2969155380001,5.56544635700004,0],[95.296946361,5.56546361400007,0],[95.296967856,5.56547592000004,0],[95.2969892450001,5.56548840700003,0],[95.297019418,5.56550667700003,0],[95.2971723270001,5.56560192200004,0],[95.297218064,5.56563070900006,0],[95.2972531490001,5.56565350500006,0],[95.2973103560001,5.56569124200007,0],[95.2973531840001,5.56571965700005,0],[95.2973744550001,5.56573407000008,0],[95.29739549,5.56574893500004,0],[95.2974232350001,5.56576926500003,0],[95.2974715190001,5.56580522400003,0],[95.2975065480001,5.56583185900007,0],[95.29756317,5.56587551700005,0],[95.2975913550001,5.56589751200005,0],[95.2976052560001,5.56590873500005,0],[95.2976120980001,5.56591447000005,0],[95.297618126,5.56591969300007,0],[95.2976299540001,5.56593039100005,0],[95.297641474,5.56594139900005,0],[95.297647092,5.56594703700006,0],[95.2976525870001,5.56595278700007,0],[95.2976579250001,5.56595867700003,0],[95.2976636210001,5.56596538600007,0],[95.2976691320001,5.56597225600007,0],[95.2976745070001,5.56597924700003,0],[95.2976849730001,5.56599347100007,0],[95.2976951580001,5.56600791700004,0],[95.297705056,5.56602256100007,0],[95.297714511,5.56603748300006,0],[95.2977187720001,5.56604471000003,0],[95.2977269310001,5.56605938500007,0],[95.2977347710001,5.56607424300006,0],[95.2977423710001,5.56608922500004,0],[95.2977496930001,5.56610432900004,0],[95.29775657,5.56611961400006,0],[95.2977597440001,5.56612736300002,0],[95.297764752,5.56614109300006,0],[95.2977692920001,5.56615501000005,0],[95.2977762790001,5.56617825500007,0],[95.2977855980001,5.56621087200006,0],[95.2977923380001,5.56623539500004,0],[95.297796524,5.56625179500003,0],[95.2977984340001,5.56626002400003,0],[95.2978001530001,5.56626828100002,0],[95.297801576,5.56627629800005,0],[95.2978027140001,5.56628435200003,0],[95.2978033900001,5.56629077600007,0],[95.2978038840001,5.56629722000002,0],[95.2978044580001,5.56631219900004,0],[95.2978044850001,5.56632073200007,0],[95.2978043160001,5.56632927100003,0],[95.2978039280001,5.56633824900007,0],[95.297803345,5.56634722000007,0],[95.2978021060001,5.56636081700003,0],[95.297801324,5.56636760000004,0],[95.2977993960001,5.56638106700007,0],[95.2977982340001,5.56638774600003,0],[95.2977949080001,5.56640383100006,0],[95.297793046,5.56641183700003,0],[95.2977890500001,5.56642779000003,0],[95.2977824710001,5.56645156400003,0],[95.2977774110001,5.56646772800002,0],[95.2977745920001,5.56647597700004,0],[95.297768374,5.56649272000004,0],[95.2977618030001,5.56650870100003,0],[95.2977546550001,5.56652442400002,0],[95.2977467690001,5.56653997500007,0],[95.2977384470001,5.56655531600006,0],[95.2977255690001,5.56657812700007,0],[95.2977124160001,5.56660078800007,0],[95.2976946900001,5.56663046000006,0],[95.2976794520001,5.56665559100003,0],[95.2976722930001,5.56666739800005,0],[95.2976576140001,5.56669133900004,0],[95.297634089,5.56672924000003,0],[95.2976202570001,5.56675188700007,0],[95.2976067320001,5.56677459000002,0],[95.2975933150001,5.56679774400004,0],[95.2975733980001,5.56683279600003,0],[95.2974610960001,5.56703043700003,0],[95.297443673,5.56706177000007,0],[95.2973873000001,5.56716399800007,0],[95.2973701760001,5.56719553900007,0],[95.2973620120001,5.56721145900002,0],[95.2973581540001,5.56721950300005,0],[95.2973545290001,5.56722763500005,0],[95.297351226,5.56723588500006,0],[95.2973484120001,5.56724398500006,0],[95.2973459020001,5.56725219700007,0],[95.2973436190001,5.56726049400004,0],[95.2973395160001,5.56727725500002,0],[95.2973341890001,5.56730200200008,0],[95.297329673,5.56732538900008,0],[95.2973235000001,5.56736070800002,0],[95.297307075,5.56745790200006,0],[95.2973027020001,5.56748441700006,0],[95.297298663,5.56751097900008,0],[95.2972963490001,5.56752855900004,0],[95.297293219,5.56755497800003,0],[95.2972853780001,5.56762550000008,0],[95.2972816010001,5.56766077600003,0],[95.297279867,5.56767842500005,0],[95.2972784080001,5.56769567800006,0],[95.297277347,5.56771118700004,0],[95.2972765760001,5.56772535800008,0],[95.2972758500001,5.56774514900007,0],[95.29727446,5.56780265200007,0],[95.2972734580001,5.56783036100006,0],[95.297271155,5.56787705000005,0],[95.2972679810001,5.56793109000006,0],[95.2972655710001,5.56796481300006,0],[95.297263296,5.56799006900007,0],[95.2972596260001,5.56802367900002,0],[95.2972574710001,5.56804043900007,0],[95.29725626,5.56804879800006,0],[95.297253083,5.56806755700006,0],[95.2972504830001,5.56808089100002,0],[95.2972468660001,5.56809759600003,0],[95.2972432600001,5.56811272900006,0],[95.2972353150001,5.56814365700006,0],[95.297211266,5.56823365600007,0],[95.2971975410001,5.56828565200004,0],[95.2971909490001,5.56831171500005,0],[95.2971870120001,5.56832851100006,0],[95.297180122,5.56836095200003,0],[95.297176919,5.56837721800002,0],[95.2971739270001,5.56839351300005,0],[95.297171296,5.56840985600007,0],[95.297170194,5.56841805300007,0],[95.297168475,5.56843501900005,0],[95.2971667360001,5.56846057100006,0],[95.297164228,5.56851179300003,0],[95.2971412050001,5.56902840000004,0],[95.2971391140001,5.56908062300005,0],[95.297138358,5.56911516700006,0],[95.2971379890001,5.56915807600006,0],[95.2971375660001,5.56925248600004,0],[95.2971374860001,5.56935918000005,0],[95.2971372390001,5.56937707200007,0],[95.2971365180001,5.56939815600003,0],[95.2971354950001,5.56941365400007,0],[95.2971347500001,5.56942212600006,0],[95.2971330130001,5.56943905400004,0],[95.297130075,5.56946442400005,0],[95.2971206010001,5.56954048200004,0],[95.2971047460001,5.56965964900007,0],[95.297102679,5.56967659200006,0],[95.2971001240001,5.56970005600004,0],[95.297095643,5.56974716200006,0],[95.297090467,5.56980646600005,0],[95.297085742,5.56986592400006,0],[95.297081597,5.56992481800006,0],[95.2970809460001,5.56993618800004,0],[95.2970796330001,5.56995909000005,0],[95.2970780700001,5.56999495700006,0],[95.2970765700001,5.57003337700007,0],[95.2970765680001,5.57003343400004,0],[95.2970669220001,5.57028041200005,0],[95.2970657640001,5.57031841200006,0],[95.2970655890001,5.57033487700005,0],[95.2970656370001,5.57034309100004,0],[95.2970660000001,5.57035581600007,0],[95.29706651,5.57036412700006,0],[95.29706731,5.57037232700003,0],[95.2970684950001,5.57038036200004,0],[95.2970724020001,5.57041987100007,0],[95.2970852510001,5.57043700300005,0],[95.2971095220001,5.57044699700003,0],[95.297136648,5.57045413500003,0],[95.297155208,5.57045270800006,0],[95.2971780500001,5.57044699700003,0],[95.2971923270001,5.57043843100007,0],[95.2972080320001,5.57041987100007,0],[95.2972194530001,5.57040416700005,0],[95.297228019,5.57037989600008,0],[95.2972337300001,5.57035277000006,0],[95.2972337300001,5.57023570100006,0],[95.2972394400001,5.57002297700006,0],[95.2972451510001,5.56987449900004,0],[95.297260856,5.56982024700005,0],[95.2972717330001,5.56978235800005,0],[95.297274493,5.56977663500004,0],[95.2972768830001,5.56977073700006,0],[95.2972788930001,5.56976468100004,0],[95.297280695,5.56975768300003,0],[95.2972820790001,5.56975054100008,0],[95.2972831220001,5.56974329000008,0],[95.297283882,5.56973595500006,0],[95.2972843940001,5.56972855800007,0],[95.2972846790001,5.56972111600004,0],[95.2972846750001,5.56971538900007,0],[95.297273304,5.56965973300004,0],[95.2972694960001,5.56963961200006,0],[95.2972589780001,5.56958404100004,0],[95.2972594060001,5.56956501100007,0],[95.2972656540001,5.56951105500002,0],[95.29726486,5.56949510400005,0],[95.2972647110001,5.56948629900006,0],[95.2972648730001,5.56946867400006,0],[95.2972657340001,5.56944222000004,0],[95.297272004,5.56930102700005,0],[95.297276018,5.56919469500002,0],[95.2972768910001,5.56917695300007,0],[95.29727825,5.56915932400005,0],[95.2972792720001,5.56915060200004,0],[95.2972806550001,5.56914198900006,0],[95.297282544,5.56913353500005,0],[95.2972848470001,5.56912598100007,0],[95.297287736,5.56911865300003,0],[95.297291466,5.56911114100006,0],[95.297292891,5.56910875000005,0],[95.297295772,5.56910391800005,0],[95.297300562,5.56909697800006,0],[95.297305457,5.56909071600006,0],[95.2973106590001,5.56908471300005,0],[95.297316112,5.56907897800005,0],[95.297321788,5.56907355400006,0],[95.2973276820001,5.56906850800004,0],[95.2973338070001,5.56906394500004,0],[95.2973401990001,5.56906001100003,0],[95.2973469170001,5.56905690000002,0],[95.2973537820001,5.56905483500003,0],[95.2973605930001,5.56905363700002,0],[95.2973675960001,5.56905305100003,0],[95.2973747330001,5.56905297100008,0],[95.2973755080001,5.56905300900007,0],[95.2973819600001,5.56905332700006,0],[95.2973892410001,5.56905408000006,0],[95.2973931430001,5.56905468500003,0],[95.2973968730001,5.56905526300005,0],[95.297404515,5.56905676400004,0],[95.297412159,5.56905851000005,0],[95.2974197950001,5.56906044500005,0],[95.2974350170001,5.56906476200004,0],[95.297451606,5.56907011200008,0],[95.2974661210001,5.56907537500007,0],[95.297473278,5.56907821600004,0],[95.29748034,5.56908123400007,0],[95.2974869060001,5.56908428300005,0],[95.2974933510001,5.56908752800007,0],[95.2974999,5.56909111700003,0],[95.2975062830001,5.56909492000005,0],[95.2975124750001,5.56909894500006,0],[95.2975184320001,5.56910321100003,0],[95.2975240970001,5.56910776100005,0],[95.2975284970001,5.56911176400007,0],[95.2975326060001,5.56911601500002,0],[95.2975363790001,5.56912053500002,0],[95.297540692,5.56912680000005,0],[95.2975444240001,5.56913347200003,0],[95.2975470260001,5.56913904500004,0],[95.297549329,5.56914479000005,0],[95.2975513540001,5.56915068100005,0],[95.297553243,5.56915713700005,0],[95.2975548780001,5.56916370200003,0],[95.297556296,5.56917035200007,0],[95.297557521,5.56917706800004,0],[95.2975592760001,5.56918909400002,0],[95.297561042,5.56920571000006,0],[95.2975622540001,5.56922239800002,0],[95.29756265,5.56923075200007,0],[95.2975629630001,5.56924555400008,0],[95.2975629140001,5.56924978600006,0],[95.2975627930001,5.56926034000003,0],[95.2975625060001,5.56926772400004,0],[95.297561381,5.56928376600007,0],[95.297559047,5.56930575800004,0],[95.2975542890001,5.56934102500003,0],[95.297552119,5.56935856800004,0],[95.297550712,5.56937360300003,0],[95.2975497150001,5.56938866400003,0],[95.2975491490001,5.56940373500004,0],[95.2975490620001,5.56941125700007,0],[95.2975493040001,5.56942628400003,0],[95.2975496500001,5.56943378200003,0],[95.2975501770001,5.56944126100007,0],[95.2975509230001,5.56944871300004,0],[95.297551909,5.56945604200007,0],[95.2975531180001,5.56946333900004,0],[95.2975545200001,5.56947060600004,0],[95.2975551800001,5.56947362300002,0],[95.297556103,5.56947783900006,0],[95.2975580620001,5.56948580600005,0],[95.2975616940001,5.56949845300005,0],[95.2975660610001,5.56951127800005,0],[95.297572238,5.56952735100003,0],[95.2975822380001,5.56955120200007,0],[95.297589272,5.56956692900008,0],[95.297592932,5.56957471000004,0],[95.2975967300001,5.56958241000007,0],[95.297600715,5.56958999600005,0],[95.2976049520001,5.56959742900005,0],[95.2976090020001,5.56960390700004,0],[95.2976132690001,5.56961025000004,0],[95.2976177130001,5.56961647800006,0],[95.297627613,5.56962938100003,0],[95.2976382290001,5.56964209000006,0],[95.2976437460001,5.56964826700005,0],[95.2976532740001,5.56965824500003,0],[95.297663189,5.56966784500003,0],[95.2976697670001,5.56967380600003,0],[95.297680218,5.56968269900005,0],[95.2976966520001,5.56969570600006,0],[95.2977145850001,5.56970893000005,0],[95.297752997,5.56973591800005,0],[95.2977787830001,5.56975472900007,0],[95.2978034660001,5.56977346600007,0],[95.297815271,5.56978277100006,0],[95.2978276480001,5.56979293300003,0],[95.297846995,5.56980956400002,0],[95.2978788990001,5.56983776700002,0],[95.2979042430001,5.56986062100003,0],[95.297916705,5.56987230200002,0],[95.297922455,5.56987789900006,0],[95.2979337360001,5.56988931300003,0],[95.2979446750001,5.56990102900005,0],[95.2979499620001,5.56990702900003,0],[95.2979550730001,5.56991315400006,0],[95.297959952,5.56991943800006,0],[95.2979640460001,5.56992518200002,0],[95.2979679100001,5.56993106300007,0],[95.2979715430001,5.56993705900004,0],[95.2979743500001,5.56994206900004,0],[95.2979769770001,5.56994714300004,0],[95.2979803870001,5.56995451900002,0],[95.297983312,5.56996200300006,0],[95.2979856430001,5.56996958300005,0],[95.29798722,5.56997725700006,0],[95.2979878200001,5.56998352800002,0],[95.2979877660001,5.56998982300007,0],[95.297987133,5.56999553400004,0],[95.2979860080001,5.57000121500005,0],[95.2979844330001,5.57000701400005,0],[95.297978545,5.57002472300007,0],[95.297976658,5.57003091400003,0],[95.2979749720001,5.57003762900007,0],[95.2979736060001,5.57004529000005,0],[95.2979728830001,5.57005278300005,0],[95.2979728650001,5.57005994700006,0],[95.2979736630001,5.57006658200004,0],[95.297974819,5.57007084300005,0],[95.2979765470001,5.57007460200003,0],[95.2979802850001,5.57007900600007,0],[95.2979849000001,5.57008157300004,0],[95.2979878150001,5.57008230000002,0],[95.2979909370001,5.57008257500007,0],[95.2979970850001,5.57008205300002,0],[95.298003566,5.57008039600004,0],[95.2980101890001,5.57007776500006,0],[95.2980161830001,5.57007461500007,0],[95.2980220640001,5.57007081700004,0],[95.298028409,5.57006590400005,0],[95.2980345380001,5.57006043800004,0],[95.2980404750001,5.57005456000007,0],[95.298046233,5.57004837300002,0],[95.2980518130001,5.57004194400002,0],[95.2980572050001,5.57003531000004,0],[95.2980626070001,5.57002821700007,0],[95.298072946,5.57001366400004,0],[95.2980829150001,5.56999888600006,0],[95.2980927010001,5.56998405300004,0],[95.2981360480001,5.56991759200002,0],[95.2981453840001,5.56990275400005,0],[95.298149918,5.56989526900003,0],[95.298154314,5.56988771100004,0],[95.2981585190001,5.56988005500006,0],[95.2981625340001,5.56987219200005,0],[95.2981663560001,5.56986422600005,0],[95.2981736230001,5.56984809300008,0],[95.2981806080001,5.56983180600002,0],[95.2981908610001,5.56980724900006,0],[95.298204141,5.56977436700004,0],[95.298210301,5.56975780900007,0],[95.2982131110001,5.56974946900004,0],[95.2982156370001,5.56974106500007,0],[95.2982177710001,5.56973257500005,0],[95.298219423,5.56972396900005,0],[95.2982206730001,5.56971528000003,0],[95.2982216220001,5.56970653000008,0],[95.2982223390001,5.56969774100003,0],[95.2982228700001,5.56968893000004,0],[95.2982234300001,5.56967130200007,0],[95.298223433,5.56966251700004,0],[95.2982233070001,5.56965794500007,0],[95.2982181880001,5.56964239000007,0],[95.2981802790001,5.56951865000002,0],[95.2981422080001,5.56935446700004,0],[95.298116034,5.56913793700005,0],[95.2980827210001,5.56888571400003,0],[95.2980779630001,5.56864300900003,0],[95.2980779630001,5.56846692900007,0],[95.2980660650001,5.56843837500003,0],[95.2980232350001,5.56840506300006,0],[95.297980405,5.56835985300006,0]]],[[[95.3043594100001,5.56905461800005,0],[95.3043879640001,5.56901845000004,0],[95.3044108070001,5.56897466800007,0],[95.304441264,5.56893469300007,0],[95.3044888530001,5.56889852500007,0],[95.3045135990001,5.56886806800003,0],[95.3045269240001,5.56884522500008,0],[95.3045783210001,5.56881857500002,0],[95.304610682,5.56879382900007,0],[95.3046525600001,5.56875575700008,0],[95.3046963420001,5.56871768600007,0],[95.3047191850001,5.56868722900003,0],[95.304740124,5.56865296500007,0],[95.304751546,5.56862060400005,0],[95.3047553530001,5.56860347200006,0],[95.3047439310001,5.56858253300004,0],[95.3047172810001,5.56857111100004,0],[95.304673499,5.56855969000003,0],[95.3046525600001,5.56854446100004,0],[95.3046316210001,5.56852923300005,0],[95.304582128,5.56848925800006,0],[95.3045611890001,5.56848164400003,0],[95.304521214,5.56847783600006,0],[95.304467914,5.56849306500004,0],[95.3044089030001,5.56851019700002,0],[95.3043822530001,5.56853113600005,0],[95.3043537,5.56858062900005,0],[95.3043441820001,5.56862250800003,0],[95.304328953,5.56866438600002,0],[95.3043175320001,5.56868342200005,0],[95.3042680390001,5.56871007200004,0],[95.3042185460001,5.56870626500006,0],[95.3041633430001,5.56868913300002,0],[95.3041024290001,5.56867961500006,0],[95.304058647,5.56867580800002,0],[95.304005347,5.56864915800003,0],[95.303978697,5.56861679700006,0],[95.3039520470001,5.56857301500003,0],[95.3039253970001,5.56854255800005,0],[95.303864483,5.56851400400006,0],[95.3038416400001,5.56849687200003,0],[95.3038073750001,5.56843976500005,0],[95.3037731110001,5.56841692200004,0],[95.3037064860001,5.56838456200006,0],[95.3036322470001,5.56835981500006,0],[95.303580851,5.56834077900004,0],[95.303519937,5.56830841900006,0],[95.3034609260001,5.56825702200007,0],[95.3033828800001,5.56816755500006,0],[95.303354326,5.56813138700005,0],[95.3033029300001,5.56809141200006,0],[95.3032572440001,5.56805714800004,0],[95.303200137,5.56802669100006,0],[95.3031620660001,5.56800765500003,0],[95.3031163800001,5.56798290900002,0],[95.3030992480001,5.56795625900003,0],[95.303095441,5.56791247600006,0],[95.303110669,5.56787250200006,0],[95.303146837,5.56783443000006,0],[95.3031772940001,5.56781729800002,0],[95.303213462,5.56779635900006,0],[95.303272473,5.56776019100005,0],[95.303314351,5.56776019100005,0],[95.303350519,5.56775638400006,0],[95.3033866870001,5.56771831200007,0],[95.303390494,5.56765739800005,0],[95.3033981080001,5.56762123000004,0],[95.3034076260001,5.56759077300006,0],[95.3034209510001,5.56755079800007,0],[95.303430469,5.56751653400005,0],[95.3034361800001,5.56747465600006,0],[95.303417144,5.56743277700002,0],[95.303377169,5.56740232000004,0],[95.3033314830001,5.56737947700003,0],[95.3032705690001,5.56736805600002,0],[95.3032191730001,5.56737376600006,0],[95.3031506440001,5.56738328400007,0],[95.3030630800001,5.56740803100007,0],[95.303005973,5.56744419900002,0],[95.3029488660001,5.56748798100006,0],[95.3029069870001,5.56752795600005,0],[95.3028555910001,5.56757554500007,0],[95.3028060980001,5.56760029100008,0],[95.3027699300001,5.56761932700005,0],[95.3027299560001,5.56763836300007,0],[95.3027014020001,5.56765549500005,0],[95.3026785590001,5.56768214500005,0],[95.30265762,5.56770118000003,0],[95.3026271630001,5.56771260200003,0],[95.3026043200001,5.56770308400007,0],[95.3025909950001,5.56768024100006,0],[95.302585284,5.56764407300005,0],[95.302592899,5.56759838800002,0],[95.3026100310001,5.56755079800007,0],[95.3026157410001,5.56751272700006,0],[95.302592899,5.56748036600004,0],[95.3025662490001,5.56746894500003,0],[95.302516756,5.56747275200007,0],[95.3024653590001,5.56749749800002,0],[95.30236447,5.56754699100003,0],[95.3023244950001,5.56755841300003,0],[95.3022692920001,5.56755460600004,0],[95.302223606,5.56754128100005,0],[95.302187438,5.56752414800008,0],[95.302160788,5.56749369100004,0],[95.3021360420001,5.56745562000003,0],[95.3021017780001,5.56734902000005,0],[95.3020656100001,5.56730904500006,0],[95.3020256350001,5.56726335900004,0],[95.3019723350001,5.56722528800003,0],[95.301939974,5.56720244500002,0],[95.301886675,5.56720054200002,0],[95.3018486030001,5.56720434900006,0],[95.301801014,5.56721386700002,0],[95.3017420030001,5.56722528800003,0],[95.3016887030001,5.56724242000007,0],[95.3016411140001,5.56725955200005,0],[95.3016144640001,5.56726145600004,0],[95.301582104,5.56724813100004,0],[95.3015649710001,5.56723671000003,0],[95.301505961,5.56723480600004,0],[95.3014488540001,5.56723671000003,0],[95.3013917470001,5.56725384200007,0],[95.301351772,5.56726716700007,0],[95.3012927610001,5.56728239500006,0],[95.3012185220001,5.56728810600003,0],[95.30112144,5.56731665900003,0],[95.3010871760001,5.56731856300007,0],[95.301031972,5.56731475600003,0],[95.3009691540001,5.56730333400003,0],[95.3009215650001,5.56729191300008,0],[95.300864458,5.56727668400003,0],[95.3008530370001,5.56725955200005,0],[95.3008678370001,5.56722381300006,0],[95.3008916320001,5.56717324900006,0],[95.3009154260001,5.56710186500004,0],[95.300936246,5.56702750700003,0],[95.3009481440001,5.56696504600006,0],[95.3009511180001,5.56689366300003,0],[95.3009511180001,5.56682822700003,0],[95.300903529,5.56678658700002,0],[95.3008410680001,5.56677171500007,0],[95.30078753,5.56679253600004,0],[95.3007339920001,5.56683417600004,0],[95.3007131720001,5.56687581700004,0],[95.3006834290001,5.56692043200007,0],[95.300671531,5.56694422600003,0],[95.3006239420001,5.56693232900005,0],[95.3005912250001,5.56689663700007,0],[95.3005436350001,5.56685797100005,0],[95.3004841490001,5.56684309900004,0],[95.3004484570001,5.56684904800005,0],[95.3003830220001,5.56686986800003,0],[95.3003235350001,5.56686094500003,0],[95.3002670230001,5.56683417600004,0],[95.3002313310001,5.56679551000002,0],[95.3001837420001,5.56678361300004,0],[95.3001391270001,5.56679253600004,0],[95.3000647690001,5.56684012500006,0],[95.3000320510001,5.56688771400007,0],[95.2999933850001,5.56693827800007,0],[95.2999606670001,5.56696802100004,0],[95.2999160530001,5.56696504600006,0],[95.2998744120001,5.56694720100006,0],[95.2998327710001,5.56692935500007,0],[95.2997851820001,5.56692935500007,0],[95.2997405670001,5.56694422600003,0],[95.299678106,5.56694720100006,0],[95.2996334920001,5.56693530300004,0],[95.2995769790001,5.56691448300006,0],[95.299535339,5.56689663700007,0],[95.2994877500001,5.56687879100002,0],[95.2994461090001,5.56686986800003,0],[95.2993806740001,5.56686689400004,0],[95.2993429590001,5.56687177200007,0],[95.299331538,5.56688128900004,0],[95.2992915630001,5.56687938600004,0],[95.2992630090001,5.56687177200007,0],[95.299230649,5.56686225400006,0],[95.2991944810001,5.56686035000007,0],[95.2991697350001,5.56686035000007,0],[95.2991240490001,5.56685654300003,0],[95.299091688,5.56685654300003,0],[95.299051713,5.56686606100004,0],[95.2990288700001,5.56687748200005,0],[95.2990079310001,5.56689461400003,0],[95.2989888960001,5.56691555400005,0],[95.2989812810001,5.56694981800007,0],[95.2989755710001,5.56697837100006,0],[95.298973667,5.56699740700003,0],[95.2989660530001,5.56701263600007,0],[95.2989546310001,5.56702215400003,0],[95.298937499,5.56703738200002,0],[95.2989298850001,5.56705070700002,0],[95.298933692,5.56706783900006,0],[95.298935596,5.56708116400006,0],[95.298935596,5.56709448900006,0],[95.2989274280001,5.56712706800005,0],[95.298911086,5.56714969500007,0],[95.2989073150001,5.56717357900004,0],[95.298911086,5.56720123500003,0],[95.2989198860001,5.56722260500004,0],[95.298948921,5.56726010000006,0],[95.2989660530001,5.56727532800005,0],[95.2989965100001,5.56728675000005,0],[95.2990326780001,5.56729055700004,0],[95.2990612310001,5.56729246000003,0],[95.2991050130001,5.56729817100006,0],[95.2991221450001,5.56730768900007,0],[95.2991449880001,5.56732101400007,0],[95.299164024,5.56733053200003,0],[95.2991868670001,5.56733433900007,0],[95.299232552,5.56733624200007,0],[95.299255395,5.56733243500003,0],[95.2992782380001,5.56733814600005,0],[95.2992972740001,5.56734385700003,0],[95.2993258270001,5.56734766400007,0],[95.2993524770001,5.56734766400007,0],[95.299373416,5.56734576000002,0],[95.2994133910001,5.56734005000004,0],[95.2994305240001,5.56732482100006,0],[95.2994381380001,5.56730959200007,0],[95.2994419450001,5.56729055700004,0],[95.299465335,5.56725193800003,0],[95.2994838230001,5.56725248500004,0],[95.299487631,5.56726390700004,0],[95.2995047630001,5.56726961700002,0],[95.2995161840001,5.56726581000004,0],[95.2995376710001,5.56725193800003,0],[95.29964427,5.56726907000007,0],[95.2997699060001,5.56729000900003,0],[95.2998213020001,5.56731094900005,0],[95.2998803130001,5.56734140600003,0],[95.2999317090001,5.56736805600002,0],[95.299965974,5.56738899500004,0],[95.300002141,5.56743087400002,0],[95.300013563,5.56747655900006,0],[95.3000116590001,5.56753747300007,0],[95.300015466,5.56758125500005,0],[95.3000383090001,5.56761552000006,0],[95.3000763810001,5.56764026600007,0],[95.3001334880001,5.56765168800007,0],[95.300207727,5.56764788000004,0],[95.3002515090001,5.56765930200004,0],[95.3003162300001,5.56767262700004,0],[95.3004190230001,5.56769356600006,0],[95.3004742260001,5.56769547000005,0],[95.300516105,5.56769927700003,0],[95.3005827300001,5.56771260200003,0],[95.3006150910001,5.56772783000002,0],[95.3006512580001,5.56775638400006,0],[95.3006912330001,5.56778113000007,0],[95.3007521480001,5.56779064800003,0],[95.3008035440001,5.56779255200007,0],[95.3008301940001,5.56778493700006,0],[95.3008340010001,5.56775638400006,0],[95.3008187720001,5.56773354100005,0],[95.300811158,5.56770118000003,0],[95.3008263870001,5.56767072300005,0],[95.300851133,5.56765168800007,0],[95.300902529,5.56763836300007,0],[95.300940601,5.56764788000004,0],[95.3009729620001,5.56768214500005,0],[95.3010072260001,5.56770498700007,0],[95.3010510080001,5.56770689100006,0],[95.30109479,5.56771069800004,0],[95.3011385720001,5.56772402300004,0],[95.3011671260001,5.56773734800004,0],[95.3011994860001,5.56776209500003,0],[95.3012261360001,5.56777922700007,0],[95.3012546900001,5.56778874400004,0],[95.3012775330001,5.56779064800003,0],[95.3013289290001,5.56779064800003,0],[95.3013860360001,5.56779064800003,0],[95.3014374320001,5.56781539400004,0],[95.3014850220001,5.56784204400003,0],[95.3015630680001,5.56788011600003,0],[95.3016049460001,5.56790866900008,0],[95.301648728,5.56794103000004,0],[95.3017077390001,5.56796006600007,0],[95.3017439070001,5.56797529400006,0],[95.3017934000001,5.56799242600005,0],[95.3018333750001,5.56801907600004,0],[95.3018733500001,5.56804763000002,0],[95.3019057100001,5.56807237600003,0],[95.3019228420001,5.56809902600003,0],[95.3019361670001,5.56813138700005,0],[95.301953299,5.56815042300002,0],[95.3019818530001,5.56815803700005,0],[95.302006599,5.56817516900003,0],[95.302029442,5.56819991500004,0],[95.3020503810001,5.56823227600006,0],[95.3020618030001,5.56827605800004,0],[95.302082742,5.56830270800003,0],[95.302122717,5.56833316500007,0],[95.3021684030001,5.56836362200005,0],[95.3022121850001,5.56838075400003,0],[95.3022540630001,5.56839407900003,0],[95.3022845200001,5.56841311500006,0],[95.3023111700001,5.56843024700004,0],[95.30233782,5.56844928300006,0],[95.3023663740001,5.56846451100006,0],[95.3024063490001,5.56847974000004,0],[95.302453938,5.56848354700003,0],[95.3024996240001,5.56849306500004,0],[95.302545309,5.56850829300004,0],[95.302592899,5.56853113600005,0],[95.3026538130001,5.56855778600004,0],[95.3026880770001,5.56858253300004,0],[95.302739473,5.56862441100003,0],[95.3027908700001,5.56866819300006,0],[95.3028498800001,5.56871197500004,0],[95.30292223,5.56875021900004,0],[95.3029347130001,5.56875982200006,0],[95.3030002620001,5.56888329700007,0],[95.3030345270001,5.56897847500005,0],[95.303045948,5.56900893200003,0],[95.3030535620001,5.56903367800004,0],[95.3031012750001,5.56906320300004,0],[95.3032039440001,5.56910411100006,0],[95.303238208,5.56911933900005,0],[95.3032667620001,5.56913647100004,0],[95.3033105440001,5.56914027800002,0],[95.303354326,5.56913456800004,0],[95.3034076260001,5.56910411100006,0],[95.3034514080001,5.56908888200007,0],[95.3035218400001,5.56908507500003,0],[95.3035484900001,5.56910601400006,0],[95.303586561,5.56913266400005,0],[95.3036303440001,5.56916502500007,0],[95.303660801,5.56919548200005,0],[95.3037083900001,5.56921261400004,0],[95.3037597860001,5.56922403500005,0],[95.303763593,5.56924497500006,0],[95.3037674010001,5.56927162500006,0],[95.3037940500001,5.56930208200004,0],[95.3038473500001,5.56931540700003,0],[95.3038816150001,5.56930969600006,0],[95.303931107,5.56930208200004,0],[95.3039501430001,5.56931540700003,0],[95.3039653720001,5.56933824900005,0],[95.3039901180001,5.56935538200003,0],[95.3040358040001,5.56937061000002,0],[95.3040910070001,5.56936489900005,0],[95.3041157540001,5.56935157400005,0],[95.3041385960001,5.56932682800004,0],[95.304146211,5.56929066000004,0],[95.3041633430001,5.56924687800006,0],[95.304201414,5.56918786800003,0],[95.3042432930001,5.56914789300004,0],[95.3042566180001,5.56911172500003,0],[95.3042813640001,5.56908317100005,0],[95.3043118210001,5.56907746100006,0],[95.3043594100001,5.56905461800005,0]]]]}}]}